,RealCoupon,ModelCoupon,PercentError,,RealCoupon,ModelCoupon
12/31/2014,2.70673,2.789337389,0.030519257,12/30/2014,2.852,2.994273132
12/30/2014,2.72244,2.802081142,0.029253589,12/29/2014,2.86098,3.012036234
12/29/2014,2.72921,2.819055929,0.032920123,12/26/2014,2.89124,3.053999317
12/26/2014,2.75148,2.857316244,0.038465206,12/24/2014,2.90975,3.069169749
12/24/2014,2.76619,2.872407034,0.038398315,12/23/2014,2.91032,3.070402349
12/23/2014,2.76427,2.874700371,0.039949198,12/22/2014,2.82564,3.004477503
12/22/2014,2.69044,2.813961013,0.045911083,12/19/2014,2.83374,3.015108055
12/19/2014,2.69176,2.828301674,0.050725798,12/18/2014,2.85823,3.03442677
12/18/2014,2.70983,2.852800473,0.052759942,12/17/2014,2.83715,2.983085139
12/17/2014,2.69833,2.806098415,0.039938931,12/16/2014,2.78725,2.932095961
12/16/2014,2.65295,2.761172454,0.040793251,12/15/2014,2.82917,2.960343852
12/15/2014,2.68752,2.782157351,0.035213636,12/12/2014,2.80058,2.935397979
12/12/2014,2.64365,2.764042069,0.045540094,12/11/2014,2.86343,2.980863375
12/11/2014,2.69569,2.799786694,0.038615974,12/10/2014,2.85151,2.949866025
12/10/2014,2.69073,2.773707268,0.030838199,12/9/2014,2.88602,2.995096326
12/9/2014,2.70375,2.812209983,0.040114649,12/8/2014,2.90876,3.027747012
12/8/2014,2.72111,2.84242919,0.044584449,12/5/2014,2.95463,3.061176306
12/5/2014,2.74824,2.877022496,0.046859989,12/4/2014,2.90251,3.003039455
12/4/2014,2.69878,2.836500641,0.051030703,12/3/2014,2.93232,3.042598839
12/3/2014,2.72335,2.873911698,0.055285475,12/2/2014,2.92504,3.041650185
12/2/2014,2.7146,2.877625532,0.060055084,12/1/2014,2.86228,2.985594163
12/1/2014,2.65566,2.828550177,0.065102527,11/28/2014,2.84569,2.960135359
11/28/2014,2.64236,2.804020892,0.061180495,11/26/2014,2.8841,2.995694155
11/26/2014,2.68781,2.836894578,0.055466933,11/25/2014,2.89872,3.014362577
11/25/2014,2.6946,2.855415432,0.059680632,11/24/2014,2.95338,3.045153855
11/24/2014,2.73884,2.883798095,0.052926821,11/21/2014,2.96503,3.046948922
11/21/2014,2.74976,2.886230163,0.049629845,11/20/2014,2.98245,3.064955209
11/20/2014,2.76512,2.903685522,0.050111938,11/19/2014,3.00395,3.074802438
11/19/2014,2.78339,2.911764531,0.046121647,11/18/2014,2.98226,3.046200283
11/18/2014,2.75871,2.885207493,0.045853857,11/17/2014,2.9941,3.060125155
11/17/2014,2.76823,2.898543513,0.04707467,11/14/2014,2.98831,3.04013383
11/14/2014,2.76352,2.876971249,0.041053167,11/13/2014,3.02409,3.054249983
11/13/2014,2.79791,2.889660338,0.032792455,11/12/2014,3.03648,3.080362467
11/12/2014,2.80131,2.913711641,0.04012467,11/10/2014,3.03634,3.089489581
11/10/2014,2.80023,2.92296395,0.043829953,11/7/2014,3.00136,3.051793589
11/7/2014,2.77065,2.889929649,0.043051143,11/6/2014,3.05201,3.115588295
11/6/2014,2.80593,2.947770434,0.05055024,11/5/2014,3.04445,3.096522638
11/5/2014,2.79751,2.932690057,0.048321564,11/4/2014,3.04424,3.087919982
11/4/2014,2.79525,2.92608735,0.04680703,11/3/2014,3.04728,3.092766985
11/3/2014,2.79135,2.931424342,0.050181576,10/31/2014,3.00974,3.086838234
10/31/2014,2.75411,2.928336842,0.063260669,10/30/2014,2.98841,3.064576302
10/30/2014,2.73918,2.909149594,0.062051269,10/29/2014,3.0091,3.080921234
10/29/2014,2.75571,2.923654068,0.060944028,10/28/2014,2.97326,3.068752221
10/28/2014,2.7266,2.922889923,0.071990729,10/27/2014,2.95063,3.059503457
10/27/2014,2.70503,2.9145601,0.077459437,10/24/2014,2.96706,3.080516889
10/24/2014,2.71851,2.934337991,0.079392017,10/23/2014,2.95697,3.081287965
10/23/2014,2.71745,2.935469674,0.080229507,10/22/2014,2.91561,3.029021186
10/22/2014,2.68143,2.887786224,0.076957528,10/21/2014,2.90261,3.010905955
10/21/2014,2.66965,2.871565445,0.075633677,10/20/2014,2.88228,2.976568225
10/20/2014,2.64677,2.836003911,0.071496168,10/17/2014,2.90897,3.008123126
10/17/2014,2.68788,2.863722269,0.065420431,10/16/2014,2.88998,3.004639707
10/16/2014,2.66945,2.865244917,0.073346538,10/15/2014,2.80128,2.968721059
10/15/2014,2.5865,2.836633072,0.096707161,10/14/2014,2.91567,2.994285414
10/14/2014,2.69167,2.846751615,0.05761539,10/10/2014,3.00647,3.061847982
10/10/2014,2.77507,2.902763369,0.046014468,10/9/2014,3.00935,3.081505856
10/9/2014,2.77529,2.919975626,0.052133516,10/8/2014,3.00696,3.07909237
10/8/2014,2.76369,2.918751027,0.056106519,10/7/2014,3.05717,3.124478223
10/7/2014,2.80595,2.953067447,0.05243053,10/6/2014,3.12298,3.176965956
10/6/2014,2.84838,2.999415775,0.053025149,10/3/2014,3.1408,3.196817331
10/3/2014,2.86252,3.016163562,0.053674232,10/2/2014,3.1361,3.183346555
10/2/2014,2.8576,3.007470832,0.0524464,10/1/2014,3.11879,3.153013134
10/1/2014,2.84186,2.978276643,0.048002591,9/30/2014,3.2079,3.23137016
9/30/2014,2.92075,3.049390289,0.044043581,9/29/2014,3.19268,3.216432053
9/29/2014,2.90729,3.03552393,0.044107719,9/26/2014,3.21517,3.225245981
9/26/2014,2.9274,3.04516227,0.040227598,9/25/2014,3.19667,3.194342501
9/25/2014,2.90814,3.019887792,0.038425864,9/24/2014,3.2402,3.230959968
9/24/2014,2.94477,3.053021098,0.036760459,9/23/2014,3.21471,3.195118858
9/23/2014,2.92193,3.020407739,0.033702977,9/22/2014,3.23976,3.218819191
9/22/2014,2.94107,3.042680412,0.034548791,9/19/2014,3.2565,3.252343622
9/19/2014,2.95369,3.073475577,0.040554553,9/18/2014,3.30017,3.288709757
9/18/2014,2.99666,3.109774798,0.037746958,9/17/2014,3.28895,3.264839796
9/17/2014,2.99268,3.089169179,0.03224173,9/16/2014,3.28408,3.250938941
9/16/2014,2.9855,3.078561355,0.031171112,9/15/2014,3.28134,3.255260067
9/15/2014,2.98183,3.080404415,0.033058362,9/12/2014,3.30131,3.267174602
9/12/2014,3.00657,3.09095143,0.02806568,9/11/2014,3.23854,3.212153137
9/11/2014,2.95403,3.036788449,0.02801544,9/10/2014,3.23967,3.218356042
9/10/2014,2.95833,3.044547056,0.029143826,9/9/2014,3.20426,3.18427043
9/9/2014,2.9321,3.012713173,0.027493323,9/8/2014,3.17608,3.154108263
9/8/2014,2.91059,2.987142855,0.02630149,9/5/2014,3.16818,3.138383978
9/5/2014,2.90273,2.976164118,0.025298294,9/4/2014,3.15283,3.137591319
9/4/2014,2.88725,2.971131085,0.029052242,9/3/2014,3.12536,3.1034756
9/3/2014,2.86521,2.939342367,0.025873275,9/2/2014,3.13347,3.123933549
9/2/2014,2.87622,2.959399656,0.028919782,8/29/2014,3.08034,3.07879868
8/29/2014,2.828,2.918562006,0.03202334,8/28/2014,3.07812,3.072502751
8/28/2014,2.82605,2.911672879,0.030297723,8/27/2014,3.09887,3.083589204
8/27/2014,2.84471,2.922413823,0.0273152,8/26/2014,3.12944,3.099145132
8/26/2014,2.87081,2.937342422,0.023175488,8/25/2014,3.13856,3.104594533
8/25/2014,2.87941,2.942305369,0.021843144,8/22/2014,3.15082,3.136782085
8/22/2014,2.88858,2.977042767,0.030625002,8/21/2014,3.15678,3.157616495
8/21/2014,2.88858,3.00296356,0.039598543,8/20/2014,3.18288,3.179258024
8/20/2014,2.90569,3.025752804,0.041319895,8/19/2014,3.16484,3.16178347
8/19/2014,2.89365,3.013843073,0.041536839,8/18/2014,3.13998,3.148857202
8/18/2014,2.87784,3.001951431,0.043126592,8/15/2014,3.09358,3.114295502
8/15/2014,2.83339,2.970319021,0.048326923,8/14/2014,3.13996,3.135780128
8/14/2014,2.87885,2.98945451,0.038419685,8/13/2014,3.16116,3.137319217
8/13/2014,2.90138,2.990029435,0.030554231,8/12/2014,3.19212,3.168795578
8/12/2014,2.93093,3.01802977,0.029717451,8/11/2014,3.18264,3.157665394
8/11/2014,2.9176,3.004239772,0.029695562,8/8/2014,3.17218,3.156094649
8/8/2014,2.90805,3.003965135,0.032982629,8/7/2014,3.1813,3.153796809
8/7/2014,2.91316,3.003143736,0.030888704,8/6/2014,3.2168,3.183298179
8/6/2014,2.94594,3.029745755,0.028447883,8/5/2014,3.21632,3.19091518
8/5/2014,2.94388,3.036251932,0.031377614,8/4/2014,3.21782,3.196698102
8/4/2014,2.94612,3.042938765,0.032863144,8/1/2014,3.22842,3.211015888
8/1/2014,2.95822,3.056123237,0.03309532,7/31/2014,3.27611,3.256008336
7/31/2014,3.00294,3.092582645,0.029851627,7/30/2014,3.26579,3.244948374
7/30/2014,2.99631,3.080277801,0.028023736,7/29/2014,3.18238,3.154237301
7/29/2014,2.92487,2.994598506,0.023839865,7/28/2014,3.20496,3.161223629
7/28/2014,2.94296,3.001089181,0.019751944,7/25/2014,3.19153,3.135100171
7/25/2014,2.93082,2.978004343,0.016099366,7/24/2014,3.23593,3.164992748
7/24/2014,2.97553,3.0073239,0.010685122,7/23/2014,3.18443,3.120916315
7/23/2014,2.932,2.966824453,0.011877371,7/22/2014,3.17134,3.123138734
7/22/2014,2.91837,2.968426238,0.017152122,7/21/2014,3.17973,3.126668137
7/21/2014,2.92587,2.969173098,0.014800076,7/18/2014,3.18346,3.114333957
7/18/2014,2.92954,2.960284666,0.010494708,7/17/2014,3.184,3.109836084
7/17/2014,2.93396,2.957820406,0.008132492,7/16/2014,3.23588,3.146675728
7/16/2014,2.98459,2.992667712,0.002706473,7/15/2014,3.23276,3.154110994
7/15/2014,2.98623,3.001448891,0.005096356,7/14/2014,3.22381,3.149087125
7/14/2014,2.98577,3.001344888,0.005216372,7/11/2014,3.1874,3.121592249
7/11/2014,2.9433,2.975838405,0.011055076,7/10/2014,3.20099,3.132025007
7/10/2014,2.95084,2.986249288,0.011999732,7/9/2014,3.21851,3.134664184
7/9/2014,2.9625,2.985815073,0.007870067,7/8/2014,3.23294,3.149256178
7/8/2014,2.97889,2.99816872,0.00647178,7/7/2014,3.26648,3.203276748
7/7/2014,3.01268,3.051033754,0.012730776,7/3/2014,3.2817,3.225405347
7/3/2014,3.03623,3.07630576,0.013199184,7/2/2014,3.25805,3.216566632
7/2/2014,3.00822,3.07244467,0.021349725,7/1/2014,3.21078,3.156824255
7/1/2014,2.97088,3.016629512,0.015399313,6/30/2014,3.16006,3.111847012
6/30/2014,2.91924,2.973543893,0.018602065,6/27/2014,3.17238,3.130859316
6/27/2014,2.93513,2.991402137,0.01917194,6/26/2014,3.1705,3.124849087
6/26/2014,2.92924,2.985120281,0.019076716,6/25/2014,3.1949,3.153023658
6/25/2014,2.95328,3.010786024,0.019471917,6/24/2014,3.21805,3.182714695
6/24/2014,2.97706,3.038451903,0.020621655,6/23/2014,3.24201,3.206898321
6/23/2014,2.99321,3.062288708,0.02307847,6/20/2014,3.23871,3.209578808
6/20/2014,2.98627,3.066099294,0.026732109,6/19/2014,3.2407,3.208009864
6/19/2014,2.98868,3.064760814,0.025456327,6/18/2014,3.25545,3.200413912
6/18/2014,3.00031,3.053771494,0.017818657,6/17/2014,3.29552,3.237553264
6/17/2014,3.04781,3.091403858,0.014303338,6/16/2014,3.2402,3.193528229
6/16/2014,2.981,3.050394903,0.023279069,6/13/2014,3.25321,3.202877369
6/13/2014,2.98928,3.063187466,0.02472417,6/12/2014,3.23683,3.19053233
6/12/2014,2.97098,3.054915283,0.028251716,6/11/2014,3.2836,3.244113466
6/11/2014,3.0259,3.108389943,0.027261292,6/10/2014,3.28637,3.260579651
6/10/2014,3.02966,3.124876399,0.031428081,6/9/2014,3.26478,3.247952768
6/9/2014,3.01973,3.115308713,0.03165141,6/6/2014,3.24953,3.236138566
6/6/2014,3.00345,3.107441708,0.034624085,6/5/2014,3.23776,3.235697207
6/5/2014,3.0002,3.111156827,0.036983143,6/4/2014,3.26353,3.253855452
6/4/2014,3.02631,3.127087194,0.033300354,6/3/2014,3.25946,3.23819776
6/3/2014,3.02259,3.111737287,0.029493675,6/2/2014,3.20774,3.190796765
6/2/2014,2.97983,3.065202925,0.028650267,5/30/2014,3.13272,3.117679768
5/30/2014,2.90964,2.995476175,0.029500617,5/29/2014,3.1236,3.101147602
5/29/2014,2.90362,2.979607675,0.026169979,5/28/2014,3.09658,3.075610667
5/28/2014,2.87227,2.955701424,0.029047208,5/27/2014,3.18634,3.129903909
5/27/2014,2.96398,3.006375589,0.014303601,5/23/2014,3.20629,3.146225609
5/23/2014,2.98663,3.022871262,0.0121345,5/22/2014,3.21443,3.16527281
5/22/2014,2.99436,3.043285561,0.016339238,5/21/2014,3.20037,3.146302092
5/21/2014,2.97359,3.026195412,0.017690876,5/20/2014,3.19062,3.127866537
5/20/2014,2.96342,3.008527567,0.015221456,5/19/2014,3.22497,3.152101478
5/19/2014,2.99585,3.030915899,0.011704825,5/16/2014,3.20717,3.138494192
5/16/2014,2.97693,3.015119075,0.012828342,5/15/2014,3.17951,3.118066999
5/15/2014,2.95043,2.996821385,0.015723601,5/14/2014,3.19709,3.139709336
5/14/2014,2.96084,3.017443853,0.019117498,5/13/2014,3.2728,3.194910225
5/13/2014,3.04365,3.068862501,0.00828364,5/12/2014,3.29573,3.222489893
5/12/2014,3.06678,3.093721075,0.008784808,5/9/2014,3.26793,3.195487448
5/9/2014,3.02948,3.069060726,0.013065188,5/8/2014,3.2302,3.17502602
5/8/2014,2.99169,3.04830123,0.018922826,5/7/2014,3.23656,3.193509186
5/7/2014,2.99519,3.064281252,0.023067402,5/6/2014,3.26769,3.208795972
5/6/2014,3.01913,3.074846178,0.018454382,5/5/2014,3.2885,3.221924146
5/5/2014,3.04124,3.088259936,0.015460778,5/2/2014,3.27582,3.207678528
5/2/2014,3.02567,3.073832143,0.015917844,5/1/2014,3.28753,3.216844613
5/1/2014,3.03841,3.087995987,0.016319716,4/30/2014,3.32743,3.239855767
4/30/2014,3.08806,3.111224188,0.00750121,4/29/2014,3.37337,3.28054753
4/29/2014,3.14845,3.148618707,5.36E-05,4/28/2014,3.35146,3.267422555
4/28/2014,3.11449,3.137674105,0.007443949,4/25/2014,3.34407,3.257699856
4/25/2014,3.10641,3.127284241,0.006719731,4/24/2014,3.36531,3.274596443
4/24/2014,3.1405,3.143977311,0.001107247,4/23/2014,3.37126,3.268958666
4/23/2014,3.14834,3.139473834,0.00281614,4/22/2014,3.41581,3.305892726
4/22/2014,3.20349,3.174529324,0.009040352,4/21/2014,3.42149,3.300376787
4/21/2014,3.21352,3.170811706,0.013290191,4/17/2014,3.40802,3.30724021
4/17/2014,3.19921,3.17662646,0.007059099,4/16/2014,3.3508,3.243717771
4/16/2014,3.13178,3.117427324,0.004582913,4/15/2014,3.33793,3.225026321
4/15/2014,3.12012,3.100955699,0.006142168,4/14/2014,3.34083,3.232990404
4/14/2014,3.12416,3.110086994,0.004504573,4/11/2014,3.31617,3.208330805
4/11/2014,3.09464,3.0878443,0.002195958,4/10/2014,3.31552,3.211048946
4/10/2014,3.09534,3.090699068,0.001499329,4/9/2014,3.37509,3.249323489
4/9/2014,3.15838,3.125596267,0.01037992,4/8/2014,3.37318,3.254664033
4/8/2014,3.15874,3.126324333,0.010262214,4/7/2014,3.3951,3.275616469
4/7/2014,3.18072,3.147694273,0.010383098,4/4/2014,3.42956,3.310260814
4/4/2014,3.2141,3.180648942,0.010407597,4/3/2014,3.48403,3.383437803
4/3/2014,3.27094,3.247823365,0.007067276,4/2/2014,3.50663,3.394706261
4/2/2014,3.29389,3.260177566,0.010234839,4/1/2014,3.4727,3.36668213
4/1/2014,3.25499,3.235605816,0.005955221,3/31/2014,3.44686,3.340979943
3/31/2014,3.22636,3.209835939,0.00512158,3/28/2014,3.43061,3.341854424
3/28/2014,3.21139,3.208633396,0.000858383,3/27/2014,3.40527,3.318729763
3/27/2014,3.18403,3.187826479,0.00119235,3/26/2014,3.42174,3.342405349
3/26/2014,3.20523,3.212799448,0.002361593,3/25/2014,3.45197,3.375934446
3/25/2014,3.24077,3.243353835,0.00079729,3/24/2014,3.45267,3.374242455
3/24/2014,3.23623,3.240008842,0.001167668,3/21/2014,3.45235,3.379846514
3/21/2014,3.23274,3.247560473,0.004584493,3/20/2014,3.48581,3.40521151
3/20/2014,3.27122,3.275116266,0.001191074,3/19/2014,3.47241,3.398428583
3/19/2014,3.26074,3.271648372,0.003345367,3/18/2014,3.39423,3.306393321
3/18/2014,3.17898,3.188876792,0.003113197,3/17/2014,3.41746,3.323171293
3/17/2014,3.20765,3.203977597,0.001144889,3/14/2014,3.36349,3.282436545
3/14/2014,3.13623,3.166081839,0.009518383,3/13/2014,3.34844,3.281600451
3/13/2014,3.11583,3.164700719,0.015684655,3/12/2014,3.40859,3.326675771
3/12/2014,3.19205,3.205965845,0.004359532,3/11/2014,3.44385,3.358765796
3/11/2014,3.22784,3.236303082,0.002621902,3/10/2014,3.44657,3.378083005
3/10/2014,3.22546,3.256378906,0.009585891,3/7/2014,3.46137,3.397063963
3/7/2014,3.24213,3.275547325,0.010307213,3/6/2014,3.4237,3.356249107
3/6/2014,3.2014,3.240409717,0.012185205,3/5/2014,3.40152,3.318820141
3/5/2014,3.18646,3.205870779,0.006091644,3/4/2014,3.39831,3.328339106
3/4/2014,3.18511,3.216359194,0.009811025,3/3/2014,3.3253,3.241411162
3/3/2014,3.09872,3.13133542,0.010525449,2/28/2014,3.35149,3.273129318
2/28/2014,3.12516,3.161588523,0.01165653,2/27/2014,3.33702,3.258967155
2/27/2014,3.11399,3.148951263,0.01122716,2/26/2014,3.36186,3.26701214
2/26/2014,3.14192,3.157588878,0.004987039,2/25/2014,3.37625,3.292457476
2/25/2014,3.15859,3.181504988,0.007254816,2/24/2014,3.42988,3.336853042
2/24/2014,3.21553,3.224171322,0.002687371,2/21/2014,3.42382,3.32955393
2/21/2014,3.2014,3.218065587,0.005205718,2/20/2014,3.44099,3.358017141
2/20/2014,3.22002,3.245650718,0.007959801,2/19/2014,3.42085,3.345784235
2/19/2014,3.20419,3.235674094,0.009825913,2/18/2014,3.40225,3.325281353
2/18/2014,3.18163,3.21702934,0.011126165,2/14/2014,3.42405,3.352036363
2/14/2014,3.20449,3.241680395,0.011605714,2/13/2014,3.39638,3.35050718
2/13/2014,3.17069,3.241713029,0.022399865,2/12/2014,3.43678,3.405985059
2/12/2014,3.22606,3.293794246,0.020995966,2/11/2014,3.3874,3.370893722
2/11/2014,3.17119,3.261426352,0.028455044,2/10/2014,3.34761,3.329016432
2/10/2014,3.13018,3.222916363,0.029626527,2/7/2014,3.343,3.340862192
2/7/2014,3.14057,3.235542018,0.030240376,2/6/2014,3.37993,3.388484213
2/6/2014,3.1788,3.278404531,0.031334004,2/5/2014,3.35841,3.364213713
2/5/2014,3.15997,3.25651373,0.030552103,2/4/2014,3.31116,3.337265871
2/4/2014,3.10507,3.229784884,0.040164919,2/3/2014,3.2711,3.293257152
2/3/2014,3.05023,3.186999949,0.044839225,1/31/2014,3.34068,3.361140068
1/31/2014,3.12776,3.2490545,0.03877999,1/30/2014,3.37103,3.380902759
1/30/2014,3.16893,3.266602914,0.030822048,1/29/2014,3.36115,3.352175074
1/29/2014,3.1604,3.238223056,0.024624432,1/28/2014,3.41467,3.399727076
1/28/2014,3.22649,3.282689886,0.017418274,1/27/2014,3.42489,3.399705242
1/27/2014,3.23738,3.280009714,0.013167967,1/24/2014,3.38218,3.371784171
1/24/2014,3.18552,3.252973137,0.021174922,1/23/2014,3.42598,3.406232501
1/23/2014,3.23313,3.286173423,0.016406214,1/22/2014,3.4813,3.480255688
1/22/2014,3.29342,3.354251888,0.018470735,1/21/2014,3.43062,3.439683022
1/21/2014,3.24262,3.318364213,0.023358954,1/17/2014,3.43708,3.447997258
1/17/2014,3.25748,3.326179557,0.021089786,1/16/2014,3.45706,3.461916104
1/16/2014,3.2792,3.340166242,0.018591803,1/15/2014,3.49478,3.49426512
1/15/2014,3.31805,3.37211127,0.016293085,1/14/2014,3.48341,3.472446279
1/14/2014,3.31382,3.353560104,0.011992234,1/13/2014,3.42646,3.418619029
1/13/2014,3.2432,3.303863064,0.018704694,1/10/2014,3.47184,3.467646007
1/10/2014,3.27474,3.349442263,0.022811662,1/9/2014,3.57494,3.587554989
1/9/2014,3.37422,3.462141881,0.02605695,1/8/2014,3.59637,3.605747569
1/8/2014,3.40084,3.482095076,0.023892649,1/7/2014,3.54285,3.552816818
1/7/2014,3.35888,3.435863431,0.022919375,1/6/2014,3.57635,3.586165233
1/6/2014,3.38872,3.469680323,0.023891122,1/3/2014,3.60326,3.621400559
1/3/2014,3.41805,3.504650818,0.025336323,1/2/2014,3.5997,3.622663801
1/2/2014,3.41183,3.509062163,0.028498537,12/30/2013,3.57467,3.605420259
12/30/2013,3.39161,3.493614497,0.030075539,12/27/2013,3.60938,3.624771203
12/27/2013,3.42153,3.512118001,0.026475875,12/26/2013,3.61108,3.637877401
12/26/2013,3.42175,3.522253971,0.029372096,12/24/2013,3.61006,3.63312578
12/24/2013,3.41817,3.518156741,0.029251541,12/23/2013,3.54225,3.588557637
12/23/2013,3.3598,3.477893544,0.03514898,12/20/2013,3.52072,3.547744936
12/20/2013,3.34289,3.441681644,0.029552766,12/19/2013,3.58946,3.579482442
12/19/2013,3.40281,3.474861889,0.021174232,12/18/2013,3.54228,3.521644704
12/18/2013,3.37771,3.425973365,0.014288783,12/17/2013,3.49989,3.490740477
12/17/2013,3.33503,3.3935092,0.017534835,12/16/2013,3.53072,3.531628007
12/16/2013,3.36612,3.4303043,0.01906774,12/13/2013,3.5291,3.529780273
12/13/2013,3.37412,3.428280406,0.016051713,12/12/2013,3.54275,3.541339936
12/12/2013,3.38883,3.440664291,0.01529563,12/11/2013,3.51569,3.508214147
12/11/2013,3.36842,3.411118965,0.012676259,12/10/2013,3.46476,3.469707
12/10/2013,3.32019,3.374364056,0.016316553,12/9/2013,3.50449,3.515066749
12/9/2013,3.36585,3.419069853,0.015811713,12/6/2013,3.53577,3.545410941
12/6/2013,3.39811,3.449464662,0.015112713,12/5/2013,3.55213,3.541908585
12/5/2013,3.41373,3.447879233,0.010003495,12/4/2013,3.53796,3.53966548
12/4/2013,3.39858,3.446234999,0.014022033,12/3/2013,3.48201,3.476125183
12/3/2013,3.34225,3.382855862,0.012149259,11/22/2013,3.37657,3.401088299
11/22/2013,3.23893,3.307251755,0.021093928,11/21/2013,3.39022,3.408274099
11/21/2013,3.25232,3.315186388,0.019329706,11/20/2013,3.39539,3.407659676
11/20/2013,3.25669,3.313625851,0.017482736,11/18/2013,3.28922,3.327419989
11/18/2013,3.15804,3.230416348,0.022918123,11/15/2013,3.3275,3.373038665
11/15/2013,3.19504,3.276207102,0.025404096,11/14/2013,3.3344,3.392288676
11/14/2013,3.20649,3.294369858,0.027406871,11/13/2013,3.38633,3.45478911
11/13/2013,3.25933,3.354603808,0.029231102,11/12/2013,3.42394,3.502765058
11/12/2013,3.30785,3.399876893,0.027820757,11/8/2013,3.41853,3.485409077
11/8/2013,3.30654,3.384217806,0.023492172,11/7/2013,3.29153,3.354174549
11/7/2013,3.17456,3.256172037,0.025708141,11/6/2013,3.29973,3.285172291
11/6/2013,3.17497,3.25963744,0.026667162,11/5/2013,3.31201,3.409781332
11/5/2013,3.18632,3.308148794,0.038234952,11/4/2013,3.23876,3.344702435
11/4/2013,3.10343,3.242762832,0.044896399,11/1/2013,3.25928,3.364880901
11/1/2013,3.11968,3.261684254,0.045518852,10/31/2013,3.18036,3.290822617
10/31/2013,3.04242,3.187590881,0.047715595,10/30/2013,3.16114,3.2670061
10/30/2013,3.02577,3.161626559,0.04489983,10/29/2013,3.15432,3.245838689
10/29/2013,3.01884,3.140544867,0.04031511,10/28/2013,3.15932,3.255695996
10/28/2013,3.01776,3.149958976,0.043806988,10/25/2013,3.15212,3.255941161
10/25/2013,3.00841,3.150981363,0.047390935,10/24/2013,3.17723,3.276423515
10/24/2013,3.03936,3.171000346,0.043311864,10/23/2013,3.15417,3.245911585
10/23/2013,3.01434,3.140451614,0.041837223,10/22/2013,3.18366,3.272957278
10/22/2013,3.03844,3.168660776,0.042857774,10/21/2013,3.28095,3.368693141
10/21/2013,3.15088,3.262585429,0.035452137,10/18/2013,3.25857,3.357495806
10/18/2013,3.14195,3.25147669,0.034859463,10/17/2013,3.25461,3.356356639
10/17/2013,3.14418,3.250224559,0.033727255,10/16/2013,3.34533,3.431872005
10/16/2013,3.23921,3.322271226,0.025642433,10/15/2013,3.38973,3.476850936
10/15/2013,3.27522,3.365410919,0.027537362,10/11/2013,3.34888,3.443868438
10/11/2013,3.22924,3.333551847,0.03230229,10/10/2013,3.34593,3.4495991
10/10/2013,3.22445,3.337285368,0.034993679,10/9/2013,3.33121,3.42890123
10/9/2013,3.21798,3.315899608,0.030428905,10/8/2013,3.32901,3.410440172
10/8/2013,3.22228,3.295820962,0.022822648,10/7/2013,3.31522,3.415847677
10/7/2013,3.20864,3.305929456,0.030321088,10/4/2013,3.31439,3.436796266
10/4/2013,3.20723,3.329181261,0.038023859,10/3/2013,3.28508,3.399788529
10/3/2013,3.1759,3.292921812,0.036846819,10/2/2013,3.30787,3.423251288
10/2/2013,3.19661,3.316374773,0.037466182,10/1/2013,3.31544,3.443972346
10/1/2013,3.20534,3.335409782,0.04057909,9/30/2013,3.29525,3.413149413
9/30/2013,3.17175,3.305974847,0.042318861,9/27/2013,3.29489,3.414578204
9/27/2013,3.15989,3.306168264,0.046292201,9/26/2013,3.32335,3.418502472
9/26/2013,3.18577,3.308332632,0.038471902,9/25/2013,3.29616,3.385276988
9/25/2013,3.157,3.275435414,0.037515177,9/24/2013,3.34069,3.424409348
9/24/2013,3.21809,3.313067757,0.029513704,9/23/2013,3.4029,3.470425091
9/23/2013,3.28133,3.359471927,0.023814102,9/20/2013,3.43161,3.494905848
9/20/2013,3.30469,3.382047432,0.023408378,9/19/2013,3.42348,3.515620081
9/19/2013,3.28856,3.403360112,0.03490893,9/18/2013,3.40411,3.481140543
9/18/2013,3.28389,3.368922448,0.025893817,9/17/2013,3.5863,3.641861285
9/17/2013,3.45524,3.521847084,0.019277122,9/16/2013,3.60503,3.67866463
9/16/2013,3.46942,3.555150039,0.024710193,9/13/2013,3.65073,3.728265898
9/13/2013,3.50939,3.598218277,0.0253116,9/12/2013,3.6663,3.74453508
9/12/2013,3.52262,3.615496887,0.026365855,9/11/2013,3.66718,3.767886489
9/11/2013,3.52245,3.638526611,0.032953374,9/10/2013,3.70256,3.811603984
9/10/2013,3.56867,3.679333962,0.031009861,9/9/2013,3.64949,3.763755728
9/9/2013,3.51933,3.636550657,0.033307663,9/6/2013,3.72124,3.804987973
9/6/2013,3.60074,3.671938766,0.019773371,9/5/2013,3.7867,3.848477208
9/5/2013,3.66763,3.708045519,0.011019519,9/4/2013,3.67957,3.762085498
9/4/2013,3.53285,3.629598163,0.027385302,9/3/2013,3.62303,3.71835641
9/3/2013,3.47314,3.590738874,0.033859526,8/30/2013,3.51811,3.635979555
8/30/2013,3.3842,3.513542605,0.038219551,8/29/2013,3.5164,3.623174709
8/29/2013,3.38682,3.499332776,0.033220772,8/28/2013,3.56452,3.646342877
8/28/2013,3.42684,3.523019575,0.02806655,8/27/2013,3.49501,3.577273612
8/27/2013,3.35748,3.456667915,0.02954237,8/26/2013,3.56494,3.640641654
8/26/2013,3.42308,3.517832343,0.027680435,8/23/2013,3.60146,3.661486941
8/23/2013,3.45965,3.53549657,0.021923192,8/22/2013,3.71019,3.738090501
8/22/2013,3.56035,3.610440874,0.014069087,8/21/2013,3.67464,3.691227543
8/21/2013,3.51297,3.570704161,0.016434573,8/20/2013,3.63068,3.635091256
8/20/2013,3.48319,3.516131761,0.009457354,8/19/2013,3.71105,3.694030109
8/19/2013,3.56705,3.571978214,0.001381594,8/16/2013,3.63423,3.63144901
8/16/2013,3.49842,3.51195189,0.003868,8/15/2013,3.54246,3.562902143
8/15/2013,3.41365,3.444383982,0.009003261,8/14/2013,3.48409,3.52058299
8/14/2013,3.346,3.405090974,0.017660183,8/13/2013,3.4866,3.527289826
8/13/2013,3.33493,3.410990243,0.022807148,8/12/2013,3.38388,3.432198147
8/12/2013,3.22745,3.322070407,0.029317389,8/9/2013,3.36395,3.406368209
8/9/2013,3.20822,3.295757395,0.027285347,8/8/2013,3.38149,3.419261983
8/8/2013,3.22971,3.308372097,0.024355777,8/7/2013,3.40953,3.445525683
8/7/2013,3.25578,3.334279449,0.024110797,8/6/2013,3.44309,3.495977842
8/6/2013,3.29028,3.385399023,0.028909097,8/5/2013,3.41781,3.486971223
8/5/2013,3.27086,3.376508956,0.032300055,8/2/2013,3.40357,3.452895034
8/2/2013,3.26198,3.344468594,0.025287891,8/1/2013,3.53287,3.583108771
8/1/2013,3.39852,3.469895701,0.021001995,7/31/2013,3.40954,3.459761988
7/31/2013,3.2674,3.350661779,0.025482579,7/30/2013,3.4286,3.469208853
7/30/2013,3.29438,3.359591938,0.019794905,7/29/2013,3.40615,3.456469474
7/29/2013,3.26365,3.347361499,0.025649656,7/26/2013,3.39532,3.438120884
7/26/2013,3.24919,3.328968541,0.024553363,7/25/2013,3.44079,3.473712136
7/25/2013,3.29631,3.359835863,0.019271811,7/24/2013,3.42968,3.457178896
7/24/2013,3.29046,3.342044626,0.015677026,7/23/2013,3.36391,3.374325291
7/23/2013,3.22474,3.261728341,0.011470178,7/22/2013,3.32208,3.351419883
7/22/2013,3.18212,3.239656748,0.018081263,7/19/2013,3.33139,3.347783135
7/19/2013,3.18968,3.23642751,0.014655862,7/18/2013,3.38885,3.381763661
7/18/2013,3.24622,3.270151819,0.007372211,7/17/2013,3.34387,3.355482359
7/17/2013,3.21632,3.244473835,0.008753431,7/16/2013,3.39147,3.40986508
7/16/2013,3.23883,3.297186743,0.018017847,7/15/2013,3.40503,3.440315697
7/15/2013,3.23522,3.323309114,0.027228168,7/12/2013,3.47482,3.495433565
7/12/2013,3.32663,3.37651122,0.01499452,7/11/2013,3.46797,3.457812713
7/11/2013,3.32826,3.343245442,0.004502485,7/10/2013,3.58537,3.560136598
7/10/2013,3.45563,3.439777093,0.004587559,7/9/2013,3.48802,3.527520893
7/9/2013,3.35333,3.407300738,0.016094669,7/8/2013,3.54464,3.563659836
7/8/2013,3.43088,3.443827823,0.003773907,7/5/2013,3.67325,3.638793064
7/5/2013,3.56949,3.511295114,0.016303418,7/3/2013,3.36892,3.414639954
7/3/2013,3.21161,3.292667014,0.025238747,7/2/2013,3.31182,3.369439795
7/2/2013,3.14051,3.251516313,0.035346588,7/1/2013,3.29795,3.375026241
7/1/2013,3.1218,3.258495937,0.043787538,6/28/2013,3.30945,3.374758346
6/28/2013,3.14867,3.258766516,0.034966038,6/27/2013,3.32066,3.349243205
6/27/2013,3.16228,3.232602253,0.022237833,6/26/2013,3.44275,3.456624768
6/26/2013,3.33648,3.335353345,0.000337678,6/25/2013,3.49791,3.514320277
6/25/2013,3.41591,3.38795001,0.008185224,6/24/2013,3.48428,3.48832569
6/24/2013,3.38916,3.36163716,0.008120844,6/21/2013,3.42906,3.43914297
6/21/2013,3.32616,3.314710667,0.003442208,6/20/2013,3.27319,3.350066088
6/20/2013,3.14382,3.235158431,0.029053327,6/19/2013,3.12738,3.204261053
6/19/2013,2.96313,3.096147525,0.044890884,6/18/2013,2.98213,3.046868389
6/18/2013,2.85216,2.945599777,0.032761057,6/17/2013,2.98385,3.03458109
6/17/2013,2.85329,2.932524851,0.027769645,6/14/2013,2.93282,2.990612702
6/14/2013,2.80645,2.886896703,0.028664934,6/13/2013,2.97052,3.058126499
6/13/2013,2.83601,2.94762478,0.039356272,6/12/2013,3.0173,3.135370617
6/12/2013,2.8739,3.020499279,0.051010571,6/11/2013,2.98862,3.122068372
6/11/2013,2.84844,3.008180482,0.056079988,6/10/2013,3.01875,3.144125676
6/10/2013,2.88233,3.030164731,0.051290009,6/7/2013,2.99312,3.080796165
6/7/2013,2.86085,2.969952482,0.038136387,6/6/2013,2.93639,2.997131225
6/6/2013,2.81017,2.889570719,0.028254774,6/5/2013,2.97372,3.021758172
6/5/2013,2.83249,2.914204353,0.028848947,6/4/2013,2.98974,3.051758895
6/4/2013,2.84472,2.943279668,0.034646527,6/3/2013,2.96032,3.016834958
6/3/2013,2.82799,2.90776275,0.028208286,5/31/2013,2.95731,3.011247517
5/31/2013,2.83184,2.899242097,0.02380152,5/30/2013,2.90465,2.955557841
5/30/2013,2.79579,2.845043528,0.017617034,5/29/2013,2.91969,2.94308782
5/29/2013,2.818,2.830778225,0.004534501,5/28/2013,2.94396,2.923186843
5/28/2013,2.83725,2.812751472,0.008634603,5/24/2013,2.81497,2.772505094
5/24/2013,2.72064,2.669494467,0.018799082,5/23/2013,2.82191,2.769545725
5/23/2013,2.72676,2.667728022,0.021649129,5/22/2013,2.78844,2.759942476
5/22/2013,2.69734,2.658517487,0.014392888,5/21/2013,2.66453,2.681240729
5/21/2013,2.58966,2.580658944,0.003475767,5/20/2013,2.71288,2.703788401
5/20/2013,2.62891,2.603160337,0.009794806,5/17/2013,2.68581,2.698307152
5/17/2013,2.60588,2.59746254,0.00323018,5/16/2013,2.56388,2.61813578
5/16/2013,2.49835,2.520446407,0.0088444,5/15/2013,2.66187,2.678311806
5/15/2013,2.58235,2.578296122,0.001569841,5/14/2013,2.66272,2.691714156
5/14/2013,2.56583,2.591553941,0.010025583,5/13/2013,2.621,2.66425773
5/13/2013,2.52916,2.564535523,0.013987064,5/10/2013,2.58686,2.638933026
5/10/2013,2.50064,2.540807841,0.016063024,5/9/2013,2.49665,2.573124975
5/9/2013,2.42141,2.477077121,0.022989548,5/8/2013,2.47245,2.568900412
5/8/2013,2.3963,2.472931764,0.031979203,5/7/2013,2.48894,2.582895072
5/7/2013,2.43361,2.486183939,0.021603272,5/6/2013,2.4724,2.574924603
5/6/2013,2.413,2.479107342,0.027396329,5/3/2013,2.45615,2.549086478
5/3/2013,2.3938,2.454026814,0.025159501,5/2/2013,2.3421,2.460384035
5/2/2013,2.27223,2.367432567,0.041898297,5/1/2013,2.31036,2.463332162
5/1/2013,2.23718,2.369677356,0.059225166,4/30/2013,2.35354,2.486727385
4/30/2013,2.28375,2.391952876,0.047379475,4/29/2013,2.37448,2.476788836
4/29/2013,2.3065,2.382090295,0.032772727,4/26/2013,2.37951,2.483002188
4/26/2013,2.32727,2.386812677,0.025584774,4/25/2013,2.43235,2.516124897
4/25/2013,2.38059,2.419640782,0.016403825,4/24/2013,2.43239,2.509430888
4/24/2013,2.38312,2.412900882,0.012496594,4/23/2013,2.43753,2.517506042
4/23/2013,2.38673,2.420430529,0.014119959,4/22/2013,2.4461,2.51140584
4/22/2013,2.39398,2.414996741,0.008778996,4/19/2013,2.44783,2.514616174
4/19/2013,2.39046,2.416676053,0.010966949,4/18/2013,2.43192,2.489663745
4/18/2013,2.37769,2.391629291,0.005862535,4/17/2013,2.45005,2.508824156
4/17/2013,2.39653,2.41098053,0.006029772,4/16/2013,2.45465,2.524981202
4/16/2013,2.39957,2.427056817,0.011454893,4/15/2013,2.43066,2.507078914
4/15/2013,2.37735,2.409579384,0.013556853,4/12/2013,2.45324,2.531722789
4/12/2013,2.42169,2.433292808,0.004791203,4/11/2013,2.51808,2.579821773
4/11/2013,2.48247,2.480991283,0.000595664,4/10/2013,2.54479,2.60148695
4/10/2013,2.50239,2.502062958,0.000130692,4/9/2013,2.48938,2.559601246
4/9/2013,2.45666,2.460433304,0.001535949,4/8/2013,2.47695,2.558609728
4/8/2013,2.44612,2.459664959,0.005537324,4/5/2013,2.41738,2.51135116
4/5/2013,2.39981,2.413196026,0.005577952,4/4/2013,2.48587,2.569667147
4/4/2013,2.4645,2.469661736,0.002094435,4/3/2013,2.56472,2.611300596
4/3/2013,2.52668,2.509534874,0.006785634,4/2/2013,2.6102,2.658552497
4/2/2013,2.56223,2.554389773,0.003059923,4/1/2013,2.59513,2.643607197
4/1/2013,2.54995,2.53888262,0.004340234,3/28/2013,2.61433,2.667237632
3/28/2013,2.56527,2.560760977,0.001757719,3/27/2013,2.60807,2.661339083
3/27/2013,2.5599,2.554006369,0.00230229,3/26/2013,2.64256,2.704997081
3/26/2013,2.58711,2.597385079,0.003971644,3/25/2013,2.63948,2.70214445
3/25/2013,2.58465,2.595215112,0.004087637,3/22/2013,2.64148,2.710873593
3/22/2013,2.5876,2.604249813,0.006434462,3/21/2013,2.67627,2.720265367
3/21/2013,2.61659,2.615025925,0.000597753,3/20/2013,2.64698,2.714034646
3/20/2013,2.5923,2.610234524,0.006918383,3/19/2013,2.60686,2.693698249
3/19/2013,2.55968,2.588437722,0.011234889,3/18/2013,2.62963,2.718764396
3/18/2013,2.577,2.619119473,0.016344382,3/15/2013,2.66434,2.731999104
3/15/2013,2.6041,2.632270707,0.010817829,3/14/2013,2.70546,2.764030983
3/14/2013,2.63503,2.66241375,0.010392197,3/13/2013,2.70044,2.739929961
3/13/2013,2.62839,2.639148002,0.004093001,3/12/2013,2.70646,2.738994551
3/12/2013,2.64015,2.63791527,0.00084644,3/11/2013,2.73998,2.764614188
3/11/2013,2.66903,2.662853876,0.002313996,3/8/2013,2.75192,2.766484122
3/8/2013,2.68202,2.664915544,0.006377453,3/7/2013,2.67331,2.713725304
3/7/2013,2.62044,2.613079685,0.002808809,3/6/2013,2.61255,2.663686573
3/6/2013,2.57104,2.564947335,0.002369728,3/5/2013,2.56076,2.628644635
3/5/2013,2.52933,2.530356065,0.000405667,3/4/2013,2.54578,2.62134167
3/4/2013,2.51758,2.523778656,0.002462149,3/1/2013,2.52993,2.620174856
3/1/2013,2.5045,2.522765888,0.007293227,2/28/2013,2.54484,2.644945898
2/28/2013,2.51903,2.545965926,0.010692975,2/27/2013,2.57322,2.65371677
2/27/2013,2.54432,2.55332233,0.003538207,2/26/2013,2.53896,2.628508461
2/26/2013,2.51777,2.528008362,0.004066441,2/25/2013,2.55786,2.634058339
2/25/2013,2.52939,2.534083674,0.001855654,2/22/2013,2.62514,2.681817267
2/22/2013,2.58132,2.580342529,0.000378671,2/21/2013,2.62574,2.690625066
2/21/2013,2.58004,2.58797433,0.003075274,2/20/2013,2.63797,2.720849716
2/20/2013,2.58818,2.614954563,0.010344939,2/19/2013,2.63802,2.72369675
2/19/2013,2.58793,2.617798212,0.011541352,2/15/2013,2.62079,2.703696066
2/15/2013,2.57361,2.597950761,0.009457828,2/14/2013,2.60855,2.699269101
2/14/2013,2.5637,2.594139076,0.011873104,2/13/2013,2.65372,2.744118173
2/13/2013,2.60157,2.637211751,0.013700093,2/12/2013,2.60701,2.708276216
2/12/2013,2.56306,2.602596403,0.015425469,2/11/2013,2.56531,2.675747831
2/11/2013,2.52909,2.571439436,0.01674493,2/8/2013,2.57318,2.68181613
2/8/2013,2.53527,2.578734417,0.017143901,2/7/2013,2.55136,2.679060128
2/7/2013,2.51825,2.57605814,0.02295568,2/6/2013,2.55943,2.68416538
2/6/2013,2.52653,2.579898523,0.021123249,2/5/2013,2.60052,2.72792885
2/5/2013,2.56016,2.620352792,0.02351134,2/4/2013,2.55563,2.673158932
2/4/2013,2.52423,2.566097472,0.016586235,2/1/2013,2.59141,2.713338
2/1/2013,2.55342,2.606304448,0.020711222,1/31/2013,2.57377,2.682794021
1/31/2013,2.53869,2.574266167,0.014013592,1/30/2013,2.57729,2.704749096
1/30/2013,2.5417,2.596329876,0.02149344,1/29/2013,2.55981,2.683436491
1/29/2013,2.52576,2.57307461,0.018732821,1/28/2013,2.53933,2.664803391
1/28/2013,2.50725,2.553486094,0.018440959,1/25/2013,2.50532,2.624446894
1/25/2013,2.47193,2.515420119,0.017593589,1/24/2013,2.36742,2.510614206
1/24/2013,2.34225,2.407466479,0.027843518,1/23/2013,2.34331,2.493699063
1/23/2013,2.32001,2.390914794,0.030562279,1/22/2013,2.35221,2.488418113
1/22/2013,2.3297,2.384542936,0.023540772,1/18/2013,2.35028,2.495632079
1/18/2013,2.32067,2.390794711,0.030217442,1/17/2013,2.36891,2.512972611
1/17/2013,2.33215,2.407121524,0.032146956,1/16/2013,2.29441,2.449222725
1/16/2013,2.2588,2.348351172,0.039645463,1/15/2013,2.29384,2.449830349
1/15/2013,2.26543,2.349241526,0.036995858,1/14/2013,2.2784,2.479738879
1/14/2013,2.25974,2.378367115,0.052495913,1/11/2013,2.31308,2.499826027
1/11/2013,2.27849,2.397674611,0.052308595,1/10/2013,2.32919,2.510564286
1/10/2013,2.29209,2.408990358,0.051001644,1/9/2013,2.29263,2.473165176
1/9/2013,2.25004,2.372443942,0.054400785,1/8/2013,2.31701,2.4890942
1/8/2013,2.28231,2.386404355,0.04560921,1/7/2013,2.34263,2.51722051
1/7/2013,2.30121,2.413019904,0.048587441,1/4/2013,2.38072,2.532480753
1/4/2013,2.33474,2.427375322,0.039676933,1/3/2013,2.36511,2.521813885
1/3/2013,2.32281,2.418518961,0.041203956,1/2/2013,2.26242,2.487058189
1/2/2013,2.23572,2.38502793,0.066782929,12/31/2012,2.20009,2.424650415
12/31/2012,2.18779,2.322617473,0.061627246,12/28/2012,2.18544,2.385752368
12/28/2012,2.17245,2.281564156,0.050226314,12/27/2012,2.1768,2.402494996
12/27/2012,2.14931,2.296537844,0.068500051,12/26/2012,2.19828,2.432954749
12/26/2012,2.17454,2.326142664,0.069717119,12/24/2012,2.21511,2.4437928
12/24/2012,2.1867,2.337022744,0.068744109,12/21/2012,2.18757,2.420538533
12/21/2012,2.1562,2.315693225,0.073969588,12/20/2012,2.22135,2.452935081
12/20/2012,2.17839,2.347776603,0.077757703,12/19/2012,2.23717,2.468369175
12/19/2012,2.18467,2.364126582,0.082143565,12/18/2012,2.27802,2.505871764
12/18/2012,2.22206,2.403524219,0.08166486,12/17/2012,2.2148,2.442836994
12/17/2012,2.16189,2.343533726,0.084020799,12/14/2012,2.17471,2.387657017
12/14/2012,2.11252,2.290193314,0.084104914,12/13/2012,2.17954,2.393506912
12/13/2012,2.11339,2.295726079,0.086276588,12/12/2012,2.16985,2.365266935
12/12/2012,2.09444,2.268440162,0.083077177,12/11/2012,2.1257,2.316772095
12/11/2012,2.05772,2.219472279,0.078607526,12/10/2012,2.12632,2.294732838
12/10/2012,2.05293,2.197252408,0.070300696,12/7/2012,2.16633,2.303094314
12/7/2012,2.06062,2.206108273,0.070604126,12/6/2012,2.10827,2.27006088
12/6/2012,2.02371,2.171934627,0.073244006,12/5/2012,2.07994,2.27328577
12/5/2012,2.00236,2.174453705,0.085945437,12/4/2012,2.06783,2.286332976
12/4/2012,1.9892,2.186530423,0.099200896,12/3/2012,2.08622,2.300803433
12/3/2012,1.99206,2.200391451,0.104580912,11/30/2012,2.07253,2.295420188
11/30/2012,1.97049,2.195402298,0.114140289,11/29/2012,2.07244,2.2993772
11/29/2012,1.96039,2.198256183,0.121336154,11/28/2012,2.05097,2.296327035
11/28/2012,1.95147,2.194778628,0.124679666,11/27/2012,2.04405,2.320923609
11/27/2012,1.94605,2.217628675,0.139553801,11/26/2012,2.1329,2.354584355
11/26/2012,1.9501,2.249987883,0.153780772,11/23/2012,2.20126,2.378963969
11/23/2012,1.91951,2.2747998,0.185094009,11/21/2012,2.19254,2.375140029
11/21/2012,1.89102,2.272383003,0.201670529,11/20/2012,2.14204,2.351066642
11/20/2012,1.89176,2.250976517,0.189884825,11/19/2012,2.06997,2.32330672
11/19/2012,2.04952,2.223521932,0.08489887,11/16/2012,2.03611,2.292195806
11/16/2012,2.02214,2.191815458,0.083908858,11/15/2012,2.09234,2.298523391
11/15/2012,2.06793,2.19892818,0.063347492,11/14/2012,2.13435,2.290283698
11/14/2012,2.09962,2.192095368,0.044043859,11/13/2012,2.08298,2.289617901
11/13/2012,2.0567,2.19012007,0.064870944,11/9/2012,2.0596,2.303566004
11/9/2012,2.04058,2.202933277,0.079562319,11/8/2012,2.04956,2.287414101
11/8/2012,2.09611,2.187620964,0.04365752,11/7/2012,2.09197,2.317900683
11/7/2012,2.16867,2.218277598,0.022874664,11/6/2012,2.24889,2.428922802
11/6/2012,2.28125,2.32506709,0.019207492,11/5/2012,2.14794,2.367553826
11/5/2012,2.20611,2.268526947,0.028292763,11/2/2012,2.19493,2.399729029
11/2/2012,2.23384,2.299600298,0.029438231,11/1/2012,2.23243,2.398684042
11/1/2012,2.25883,2.298156083,0.017409935,10/31/2012,2.14235,2.378596939
10/31/2012,2.24082,2.277123762,0.016201106,10/29/2012,2.17586,2.402821955
10/29/2012,2.25908,2.2991255,0.017726464,10/26/2012,2.20624,2.42825062
10/26/2012,2.27715,2.324075987,0.020607332,10/25/2012,2.27753,2.498325597
10/25/2012,2.32815,2.392010037,0.02742952,10/24/2012,2.22502,2.439113518
10/24/2012,2.28278,2.337698036,0.024057525,10/23/2012,2.18831,2.443106912
10/23/2012,2.25118,2.339719156,0.039330109,10/22/2012,2.2048,2.46402409
10/22/2012,2.26131,2.360049886,0.043664905,10/19/2012,2.17149,2.431410097
10/19/2012,2.24023,2.327162348,0.0388051,10/18/2012,2.23804,2.481227439
10/18/2012,2.28119,2.378898009,0.042832035,10/17/2012,2.19994,2.477739722
10/17/2012,2.24836,2.376998587,0.057214408,10/16/2012,2.09031,2.381748758
10/16/2012,2.15818,2.283388557,0.058015808,10/15/2012,2.0434,2.350131268
10/15/2012,2.11472,2.250313678,0.064118975,10/12/2012,2.01487,2.341384145
10/12/2012,2.09799,2.240008091,0.067692454,10/11/2012,2.01882,2.350247233
10/11/2012,2.10431,2.247679312,0.06813127,10/10/2012,2.0567,2.373556443
10/10/2012,2.13312,2.270439633,0.064375016,10/9/2012,2.1122,2.404325215
10/9/2012,2.17612,2.302529853,0.05808956,10/5/2012,2.09992,2.428712001
10/5/2012,2.17379,2.325610933,0.069841582,10/4/2012,2.06588,2.383594657
10/4/2012,2.13499,2.284099242,0.069840722,10/3/2012,1.97292,2.340280713
10/3/2012,2.06393,2.241836003,0.086197692,10/2/2012,1.89432,2.350642629
10/2/2012,1.86499,2.251141918,0.207053077,10/1/2012,1.97791,2.354544992
10/1/2012,1.92693,2.255713529,0.170625569,9/28/2012,2.03991,2.364495831
9/28/2012,1.97389,2.26619282,0.148084655,9/27/2012,2.05097,2.360507169
9/27/2012,1.9715,2.256949469,0.144787963,9/26/2012,1.9725,2.348948974
9/26/2012,1.91514,2.241458698,0.170388952,9/25/2012,1.97862,2.387057941
9/25/2012,1.93405,2.283375511,0.180618656,9/24/2012,2.04335,2.402723344
9/24/2012,1.99488,2.300085658,0.152994495,9/21/2012,2.0967,2.437348955
9/21/2012,2.05435,2.33590641,0.137053769,9/20/2012,2.16993,2.4479799
9/20/2012,2.11542,2.345760414,0.108886374,9/19/2012,2.21086,2.464682395
9/19/2012,2.14762,2.363588102,0.100561599,9/18/2012,2.2694,2.506299066
9/18/2012,2.20121,2.405505659,0.092810617,9/17/2012,2.28117,2.536465436
9/17/2012,2.2118,2.438091819,0.102311158,9/14/2012,2.26805,2.567098309
9/14/2012,2.19789,2.469575241,0.123611846,9/13/2012,2.20601,2.486947567
9/13/2012,2.12213,2.388875082,0.125696862,9/12/2012,2.42922,2.55276728
9/12/2012,2.34431,2.451283806,0.045631255,9/11/2012,2.39371,2.488736001
9/11/2012,2.30699,2.387129868,0.034737848,9/10/2012,2.37785,2.477940005
9/10/2012,2.31448,2.376190998,0.026663008,9/7/2012,2.37384,2.471341433
9/7/2012,2.30005,2.368482637,0.029752674,9/6/2012,2.45607,2.495925864
9/6/2012,2.38182,2.390610531,0.003690678,9/5/2012,2.39528,2.414797348
9/5/2012,2.32194,2.313590916,0.003595736,9/4/2012,2.38417,2.422475685
9/4/2012,2.30884,2.321757069,0.005594614,8/31/2012,2.36895,2.42845582
8/31/2012,2.29171,2.328103756,0.015880612,8/30/2012,2.43371,2.479074768
8/30/2012,2.35628,2.373642017,0.007368401,8/29/2012,2.46878,2.500165285
8/29/2012,2.39101,2.39126943,0.000108502,8/28/2012,2.41104,2.469955615
8/28/2012,2.33159,2.361915005,0.013006148,8/27/2012,2.44075,2.485827498
8/27/2012,2.36445,2.376716829,0.005188027,8/24/2012,2.47609,2.509043147
8/24/2012,2.40065,2.399257736,0.000579953,8/23/2012,2.44471,2.495398077
8/23/2012,2.36944,2.387122238,0.007462623,8/22/2012,2.51207,2.540241479
8/22/2012,2.43671,2.426789026,0.004071463,8/21/2012,2.62589,2.616463478
8/21/2012,2.53108,2.497705472,0.013185884,8/20/2012,2.61868,2.647929631
8/20/2012,2.52428,2.530561299,0.002488353,8/17/2012,2.63904,2.649471496
8/17/2012,2.54175,2.531650875,0.003973296,8/16/2012,2.67019,2.688768214
8/16/2012,2.56637,2.571641221,0.00205396,8/15/2012,2.63813,2.648454852
8/15/2012,2.53832,2.5327335,0.002200865,8/14/2012,2.50321,2.556084095
8/14/2012,2.43318,2.44267684,0.003903057,8/13/2012,2.43262,2.488938994
8/13/2012,2.36226,2.375761018,0.005715297,8/10/2012,2.43735,2.481315997
8/10/2012,2.36591,2.367944501,0.000859923,8/9/2012,2.45717,2.51913882
8/9/2012,2.38592,2.403501507,0.007368858,8/8/2012,2.45388,2.506462138
8/8/2012,2.38117,2.392640057,0.004816984,8/7/2012,2.46483,2.486446192
8/7/2012,2.39094,2.375375866,0.00650963,8/6/2012,2.41026,2.416757567
8/6/2012,2.33527,2.308584619,0.011427107,8/3/2012,2.42675,2.451302363
8/3/2012,2.35162,2.341765517,0.004190508,8/2/2012,2.33657,2.364234917
8/2/2012,2.26376,2.255640334,0.003586805,8/1/2012,2.36588,2.398915375
8/1/2012,2.29277,2.291010354,0.000767476,7/31/2012,2.3146,2.344318562
7/31/2012,2.24616,2.237969525,0.003646435,7/30/2012,2.33651,2.349311026
7/30/2012,2.2646,2.243164563,0.009465441,7/27/2012,2.46854,2.414532389
7/27/2012,2.40342,2.303456609,0.041592144,7/26/2012,2.28779,2.300337841
7/26/2012,2.21969,2.191074026,0.012891879,7/25/2012,2.26337,2.284753112
7/25/2012,2.19063,2.174444829,0.007388363,7/24/2012,2.24718,2.292322316
7/24/2012,2.17783,2.181966357,0.001899302,7/23/2012,2.27723,2.313112149
7/23/2012,2.21634,2.202139996,0.006406961,7/20/2012,2.32496,2.334802348
7/20/2012,2.2663,2.224096365,0.018622263,7/19/2012,2.39312,2.372741521
7/19/2012,2.33631,2.261751999,0.031912717,7/18/2012,2.37585,2.364912834
7/18/2012,2.322,2.252061508,0.030119936,7/17/2012,2.4361,2.39124099
7/17/2012,2.37795,2.276366581,0.042718905,7/16/2012,2.39684,2.361033003
7/16/2012,2.3408,2.247233843,0.039971871,7/13/2012,2.4585,2.377197581
7/13/2012,2.39769,2.260626995,0.057164607,7/12/2012,2.40343,2.356163235
7/12/2012,2.33981,2.240284443,0.042535743,7/11/2012,2.41162,2.381614133
7/11/2012,2.3485,2.262102847,0.036788228,7/10/2012,2.42303,2.400961069
7/10/2012,2.35167,2.277225605,0.03165597,7/9/2012,2.4492,2.408110322
7/9/2012,2.35716,2.284530806,0.030812161,7/6/2012,2.47665,2.44737735
7/6/2012,2.384,2.324285485,0.025048035,7/5/2012,2.55638,2.495652548
7/5/2012,2.45892,2.370676176,0.035887229,7/3/2012,2.58328,2.517632275
7/3/2012,2.48233,2.391186834,0.036716781,7/2/2012,2.54532,2.489902362
7/2/2012,2.45249,2.362851282,0.036550085,6/29/2012,2.62372,2.531062108
6/29/2012,2.52101,2.403135526,0.046756845,6/28/2012,2.55096,2.479161845
6/28/2012,2.45744,2.350101401,0.043679032,6/27/2012,2.58867,2.505199633
6/27/2012,2.48997,2.377562453,0.045144137,6/26/2012,2.61639,2.51232552
6/26/2012,2.51553,2.385904047,0.051530275,6/25/2012,2.5785,2.494055445
6/25/2012,2.4939,2.369903737,0.049719822,6/22/2012,2.66819,2.540608016
6/22/2012,2.57935,2.414043375,0.064088482,6/21/2012,2.61405,2.519519291
6/21/2012,2.53025,2.389821984,0.055499661,6/20/2012,2.64221,2.530286661
6/20/2012,2.5544,2.404619152,0.058636411,6/19/2012,2.5989,2.541459466
6/19/2012,2.5157,2.416838386,0.039297855,6/18/2012,2.59515,2.519863553
6/18/2012,2.51188,2.395226018,0.046440906,6/15/2012,2.61355,2.53213733
6/15/2012,2.52601,2.405694065,0.047630823,6/14/2012,2.63094,2.567805167
6/14/2012,2.53953,2.432752574,0.042046137,6/13/2012,2.65256,2.564246156
6/13/2012,2.55836,2.429733179,0.050277061,6/12/2012,2.69596,2.608850405
6/12/2012,2.59302,2.474439376,0.045730702,6/11/2012,2.6399,2.574294314
6/11/2012,2.54292,2.443468507,0.039109171,6/8/2012,2.67911,2.587441159
6/8/2012,2.58572,2.455800594,0.050244963,6/7/2012,2.67758,2.592909075
6/7/2012,2.58571,2.461258599,0.048130456,6/6/2012,2.70699,2.577131962
6/6/2012,2.60963,2.441377266,0.064473789,6/5/2012,2.67216,2.524495943
6/5/2012,2.60284,2.386213994,0.083226786,6/4/2012,2.62226,2.516468216
6/4/2012,2.56551,2.375048167,0.074239365,6/1/2012,2.53159,2.466720593
6/1/2012,2.49908,2.325723416,0.069368161,5/31/2012,2.64639,2.525597941
5/31/2012,2.58864,2.385716423,0.078390034,5/30/2012,2.68486,2.555030117
5/30/2012,2.61968,2.414918217,0.078162899,5/29/2012,2.77149,2.648951063
5/29/2012,2.68852,2.50728931,0.067409091,5/25/2012,2.76345,2.66710612
5/25/2012,2.68344,2.524289439,0.05930841,5/24/2012,2.76054,2.676820278
5/24/2012,2.68128,2.534068846,0.054903312,5/23/2012,2.73508,2.6648851
5/23/2012,2.66163,2.520955012,0.052852947,5/22/2012,2.76969,2.71193026
5/22/2012,2.68858,2.570747237,0.043827137,5/21/2012,2.73357,2.647186242
5/21/2012,2.6613,2.50424024,0.05901618,5/18/2012,2.67797,2.629071239
5/18/2012,2.61975,2.482341748,0.052450903,5/17/2012,2.67184,2.627849036
5/17/2012,2.61711,2.483363747,0.051104559,5/16/2012,2.74013,2.683649684
5/16/2012,2.70948,2.5393822,0.062778762,5/15/2012,2.76971,2.730341533
5/15/2012,2.71798,2.584648999,0.049055181,5/14/2012,2.77397,2.735692222
5/14/2012,2.71838,2.593574457,0.045911735,5/11/2012,2.80528,2.751190771
5/11/2012,2.72577,2.61539737,0.040492276,5/10/2012,2.82461,2.766615565
5/10/2012,2.73233,2.635141244,0.035569919,5/9/2012,2.83276,2.752329005
5/9/2012,2.73466,2.619287874,0.042188837,5/8/2012,2.8457,2.740851039
5/8/2012,2.75137,2.611914316,0.050685907,5/7/2012,2.85847,2.755727223
5/7/2012,2.7614,2.62927727,0.047846284,5/4/2012,2.85087,2.744959345
5/4/2012,2.75552,2.618782545,0.049623104,5/3/2012,2.88233,2.796244881
5/3/2012,2.7833,2.671604174,0.040130717,5/2/2012,2.87338,2.793896212
5/2/2012,2.77448,2.668396681,0.038235388,5/1/2012,2.89085,2.832699699
5/1/2012,2.78661,2.707947696,0.028228674,4/30/2012,2.85859,2.779419805
4/30/2012,2.75955,2.65291859,0.038640869,4/27/2012,2.87167,2.809160587
4/27/2012,2.77117,2.681966556,0.032189813,4/26/2012,2.8924,2.84416641
4/26/2012,2.78627,2.717528784,0.024671412,4/25/2012,2.92241,2.870572172
4/25/2012,2.81158,2.744853575,0.023732714,4/24/2012,2.90097,2.869248654
4/24/2012,2.79451,2.740034792,0.019493653,4/23/2012,2.87081,2.847074432
4/23/2012,2.77111,2.719154455,0.018749001,4/20/2012,2.90335,2.870970638
4/20/2012,2.79798,2.744133168,0.019244895,4/19/2012,2.88744,2.856554397
4/19/2012,2.78515,2.729536863,0.019967735,4/18/2012,2.93046,2.886284635
4/18/2012,2.81865,2.760663049,0.020572597,4/17/2012,2.9571,2.901702088
4/17/2012,2.83806,2.776201913,0.021795905,4/16/2012,2.91808,2.875053806
4/16/2012,2.79245,2.748277263,0.015818631,4/13/2012,2.93227,2.891159937
4/13/2012,2.79753,2.764399825,0.011842652,4/12/2012,2.96745,2.922972198
4/12/2012,2.8182,2.795741206,0.007969198,4/11/2012,2.93078,2.903935935
4/11/2012,2.80853,2.773149552,0.012597497,4/10/2012,2.91099,2.879210841
4/10/2012,2.79372,2.745730788,0.017177531,4/9/2012,2.91152,2.890125454
4/9/2012,2.7908,2.755322972,0.012712136,4/6/2012,2.93072,2.921811222
4/6/2012,2.80534,2.786605888,0.006678018,4/5/2012,3.05396,3.063322479
4/5/2012,2.89897,2.925863777,0.009277011,4/4/2012,3.1088,3.103984056
4/4/2012,2.93468,2.967167851,0.011070321,4/3/2012,3.16492,3.123185667
4/3/2012,2.97183,2.986906158,0.005073022,4/2/2012,3.04496,3.020055419
4/2/2012,2.89314,2.88925684,0.001342196,3/30/2012,3.06692,3.044212705
3/30/2012,2.90764,2.914607266,0.002396193,3/29/2012,3.02196,2.984402048
3/29/2012,2.87835,2.854945305,0.008131289,3/28/2012,3.05684,3.022879533
3/28/2012,2.90957,2.895277144,0.00491236,3/27/2012,3.0399,3.026680141
3/27/2012,2.90011,2.900817055,0.000243803,3/26/2012,3.11828,3.10988715
3/26/2012,2.93788,2.979122218,0.014038088,3/23/2012,3.13245,3.104163877
3/23/2012,2.94735,2.970900577,0.007990424,3/22/2012,3.15708,3.144601751
3/22/2012,2.96481,3.007860014,0.014520328,3/21/2012,3.15732,3.175174367
3/21/2012,2.96448,3.037278915,0.024557061,3/20/2012,3.24144,3.257997414
3/20/2012,3.02044,3.116840865,0.031916166,3/19/2012,3.23638,3.244117665
3/19/2012,3.03174,3.107940674,0.025134304,3/16/2012,3.13095,3.138066075
3/16/2012,2.95858,3.004134577,0.015397446,3/15/2012,3.15896,3.135263891
3/15/2012,2.97886,2.998423052,0.006567295,3/14/2012,3.16959,3.152216903
3/14/2012,2.95456,3.01303199,0.019790422,3/13/2012,2.9914,2.976328992
3/13/2012,2.81725,2.842921924,0.009112405,3/12/2012,2.91624,2.896796374
3/12/2012,2.83262,2.768475481,0.022644943,3/9/2012,2.92195,2.910252892
3/9/2012,2.83525,2.781996324,0.018782709,3/8/2012,2.93364,2.888526035
3/8/2012,2.83922,2.76359046,0.026637436,3/7/2012,2.89962,2.861432489
3/7/2012,2.83166,2.737352898,0.033304529,3/6/2012,2.86506,2.857366065
3/6/2012,2.79722,2.733573943,0.022753326,3/5/2012,2.90077,2.900304034
3/5/2012,2.82778,2.775722512,0.018409313,3/2/2012,2.8908,2.871978091
3/2/2012,2.81409,2.752851404,0.021761421,3/1/2012,2.92872,2.926255388
3/1/2012,2.84865,2.802591365,0.016168583,2/29/2012,2.88173,2.870972203
2/29/2012,2.80317,2.745496659,0.020574329,2/28/2012,2.8102,2.823159512
2/28/2012,2.73569,2.69499294,0.014876342,2/27/2012,2.82054,2.829012291
2/27/2012,2.74681,2.697367869,0.017999836,2/24/2012,2.84685,2.875323756
2/24/2012,2.77263,2.738841617,0.012186402,2/23/2012,2.83483,2.86839847
2/23/2012,2.7645,2.735170391,0.010609372,2/22/2012,2.87313,2.872766863
2/22/2012,2.79998,2.740988323,0.021068607,2/21/2012,2.92316,2.90126321
2/21/2012,2.84286,2.768218798,0.026255673,2/17/2012,2.86836,2.852868018
2/17/2012,2.79894,2.722173402,0.027427025,2/16/2012,2.83167,2.831752556
2/16/2012,2.76614,2.700277637,0.023810206,2/15/2012,2.78221,2.771230016
2/15/2012,2.69242,2.64392786,0.018010615,2/14/2012,2.76681,2.797277994
2/14/2012,2.68866,2.668716577,0.007417607,2/13/2012,2.81749,2.855570737
2/13/2012,2.7044,2.727585932,0.008573411,2/10/2012,2.80975,2.813801493
2/10/2012,2.69818,2.68968689,0.003147718,2/9/2012,2.84585,2.871349448
2/9/2012,2.71089,2.749177959,0.01412376,2/8/2012,2.76703,2.822417671
2/8/2012,2.69136,2.698746756,0.002744618,2/7/2012,2.7946,2.818013452
2/7/2012,2.71397,2.693362694,0.007593049,2/6/2012,2.76133,2.744376886
2/6/2012,2.68552,2.624194444,0.022835635,2/3/2012,2.81014,2.794547436
2/3/2012,2.73534,2.676144779,0.021640901,2/2/2012,2.7164,2.663853956
2/2/2012,2.64901,2.54827602,0.038027029,2/1/2012,2.77294,2.681403872
2/1/2012,2.71057,2.563364165,0.054308073,1/31/2012,2.7763,2.668040913
1/31/2012,2.71426,2.547469024,0.061449889,1/30/2012,2.80895,2.709663106
1/30/2012,2.74741,2.584616964,0.059253274,1/27/2012,2.80824,2.745611933
1/27/2012,2.74817,2.621561104,0.046070256,1/26/2012,2.84358,2.758481136
1/26/2012,2.7799,2.635215013,0.052046831,1/25/2012,2.90516,2.867388262
1/25/2012,2.8356,2.740226066,0.033634481,1/24/2012,2.95988,2.951308471
1/24/2012,2.88683,2.821559581,0.02260972,1/23/2012,2.97256,2.966781015
1/23/2012,2.89696,2.837744285,0.02044064,1/20/2012,2.97611,2.944462801
1/20/2012,2.88022,2.813047485,0.023322008,1/19/2012,2.96477,2.879358939
1/19/2012,2.87307,2.749566477,0.042986604,1/18/2012,2.90295,2.803248936
1/18/2012,2.78927,2.672359306,0.041914441,1/17/2012,2.86264,2.774525606
1/17/2012,2.7701,2.64825234,0.043986737,1/13/2012,2.81631,2.792587767
1/13/2012,2.75666,2.663817737,0.033679258,1/12/2012,2.85234,2.857127492
1/12/2012,2.77285,2.727353222,0.016407948,1/11/2012,2.88377,2.837264573
1/11/2012,2.78344,2.701745028,0.029350362,1/10/2012,2.91779,2.899654685
1/10/2012,2.80149,2.759359766,0.01503851,1/9/2012,2.87572,2.876840106
1/9/2012,2.76484,2.73520283,0.010719307,1/6/2012,2.85738,2.906833775
1/6/2012,2.75682,2.759591808,0.001005437,1/5/2012,2.91011,2.951787541
1/5/2012,2.80729,2.798453497,0.003147699,1/4/2012,2.9957,2.965045058
1/4/2012,2.87926,2.810213651,0.023980589,1/3/2012,2.99221,2.981584518
1/3/2012,2.87621,2.825590974,0.017599211,12/30/2011,3.0169,2.925026939
12/30/2011,2.89979,2.771784788,0.044142925,12/29/2011,3.02888,2.973868202
12/29/2011,2.90693,2.815603992,0.031416652,12/28/2011,3.04824,2.983760265
12/28/2011,2.91865,2.82157612,0.033259857,12/27/2011,3.15254,3.063064456
12/27/2011,2.98716,2.90064579,0.028962028,12/23/2011,3.1705,3.07315667
12/23/2011,2.97699,2.911683131,0.021937215,12/22/2011,3.09573,2.990498178
12/22/2011,2.86901,2.832003296,0.012898771,12/21/2011,3.10621,3.008632888
12/21/2011,2.88049,2.8532723,0.009448983,12/20/2011,3.06827,2.992990825
12/20/2011,2.82018,2.838488386,0.006491921,12/19/2011,2.98945,2.913301607
12/19/2011,2.69119,2.758700011,0.025085561,12/16/2011,3.00104,2.946507505
12/16/2011,2.70095,2.79533977,0.034946878,12/15/2011,3.05125,2.970344064
12/15/2011,2.7731,2.819470718,0.016721618,12/14/2011,3.0099,2.970990184
12/14/2011,2.73978,2.819896778,0.029242048,12/13/2011,3.0836,3.011934148
12/13/2011,2.81574,2.867327011,0.018320942,12/12/2011,3.12819,3.049875816
12/12/2011,2.87444,2.908409299,0.01181771,12/9/2011,3.13669,3.059306018
12/9/2011,2.87235,2.922914965,0.01760404,12/8/2011,3.05821,2.995193302
12/8/2011,2.74561,2.859234311,0.041383995,12/7/2011,3.09012,3.014537657
12/7/2011,2.8277,2.874489216,0.01654674,12/6/2011,3.17019,3.093779517
12/6/2011,2.97571,2.948527611,0.009134757,12/5/2011,3.15649,3.087110006
12/5/2011,2.93274,2.942399509,0.003293681,12/2/2011,3.14293,3.115295657
12/2/2011,2.87903,2.968771453,0.031170725,12/1/2011,3.20921,3.153452074
12/1/2011,3.03356,3.011437581,0.00729256,11/30/2011,3.17702,3.103781602
11/30/2011,2.98029,2.964674881,0.005239463,11/29/2011,3.18161,3.124471295
11/29/2011,3.00969,2.965939781,0.014536454,11/28/2011,3.1879,3.121063019
11/28/2011,3.01234,2.957774393,0.018114027,11/25/2011,3.22263,3.115206983
11/25/2011,3.03881,2.950026671,0.029216479,11/23/2011,3.14517,3.074583656
11/23/2011,2.75603,2.911293154,0.0563358,11/22/2011,3.14417,3.09599281
11/22/2011,2.72577,2.937564384,0.077700754,11/21/2011,3.17668,3.119617106
11/21/2011,2.99915,2.956289349,0.014290933,11/18/2011,3.21334,3.126911513
11/18/2011,3.03061,2.968569085,0.020471428,11/17/2011,3.1637,3.113730026
11/17/2011,2.99406,2.95172155,0.014140816,11/16/2011,3.20144,3.147904598
11/16/2011,3.01953,2.994296959,0.008356612,11/15/2011,3.21924,3.148426598
11/15/2011,3.03026,3.001299179,0.009557207,11/14/2011,3.19328,3.142420568
11/14/2011,3.00793,2.995601399,0.004098699,11/10/2011,3.19683,3.129208087
11/10/2011,3.01007,2.987952058,0.007347983,11/9/2011,3.14083,3.064433741
11/9/2011,2.97602,2.928843667,0.015852156,11/8/2011,3.19153,3.089706491
11/8/2011,3.02402,2.96061428,0.020967361,11/7/2011,3.11536,3.048161248
11/7/2011,2.96852,2.921573644,0.015814735,11/4/2011,3.14592,3.080702102
11/4/2011,2.98962,2.957322847,0.010803096,11/3/2011,3.18659,3.090317103
11/3/2011,3.0195,2.966821036,0.017446254,11/2/2011,3.14036,3.059877176
11/2/2011,2.98619,2.938140429,0.016090594,11/1/2011,3.128,3.092175831
11/1/2011,2.97616,2.969668541,0.002181153,10/31/2011,3.25158,3.158993859
10/31/2011,3.06918,3.036703885,0.010581365,10/28/2011,3.36021,3.252486217
10/28/2011,3.1668,3.126379682,0.012763774,10/27/2011,3.44092,3.337172897
10/27/2011,3.23293,3.200657199,0.009982524,10/26/2011,3.3218,3.227075919
10/26/2011,3.12429,3.089213329,0.011227085,10/25/2011,3.26467,3.168510877
10/25/2011,3.07473,3.035670606,0.012703357,10/24/2011,3.3635,3.263903564
10/24/2011,3.15429,3.127365084,0.008535967,10/21/2011,3.33066,3.232770397
10/21/2011,3.12911,3.095154362,0.010851532,10/20/2011,3.32699,3.20953592
10/20/2011,3.12464,3.074966284,0.015897421,10/19/2011,3.30171,3.197575873
10/19/2011,3.10491,3.062140343,0.013774846,10/18/2011,3.29374,3.18888122
10/18/2011,3.0989,3.052270734,0.015047038,10/17/2011,3.29814,3.195895741
10/17/2011,3.07956,3.057811441,0.007062229,10/14/2011,3.36446,3.2250238
10/14/2011,3.0857,3.086113212,0.000133912,10/13/2011,3.30672,3.163271457
10/13/2011,3.07987,3.022861921,0.018509898,10/12/2011,3.33781,3.191353599
10/12/2011,3.08362,3.051891016,0.010289525,10/11/2011,3.3168,3.165282173
10/11/2011,3.0826,3.019194159,0.020568949,10/7/2011,3.28276,3.098528729
10/7/2011,3.0795,2.953912988,0.040781624,10/6/2011,3.18596,3.034700555
10/6/2011,2.99628,2.896301939,0.033367396,10/5/2011,3.11838,2.985844934
10/5/2011,2.95568,2.84912171,0.036052039,10/4/2011,3.04282,2.912074081
10/4/2011,2.90724,2.774921326,0.045513502,10/3/2011,2.96582,2.888483104
10/3/2011,2.84831,2.759473321,0.031189259,9/30/2011,3.03853,2.955117248
9/30/2011,2.90816,2.829531748,0.027037114,9/29/2011,3.08103,2.96963517
9/29/2011,2.93695,2.846826973,0.030685925,9/28/2011,3.16373,3.008847208
9/28/2011,2.99413,2.88707664,0.035754413,9/27/2011,3.19163,3.028736566
9/27/2011,3.01495,2.911072303,0.034454202,9/26/2011,3.07072,2.926197355
9/26/2011,2.9382,2.811325109,0.043181162,9/23/2011,2.9788,2.837084538
9/23/2011,2.89225,2.721376488,0.059079786,9/22/2011,2.85137,2.800515588
9/22/2011,2.76794,2.686086807,0.029571881,9/21/2011,3.01934,2.932029602
9/21/2011,2.98574,2.821490865,0.055011198,9/20/2011,3.25926,2.988758365
9/20/2011,3.08436,2.883974938,0.064968117,9/19/2011,3.23814,2.97550177
9/19/2011,3.067,2.868402509,0.064753013,9/16/2011,3.34689,3.072859116
9/16/2011,3.17794,2.961327468,0.068161303,9/15/2011,3.34726,3.064354759
9/15/2011,3.17718,2.950223618,0.071433278,9/14/2011,3.3005,3.026625208
9/14/2011,3.16888,2.907213814,0.082573713,9/13/2011,3.30112,3.011467683
9/13/2011,3.16982,2.892209254,0.087579341,9/12/2011,3.2661,2.957006783
9/12/2011,3.16452,2.837465313,0.103350488,9/9/2011,3.21792,2.951085399
9/9/2011,3.15554,2.835403927,0.101452072,9/8/2011,3.28505,2.98117949
9/8/2011,3.16793,2.868713836,0.094451634,9/7/2011,3.31614,3.03539828
9/7/2011,3.19083,2.919023984,0.085183484,9/6/2011,3.26302,3.004186588
9/6/2011,3.15761,2.888747161,0.085147576,9/2/2011,3.26342,3.003136505
9/2/2011,3.16144,2.888717053,0.086265419,9/1/2011,3.36362,3.099418167
9/1/2011,3.24033,2.988694533,0.077657358,8/31/2011,3.42739,3.148514784
8/31/2011,3.29237,3.037228234,0.077494864,8/30/2011,3.3589,3.121241812
8/30/2011,3.23934,3.009113042,0.071072181,8/29/2011,3.44007,3.179287445
8/29/2011,3.30596,3.064810609,0.072943832,8/26/2011,3.35269,3.116463309
8/26/2011,3.24372,3.004595335,0.073719268,8/25/2011,3.3922,3.157226351
8/25/2011,3.27084,3.042509854,0.0698078,8/24/2011,3.30817,3.146452852
8/24/2011,3.3226,3.02923332,0.088294312,8/23/2011,3.36494,3.07709847
8/23/2011,3.25578,2.956463886,0.091933765,8/22/2011,3.30379,3.028170978
8/22/2011,3.21213,2.911671017,0.093538862,8/19/2011,3.28379,2.994619948
8/19/2011,3.19952,2.885910531,0.098017662,8/18/2011,3.24924,2.96687097
8/18/2011,3.1751,2.860769183,0.098998714,8/17/2011,3.26933,3.021365044
8/17/2011,3.19442,2.918135168,0.086489827,8/16/2011,3.31182,3.070011131
8/16/2011,3.22775,2.966958744,0.080796609,8/15/2011,3.38162,3.140270691
8/15/2011,3.32131,3.037007221,0.085599592,8/12/2011,3.31671,3.127163179
8/12/2011,3.29351,3.024782385,0.081593077,8/11/2011,3.37634,3.187909402
8/11/2011,3.31187,3.088768422,0.067364232,8/10/2011,3.23281,3.086925038
8/10/2011,3.27072,2.988423453,0.086310215,8/9/2011,3.36152,3.119517728
8/9/2011,3.31315,3.019491677,0.088634177,8/8/2011,3.5273,3.412358329
8/8/2011,3.37743,3.297975365,0.023525176,8/5/2011,3.64944,3.491082337
8/5/2011,3.46349,3.375160889,0.025502921,8/4/2011,3.4866,3.399151346
8/4/2011,3.34662,3.286725521,0.017897006,8/3/2011,3.61499,3.505633005
8/3/2011,3.43559,3.384602729,0.014840907,8/2/2011,3.65709,3.539698235
8/2/2011,3.46733,3.418304388,0.014139298,8/1/2011,3.76447,3.622394105
8/1/2011,3.55531,3.500240895,0.015489256,7/29/2011,3.80882,3.678735569
7/29/2011,3.60139,3.554296235,0.013076552,7/28/2011,3.93243,3.789718158
7/28/2011,3.73192,3.657138911,0.020038235,7/27/2011,3.97403,3.818958181
7/27/2011,3.77413,3.684634761,0.023712813,7/26/2011,3.9318,3.787007952
7/26/2011,3.73543,3.657527854,0.020854934,7/25/2011,3.96047,3.822942304
7/25/2011,3.76594,3.691013608,0.019895801,7/22/2011,3.92566,3.783180717
7/22/2011,3.73202,3.653328616,0.021085467,7/21/2011,3.95043,3.858499649
7/21/2011,3.75573,3.722883241,0.008745772,7/20/2011,3.91472,3.821245596
7/20/2011,3.71374,3.687408399,0.007090319,7/19/2011,3.9029,3.819951538
7/19/2011,3.69833,3.685378456,0.003501998,7/18/2011,3.91431,3.826061585
7/18/2011,3.70911,3.693802844,0.004126908,7/15/2011,3.88293,3.817947968
7/15/2011,3.67658,3.684215283,0.002076735,7/14/2011,3.89854,3.833197903
7/14/2011,3.69243,3.703132048,0.002898375,7/13/2011,3.86432,3.803571863
7/13/2011,3.6566,3.671713519,0.004133216,7/12/2011,3.89941,3.825462823
7/12/2011,3.69282,3.690624468,0.000594541,7/11/2011,3.91248,3.825373578
7/11/2011,3.70672,3.691964039,0.003980868,7/8/2011,3.95604,3.864970166
7/8/2011,3.75128,3.73305552,0.004858203,7/7/2011,4.0553,3.984234534
7/7/2011,3.85107,3.83794208,0.003408902,7/6/2011,4.00075,3.928651542
7/6/2011,3.79478,3.788718838,0.001597237,7/5/2011,4.01093,3.93627206
7/5/2011,3.80055,3.794055823,0.001708747,7/1/2011,4.04949,3.986371375
7/1/2011,3.83605,3.837634783,0.000413129,6/30/2011,4.02102,3.942742763
6/30/2011,3.81944,3.799788913,0.005145018,6/29/2011,3.99007,3.911085317
6/29/2011,3.79422,3.764919744,0.00772234,6/28/2011,3.96459,3.879661861
6/28/2011,3.77039,3.731188138,0.010397296,6/27/2011,3.88515,3.774814806
6/27/2011,3.6937,3.636102597,0.015593417,6/24/2011,3.84131,3.725443083
6/24/2011,3.64976,3.592068365,0.015806967,6/23/2011,3.84233,3.745571666
6/23/2011,3.65279,3.614996294,0.010346531,6/22/2011,3.91031,3.796049335
6/22/2011,3.7236,3.662628141,0.016374438,6/21/2011,3.93335,3.808125726
6/21/2011,3.74574,3.672794764,0.019474186,6/20/2011,3.92605,3.795693008
6/20/2011,3.73794,3.659812933,0.020901102,6/17/2011,3.90547,3.776497904
6/17/2011,3.71373,3.64115459,0.019542457,6/16/2011,3.88416,3.760909688
6/16/2011,3.6866,3.62356685,0.017097909,6/15/2011,3.9059,3.775380111
6/15/2011,3.71233,3.642129722,0.018910032,6/14/2011,3.97534,3.854925259
6/14/2011,3.78205,3.719069091,0.016652585,6/13/2011,3.90679,3.75369929
6/13/2011,3.71356,3.624979865,0.023853158,6/10/2011,3.89696,3.729388556
6/10/2011,3.70296,3.60166794,0.027354349,6/9/2011,3.89605,3.75018203
6/9/2011,3.70229,3.619589181,0.022337747,6/8/2011,3.85668,3.727399257
6/8/2011,3.66431,3.601200444,0.017222767,6/7/2011,3.89581,3.785944794
6/7/2011,3.70384,3.654922335,0.013207283,6/6/2011,3.90071,3.78906397
6/6/2011,3.70406,3.656880294,0.012737295,6/3/2011,3.89328,3.769965439
6/3/2011,3.69539,3.636142139,0.016032911,6/2/2011,3.91387,3.794031781
6/2/2011,3.71024,3.656002759,0.014618257,6/1/2011,3.86349,3.730361749
6/1/2011,3.65565,3.595118783,0.016558264,5/31/2011,3.93235,3.800646729
5/31/2011,3.72386,3.661627841,0.016711734,5/27/2011,3.93401,3.815595987
5/27/2011,3.724,3.675263219,0.013087213,5/26/2011,3.91109,3.809260932
5/26/2011,3.69992,3.667311937,0.008813181,5/25/2011,3.98264,3.883844067
5/25/2011,3.7766,3.735329205,0.010928029,5/24/2011,3.98401,3.890655178
5/24/2011,3.78059,3.741360276,0.010376614,5/23/2011,3.99615,3.903607966
5/23/2011,3.79144,3.753745485,0.009942005,5/20/2011,3.99284,3.912498913
5/20/2011,3.78109,3.765193998,0.004204079,5/19/2011,4.00566,3.93045015
5/19/2011,3.79172,3.781816288,0.002611931,5/18/2011,3.99817,3.930508421
5/18/2011,3.7784,3.776092267,0.00061077,5/17/2011,3.9562,3.865141248
5/17/2011,3.73087,3.717041837,0.003706418,5/16/2011,3.97145,3.890782964
5/16/2011,3.74239,3.742711635,8.59E-05,5/13/2011,3.98862,3.920940888
5/13/2011,3.75909,3.769120013,0.002668202,5/12/2011,4.00521,3.952249084
5/12/2011,3.77846,3.799921363,0.005679923,5/11/2011,3.98265,3.913065107
5/11/2011,3.75649,3.761960201,0.0014562,5/10/2011,4.01017,3.94229212
5/10/2011,3.78585,3.786430654,0.000153375,5/9/2011,3.96718,3.890657822
5/9/2011,3.74031,3.740515811,5.50E-05,5/6/2011,3.98104,3.897573992
5/6/2011,3.75393,3.74414025,0.002607867,5/5/2011,3.98974,3.914419749
5/5/2011,3.76267,3.758553372,0.001094071,5/4/2011,4.04029,3.949135158
5/4/2011,3.81633,3.791669533,0.006461828,5/3/2011,4.07117,3.983128344
5/3/2011,3.84211,3.823486566,0.004847189,5/2/2011,4.10174,3.995941519
5/2/2011,3.88032,3.836237913,0.011360426,4/29/2011,4.09114,3.994353797
4/29/2011,3.87524,3.834295648,0.01056563,4/28/2011,4.10853,3.997693976
4/28/2011,3.89035,3.837953719,0.013468269,4/27/2011,4.17378,4.062782889
4/27/2011,3.94773,3.897068657,0.012833031,4/26/2011,4.14881,4.038051788
4/26/2011,3.9279,3.874771331,0.013525973,4/25/2011,4.17981,4.063912219
4/25/2011,3.9521,3.896242228,0.014133694,4/21/2011,4.21188,4.092752409
4/21/2011,3.97171,3.923000096,0.012264215,4/20/2011,4.21023,4.107872769
4/20/2011,3.97605,3.93838647,0.0094726,4/19/2011,4.18056,4.077746113
4/19/2011,3.95175,3.911210496,0.010258621,4/18/2011,4.1921,4.083598843
4/18/2011,3.96346,3.916362199,0.011883001,4/15/2011,4.22535,4.127382382
4/15/2011,3.97931,3.952950575,0.00662412,4/14/2011,4.29351,4.21024726
4/14/2011,4.02983,4.02372184,0.001515736,4/13/2011,4.28687,4.188631729
4/13/2011,4.02182,4.007574391,0.00354208,4/12/2011,4.30612,4.230071672
4/12/2011,4.03384,4.044141264,0.002553712,4/11/2011,4.35733,4.304678715
4/11/2011,4.10067,4.106569765,0.001438732,4/8/2011,4.36221,4.300392195
4/8/2011,4.12381,4.104577319,0.004663813,4/7/2011,4.35342,4.281584822
4/7/2011,4.11799,4.087512891,0.007400967,4/6/2011,4.35818,4.287441594
4/6/2011,4.12487,4.085822295,0.009466409,4/5/2011,4.32683,4.240049387
4/5/2011,4.0815,4.040941212,0.009937226,4/4/2011,4.27071,4.174698909
4/4/2011,4.0179,3.984188194,0.008390404,4/1/2011,4.27252,4.197798211
4/1/2011,4.01268,4.001145592,0.00287449,3/31/2011,4.26321,4.219169644
3/31/2011,4.0165,4.0283506,0.002950479,3/30/2011,4.26883,4.218214069
3/30/2011,4.02028,4.023167711,0.000718286,3/29/2011,4.30316,4.256558396
3/29/2011,4.06321,4.056454539,0.001662592,3/28/2011,4.2631,4.220709754
3/28/2011,4.02395,4.025975685,0.000503407,3/25/2011,4.26079,4.203856781
3/25/2011,4.02341,4.015890177,0.001869017,3/24/2011,4.22854,4.14849693
3/24/2011,3.99834,3.969835178,0.007129164,3/23/2011,4.20927,4.112859996
3/23/2011,3.98108,3.939076468,0.010550788,3/22/2011,4.18936,4.099376842
3/22/2011,3.95976,3.927040317,0.008263047,3/21/2011,4.16338,4.095581214
3/21/2011,3.94289,3.926516411,0.004152687,3/18/2011,4.11118,4.052401065
3/18/2011,3.91133,3.891892151,0.004969626,3/17/2011,4.10724,4.051965857
3/17/2011,3.91067,3.891881439,0.004804435,3/16/2011,4.08162,4.033856713
3/16/2011,3.89804,3.878991961,0.004886568,3/15/2011,4.17297,4.105037981
3/15/2011,3.96936,3.941946821,0.006906196,3/14/2011,4.17953,4.100670581
3/14/2011,3.9731,3.93875727,0.008643812,3/11/2011,4.21399,4.132846118
3/11/2011,3.99719,3.964693043,0.008129951,3/10/2011,4.19841,4.137613087
3/10/2011,3.98692,3.965486316,0.005376001,3/9/2011,4.24844,4.194728462
3/9/2011,4.02185,4.01618456,0.001408665,3/8/2011,4.31211,4.267343774
3/8/2011,4.09709,4.08302712,0.003432407,3/7/2011,4.27573,4.218202502
3/7/2011,4.05158,4.036750122,0.00366027,3/4/2011,4.26582,4.215786153
3/4/2011,4.03953,4.035954689,0.000885081,3/3/2011,4.3559,4.319107354
3/3/2011,4.13842,4.123142967,0.003691513,3/2/2011,4.27915,4.207089597
3/2/2011,4.04964,4.027723853,0.005411875,3/1/2011,4.23669,4.157705063
3/1/2011,4.00973,3.982935489,0.006682373,2/28/2011,4.23083,4.164298425
2/28/2011,4.00379,3.985775889,0.004499265,2/25/2011,4.24967,4.182468844
2/25/2011,4.00831,4.000274478,0.002004716,2/24/2011,4.26362,4.221514011
2/24/2011,4.02021,4.03903117,0.004681639,2/23/2011,4.30686,4.25712932
2/23/2011,4.07108,4.071658506,0.000142101,2/22/2011,4.29998,4.233842127
2/22/2011,4.06105,4.047645981,0.003300629,2/18/2011,4.36639,4.3097478
2/18/2011,4.1453,4.117708375,0.006656122,2/17/2011,4.35044,4.292154934
2/17/2011,4.13159,4.096703195,0.008443918,2/16/2011,4.39896,4.346044619
2/16/2011,4.19462,4.138117247,0.013470291,2/15/2011,4.38511,4.322660428
2/15/2011,4.18747,4.115586742,0.017166274,2/14/2011,4.39315,4.337393688
2/14/2011,4.199,4.128686183,0.016745372,2/11/2011,4.43431,4.372357593
2/11/2011,4.24036,4.16474221,0.01783287,2/10/2011,4.50125,4.445314252
2/10/2011,4.30589,4.239880233,0.01533011,2/9/2011,4.45294,4.401853475
2/9/2011,4.24812,4.206031357,0.009907593,2/8/2011,4.48713,4.488728981
2/8/2011,4.28385,4.28447536,0.000145981,2/7/2011,4.41202,4.421891166
2/7/2011,4.19813,4.230384647,0.007683099,2/4/2011,4.39469,4.416868734
2/4/2011,4.17713,4.227379765,0.012029734,2/3/2011,4.32675,4.323469972
2/3/2011,4.11086,4.142428594,0.007679316,2/2/2011,4.2837,4.279090263
2/2/2011,4.07431,4.103084914,0.007062524,2/1/2011,4.23302,4.226200737
2/1/2011,4.02109,4.058059006,0.009193777,1/31/2011,4.17347,4.161008921
1/31/2011,3.97915,3.999544147,0.005125252,1/28/2011,4.14864,4.099226929
1/28/2011,3.9591,3.941800216,0.004369625,1/27/2011,4.17877,4.125144322
1/27/2011,3.98487,3.963838092,0.005277941,1/26/2011,4.23018,4.179864436
1/26/2011,4.02325,4.012235775,0.002737644,1/25/2011,4.1485,4.087057923
1/25/2011,3.96214,3.922692249,0.009956173,1/24/2011,4.19564,4.158655888
1/24/2011,4.0017,3.987748803,0.003486318,1/21/2011,4.18211,4.160890947
1/21/2011,3.99345,3.990071045,0.000846124,1/20/2011,4.21623,4.191326151
1/20/2011,4.01757,4.018002781,0.000107722,1/19/2011,4.11512,4.099664157
1/19/2011,3.94902,3.938336607,0.002705328,1/18/2011,4.14124,4.124045477
1/18/2011,3.97385,3.959244623,0.003675372,1/14/2011,4.08585,4.090172249
1/14/2011,3.92864,3.925885312,0.000701181,1/13/2011,4.07277,4.048862975
1/13/2011,3.91391,3.885613041,0.007229844,1/12/2011,4.12755,4.080903216
1/12/2011,3.95083,3.91224331,0.00976673,1/11/2011,4.13046,4.080645989
1/11/2011,3.95285,3.910083582,0.010819135,1/10/2011,4.0763,4.05090451
1/10/2011,3.91792,3.881341821,0.009336122,1/7/2011,4.10211,4.075126181
1/7/2011,3.93777,3.901780064,0.009139674,1/6/2011,4.20008,4.187835255
1/6/2011,4.0086,4.002094227,0.001622954,1/5/2011,4.24694,4.245375858
1/5/2011,4.05378,4.058010401,0.00104357,1/4/2011,4.1123,4.077861548
1/4/2011,3.94947,3.90918724,0.010199536,1/3/2011,4.11937,4.108708282
1/3/2011,3.9536,3.946979079,0.001674656,12/31/2010,4.10577,4.099880506
12/31/2010,3.94407,3.940485596,0.000908808,12/30/2010,4.18878,4.161012372
12/30/2010,4.00548,3.993184547,0.003069658,12/29/2010,4.1712,4.131509668
12/29/2010,3.99757,3.964364006,0.008306545,12/28/2010,4.32678,4.261813855
12/28/2010,4.15422,4.0754689,0.018956892,12/27/2010,4.21284,4.14290385
12/27/2010,4.03633,3.963229265,0.018110693,12/23/2010,4.22651,4.177434549
12/23/2010,4.04879,3.997703585,0.012617699,12/22/2010,4.1785,4.115037725
12/22/2010,4.00597,3.94187768,0.015999201,12/21/2010,4.17478,4.089525673
12/21/2010,4.00064,3.92298337,0.019411052,12/20/2010,4.21062,4.128016941
12/20/2010,4.03572,3.961140005,0.018479973,12/17/2010,4.16702,4.133692463
12/17/2010,3.971390703,3.966876686,0.001136634,12/16/2010,4.35639,4.31735933
12/16/2010,4.143750703,4.140231256,0.000849338,12/15/2010,4.38412,4.375506321
12/15/2010,4.174740703,4.193930037,0.004596533,12/14/2010,4.28748,4.261889099
12/14/2010,4.11655,4.089420833,0.006590268,12/13/2010,4.10897,4.09593205
12/13/2010,3.923450703,3.931161353,0.001965273,12/10/2010,4.12836,4.127233374
12/10/2010,3.934800703,3.956548071,0.00552693,12/9/2010,4.05607,4.030780996
12/9/2010,3.889720703,3.865915651,0.00611999,12/8/2010,4.10539,4.082476197
12/8/2010,3.925630703,3.91535126,0.002618546,12/7/2010,4.05507,4.026381611
12/7/2010,3.897270703,3.871875042,0.006516268,12/6/2010,3.85103,3.785276001
12/6/2010,3.718240703,3.648271403,0.018817851,12/3/2010,3.94457,3.842007706
12/3/2010,3.799280703,3.69397112,0.027718295,12/2/2010,3.9594,3.867583909
12/2/2010,3.806950703,3.704949628,0.02679338,12/1/2010,3.93437,3.829527206
12/1/2010,3.781110703,3.6672497,0.03011311,11/30/2010,3.77972,3.672560177
11/30/2010,3.642640703,3.516691296,0.034576401,11/29/2010,3.77045,3.670329731
11/29/2010,3.630670703,3.510520459,0.033093126,11/26/2010,3.82273,3.698981038
11/26/2010,3.674780703,3.537521895,0.037351564,11/24/2010,3.85371,3.716550669
11/24/2010,3.703990703,3.560051861,0.038860476,11/23/2010,3.70185,3.552299757
11/23/2010,3.58871,3.416109739,0.048095349,11/22/2010,3.72761,3.599436854
11/22/2010,3.590120703,3.458883848,0.036554998,11/19/2010,3.7657,3.669690602
11/19/2010,3.65249,3.524145866,0.035138805,11/18/2010,3.75041,3.684962378
11/18/2010,3.63846,3.539943517,0.027076423,11/17/2010,3.71929,3.63805133
11/17/2010,3.60887,3.493233893,0.032042192,11/16/2010,3.72168,3.630976162
11/16/2010,3.6068,3.480150218,0.035114168,11/15/2010,3.73584,3.670303151
11/15/2010,3.62311,3.516054927,0.02954784,11/12/2010,3.60847,3.520786254
11/12/2010,3.48029,3.366680937,0.032643562,11/10/2010,3.48752,3.426850742
11/10/2010,3.444980703,3.283935501,0.04674778,11/9/2010,3.50051,3.43375069
11/9/2010,3.449430703,3.291304279,0.045841311,11/8/2010,3.40193,3.305210145
11/8/2010,3.418830703,3.173163472,0.071857092,11/5/2010,3.36448,3.262794261
11/5/2010,3.409740703,3.140821988,0.07886779,11/4/2010,3.29328,3.209632751
11/4/2010,3.393920703,3.097302964,0.087396779,11/3/2010,3.37888,3.29278177
11/3/2010,3.418500703,3.177211476,0.070583349,11/2/2010,3.39423,3.300904592
11/2/2010,3.423210703,3.183221915,0.070106344,11/1/2010,3.44378,3.306702598
11/1/2010,3.437470703,3.190044237,0.071979222,10/29/2010,3.39784,3.276398556
10/29/2010,3.424160703,3.159129202,0.077400427,10/28/2010,3.43496,3.313646825
10/28/2010,3.434480703,3.194068239,0.069999655,10/27/2010,3.49728,3.363718236
10/27/2010,3.40888,3.233272597,0.051514692,10/26/2010,3.44702,3.297246617
10/26/2010,3.438170703,3.169825621,0.078048796,10/25/2010,3.37385,3.210280198
10/25/2010,3.415440703,3.088849506,0.095621978,10/22/2010,3.31808,3.222606558
10/22/2010,3.401320703,3.100296142,0.088502258,10/21/2010,3.29243,3.167326124
10/21/2010,3.396810703,3.045319224,0.103476911,10/20/2010,3.25515,3.09484612
10/20/2010,3.389810703,2.974035142,0.122654507,10/19/2010,3.26986,3.11288164
10/19/2010,3.396230703,2.987319754,0.120401405,10/18/2010,3.29994,3.141176151
10/18/2010,3.405000703,3.013994747,0.114832856,10/15/2010,3.37537,3.207513551
10/15/2010,3.422380703,3.081465017,0.099613607,10/14/2010,3.28492,3.173475961
10/14/2010,3.401200703,3.047682724,0.10393917,10/13/2010,3.26187,3.095978901
10/13/2010,3.396080703,2.974932954,0.124009935,10/12/2010,3.28568,3.124837019
10/12/2010,3.404470703,3.002793103,0.11798533,10/8/2010,3.23046,3.117285171
10/8/2010,3.393370703,2.998563155,0.116346719,10/7/2010,3.22365,3.16744853
10/7/2010,3.393620703,3.046287992,0.102348713,10/6/2010,3.26279,3.192486765
10/6/2010,3.404660703,3.067427142,0.099050564,10/5/2010,3.33659,3.284917921
10/5/2010,3.424490703,3.15738098,0.077999839,10/4/2010,3.33557,3.283689402
10/4/2010,3.424020703,3.154082892,0.078836501,10/1/2010,3.38871,3.312795499
10/1/2010,3.444730703,3.17918432,0.077087705,9/30/2010,3.38375,3.311618103
9/30/2010,3.443800703,3.181922096,0.076043485,9/29/2010,3.37806,3.3139679
9/29/2010,3.442060703,3.185299376,0.074595235,9/28/2010,3.31266,3.251413057
9/28/2010,3.428630703,3.123071819,0.089119801,9/27/2010,3.35455,3.301595465
9/27/2010,3.439410703,3.169610383,0.078443764,9/24/2010,3.44779,3.356797518
9/24/2010,3.467960703,3.221205611,0.071152793,9/23/2010,3.38126,3.304942148
9/23/2010,3.448100703,3.172093289,0.080046216,9/22/2010,3.34862,3.284414795
9/22/2010,3.438340703,3.15004495,0.083847349,9/21/2010,3.38169,3.312267149
9/21/2010,3.452260703,3.179619073,0.078974809,9/20/2010,3.50729,3.417677531
9/20/2010,3.503960703,3.273568002,0.065752079,9/17/2010,3.58122,3.429819263
9/17/2010,3.562010703,3.283236531,0.078263148,9/16/2010,3.54526,3.43725751
9/16/2010,3.531450703,3.292049333,0.067791225,9/15/2010,3.49999,3.379992535
9/15/2010,3.481760703,3.233764606,0.071227209,9/14/2010,3.42404,3.31285747
9/14/2010,3.455150703,3.16627937,0.083606001,9/13/2010,3.48266,3.387808104
9/13/2010,3.474480703,3.232759555,0.069570439,9/10/2010,3.58242,3.440989835
9/10/2010,3.58414,3.277321874,0.085604392,9/9/2010,3.27423,3.390533312
9/9/2010,3.6062,3.228339166,0.104780887,9/3/2010,3.48233,3.278582918
9/3/2010,3.46165,3.12598685,0.09696623,9/2/2010,3.37636,3.260119571
9/2/2010,3.447880703,3.109311684,0.098196268,9/1/2010,3.30826,3.243642808
9/1/2010,3.434980703,3.095522829,0.098823808,8/31/2010,3.19108,3.136298493
8/31/2010,3.412510703,2.990718956,0.12360159,8/30/2010,3.33669,3.189385709
8/30/2010,3.440200703,3.043234204,0.115390506,8/27/2010,3.47055,3.26106079
8/27/2010,3.46961,3.103392127,0.105550155,8/26/2010,3.30296,3.147862193
8/26/2010,3.435710703,2.998339018,0.127301663,8/25/2010,3.36868,3.166193829
8/25/2010,3.39179,3.011576964,0.112098047,8/24/2010,3.3561,3.12842976
8/24/2010,3.448800703,2.982904549,0.135089323,8/23/2010,3.42399,3.207544851
8/23/2010,3.43337,3.061767551,0.108232567,8/20/2010,3.42281,3.216288945
8/20/2010,3.43277,3.067408164,0.106433532,8/19/2010,3.30888,3.186930397
8/19/2010,3.439720703,3.03909356,0.116470835,8/18/2010,3.44987,3.235009129
8/18/2010,3.47907,3.084291951,0.113472293,8/17/2010,3.40141,3.246403302
8/17/2010,3.44739,3.094415747,0.102388837,8/16/2010,3.30867,3.233093557
8/16/2010,3.38586,3.082239662,0.089673034,8/13/2010,3.37661,3.275953871
8/13/2010,3.43741,3.117995134,0.092923121,8/12/2010,3.44748,3.291848889
8/12/2010,3.48162,3.132668899,0.100226648,8/11/2010,3.34099,3.239852383
8/11/2010,3.438590703,3.08912959,0.101629168,8/10/2010,3.44746,3.334960811
8/10/2010,3.53506,3.179326392,0.100630147,8/9/2010,3.48853,3.405966806
8/9/2010,3.511,3.245878367,0.075511716,8/6/2010,3.48719,3.42208035
8/6/2010,3.50996,3.268366036,0.068830974,8/5/2010,3.55337,3.490779127
8/5/2010,3.55686,3.336624419,0.061918541,8/4/2010,3.5817,3.530246442
8/4/2010,3.60471,3.372049673,0.064543424,8/3/2010,3.52286,3.496701639
8/3/2010,3.55982,3.345977211,0.060071236,8/2/2010,3.5727,3.54123863
8/2/2010,3.59479,3.384445632,0.058513673,7/30/2010,3.48603,3.503904021
7/30/2010,3.55575,3.347792147,0.058484948,7/29/2010,3.55631,3.569039744
7/29/2010,3.60182,3.40526517,0.054570975,7/28/2010,3.57124,3.576100033
7/28/2010,3.61218,3.408741637,0.056320107,7/27/2010,3.62,3.65311623
7/27/2010,3.64537,3.475754426,0.046529042,7/26/2010,3.6203,3.611218027
7/26/2010,3.61626,3.4375638,0.049414644,7/23/2010,3.61862,3.625280544
7/23/2010,3.61634,3.452403571,0.045332139,7/22/2010,3.57445,3.587000512
7/22/2010,3.58449,3.422949853,0.045066424,7/21/2010,3.56787,3.573702063
7/21/2010,3.58039,3.407311835,0.04834059,7/20/2010,3.63593,3.610458967
7/20/2010,3.64571,3.442199814,0.055821825,7/19/2010,3.65741,3.648319178
7/19/2010,3.6633,3.474366459,0.051574684,7/16/2010,3.59773,3.626691484
7/16/2010,3.62071,3.452132263,0.046559304,7/15/2010,3.61225,3.674312093
7/15/2010,3.63424,3.494516315,0.038446466,7/14/2010,3.70043,3.750143112
7/14/2010,3.71486,3.565066834,0.040322695,7/13/2010,3.75306,3.81030538
7/13/2010,3.75614,3.616627951,0.037142399,7/12/2010,3.71395,3.774725835
7/12/2010,3.70786,3.580919353,0.034235556,7/9/2010,3.71575,3.783442458
7/9/2010,3.73197,3.591473958,0.037646616,7/8/2010,3.71168,3.754507413
7/8/2010,3.72693,3.565536125,0.043304778,7/7/2010,3.69837,3.726539614
7/7/2010,3.71435,3.534454338,0.048432609,7/6/2010,3.63513,3.730317211
7/6/2010,3.67626,3.534141568,0.038658428,7/2/2010,3.71696,3.785107368
7/2/2010,3.73553,3.584869252,0.040331827,7/1/2010,3.69379,3.769086633
7/1/2010,3.71251,3.573101066,0.037551127,6/30/2010,3.72459,3.785730628
6/30/2010,3.73489,3.589724323,0.038867457,6/29/2010,3.72533,3.796179366
6/29/2010,3.7313,3.602523421,0.034512523,6/28/2010,3.76157,3.850735444
6/28/2010,3.76153,3.653926851,0.028606219,6/25/2010,3.86458,3.953189102
6/25/2010,3.84011,3.749969077,0.023473526,6/24/2010,3.90814,3.98592731
6/24/2010,3.87394,3.777812484,0.024813889,6/23/2010,3.83092,3.963060164
6/23/2010,3.81631,3.761218728,0.014435744,6/22/2010,3.87492,4.018089463
6/22/2010,3.85488,3.815799621,0.010137898,6/21/2010,3.95504,4.055949025
6/21/2010,3.92087,3.851642066,0.017656269,6/18/2010,3.97044,4.072480708
6/18/2010,3.9325,3.865808623,0.016959028,6/17/2010,3.96819,4.056113336
6/17/2010,3.93011,3.847772541,0.020950421,6/16/2010,4.05488,4.136161502
6/16/2010,3.99483,3.921343032,0.018395518,6/15/2010,4.07554,4.172937027
6/15/2010,4.00532,3.954237511,0.01275366,6/14/2010,4.03885,4.16512262
6/14/2010,3.98006,3.946157941,0.008517977,6/11/2010,4.02205,4.142129488
6/11/2010,3.96727,3.926044118,0.010391499,6/10/2010,4.10653,4.220951644
6/10/2010,4.02482,3.99732013,0.006832571,6/9/2010,3.99425,4.140164093
6/9/2010,3.94641,3.922520326,0.006053521,6/8/2010,3.99958,4.171677761
6/8/2010,3.9519,3.947383728,0.00114281,6/7/2010,4.03222,4.166552483
6/7/2010,3.97842,3.937510303,0.010282901,6/4/2010,4.0385,4.172186703
6/4/2010,3.97729,3.941983847,0.008876937,6/3/2010,4.18758,4.284582707
6/3/2010,4.08509,4.042097357,0.010524283,6/2/2010,4.17668,4.260012964
6/2/2010,4.07212,4.018624093,0.013137115,6/1/2010,4.15107,4.245489531
6/1/2010,4.04067,4.006879999,0.008362475,5/28/2010,4.15474,4.231266111
5/28/2010,4.04014,3.994200804,0.011370694,5/27/2010,4.18162,4.275892347
5/27/2010,4.06561,4.029696228,0.008833551,5/26/2010,4.08488,4.202878916
5/26/2010,3.9853,3.954663378,0.007687407,5/25/2010,4.05822,4.183879034
5/25/2010,3.9674,3.94026867,0.006838567,5/24/2010,4.11355,4.192257726
5/24/2010,3.99557,3.955272121,0.01008564,5/21/2010,4.04344,4.170646065
5/21/2010,3.95761,3.949749959,0.001986058,5/20/2010,4.0603,4.251870419
5/20/2010,3.96631,4.038489562,0.018198165,5/19/2010,4.12777,4.304602246
5/19/2010,3.99911,4.08801285,0.022230659,5/18/2010,4.1366,4.306018929
5/18/2010,4.00407,4.089997183,0.02145996,5/17/2010,4.19016,4.34810418
5/17/2010,4.03508,4.129699882,0.02344932,5/14/2010,4.19185,4.335398682
5/14/2010,4.03733,4.117806614,0.019933128,5/13/2010,4.28249,4.368737505
5/13/2010,4.13447,4.146291476,0.002859248,5/12/2010,4.29267,4.388889975
5/12/2010,4.14129,4.169402279,0.00678829,5/11/2010,4.28638,4.392642768
5/11/2010,4.13094,4.17157,0.009835534,5/10/2010,4.31165,4.42433119
5/10/2010,4.15643,4.206671495,0.012087656,5/7/2010,4.25838,4.384906779
5/7/2010,4.10775,4.162058557,0.013220999,5/6/2010,4.22256,4.462457327
5/6/2010,4.07119,4.243216858,0.042254687,5/5/2010,4.33516,4.481039785
5/5/2010,4.19231,4.256443849,0.015297974,5/4/2010,4.38044,4.499746806
5/4/2010,4.24074,4.263084194,0.005268937,5/3/2010,4.43302,4.485810521
5/3/2010,4.29628,4.244314566,0.012095449,4/30/2010,4.3907,4.421021665
4/30/2010,4.25636,4.190909584,0.015377087,4/29/2010,4.42317,4.398899684
4/29/2010,4.2918,4.168069938,0.02882941,4/28/2010,4.46529,4.475489219
4/28/2010,4.33438,4.238401247,0.022143594,4/27/2010,4.40982,4.440833272
4/27/2010,4.2752,4.207291203,0.015884356,4/26/2010,4.48697,4.489223427
4/26/2010,4.34829,4.242592761,0.024307771,4/23/2010,4.49658,4.475491786
4/23/2010,4.35859,4.230416646,0.029407068,4/22/2010,4.47368,4.41312538
4/22/2010,4.33303,4.17684949,0.036044179,4/21/2010,4.4287,4.361901592
4/21/2010,4.28436,4.132134088,0.035530607,4/20/2010,4.47168,4.387977731
4/20/2010,4.33078,4.157129221,0.040096883,4/19/2010,4.46477,4.368719371
4/19/2010,4.3256,4.142484203,0.04233304,4/16/2010,4.42115,4.317703725
4/16/2010,4.28844,4.097615551,0.044497405,4/15/2010,4.47895,4.400949154
4/15/2010,4.34744,4.168775806,0.041096414,4/14/2010,4.48641,4.422505929
4/14/2010,4.35734,4.187126676,0.039063586,4/13/2010,4.43649,4.395677796
4/13/2010,4.30293,4.162835727,0.032557879,4/12/2010,4.46068,4.431119847
4/12/2010,4.31987,4.197373754,0.028356466,4/9/2010,4.5415,4.475775112
4/9/2010,4.39802,4.238141725,0.03635233,4/8/2010,4.55471,4.479849913
4/8/2010,4.41188,4.243879667,0.03807908,4/7/2010,4.53391,4.437084546
4/7/2010,4.38491,4.199887879,0.042195192,4/6/2010,4.63966,4.524856391
4/6/2010,4.47344,4.27290177,0.04482864,4/5/2010,4.67493,4.604449116
4/5/2010,4.49221,4.343407069,0.03312466,4/1/2010,4.55501,4.454846851
4/1/2010,4.39347,4.219132763,0.039680989,3/31/2010,4.50331,4.395162885
3/31/2010,4.35058,4.162233451,0.043292285,3/30/2010,4.48989,4.423241171
3/30/2010,4.33729,4.183743223,0.035401547,3/29/2010,4.45928,4.440549023
3/29/2010,4.32042,4.20329061,0.027110649,3/26/2010,4.45679,4.413553173
3/26/2010,4.33507,4.178151172,0.03619753,3/25/2010,4.51081,4.47039233
3/25/2010,4.40057,4.23187464,0.038334888,3/24/2010,4.44807,4.432521423
3/24/2010,4.34604,4.197329843,0.034217393,3/23/2010,4.32888,4.331063207
3/23/2010,4.22777,4.105959674,0.028811957,3/22/2010,4.32647,4.34129875
3/22/2010,4.22515,4.111705603,0.026849792,3/19/2010,4.35592,4.375593594
3/19/2010,4.2558,4.141712396,0.026807558,3/18/2010,4.33242,4.335372769
3/18/2010,4.23621,4.110853208,0.029591732,3/17/2010,4.29599,4.295148131
3/17/2010,4.19803,4.076469916,0.028956459,3/16/2010,4.31666,4.320906586
3/16/2010,4.21367,4.102882092,0.026292498,3/15/2010,4.33894,4.383422947
3/15/2010,4.2338,4.158248793,0.017844775,3/12/2010,4.34343,4.402928649
3/12/2010,4.23737,4.173230393,0.015136655,3/11/2010,4.32585,4.409398733
3/11/2010,4.22006,4.183114735,0.008754678,3/10/2010,4.31726,4.395358384
3/10/2010,4.21084,4.173978636,0.008753922,3/9/2010,4.30864,4.392978718
3/9/2010,4.21236,4.175709888,0.008700612,3/8/2010,4.3426,4.424626271
3/8/2010,4.24838,4.204339244,0.010366482,3/5/2010,4.32644,4.40563414
3/5/2010,4.23585,4.187392757,0.011439792,3/4/2010,4.28354,4.339152024
3/4/2010,4.19363,4.127572889,0.015751774,3/3/2010,4.30757,4.379094957
3/3/2010,4.21812,4.175076066,0.01020453,3/2/2010,4.33437,4.381771025
3/2/2010,4.24899,4.178917964,0.016491457,3/1/2010,4.32837,4.394231981
3/1/2010,4.24956,4.188395043,0.014393245,2/26/2010,4.29075,4.383528295
2/26/2010,4.20871,4.178135653,0.007264541,2/25/2010,4.35418,4.416005682
2/25/2010,4.2726,4.208238296,0.015063826,2/24/2010,4.39585,4.469679702
2/24/2010,4.31429,4.254132717,0.013943727,2/23/2010,4.39144,4.4748323
2/23/2010,4.31061,4.255378053,0.012813024,2/22/2010,4.46245,4.565083791
2/22/2010,4.38271,4.335823663,0.010698024,2/19/2010,4.48631,4.594358421
2/19/2010,4.41144,4.359947539,0.011672484,2/18/2010,4.46816,4.596891768
2/18/2010,4.39956,4.372568539,0.006135036,2/17/2010,4.3914,4.558350684
2/17/2010,4.32686,4.338225586,0.002626751,2/16/2010,4.32327,4.499061389
2/16/2010,4.26007,4.286092528,0.006108474,2/12/2010,4.34606,4.534656662
2/12/2010,4.28128,4.317798569,0.008529825,2/11/2010,4.39879,4.602304428
2/11/2010,4.33258,4.378770226,0.010661136,2/10/2010,4.40636,4.606238484
2/10/2010,4.34042,4.382248425,0.009636953,2/9/2010,4.36532,4.546703234
2/9/2010,4.30311,4.331898146,0.006690079,2/8/2010,4.33204,4.483153556
2/8/2010,4.26976,4.27208718,0.000545038,2/5/2010,4.2766,4.439901199
2/5/2010,4.22027,4.236069099,0.003743623,2/4/2010,4.32385,4.510167308
2/4/2010,4.26396,4.296547897,0.007642637,2/3/2010,4.39478,4.603778046
2/3/2010,4.33246,4.38094147,0.011190287,2/2/2010,4.36193,4.546901742
2/2/2010,4.30683,4.328244364,0.004972187,2/1/2010,4.38304,4.580818027
2/1/2010,4.32742,4.361695361,0.007920507,1/29/2010,4.36203,4.565671319
1/29/2010,4.30848,4.352673057,0.010257227,1/28/2010,4.40354,4.625233628
1/28/2010,4.34876,4.408177178,0.013663016,1/27/2010,4.38713,4.624032345
1/27/2010,4.33347,4.402700945,0.015975868,1/26/2010,4.37082,4.609115327
1/26/2010,4.31766,4.397813457,0.018564096,1/25/2010,4.38081,4.635679178
1/25/2010,4.33144,4.425224922,0.021652135,1/22/2010,4.34531,4.61163948
1/22/2010,4.29783,4.40236536,0.024322823,1/21/2010,4.33517,4.60861379
1/21/2010,4.28783,4.395747464,0.025168317,1/20/2010,4.36779,4.656582776
1/20/2010,4.31886,4.438765874,0.027763316,1/19/2010,4.40197,4.707457174
1/19/2010,4.35663,4.488609534,0.030293951,1/15/2010,4.36967,4.663374834
1/15/2010,4.32701,4.449276783,0.028256644,1/14/2010,4.42659,4.705968211
1/14/2010,4.37896,4.484938753,0.024201809,1/13/2010,4.45415,4.748155888
1/13/2010,4.40135,4.518536535,0.026625134,1/12/2010,4.40876,4.658025623
1/12/2010,4.35932,4.434764049,0.01730638,1/11/2010,4.48888,4.743077892
1/11/2010,4.43675,4.514238689,0.017465192,1/8/2010,4.49953,4.760314202
1/8/2010,4.44718,4.528157923,0.018208825,1/7/2010,4.50504,4.816749794
1/7/2010,4.45193,4.575037269,0.027652562,1/6/2010,4.47574,4.801370443
1/6/2010,4.42374,4.563508163,0.031595022,1/5/2010,4.43666,4.757816316
1/5/2010,4.38812,4.515682263,0.029069912,1/4/2010,4.53253,4.871368511
1/4/2010,4.47932,4.617896561,0.030936964,12/31/2009,4.55925,4.89313655
12/31/2009,4.50426,4.628842397,0.027658793,12/30/2009,4.52277,4.831342413
12/30/2009,4.47139,4.57539907,0.023261015,12/29/2009,4.55623,4.91034297
12/29/2009,4.50117,4.651315616,0.03335702,12/28/2009,4.59678,4.959697494
12/28/2009,4.53489,4.702491708,0.036958274,12/24/2009,4.54667,4.89992746
12/24/2009,4.49215,4.653831909,0.035992099,12/23/2009,4.49594,4.852824932
12/23/2009,4.44809,4.616072024,0.037764979,12/22/2009,4.4854,4.888445817
12/22/2009,4.43826,4.655456335,0.048937272,12/21/2009,4.41004,4.821990053
12/21/2009,4.3682,4.597784992,0.05255826,12/18/2009,4.26291,4.644562251
12/18/2009,4.23008,4.434778031,0.048391054,12/17/2009,4.19822,4.60147138
12/17/2009,4.16862,4.395421397,0.054406829,12/16/2009,4.32492,4.693732782
12/16/2009,4.28536,4.46879064,0.042804021,12/15/2009,4.35407,4.71899076
12/15/2009,4.31284,4.488990159,0.040843194,12/14/2009,4.28317,4.627555981
12/14/2009,4.24887,4.40377469,0.036457856,12/11/2009,4.24709,4.600174152
12/11/2009,4.21848,4.384065576,0.039252427,12/10/2009,4.22515,4.531706127
12/10/2009,4.19025,4.322892725,0.031655086,12/9/2009,4.19167,4.474448648
12/9/2009,4.17212,4.269017151,0.023224919,12/8/2009,4.15043,4.453406652
12/8/2009,4.13735,4.245695013,0.026187055,12/7/2009,4.1946,4.540662828
12/7/2009,4.17742,4.323278081,0.034915829,12/4/2009,4.24431,4.606347292
12/4/2009,4.22215,4.378220741,0.036964755,12/3/2009,4.16943,4.472849693
12/3/2009,4.15922,4.26905446,0.026407466,12/2/2009,4.10651,4.389334144
12/2/2009,4.1034,4.186691068,0.020298062,12/1/2009,4.04365,4.335197179
12/1/2009,4.04842,4.142129073,0.023147073,11/30/2009,3.949,4.250145676
11/30/2009,3.96575,4.059148813,0.023551362,11/27/2009,3.95395,4.254787842
11/27/2009,3.9702,4.060500258,0.022744511,11/25/2009,3.99745,4.285706277
11/25/2009,3.99702,4.086801681,0.022462155,11/24/2009,4.00757,4.315176538
11/24/2009,4.00709,4.119629796,0.028085168,11/23/2009,4.08914,4.380327513
11/23/2009,4.08854,4.17938145,0.022218555,11/20/2009,4.11407,4.364487572
11/20/2009,4.11133,4.16544262,0.013161828,11/19/2009,4.14203,4.346099881
11/19/2009,4.13641,4.149120443,0.00307282,11/18/2009,4.13219,4.371873736
11/18/2009,4.12727,4.171415179,0.010695976,11/17/2009,4.08364,4.336590399
11/17/2009,4.08181,4.13511625,0.013059464,11/16/2009,4.02764,4.354713867
11/16/2009,4.03217,4.152186562,0.029764758,11/13/2009,4.12598,4.470141079
11/13/2009,4.11711,4.254410348,0.03334872,11/12/2009,4.20549,4.452740092
11/12/2009,4.19215,4.238538329,0.011065522,11/10/2009,4.25006,4.514701804
11/10/2009,4.22667,4.293938675,0.015915289,11/9/2009,4.27718,4.547433095
11/9/2009,4.25159,4.324149389,0.017066413,11/6/2009,4.29318,4.595324366
11/6/2009,4.26552,4.373002829,0.02519806,11/5/2009,4.34027,4.664028922
11/5/2009,4.30936,4.435195751,0.029200566,11/4/2009,4.39722,4.691582573
11/4/2009,4.3621,4.456073722,0.02154323,11/3/2009,4.37341,4.629279224
11/3/2009,4.33871,4.389341944,0.011669815,11/2/2009,4.34084,4.596033091
11/2/2009,4.30711,4.359674331,0.012204084,10/30/2009,4.28974,4.555012329
10/30/2009,4.26056,4.323618815,0.014800593,10/29/2009,4.35555,4.672189783
10/29/2009,4.32181,4.429200252,0.024848444,10/28/2009,4.29321,4.587063185
10/28/2009,4.26375,4.35060358,0.020370233,10/27/2009,4.3817,4.649671729
10/27/2009,4.34531,4.406246551,0.014023522,10/26/2009,4.45896,4.756770608
10/26/2009,4.41801,4.495920037,0.017634645,10/23/2009,4.38826,4.658938877
10/23/2009,4.35392,4.405966617,0.011953967,10/22/2009,4.34888,4.588649977
10/22/2009,4.31984,4.345299537,0.00589363,10/21/2009,4.35191,4.581635069
10/21/2009,4.32407,4.33521898,0.002578353,10/20/2009,4.3051,4.490685144
10/20/2009,4.28262,4.251330781,0.007306093,10/19/2009,4.34231,4.564451571
10/19/2009,4.31432,4.313823902,0.000114989,10/16/2009,4.35815,4.593203711
10/16/2009,4.33067,4.340618194,0.002297149,10/15/2009,4.40039,4.637408637
10/15/2009,4.36809,4.388768556,0.004734004,10/14/2009,4.32297,4.572059778
10/14/2009,4.29699,4.329861266,0.007649835,10/13/2009,4.21893,4.45409028
10/13/2009,4.20264,4.219196752,0.003939608,10/9/2009,4.25157,4.544589108
10/9/2009,4.22984,4.295700528,0.015570454,10/8/2009,4.12155,4.36556185
10/8/2009,4.11561,4.133978255,0.00446307,10/7/2009,4.09165,4.327127123
10/7/2009,4.09364,4.101168868,0.001839162,10/6/2009,4.14112,4.408324327
10/6/2009,4.14236,4.175378431,0.007970923,10/5/2009,4.13197,4.387404738
10/5/2009,4.13438,4.156050948,0.005241644,10/2/2009,4.10628,4.365287709
10/2/2009,4.10882,4.135283139,0.006440569,10/1/2009,4.10367,4.353301112
10/1/2009,4.10432,4.125082018,0.005058577,9/30/2009,4.22467,4.452545656
9/30/2009,4.20663,4.209880185,0.000772634,9/29/2009,4.20862,4.439638578
9/29/2009,4.19203,4.193913141,0.000449219,9/28/2009,4.21577,4.418521588
9/28/2009,4.18856,4.174658943,0.003318815,9/25/2009,4.26938,4.460712855
9/25/2009,4.23289,4.215776129,0.00404307,9/24/2009,4.30776,4.502005556
9/24/2009,4.26537,4.269993851,0.001084045,9/23/2009,4.3747,4.571804811
9/23/2009,4.32836,4.336013732,0.001768275,9/22/2009,4.3859,4.662990673
9/22/2009,4.34063,4.415338516,0.017211445,9/21/2009,4.41353,4.69465403
9/21/2009,4.36186,4.439467845,0.017792374,9/18/2009,4.38725,4.701156092
9/18/2009,4.33804,4.448480484,0.025458614,9/17/2009,4.31061,4.631718746
9/17/2009,4.26739,4.392066832,0.029216179,9/16/2009,4.3875,4.724915283
9/16/2009,4.33955,4.481246965,0.032652456,9/15/2009,4.39235,4.682765473
9/15/2009,4.35342,4.445874583,0.02123723,9/14/2009,4.35672,4.60451602
9/14/2009,4.32312,4.373119603,0.011565629,9/11/2009,4.28939,4.522628696
9/11/2009,4.25883,4.29841411,0.009294597,9/10/2009,4.28497,4.517195211
9/10/2009,4.25272,4.291957163,0.009226369,9/9/2009,4.39986,4.613200917
9/9/2009,4.36171,4.377384444,0.003593647,9/8/2009,4.41471,4.6522074
9/8/2009,4.37521,4.415779406,0.009272562,9/4/2009,4.42369,4.619362413
9/4/2009,4.38411,4.37979064,0.000985231,9/3/2009,4.36197,4.537652763
9/3/2009,4.32322,4.304042397,0.004435953,9/2/2009,4.31469,4.521459157
9/2/2009,4.27968,4.290123512,0.002440255,9/1/2009,4.4018,4.597877154
9/1/2009,4.35675,4.357692344,0.000216295,8/31/2009,4.42184,4.613620073
8/31/2009,4.37272,4.365317871,0.001692797,8/28/2009,4.48402,4.678088959
8/28/2009,4.43522,4.422680449,0.002827267,8/27/2009,4.48932,4.691869075
8/27/2009,4.43926,4.433235304,0.00135714,8/26/2009,4.4625,4.712358726
8/26/2009,4.4233,4.450069803,0.006051998,8/25/2009,4.46678,4.723950883
8/25/2009,4.43051,4.460350489,0.006735227,8/24/2009,4.48969,4.798943734
8/24/2009,4.45296,4.533231733,0.018026601,8/21/2009,4.52183,4.869699322
8/21/2009,4.48844,4.592034417,0.023080272,8/20/2009,4.44681,4.735741138
8/20/2009,4.41171,4.476496301,0.014685077,8/19/2009,4.47725,4.771341387
8/19/2009,4.44222,4.508165972,0.014845274,8/18/2009,4.50866,4.814257816
8/18/2009,4.47829,4.543302879,0.014517345,8/17/2009,4.46616,4.771448442
8/17/2009,4.44111,4.508297186,0.015128467,8/14/2009,4.49058,4.833612244
8/14/2009,4.45443,4.567067629,0.025286654,8/13/2009,4.52706,4.876358182
8/13/2009,4.48943,4.608016403,0.026414579,8/12/2009,4.63628,4.999387595
8/12/2009,4.57935,4.71988597,0.030689065,8/11/2009,4.6274,5.046862123
8/11/2009,4.57403,4.751890318,0.038884817,8/10/2009,4.69414,5.156868182
8/10/2009,4.63957,4.847870126,0.044896429,8/7/2009,4.80233,5.26194242
8/7/2009,4.74434,4.941445136,0.041545323,8/6/2009,4.70882,5.089275174
8/6/2009,4.65406,4.787982254,0.028775361,8/5/2009,4.6917,5.101593517
8/5/2009,4.63786,4.798986043,0.034741463,8/4/2009,4.57818,4.986817731
8/4/2009,4.51374,4.692747311,0.039658312,8/3/2009,4.52002,4.96599331
8/3/2009,4.48169,4.675150447,0.043166852,7/31/2009,4.39662,4.76495449
7/31/2009,4.36899,4.492541974,0.028279299,7/30/2009,4.54111,4.885020823
7/30/2009,4.50025,4.594412222,0.020923776,7/29/2009,4.54564,4.897371084
7/29/2009,4.50425,4.613030474,0.02415063,7/28/2009,4.58806,4.89257877
7/28/2009,4.53354,4.61568173,0.018118673,7/27/2009,4.63864,4.937092648
7/27/2009,4.58439,4.669522927,0.018570176,7/24/2009,4.60961,4.891296598
7/24/2009,4.55975,4.62315449,0.013905256,7/23/2009,4.67137,4.9385266
7/23/2009,4.61981,4.662721997,0.009288693,7/22/2009,4.49585,4.750559222
7/22/2009,4.46518,4.495625776,0.006818488,7/21/2009,4.44506,4.721726056
7/21/2009,4.4221,4.473024934,0.011516007,7/20/2009,4.56841,4.845012336
7/20/2009,4.52749,4.579902414,0.011576484,7/17/2009,4.63048,4.927711182
7/17/2009,4.59184,4.657533427,0.014306558,7/16/2009,4.57215,4.818445599
7/16/2009,4.54427,4.556644828,0.002723172,7/15/2009,4.64541,4.891379283
7/15/2009,4.61593,4.621104441,0.001120996,7/14/2009,4.47507,4.691874236
7/14/2009,4.47542,4.437459204,0.008482063,7/13/2009,4.40426,4.562801449
7/13/2009,4.39746,4.316665511,0.01837299,7/10/2009,4.33427,4.488128294
7/10/2009,4.33399,4.248214452,0.019791358,7/9/2009,4.43346,4.574877011
7/9/2009,4.42792,4.334010985,0.021208381,7/8/2009,4.32917,4.474580406
7/8/2009,4.33183,4.241248615,0.020910651,7/7/2009,4.47649,4.647616501
7/7/2009,4.4652,4.397867742,0.015079338,7/6/2009,4.51321,4.713879299
7/6/2009,4.5001,4.465129876,0.007770966,7/2/2009,4.51238,4.743488304
7/2/2009,4.49693,4.485476819,0.002546889,7/1/2009,4.55199,4.836839041
7/1/2009,4.51861,4.564438234,0.010142109,6/30/2009,4.58369,4.844116355
6/30/2009,4.55194,4.562928423,0.002414009,6/29/2009,4.53823,4.789627618
6/29/2009,4.50093,4.516581708,0.003477439,6/26/2009,4.52963,4.774311465
6/26/2009,4.49377,4.506939151,0.002930535,6/25/2009,4.55736,4.824639403
6/25/2009,4.51544,4.553100398,0.008340361,6/24/2009,4.72952,4.951198614
6/24/2009,4.68721,4.656944819,0.006456972,6/23/2009,4.71717,4.957379278
6/23/2009,4.68284,4.671176739,0.002490638,6/22/2009,4.70692,5.01190707
6/22/2009,4.67603,4.719736602,0.009346946,6/19/2009,4.79977,5.115448179
6/19/2009,4.75146,4.805554808,0.011384881,6/18/2009,4.86953,5.196112494
6/18/2009,4.81941,4.877989191,0.012154847,6/17/2009,4.55337,4.892718691
6/17/2009,4.51571,4.599792443,0.018619983,6/16/2009,4.65143,4.932066222
6/16/2009,4.60023,4.63209768,0.00692741,6/15/2009,4.71585,4.973642347
6/15/2009,4.66374,4.672279829,0.001831112,6/12/2009,4.84314,5.102692449
6/12/2009,4.78983,4.792459135,0.0005489,6/11/2009,4.9734,5.288979703
6/11/2009,4.91791,4.964034198,0.009378821,6/10/2009,5.05803,5.415481213
6/10/2009,4.99277,5.083412296,0.018154711,6/9/2009,4.96809,5.281908064
6/9/2009,4.90464,4.959973194,0.011281805,6/8/2009,5.02103,5.423030955
6/8/2009,4.96062,5.071432593,0.022338456,6/5/2009,4.91336,5.322290407
6/5/2009,4.82904,4.99066211,0.033468787,6/4/2009,4.72477,5.021003526
6/4/2009,4.65309,4.756598014,0.022245006,6/3/2009,4.53166,4.744728101
6/3/2009,4.49725,4.495763251,0.000330591,6/2/2009,4.60383,4.890357448
6/2/2009,4.55172,4.629087813,0.01699749,6/1/2009,4.65719,5.005448284
6/1/2009,4.60023,4.7385302,0.030063758,5/29/2009,4.3483,4.590942996
5/29/2009,4.32765,4.342736591,0.003486093,5/28/2009,4.69701,4.919751485
5/28/2009,4.6322,4.660697389,0.00615202,5/27/2009,4.54613,4.989571976
5/27/2009,4.5063,4.732578482,0.050213808,5/26/2009,4.1848,4.616782323
5/26/2009,4.1822,4.364741636,0.043647276,5/22/2009,4.12679,4.496441388
5/22/2009,4.1295,4.251364684,0.02951076,5/21/2009,4.0625,4.33076562
5/21/2009,4.07145,4.094068952,0.005555503,5/20/2009,3.96589,4.147780617
5/20/2009,3.96281,3.916852929,0.011597092,5/19/2009,4.00194,4.17949434
5/19/2009,3.99765,3.936453332,0.015308161,5/18/2009,3.99902,4.152394177
5/18/2009,3.99507,3.905706605,0.022368418,5/15/2009,3.94836,4.102590785
5/15/2009,3.9317,3.858848952,0.018529147,5/14/2009,3.93771,4.084053329
5/14/2009,3.9215,3.835808808,0.021851636,5/13/2009,3.93444,4.031992983
5/13/2009,3.91724,3.781527974,0.034644807,5/12/2009,3.98366,4.065143399
5/12/2009,3.96666,3.803476511,0.041138764,5/11/2009,3.99949,4.087631177
5/11/2009,3.9514,3.8202552,0.033189452,5/8/2009,4.12926,4.211146596
5/8/2009,4.09028,3.9325159,0.038570489,5/7/2009,4.08542,4.223192631
5/7/2009,4.04927,3.944621698,0.025843745,5/6/2009,3.96813,4.104771931
5/6/2009,3.94971,3.829170734,0.03051851,5/5/2009,3.98397,4.140028091
5/5/2009,3.92813,3.854648472,0.018706491,5/4/2009,4.03828,4.160731116
5/4/2009,3.99292,3.86767789,0.031366045,5/1/2009,4.08589,4.156768193
5/1/2009,4.03699,3.867053337,0.042094893,4/30/2009,4.0141,4.05954429
,,,,4/29/2009,3.9857,4.027446636
,,,,4/28/2009,3.90251,3.962279363
,,,,4/27/2009,3.83804,3.946190978
,,,,4/24/2009,3.99335,4.0474702
,,,,4/23/2009,3.99401,3.947293644
,,,,4/22/2009,4.02445,3.989317534
,,,,4/21/2009,3.99604,3.931249604
,,,,4/20/2009,3.99622,3.889742997
,,,,4/17/2009,4.03458,3.965001152
,,,,4/16/2009,3.97094,3.802505915
,,,,4/15/2009,3.93676,3.719064897
,,,,4/14/2009,3.95807,3.749778003
,,,,4/13/2009,3.98164,3.834268262
,,,,4/9/2009,4.01888,3.915183801
,,,,4/8/2009,3.93131,3.870207986
,,,,4/7/2009,4.0099,3.934241948
,,,,4/6/2009,4.06849,3.990897811
,,,,4/3/2009,4.07413,3.902222419
,,,,4/2/2009,3.98127,3.732886038
,,,,4/1/2009,3.90441,3.659971216
,,,,3/31/2009,3.8956,3.678499314
,,,,3/30/2009,3.88421,3.678363385
,,,,3/27/2009,3.91313,3.700546864
,,,,3/26/2009,3.93591,3.691131281
,,,,3/25/2009,3.96227,3.744072933
,,,,3/24/2009,3.93485,3.643749836
,,,,3/23/2009,3.92894,3.696276373
,,,,3/20/2009,3.89692,3.737594534
,,,,3/19/2009,3.83377,3.676225817
,,,,3/18/2009,3.87716,3.81562809
,,,,3/17/2009,4.20916,4.191634596
,,,,3/16/2009,4.20653,4.17587658
,,,,3/13/2009,4.17876,4.146847309
,,,,3/12/2009,4.17572,4.160600067
,,,,3/11/2009,4.22952,4.217356514
,,,,3/10/2009,4.2873,4.31614574
,,,,3/9/2009,4.26007,4.279963403
,,,,3/6/2009,4.21441,4.215791217
,,,,3/5/2009,4.22296,4.225098577
,,,,3/4/2009,4.38778,4.409744796
,,,,3/3/2009,4.35917,4.341374539
,,,,3/2/2009,4.39784,4.315181148
,,,,2/27/2009,4.45539,4.420253269
,,,,2/26/2009,4.4149,4.339521234
,,,,2/25/2009,4.40221,4.344775153
,,,,2/24/2009,4.28183,4.115225362
,,,,2/23/2009,4.2296,4.071518917
,,,,2/20/2009,4.19569,4.091908973
,,,,2/19/2009,4.24084,4.149673521
,,,,2/18/2009,4.11982,4.060579147
,,,,2/17/2009,4.09683,4.017452089
,,,,2/13/2009,4.24557,4.159703364
,,,,2/12/2009,4.05528,3.963622011
,,,,2/11/2009,4.0733,4.018719584
,,,,2/10/2009,4.16012,4.198003024
,,,,2/9/2009,4.34913,4.305255128
,,,,2/6/2009,4.36683,4.289519512
,,,,2/5/2009,4.31812,4.222702132
,,,,2/4/2009,4.34958,4.241551959
,,,,2/3/2009,4.28905,4.11630745
,,,,2/2/2009,4.15784,4.025615209
,,,,1/30/2009,4.29037,4.076205615
,,,,1/29/2009,4.29591,3.999997902
,,,,1/28/2009,4.00898,3.8463891
,,,,1/27/2009,3.91328,3.747240223
,,,,1/26/2009,4.02083,3.83925954
,,,,1/23/2009,4.00493,3.750902233
,,,,1/22/2009,4.05342,3.677346483
,,,,1/21/2009,4.08436,3.604566375
,,,,1/20/2009,3.92854,3.428837522
,,,,1/16/2009,3.91302,3.377648063
,,,,1/15/2009,3.80857,3.353478092
,,,,1/14/2009,3.75495,3.260078763
,,,,1/13/2009,3.75991,3.299474668
,,,,1/12/2009,3.79585,3.327127122
,,,,1/9/2009,3.81249,3.405226718
,,,,1/8/2009,3.72187,3.510714077
,,,,1/7/2009,3.60119,3.628848676
,,,,1/6/2009,3.60517,3.747954315
,,,,1/5/2009,4.06922,3.849199693
,,,,1/2/2009,3.63296,3.843481805
,,,,12/31/2008,4.00708,3.656932817
,,,,12/30/2008,3.89246,3.582810832
,,,,12/29/2008,3.75228,3.608239929
,,,,12/26/2008,3.87289,3.639282436
,,,,12/24/2008,4.00553,3.669298398
,,,,12/23/2008,4.10336,3.624140518
,,,,12/22/2008,4.03628,3.580855114
,,,,12/19/2008,3.79982,3.516394415
,,,,12/18/2008,3.77292,3.441989101
,,,,12/17/2008,3.79209,3.495196078
,,,,12/16/2008,3.98071,3.719659358
,,,,12/15/2008,4.1355,4.103525487
,,,,12/12/2008,4.10814,4.271506154
,,,,12/11/2008,4.11336,4.281122467
,,,,12/10/2008,4.35737,4.302471893
,,,,12/9/2008,4.52121,4.334572615
,,,,12/8/2008,4.70612,4.354801657
,,,,12/5/2008,4.72506,4.330698431
,,,,12/4/2008,4.48864,4.243873954
,,,,12/3/2008,4.56259,4.24163128
,,,,12/2/2008,4.65028,4.259032372
,,,,12/1/2008,4.6019,4.362564683
,,,,11/28/2008,4.82937,4.584316236
,,,,11/26/2008,4.76604,4.611188271
,,,,11/25/2008,4.75014,4.650671626
,,,,11/24/2008,5.34056,4.916867694
,,,,11/21/2008,5.35168,4.943164221
,,,,11/20/2008,5.40782,4.920089544
,,,,11/19/2008,5.45948,5.111101442
,,,,11/18/2008,5.4702,5.166792792
,,,,11/17/2008,5.54453,5.243834255
,,,,11/14/2008,5.49487,5.257780953
,,,,11/13/2008,5.55392,5.209262632
,,,,11/12/2008,5.42963,5.06601868
,,,,11/10/2008,5.57721,5.196780032
,,,,11/7/2008,5.48216,5.225880004
,,,,11/6/2008,5.48354,5.147194346
,,,,11/5/2008,5.44883,5.111842559
,,,,11/4/2008,5.59651,5.195166766
,,,,11/3/2008,5.94965,5.374778206
,,,,10/31/2008,5.98811,5.416026499
,,,,10/30/2008,6.024,5.385951105
,,,,10/29/2008,6.01414,5.383744725
,,,,10/28/2008,6.04844,5.421921138
,,,,10/27/2008,5.91991,5.359432554
,,,,10/24/2008,5.67504,5.322224639
,,,,10/23/2008,5.41055,5.158337802
,,,,10/22/2008,5.37637,5.079603599
,,,,10/21/2008,5.3554,5.108053005
,,,,10/20/2008,5.50881,5.333912254
,,,,10/17/2008,5.82867,5.506232233
,,,,10/16/2008,5.84358,5.592656358
,,,,10/15/2008,5.90519,5.658576315
,,,,10/14/2008,6.01234,5.8454256
,,,,10/10/2008,5.84477,5.751307286
,,,,10/9/2008,5.66674,5.586532714
,,,,10/8/2008,5.45232,5.30079386
,,,,10/7/2008,5.26288,5.20642763
,,,,10/6/2008,5.21162,5.064446308
,,,,10/3/2008,5.4475,5.326754926
,,,,10/2/2008,5.45694,5.3871561
,,,,10/1/2008,5.49707,5.453713695
,,,,9/30/2008,5.5156,5.523947576
,,,,9/29/2008,5.36504,5.286282345
,,,,9/26/2008,5.45085,5.442471911
,,,,9/25/2008,5.4753,5.537102137
,,,,9/24/2008,5.46486,5.503402029
,,,,9/23/2008,5.46543,5.415070769
,,,,9/22/2008,5.43345,5.355480123
,,,,9/19/2008,5.29412,5.339186459
,,,,9/18/2008,5.24059,5.10778509
,,,,9/17/2008,5.21897,5.075048902
,,,,9/16/2008,5.19951,5.125713613
,,,,9/15/2008,5.01762,4.985890245
,,,,9/12/2008,5.3042,5.161734697
,,,,9/11/2008,5.20018,5.066554155
,,,,9/10/2008,5.20774,5.099007522
,,,,9/9/2008,5.14552,5.078663148
,,,,9/8/2008,5.11343,5.112866508
,,,,9/5/2008,5.64419,5.188947848
,,,,9/4/2008,5.60593,5.172968507
,,,,9/3/2008,5.70324,5.208244241
,,,,9/2/2008,5.76158,5.243149642
,,,,8/29/2008,5.79853,5.289948348
,,,,8/28/2008,5.76723,5.292351083
,,,,8/27/2008,5.8015,5.279360334
,,,,8/26/2008,5.83232,5.318918749
,,,,8/25/2008,5.87194,5.343101485
,,,,8/22/2008,5.93749,5.385642401
,,,,8/21/2008,5.9001,5.34108229
,,,,8/20/2008,5.80583,5.296557363
,,,,8/19/2008,5.95402,5.34401657
,,,,8/18/2008,5.95599,5.334665684
,,,,8/15/2008,5.96405,5.338477869
,,,,8/14/2008,6.03352,5.34905849
,,,,8/13/2008,6.05706,5.387294011
,,,,8/12/2008,6.02876,5.351831028
,,,,8/11/2008,6.08798,5.435249688
,,,,8/8/2008,6.00624,5.399520896
,,,,8/7/2008,6.05188,5.391588626
,,,,8/6/2008,6.12899,5.489033211
,,,,8/5/2008,6.04893,5.441155349
,,,,8/4/2008,6.01006,5.434847646
,,,,8/1/2008,5.94304,5.389275208
,,,,7/31/2008,5.9366,5.408562501
,,,,7/30/2008,5.98257,5.462927367
,,,,7/29/2008,6.02543,5.503222303
,,,,7/28/2008,5.97205,5.473974672
,,,,7/25/2008,6.09366,5.567812677
,,,,7/24/2008,5.96688,5.501787832
,,,,7/23/2008,6.12548,5.643450272
,,,,7/22/2008,6.15327,5.613544703
,,,,7/21/2008,6.11861,5.617516286
,,,,7/18/2008,6.13689,5.64768718
,,,,7/17/2008,6.03498,5.594340443
,,,,7/16/2008,5.84484,5.427607613
,,,,7/15/2008,5.69922,5.37385688
,,,,7/14/2008,5.7262,5.431350904
,,,,7/11/2008,5.78406,5.482995932
,,,,7/10/2008,5.7032,5.365950491
,,,,7/9/2008,5.71617,5.359790784
,,,,7/8/2008,5.81904,5.448277212
,,,,7/7/2008,5.951,5.518602034
,,,,7/3/2008,5.94638,5.556188369
,,,,7/2/2008,5.90336,5.548407871
,,,,7/1/2008,5.87926,5.57308781
,,,,6/30/2008,5.82023,5.543970573
,,,,6/27/2008,5.84366,5.575026786
,,,,6/26/2008,5.90352,5.605360176
,,,,6/25/2008,5.95788,5.656822224
,,,,6/24/2008,5.9575,5.663410855
,,,,6/23/2008,5.98819,5.712324972
,,,,6/20/2008,5.92151,5.648872921
,,,,6/19/2008,5.94374,5.660026365
,,,,6/18/2008,5.90615,5.619199417
,,,,6/17/2008,6.00955,5.728641459
,,,,6/16/2008,6.08137,5.800560813
,,,,6/13/2008,6.05793,5.819292806
,,,,6/12/2008,6.01778,5.762223827
,,,,6/11/2008,5.88874,5.634385963
,,,,6/10/2008,5.96254,5.74359338
,,,,6/9/2008,5.81817,5.645793423
,,,,6/6/2008,5.72572,5.490981028
,,,,6/5/2008,5.76712,5.488838307
,,,,6/4/2008,5.66156,5.357201903
,,,,6/3/2008,5.55953,5.303074556
,,,,6/2/2008,5.60869,5.368135677
,,,,5/30/2008,5.67041,5.432080917
,,,,5/29/2008,5.71441,5.481003931
,,,,5/28/2008,5.635,5.396651373
,,,,5/27/2008,5.51062,5.311535399
,,,,5/23/2008,5.40601,5.207289165
,,,,5/22/2008,5.4751,5.28572652
,,,,5/21/2008,5.35903,5.157771779
,,,,5/20/2008,5.30407,5.114630042
,,,,5/19/2008,5.35742,5.15980167
,,,,5/16/2008,5.39561,5.220035066
,,,,5/15/2008,5.40203,5.237505651
,,,,5/14/2008,5.55211,5.383670603
,,,,5/13/2008,5.54224,5.361989608
,,,,5/12/2008,5.40558,5.183242738
,,,,5/9/2008,5.35232,5.163656748
,,,,5/8/2008,5.32256,5.158639073
,,,,5/7/2008,5.39367,5.203814375
,,,,5/6/2008,5.43589,5.23507703
,,,,5/5/2008,5.4155,5.189927293
,,,,5/2/2008,5.38863,5.187110622
,,,,5/1/2008,5.34362,5.146900434
,,,,4/30/2008,5.40219,5.189175909
,,,,4/29/2008,5.47144,5.284025111
,,,,4/28/2008,5.49081,5.311209513
,,,,4/25/2008,5.5306,5.360920185
,,,,4/24/2008,5.51979,5.344670481
,,,,4/23/2008,5.4325,5.218365131
,,,,4/22/2008,5.38548,5.212501202
,,,,4/21/2008,5.42507,5.209625258
,,,,4/18/2008,5.48385,5.25592993
,,,,4/17/2008,5.57791,5.304448325
,,,,4/16/2008,5.54358,5.260716742
,,,,4/15/2008,5.38224,5.068190235
,,,,4/14/2008,5.2727,4.973576659
,,,,4/11/2008,5.2083,4.928546125
,,,,4/10/2008,5.2699,4.960759314
,,,,4/9/2008,5.19316,4.876971318
,,,,4/8/2008,5.28216,4.962750394
,,,,4/7/2008,5.23363,4.973848319
,,,,4/4/2008,5.16736,4.899665221
,,,,4/3/2008,5.37571,5.025963723
,,,,4/2/2008,5.43194,5.012245674
,,,,4/1/2008,5.36824,4.959161621
,,,,3/31/2008,5.26202,4.894356256
,,,,3/28/2008,5.28215,4.952459268
,,,,3/27/2008,5.39164,5.053482307
,,,,3/26/2008,5.29599,5.01669714
,,,,3/25/2008,5.30409,5.02600693
,,,,3/24/2008,5.3473,5.044514576
,,,,3/20/2008,5.06543,4.846703479
,,,,3/19/2008,5.1225,4.809365783
,,,,3/18/2008,5.26363,4.950006177
,,,,3/17/2008,5.08274,4.870620439
,,,,3/14/2008,5.47714,5.043959095
,,,,3/13/2008,5.5453,5.14813448
,,,,3/12/2008,5.50334,5.12069757
,,,,3/11/2008,5.77938,5.270422585
,,,,3/10/2008,5.76087,5.232582648
,,,,3/7/2008,5.79413,5.313320785
,,,,3/6/2008,5.94293,5.397341652
,,,,3/5/2008,5.81134,5.336021278
,,,,3/4/2008,5.63182,5.190925037
,,,,3/3/2008,5.43774,5.084482329
,,,,2/29/2008,5.35969,5.072838379
,,,,2/28/2008,5.4989,5.220566918
,,,,2/27/2008,5.69071,5.337469093
,,,,2/26/2008,5.78509,5.395455753
,,,,2/25/2008,5.86195,5.496761717
,,,,2/22/2008,5.71944,5.400813807
,,,,2/21/2008,5.5927,5.348332621
,,,,2/20/2008,5.76701,5.464146482
,,,,2/19/2008,5.73451,5.432000578
,,,,2/15/2008,5.50329,5.299505413
,,,,2/14/2008,5.51998,5.321699242
,,,,2/13/2008,5.32945,5.133920289
,,,,2/12/2008,5.25661,5.11152513
,,,,2/11/2008,5.19384,5.056108309
,,,,2/8/2008,5.20211,5.055312739
,,,,2/7/2008,5.26285,5.115616972
,,,,2/6/2008,5.11977,4.993717634
,,,,2/5/2008,5.04078,4.966866395
,,,,2/4/2008,5.14855,5.019988657
,,,,2/1/2008,5.07129,4.996119443
,,,,1/31/2008,5.12147,5.042313769
,,,,1/30/2008,5.18726,5.100624165
,,,,1/29/2008,5.11346,5.062839395
,,,,1/28/2008,5.03004,5.011364062
,,,,1/25/2008,5.08433,5.030406265
,,,,1/24/2008,5.20552,5.086048118
,,,,1/23/2008,4.86534,4.842015513
,,,,1/22/2008,4.82456,4.851475375
,,,,1/18/2008,5.07507,5.009543061
,,,,1/17/2008,5.04624,4.999885496
,,,,1/16/2008,5.12728,5.067771727
,,,,1/15/2008,5.04364,5.046743171
,,,,1/14/2008,5.13481,5.119774556
,,,,1/11/2008,5.17318,5.143359973
,,,,1/10/2008,5.28583,5.246956026
,,,,1/9/2008,5.2107,5.193274138
,,,,1/8/2008,5.25517,5.215738057
,,,,1/7/2008,5.23878,5.24982703
,,,,1/4/2008,5.28617,5.294756046
,,,,1/3/2008,5.3789,5.36722847
,,,,1/2/2008,5.39414,5.37250905
,,,,12/31/2007,5.5067,5.493149466
,,,,12/28/2007,5.59539,5.538125034
,,,,12/27/2007,5.73511,5.634888454
,,,,12/26/2007,5.79908,5.693055207
,,,,12/24/2007,5.74257,5.639500826
,,,,12/21/2007,5.68464,5.593803306
,,,,12/20/2007,5.52723,5.477000286
,,,,12/19/2007,5.53357,5.495683625
,,,,12/18/2007,5.61771,5.532187914
,,,,12/17/2007,5.73971,5.630734339
,,,,12/14/2007,5.75288,5.664013418
,,,,12/13/2007,5.66802,5.596217805
,,,,12/12/2007,5.59488,5.549374572
,,,,12/11/2007,5.54528,5.542389584
,,,,12/10/2007,5.7185,5.650751868
,,,,12/7/2007,5.68009,5.623823403
,,,,12/6/2007,5.49202,5.481370746
,,,,12/5/2007,5.40073,5.412625264
,,,,12/4/2007,5.39349,5.412001339
,,,,12/3/2007,5.39401,5.403635101
,,,,11/30/2007,5.43923,5.458046821
,,,,11/29/2007,5.48448,5.496757728
,,,,11/28/2007,5.58194,5.569786281
,,,,11/27/2007,5.62014,5.554047652
,,,,11/26/2007,5.47701,5.432891406
,,,,11/23/2007,5.66973,5.582865696
,,,,11/21/2007,5.72955,5.619240007
,,,,11/20/2007,5.80547,5.640020987
,,,,11/19/2007,5.74195,5.61738753
,,,,11/16/2007,5.77368,5.62590134
,,,,11/15/2007,5.74313,5.639112188
,,,,11/14/2007,5.81237,5.697834793
,,,,11/13/2007,5.83079,5.71188665
,,,,11/9/2007,5.81494,5.716208082
,,,,11/8/2007,5.85192,5.774834119
,,,,11/7/2007,5.87137,5.781272724
,,,,11/6/2007,5.86598,5.759790677
,,,,11/5/2007,5.81429,5.716733141
,,,,11/2/2007,5.72404,5.661584126
,,,,11/1/2007,5.76173,5.706053616
,,,,10/31/2007,5.82636,5.764212357
,,,,10/30/2007,5.74383,5.707223825
,,,,10/29/2007,5.74053,5.723768205
,,,,10/26/2007,5.7513,5.727683634
,,,,10/25/2007,5.69814,5.702341722
,,,,10/24/2007,5.68865,5.67898802
,,,,10/23/2007,5.77363,5.733468009
,,,,10/22/2007,5.79053,5.739753056
,,,,10/19/2007,5.78826,5.743246008
,,,,10/18/2007,5.85501,5.828019376
,,,,10/17/2007,5.90414,5.859327919
,,,,10/16/2007,5.9741,5.92760552
,,,,10/15/2007,5.98213,5.927779603
,,,,10/12/2007,5.98161,5.94345108
,,,,10/11/2007,5.9681,5.92033834
,,,,10/10/2007,5.98497,5.946793366
,,,,10/9/2007,5.98408,5.978511127
,,,,10/5/2007,5.98487,5.980795716
,,,,10/4/2007,5.88909,5.869363086
,,,,10/3/2007,5.90551,5.878196131
,,,,10/2/2007,5.91811,5.87967093
,,,,10/1/2007,5.93729,5.925276487
,,,,9/28/2007,5.95066,5.9245029
,,,,9/27/2007,5.92373,5.913150711
,,,,9/26/2007,5.98048,5.973365247
,,,,9/25/2007,5.97037,5.989618077
,,,,9/24/2007,5.97496,5.976328653
,,,,9/21/2007,5.95164,5.973657307
,,,,9/20/2007,5.96554,5.99883568
,,,,9/19/2007,5.795,5.822789731
,,,,9/18/2007,5.79823,5.832183109
,,,,9/17/2007,5.894,5.908327697
,,,,9/14/2007,5.89106,5.888335037
,,,,9/13/2007,5.9126,5.916990166
,,,,9/12/2007,5.87022,5.866961551
,,,,9/11/2007,5.80365,5.817800079
,,,,9/10/2007,5.73113,5.75306424
,,,,9/7/2007,5.76133,5.769511256
,,,,9/6/2007,5.9335,5.895528546
,,,,9/5/2007,5.92707,5.894786483
,,,,9/4/2007,6.01567,5.969083785
,,,,8/31/2007,5.99344,5.961913919
,,,,8/30/2007,5.97114,5.928724304
,,,,8/29/2007,5.97927,5.97389139
,,,,8/28/2007,5.9438,5.945613064
,,,,8/27/2007,5.97041,5.964407605
,,,,8/24/2007,5.98703,6.004429174
,,,,8/23/2007,6.02021,6.048539053
,,,,8/22/2007,6.02985,6.066396123
,,,,8/21/2007,6.01298,6.061793014
,,,,8/20/2007,6.07633,6.101081891
,,,,8/17/2007,6.11128,6.141197926
,,,,8/16/2007,6.14169,6.121772525
,,,,8/15/2007,6.20664,6.150418938
,,,,8/14/2007,6.1677,6.167199762
,,,,8/13/2007,6.16927,6.188305829
,,,,8/10/2007,6.15063,6.192128826
,,,,8/9/2007,6.12613,6.181948332
,,,,8/8/2007,6.16603,6.196418432
,,,,8/7/2007,6.10728,6.134701097
,,,,8/6/2007,6.12133,6.162737467
,,,,8/3/2007,6.10397,6.134895271
,,,,8/2/2007,6.17056,6.176737896
,,,,8/1/2007,6.20234,6.205785719
,,,,7/31/2007,6.22355,6.231794512
,,,,7/30/2007,6.24717,6.27644317
,,,,7/27/2007,6.21896,6.2823863
,,,,7/26/2007,6.2137,6.238386794
,,,,7/25/2007,6.27441,6.259968882
,,,,7/24/2007,6.28258,6.275468665
,,,,7/23/2007,6.28112,6.257388135
,,,,7/20/2007,6.265,6.249407098
,,,,7/19/2007,6.30406,6.272883764
,,,,7/18/2007,6.28572,6.267541411
,,,,7/17/2007,6.33529,6.322895498
,,,,7/16/2007,6.30073,6.28704773
,,,,7/13/2007,6.33145,6.344955152
,,,,7/12/2007,6.33541,6.353372306
,,,,7/11/2007,6.3107,6.335315355
,,,,7/10/2007,6.28291,6.302625414
,,,,7/9/2007,6.35041,6.360498975
,,,,7/6/2007,6.3727,6.398407154
,,,,7/5/2007,6.3398,6.343769768
,,,,7/3/2007,6.25963,6.257673621
,,,,7/2/2007,6.22665,6.219420311
,,,,6/29/2007,6.25387,6.246416727
,,,,6/28/2007,6.2982,6.297863604
,,,,6/27/2007,6.26639,6.257738638
,,,,6/26/2007,6.28234,6.275021899
,,,,6/25/2007,6.2647,6.257119284
,,,,6/22/2007,6.30384,6.30328896
,,,,6/21/2007,6.32487,6.322064434
,,,,6/20/2007,6.28873,6.26766757
,,,,6/19/2007,6.22539,6.207862981
,,,,6/18/2007,6.27743,6.254073836
,,,,6/15/2007,6.29718,6.298198167
,,,,6/14/2007,6.35536,6.36613089
,,,,6/13/2007,6.36267,6.363345891
,,,,6/12/2007,6.38983,6.42469437
,,,,6/11/2007,6.28557,6.272922167
,,,,6/8/2007,6.28132,6.267316954
,,,,6/7/2007,6.26442,6.232643466
,,,,6/6/2007,6.12429,6.081565275
,,,,6/5/2007,6.11896,6.083332632
,,,,6/4/2007,6.06,6.04655522
,,,,6/1/2007,6.07372,6.070103242
,,,,5/31/2007,6.00727,6.010026554
,,,,5/30/2007,5.99207,5.987458609
,,,,5/29/2007,5.99219,5.986748492
,,,,5/25/2007,5.96443,5.961567168
,,,,5/24/2007,5.98156,5.957216119
,,,,5/23/2007,5.97429,5.957592468
,,,,5/22/2007,5.94901,5.923769781
,,,,5/21/2007,5.91467,5.897837261
,,,,5/18/2007,5.92507,5.927757677
,,,,5/17/2007,5.8856,5.864274647
,,,,5/16/2007,5.84391,5.828623134
,,,,5/15/2007,5.84727,5.831788937
,,,,5/14/2007,5.83042,5.811407184
,,,,5/11/2007,5.80676,5.802119598
,,,,5/10/2007,5.78653,5.781635671
,,,,5/9/2007,5.79797,5.80281856
,,,,5/8/2007,5.76477,5.771123979
,,,,5/7/2007,5.76324,5.76831812
,,,,5/4/2007,5.77033,5.764765273
,,,,5/3/2007,5.80799,5.795204255
,,,,5/2/2007,5.77791,5.77118348
,,,,5/1/2007,5.78013,5.769992186
,,,,4/30/2007,5.769,5.753982774
,,,,4/27/2007,5.82011,5.811463714
,,,,4/26/2007,5.80346,5.797250002
,,,,4/25/2007,5.76223,5.755713806
,,,,4/24/2007,5.73675,5.729521041
,,,,4/23/2007,5.76361,5.759702803
,,,,4/20/2007,5.77947,5.783214606
,,,,4/19/2007,5.767,5.769185062
,,,,4/18/2007,5.76155,5.751587826
,,,,4/17/2007,5.79239,5.778122404
,,,,4/16/2007,5.83698,5.820420532
,,,,4/13/2007,5.85428,5.841735198
,,,,4/12/2007,5.83404,5.828314323
,,,,4/11/2007,5.82867,5.836459005
,,,,4/10/2007,5.816,5.830848649
,,,,4/9/2007,5.83389,5.850887069
,,,,4/5/2007,5.76985,5.788099471
,,,,4/4/2007,5.75562,5.780088197
,,,,4/3/2007,5.76023,5.785797216
,,,,4/2/2007,5.75504,5.760671516
,,,,3/30/2007,5.76151,5.765054119
,,,,3/29/2007,5.74611,5.754500779
,,,,3/28/2007,5.73479,5.752672191
,,,,3/27/2007,5.72023,5.739847465
,,,,3/26/2007,5.69346,5.722029189
,,,,3/23/2007,5.70792,5.733549054
,,,,3/22/2007,5.67216,5.708887006
,,,,3/21/2007,5.61128,5.636295367
,,,,3/20/2007,5.65758,5.687944498
,,,,3/19/2007,5.68532,5.713766264
,,,,3/16/2007,5.67116,5.699896652
,,,,3/15/2007,5.66107,5.695003814
,,,,3/14/2007,5.64978,5.694221101
,,,,3/13/2007,5.62499,5.670267912
,,,,3/12/2007,5.6818,5.718241659
,,,,3/9/2007,5.70828,5.750785785
,,,,3/8/2007,5.63625,5.679090475
,,,,3/7/2007,5.64065,5.684498408
,,,,3/6/2007,5.68031,5.711950025
,,,,3/5/2007,5.69602,5.735663078
,,,,3/2/2007,5.6857,5.741289797
,,,,3/1/2007,5.70088,5.744198637
,,,,2/28/2007,5.69793,5.723067933
,,,,2/27/2007,5.666,5.697169758
,,,,2/26/2007,5.73856,5.770948395
,,,,2/23/2007,5.76857,5.795688486
,,,,2/22/2007,5.79825,5.823977881
,,,,2/21/2007,5.76648,5.795313596
,,,,2/20/2007,5.75967,5.795649015
,,,,2/16/2007,5.76704,5.797784259
,,,,2/15/2007,5.76575,5.788060457
,,,,2/14/2007,5.78171,5.801774755
,,,,2/13/2007,5.874,5.877115695
,,,,2/12/2007,5.8661,5.877598786
,,,,2/9/2007,5.83455,5.862578204
,,,,2/8/2007,5.77907,5.801458112
,,,,2/7/2007,5.7765,5.811210411
,,,,2/6/2007,5.78845,5.818653704
,,,,2/5/2007,5.8258,5.852968689
,,,,2/2/2007,5.86395,5.883797338
,,,,2/1/2007,5.89772,5.921699934
,,,,1/31/2007,5.89771,5.920967982
,,,,1/30/2007,5.95304,5.979959659
,,,,1/29/2007,5.96445,6.001093204
,,,,1/26/2007,5.94379,5.981483894
,,,,1/25/2007,5.93337,5.967775199
,,,,1/24/2007,5.86891,5.893586888
,,,,1/23/2007,5.85716,5.887851234
,,,,1/22/2007,5.81193,5.858068472
,,,,1/19/2007,5.82398,5.870388206
,,,,1/18/2007,5.80081,5.847793207
,,,,1/17/2007,5.82895,5.881561446
,,,,1/16/2007,5.79288,5.851313498
,,,,1/12/2007,5.79949,5.8731153
,,,,1/11/2007,5.78313,5.857225734
,,,,1/10/2007,5.73098,5.803042259
,,,,1/9/2007,5.69234,5.771100828
,,,,1/8/2007,5.68939,5.776257242
,,,,1/5/2007,5.6641,5.764094598
,,,,1/4/2007,5.64398,5.759409233
,,,,1/3/2007,5.70619,5.811567079
,,,,1/2/2007,5.75132,5.85323205
,,,,12/29/2006,5.78466,5.877443664
,,,,12/28/2006,5.77848,5.86778754
,,,,12/27/2006,5.74329,5.839792752
,,,,12/26/2006,5.6947,5.796600047
,,,,12/22/2006,5.70687,5.815531749
,,,,12/21/2006,5.63329,5.744733003
,,,,12/20/2006,5.69257,5.790695277
,,,,12/19/2006,5.70048,5.796650043
,,,,12/18/2006,5.69459,5.788719507
,,,,12/15/2006,5.68714,5.789422516
,,,,12/14/2006,5.68114,5.789510354
,,,,12/13/2006,5.65971,5.776700963
,,,,12/12/2006,5.57128,5.713082165
,,,,12/11/2006,5.63028,5.756379001
,,,,12/8/2006,5.66464,5.785363709
,,,,12/7/2006,5.59388,5.727588543
,,,,12/6/2006,5.56671,5.68881849
,,,,12/5/2006,5.50829,5.653452176
,,,,12/4/2006,5.50335,5.657409206
,,,,12/1/2006,5.51164,5.653318987
,,,,11/30/2006,5.57153,5.702826656
,,,,11/29/2006,5.65536,5.756317587
,,,,11/28/2006,5.65634,5.747492396
,,,,11/27/2006,5.68837,5.773826264
,,,,11/24/2006,5.70001,5.78425573
,,,,11/22/2006,5.70866,5.801185448
,,,,11/21/2006,5.71028,5.810010205
,,,,11/20/2006,5.71107,5.823622516
,,,,11/17/2006,5.72502,5.833942551
,,,,11/16/2006,5.79681,5.896057149
,,,,11/15/2006,5.77565,5.87582065
,,,,11/14/2006,5.74146,5.840682312
,,,,11/13/2006,5.77515,5.870997372
,,,,11/10/2006,5.74642,5.8596986
,,,,11/9/2006,5.78174,5.886865628
,,,,11/8/2006,5.79337,5.902648597
,,,,11/7/2006,5.82192,5.933136768
,,,,11/6/2006,5.87026,5.978972504
,,,,11/3/2006,5.88299,5.996545074
,,,,11/2/2006,5.78378,5.877844684
,,,,11/1/2006,5.75928,5.856597247
,,,,10/31/2006,5.80171,5.886834152
,,,,10/30/2006,5.8671,5.943110063
,,,,10/27/2006,5.86557,5.946459276
,,,,10/26/2006,5.89961,5.983589301
,,,,10/25/2006,5.95115,6.037870102
,,,,10/24/2006,5.9672,6.08839248
,,,,10/23/2006,5.96406,6.094760462
,,,,10/20/2006,5.95696,6.057670508
,,,,10/19/2006,5.96276,6.062753842
,,,,10/18/2006,5.93335,6.040929286
,,,,10/17/2006,5.94472,6.060934661
,,,,10/16/2006,5.95948,6.072340285
,,,,10/13/2006,5.98671,6.094503145
,,,,10/12/2006,5.97705,6.08093569
,,,,10/11/2006,5.96583,6.091929271
,,,,10/10/2006,5.95749,6.064097433
,,,,10/6/2006,5.90327,6.008120125
,,,,10/5/2006,5.81752,5.936731103
,,,,10/4/2006,5.77873,5.897962396
,,,,10/3/2006,5.83864,5.94161204
,,,,10/2/2006,5.84966,5.949304472
,,,,9/29/2006,5.86441,5.960736915
,,,,9/28/2006,5.84481,5.943790103
,,,,9/27/2006,5.82374,5.927263398
,,,,9/26/2006,5.81463,5.917549549
,,,,9/25/2006,5.78502,5.903167381
,,,,9/22/2006,5.82063,5.929739609
,,,,9/21/2006,5.85597,5.946411581
,,,,9/20/2006,5.93042,6.027229828
,,,,9/19/2006,5.93924,6.039680504
,,,,9/18/2006,5.97548,6.104905791
,,,,9/15/2006,5.95972,6.091619024
,,,,9/14/2006,5.97232,6.07393635
,,,,9/13/2006,5.94056,6.048246822
,,,,9/12/2006,5.94017,6.047439608
,,,,9/11/2006,5.95898,6.067738074
,,,,9/8/2006,5.93338,6.035062691
,,,,9/7/2006,5.95526,6.051937345
,,,,9/6/2006,5.96864,6.052518133
,,,,9/5/2006,5.96084,6.041655775
,,,,9/1/2006,5.92844,6.010039977
,,,,8/31/2006,5.94217,6.029452177
,,,,8/30/2006,5.97019,6.065643266
,,,,8/29/2006,5.95256,6.083423743
,,,,8/28/2006,5.96424,6.089420585
,,,,8/25/2006,5.98067,6.079689367
,,,,8/24/2006,5.96254,6.091203422
,,,,8/23/2006,5.96807,6.086595128
,,,,8/22/2006,5.96177,6.070002066
,,,,8/21/2006,5.97864,6.067852907
,,,,8/18/2006,5.95802,6.073758851
,,,,8/17/2006,5.98775,6.104079846
,,,,8/16/2006,5.96852,6.116473558
,,,,8/15/2006,6.05662,6.178282348
,,,,8/14/2006,6.15487,6.255169774
,,,,8/11/2006,6.1083,6.222800902
,,,,8/10/2006,6.06588,6.181187334
,,,,8/9/2006,6.06042,6.172272065
,,,,8/8/2006,6.06446,6.178108861
,,,,8/7/2006,6.09028,6.203297436
,,,,8/4/2006,6.052,6.186454781
,,,,8/3/2006,6.14072,6.254460784
,,,,8/2/2006,6.1257,6.254616769
,,,,8/1/2006,6.14776,6.275652062
,,,,7/31/2006,6.157,6.272410494
,,,,7/28/2006,6.16396,6.287183859
,,,,7/27/2006,6.23661,6.339596676
,,,,7/26/2006,6.24659,6.33434834
,,,,7/25/2006,6.28745,6.367974456
,,,,7/24/2006,6.26827,6.351969605
,,,,7/21/2006,6.26926,6.362162765
,,,,7/20/2006,6.26198,6.350481368
,,,,7/19/2006,6.30891,6.391128216
,,,,7/18/2006,6.38524,6.477895192
,,,,7/17/2006,6.33844,6.414554982
,,,,7/14/2006,6.33093,6.407798194
,,,,7/13/2006,6.33821,6.412190652
,,,,7/12/2006,6.35306,6.428715366
,,,,7/11/2006,6.35726,6.43286658
,,,,7/10/2006,6.37626,6.460005599
,,,,7/7/2006,6.37728,6.46279664
,,,,7/6/2006,6.42768,6.516203239
,,,,7/5/2006,6.46164,6.555021971
,,,,7/3/2006,6.3934,6.480683861
,,,,6/30/2006,6.37105,6.462144463
,,,,6/29/2006,6.41651,6.515929257
,,,,6/28/2006,6.46466,6.569583538
,,,,6/27/2006,6.44877,6.534002484
,,,,6/26/2006,6.48238,6.562179209
,,,,6/23/2006,6.45996,6.557163141
,,,,6/22/2006,6.41959,6.519782699
,,,,6/21/2006,6.37557,6.479364378
,,,,6/20/2006,6.36772,6.469264854
,,,,6/19/2006,6.34836,6.456828941
,,,,6/16/2006,6.33511,6.437807646
,,,,6/15/2006,6.31432,6.403706317
,,,,6/14/2006,6.27295,6.350779346
,,,,6/13/2006,6.18622,6.254986175
,,,,6/12/2006,6.20035,6.276150754
,,,,6/9/2006,6.17939,6.280457961
,,,,6/8/2006,6.18785,6.293091982
,,,,6/7/2006,6.21197,6.316104914
,,,,6/6/2006,6.18614,6.302327883
,,,,6/5/2006,6.19509,6.313431192
,,,,6/2/2006,6.16329,6.282680314
,,,,6/1/2006,6.28186,6.399364056
,,,,5/31/2006,6.28572,6.417994868
,,,,5/30/2006,6.25047,6.38226612
,,,,5/26/2006,6.21195,6.355455655
,,,,5/25/2006,6.23265,6.373268085
,,,,5/24/2006,6.21225,6.341643207
,,,,5/23/2006,6.22234,6.364332103
,,,,5/22/2006,6.20311,6.346912164
,,,,5/19/2006,6.19903,6.349890131
,,,,5/18/2006,6.18733,6.334861854
,,,,5/17/2006,6.24194,6.392524335
,,,,5/16/2006,6.19369,6.334904498
,,,,5/15/2006,6.24133,6.388032078
,,,,5/12/2006,6.26368,6.417877656
,,,,5/11/2006,6.22021,6.370779468
,,,,5/10/2006,6.19707,6.345153821
,,,,5/9/2006,6.18872,6.338968831
,,,,5/8/2006,6.18394,6.336718508
,,,,5/5/2006,6.1718,6.324261088
,,,,5/4/2006,6.21857,6.359780559
,,,,5/3/2006,6.21175,6.349372207
,,,,5/2/2006,6.17078,6.298323873
,,,,5/1/2006,6.16765,6.302326206
,,,,4/28/2006,6.10033,6.243655392
,,,,4/27/2006,6.13335,6.270944817
,,,,4/26/2006,6.17592,6.321674965
,,,,4/25/2006,6.14044,6.279527364
,,,,4/24/2006,6.06864,6.211033412
,,,,4/21/2006,6.08935,6.2361568
,,,,4/20/2006,6.11105,6.266985197
,,,,4/19/2006,6.09526,6.259551096
,,,,4/18/2006,6.06145,6.232228892
,,,,4/17/2006,6.11546,6.285540394
,,,,4/13/2006,6.14222,6.334032109
,,,,4/12/2006,6.09232,6.273269196
,,,,4/11/2006,6.06233,6.226310636
,,,,4/10/2006,6.09392,6.262809608
,,,,4/7/2006,6.08549,6.269688558
,,,,4/6/2006,6.01797,6.211151821
,,,,4/5/2006,5.99685,6.160600964
,,,,4/4/2006,6.02555,6.200244339
,,,,4/3/2006,6.03045,6.219861138
,,,,3/31/2006,6.00641,6.19324952
,,,,3/30/2006,6.00824,6.203462939
,,,,3/29/2006,5.9759,6.149601567
,,,,3/28/2006,5.94486,6.107493632
,,,,3/27/2006,5.87878,6.028432227
,,,,3/24/2006,5.86241,6.000952366
,,,,3/23/2006,5.92181,6.062147351
,,,,3/22/2006,5.89887,6.028613502
,,,,3/21/2006,5.908,6.034082779
,,,,3/20/2006,5.84727,5.971763266
,,,,3/17/2006,5.85862,5.995729099
,,,,3/16/2006,5.83067,5.970611277
,,,,3/15/2006,5.90812,6.063101825
,,,,3/14/2006,5.87236,6.029300867
,,,,3/13/2006,5.95766,6.1249064
,,,,3/10/2006,5.93554,6.095781934
,,,,3/9/2006,5.9135,6.081639284
,,,,3/8/2006,5.94583,6.10227295
,,,,3/7/2006,5.95092,6.105355659
,,,,3/6/2006,5.94346,6.099589366
,,,,3/3/2006,5.88613,6.032473085
,,,,3/2/2006,5.85392,6.00382822
,,,,3/1/2006,5.80004,5.92552256
,,,,2/28/2006,5.73453,5.877025591
,,,,2/27/2006,5.77249,5.911318838
,,,,2/24/2006,5.76417,5.899250719
,,,,2/23/2006,5.79537,5.928662271
,,,,2/22/2006,5.77416,5.895070437
,,,,2/21/2006,5.80752,5.942859374
,,,,2/17/2006,5.78083,5.919019916
,,,,2/16/2006,5.84815,5.966518001
,,,,2/15/2006,5.86838,5.991644389
,,,,2/14/2006,5.87946,6.007448724
,,,,2/13/2006,5.84977,5.989608412
,,,,2/10/2006,5.8435,5.995518214
,,,,2/9/2006,5.81487,5.967849535
,,,,2/8/2006,5.82338,5.990476226
,,,,2/7/2006,5.80179,5.97007549
,,,,2/6/2006,5.80186,5.950820721
,,,,2/3/2006,5.79888,5.937317823
,,,,2/2/2006,5.80672,5.963212964
,,,,2/1/2006,5.80873,5.968042343
,,,,1/31/2006,5.76373,5.916918516
,,,,1/30/2006,5.75539,5.919948552
,,,,1/27/2006,5.73348,5.894658573
,,,,1/26/2006,5.75541,5.912793748
,,,,1/25/2006,5.7074,5.859277369
,,,,1/24/2006,5.61489,5.76514158
,,,,1/23/2006,5.58096,5.731356509
,,,,1/20/2006,5.58423,5.729242327
,,,,1/19/2006,5.62211,5.74177136
,,,,1/18/2006,5.58661,5.706354887
,,,,1/17/2006,5.57624,5.710723948
,,,,1/13/2006,5.5807,5.722063263
,,,,1/12/2006,5.64441,5.778820691
,,,,1/11/2006,5.707,5.824335239
,,,,1/10/2006,5.68246,5.803169172
,,,,1/9/2006,5.62104,5.738669328
,,,,1/6/2006,5.63322,5.765804261
,,,,1/5/2006,5.63968,5.768989783
,,,,1/4/2006,5.65324,5.787379727
,,,,1/3/2006,5.70253,5.82076108
