"LoanID","Index","DelinqStatus","EndStatus"
"F100Q1000025",13,1,"btc"
"F100Q1000025",15,1,"btc"
"F100Q1000025",20,1,"btc"
"F100Q1000025",24,1,"btc"
"F100Q1000049",27,2,"btc"
"F100Q1000049",59,2,"btc"
"F100Q1000049",61,5,"btc"
"F100Q1000049",69,1,"btc"
"F100Q1000051",19,1,"btc"
"F100Q1000051",21,1,"btc"
"F100Q1000051",25,1,"btc"
"F100Q1000051",28,1,"btc"
"F100Q1000051",31,1,"btc"
"F100Q1000051",34,2,"btc"
"F100Q1000096",9,1,"btc"
"F100Q1000096",15,1,"btc"
"F100Q1000114",16,1,"btc"
"F100Q1000114",18,1,"btc"
"F100Q1000116",12,1,"btc"
"F100Q1000140",18,1,"btc"
"F100Q1000154",7,1,"btc"
"F100Q1000160",5,1,"btc"
"F100Q1000160",7,1,"btc"
"F100Q1000160",16,7,"btc"
"F100Q1000161",19,14,"btc"
"F100Q1000163",3,1,"btc"
"F100Q1000176",8,1,"btc"
"F100Q1000180",5,1,"btc"
"F100Q1000199",8,2,"btc"
"F100Q1000218",19,1,"btc"
"F100Q1000228",8,3,"btc"
"F100Q1000228",12,4,"btc"
"F100Q1000230",23,2,"btc"
"F100Q1000231",22,2,"btc"
"F100Q1000232",18,2,"btc"
"F100Q1000232",22,2,"btc"
"F100Q1000233",20,1,"btc"
"F100Q1000234",20,1,"btc"
"F100Q1000234",24,2,"btc"
"F100Q1000236",11,3,"btc"
"F100Q1000238",9,2,"btc"
"F100Q1000240",6,3,"btc"
"F100Q1000240",13,4,"btc"
"F100Q1000241",3,2,"btc"
"F100Q1000242",3,2,"btc"
"F100Q1000244",5,4,"btc"
"F100Q1000244",8,3,"btc"
"F100Q1000244",10,2,"btc"
"F100Q1000261",8,1,"btc"
"F100Q1000261",17,5,"btc"
"F100Q1000279",13,1,"btc"
"F100Q1000279",16,2,"btc"
"F100Q1000279",27,7,"btc"
"F100Q1000279",31,1,"btc"
"F100Q1000279",34,1,"btc"
"F100Q1000279",38,2,"btc"
"F100Q1000279",44,2,"btc"
"F100Q1000279",47,2,"btc"
"F100Q1000284",10,1,"btc"
"F100Q1000284",17,1,"btc"
"F100Q1000295",10,1,"btc"
"F100Q1000295",15,1,"btc"
"F100Q1000311",9,1,"btc"
"F100Q1000323",20,1,"btc"
"F100Q1000329",3,1,"btc"
"F100Q1000371",16,1,"btc"
"F100Q1000379",21,2,"btc"
"F100Q1000379",24,1,"btc"
"F100Q1000379",26,1,"btc"
"F100Q1000379",28,1,"btc"
"F100Q1000379",30,1,"btc"
"F100Q1000379",32,1,"btc"
"F100Q1000379",37,2,"btc"
"F100Q1000379",41,2,"btc"
"F100Q1000379",46,1,"btc"
"F100Q1000379",56,1,"btc"
"F100Q1000379",64,2,"btc"
"F100Q1000379",80,2,"btc"
"F100Q1000379",84,3,"btc"
"F100Q1000384",8,2,"btc"
"F100Q1000384",16,2,"btc"
"F100Q1000384",19,2,"btc"
"F100Q1000384",23,2,"btc"
"F100Q1000384",32,11,"btc"
"F100Q1000384",42,12,"btc"
"F100Q1000385",14,1,"btc"
"F100Q1000385",24,1,"btc"
"F100Q1000385",41,1,"btc"
"F100Q1000385",63,1,"btc"
"F100Q1000385",70,1,"btc"
"F100Q1000385",80,1,"btc"
"F100Q1000385",111,1,"btc"
"F100Q1000385",157,1,"btc"
"F100Q1000407",76,1,"btc"
"F100Q1000417",103,3,"btc"
"F100Q1000417",114,5,"btc"
"F100Q1000417",126,3,"btc"
"F100Q1000417",131,1,"btc"
"F100Q1000468",8,1,"btc"
"F100Q1000519",10,1,"btc"
"F100Q1000533",23,1,"btc"
"F100Q1000533",33,1,"btc"
"F100Q1000533",37,1,"btc"
"F100Q1000533",39,1,"btc"
"F100Q1000533",48,1,"btc"
"F100Q1000533",51,1,"btc"
"F100Q1000533",53,1,"btc"
"F100Q1000536",6,1,"btc"
"F100Q1000536",9,1,"btc"
"F100Q1000539",24,1,"btc"
"F100Q1000539",30,1,"btc"
"F100Q1000539",32,1,"btc"
"F100Q1000566",13,1,"btc"
"F100Q1000579",22,1,"btc"
"F100Q1000579",36,1,"btc"
"F100Q1000579",41,1,"btc"
"F100Q1000579",46,1,"btc"
"F100Q1000582",11,1,"btc"
"F100Q1000582",17,1,"btc"
"F100Q1000589",16,1,"btc"
"F100Q1000589",46,1,"btc"
"F100Q1000599",5,3,"btc"
"F100Q1000606",6,3,"btc"
"F100Q1000606",8,1,"btc"
"F100Q1000606",21,1,"btc"
"F100Q1000606",24,1,"btc"
"F100Q1000606",26,1,"btc"
"F100Q1000630",7,1,"btc"
"F100Q1000644",10,1,"btc"
"F100Q1000644",24,1,"btc"
"F100Q1000651",21,1,"btc"
"F100Q1000651",23,1,"btc"
"F100Q1000652",13,1,"btc"
"F100Q1000652",20,3,"btc"
"F100Q1000652",22,1,"btc"
"F100Q1000652",24,1,"btc"
"F100Q1000668",5,1,"btc"
"F100Q1000707",9,1,"btc"
"F100Q1000707",11,1,"btc"
"F100Q1000716",53,1,"btc"
"F100Q1000716",57,1,"btc"
"F100Q1000716",59,1,"btc"
"F100Q1000716",62,2,"btc"
"F100Q1000716",67,2,"btc"
"F100Q1000716",69,1,"btc"
"F100Q1000716",71,2,"btc"
"F100Q1000716",74,2,"btc"
"F100Q1000716",83,2,"btc"
"F100Q1000716",86,4,"btc"
"F100Q1000716",89,2,"btc"
"F100Q1000716",93,2,"btc"
"F100Q1000716",95,2,"btc"
"F100Q1000716",98,3,"btc"
"F100Q1000716",102,2,"btc"
"F100Q1000716",105,3,"btc"
"F100Q1000716",109,3,"btc"
"F100Q1000716",113,2,"btc"
"F100Q1000716",118,2,"btc"
"F100Q1000716",120,2,"btc"
"F100Q1000716",122,2,"btc"
"F100Q1000716",128,2,"btc"
"F100Q1000716",137,7,"btc"
"F100Q1000716",141,3,"btc"
"F100Q1000716",146,4,"btc"
"F100Q1000716",149,2,"btc"
"F100Q1000716",152,2,"btc"
"F100Q1000716",158,2,"btc"
"F100Q1000716",162,2,"btc"
"F100Q1000719",15,2,"btc"
"F100Q1000719",19,1,"btc"
"F100Q1000719",22,1,"btc"
"F100Q1000719",26,2,"btc"
"F100Q1000719",28,1,"btc"
"F100Q1000719",31,1,"btc"
"F100Q1000719",34,1,"btc"
"F100Q1000719",38,1,"btc"
"F100Q1000719",41,1,"btc"
"F100Q1000719",44,1,"btc"
"F100Q1000719",47,1,"btc"
"F100Q1000719",50,1,"btc"
"F100Q1000719",59,1,"btc"
"F100Q1000719",105,1,"btc"
"F100Q1000719",109,1,"btc"
"F100Q1000719",119,1,"btc"
"F100Q1000719",122,1,"btc"
"F100Q1000719",125,1,"btc"
"F100Q1000719",130,1,"btc"
"F100Q1000719",136,1,"btc"
"F100Q1000719",143,1,"btc"
"F100Q1000719",146,1,"btc"
"F100Q1000719",151,1,"btc"
"F100Q1000719",155,2,"btc"
"F100Q1000719",160,1,"btc"
"F100Q1000719",163,1,"btc"
"F100Q1000749",13,1,"btc"
"F100Q1000771",5,3,"btc"
"F100Q1000771",14,2,"btc"
"F100Q1000771",28,2,"btc"
"F100Q1000781",22,1,"btc"
"F100Q1000781",26,1,"btc"
"F100Q1000787",8,1,"btc"
"F100Q1000798",47,1,"btc"
"F100Q1000798",49,1,"btc"
"F100Q1000813",5,1,"btc"
"F100Q1000813",13,1,"btc"
"F100Q1000821",8,2,"btc"
"F100Q1000821",15,2,"btc"
"F100Q1000821",17,2,"btc"
"F100Q1000821",19,2,"btc"
"F100Q1000821",25,1,"btc"
"F100Q1000821",27,1,"btc"
"F100Q1000821",48,1,"btc"
"F100Q1000821",53,1,"btc"
"F100Q1000821",60,1,"btc"
"F100Q1000821",72,3,"btc"
"F100Q1000821",75,1,"btc"
"F100Q1000821",80,1,"btc"
"F100Q1000821",86,1,"btc"
"F100Q1000821",96,1,"btc"
"F100Q1000821",100,1,"btc"
"F100Q1000821",106,1,"btc"
"F100Q1000821",109,1,"btc"
"F100Q1000821",126,1,"btc"
"F100Q1000821",132,1,"btc"
"F100Q1000848",33,1,"btc"
"F100Q1000852",36,7,"FC"
"F100Q1000872",29,2,"btc"
"F100Q1000872",40,1,"btc"
"F100Q1000879",6,1,"btc"
"F100Q1000892",5,1,"btc"
"F100Q1000892",7,1,"btc"
"F100Q1000897",11,1,"btc"
"F100Q1000906",19,2,"btc"
"F100Q1000906",22,1,"btc"
"F100Q1000914",23,1,"btc"
"F100Q1000914",25,2,"btc"
"F100Q1000914",27,1,"btc"
"F100Q1000914",43,1,"btc"
"F100Q1000921",45,1,"btc"
"F100Q1000959",10,2,"btc"
"F100Q1000959",22,15,"btc"
"F100Q1000959",27,7,"btc"
"F100Q1000959",35,8,"btc"
"F100Q1000959",40,8,"btc"
"F100Q1000959",44,10,"btc"
"F100Q1000959",53,15,"btc"
"F100Q1001017",52,1,"btc"
"F100Q1001017",56,1,"btc"
"F100Q1001017",64,1,"btc"
"F100Q1001017",69,2,"btc"
"F100Q1001017",75,4,"btc"
"F100Q1001017",79,2,"btc"
"F100Q1001018",23,1,"btc"
"F100Q1001018",30,1,"btc"
"F100Q1001032",3,1,"btc"
"F100Q1001032",9,1,"btc"
"F100Q1001032",14,2,"btc"
"F100Q1001032",22,1,"btc"
"F100Q1001032",27,1,"btc"
"F100Q1001032",32,2,"btc"
"F100Q1001032",40,2,"btc"
"F100Q1001032",42,1,"btc"
"F100Q1001044",6,1,"btc"
"F100Q1001044",8,1,"btc"
"F100Q1001044",13,2,"btc"
"F100Q1001044",15,1,"btc"
"F100Q1001044",20,2,"btc"
"F100Q1001044",24,2,"btc"
"F100Q1001045",16,2,"btc"
"F100Q1001045",21,1,"btc"
"F100Q1001045",37,11,"btc"
"F100Q1001045",41,2,"btc"
"F100Q1001045",44,5,"btc"
"F100Q1001045",50,1,"btc"
"F100Q1001045",52,1,"btc"
"F100Q1001045",54,1,"btc"
"F100Q1001047",9,1,"btc"
"F100Q1001055",4,1,"btc"
"F100Q1001061",24,2,"btc"
"F100Q1001061",26,2,"btc"
"F100Q1001067",5,4,"btc"
"F100Q1001076",4,1,"btc"
"F100Q1001076",6,1,"btc"
"F100Q1001076",13,1,"btc"
"F100Q1001076",22,1,"btc"
"F100Q1001076",27,3,"btc"
"F100Q1001076",40,6,"btc"
"F100Q1001088",16,1,"btc"
"F100Q1001088",25,1,"btc"
"F100Q1001088",27,1,"btc"
"F100Q1001088",48,1,"btc"
"F100Q1001088",50,1,"btc"
"F100Q1001088",54,1,"btc"
"F100Q1001088",60,1,"btc"
"F100Q1001088",64,1,"btc"
"F100Q1001088",71,2,"btc"
"F100Q1001088",73,1,"btc"
"F100Q1001088",81,1,"btc"
"F100Q1001088",83,1,"btc"
"F100Q1001088",87,1,"btc"
"F100Q1001088",89,1,"btc"
"F100Q1001088",105,14,"btc"
"F100Q1001088",119,14,"btc"
"F100Q1001088",120,13,"btc"
"F100Q1001088",123,12,"btc"
"F100Q1001088",124,11,"btc"
"F100Q1001088",125,10,"btc"
"F100Q1001088",127,10,"btc"
"F100Q1001088",130,8,"btc"
"F100Q1001088",131,7,"btc"
"F100Q1001088",133,6,"btc"
"F100Q1001088",135,5,"btc"
"F100Q1001088",136,4,"btc"
"F100Q1001088",137,3,"btc"
"F100Q1001088",141,2,"btc"
"F100Q1001102",36,6,"btc"
"F100Q1001108",10,1,"btc"
"F100Q1001109",44,1,"btc"
"F100Q1001122",6,2,"btc"
"F100Q1001122",114,35,"btc"
"F100Q1001127",51,4,"btc"
"F100Q1001129",14,1,"btc"
"F100Q1001135",128,1,"btc"
"F100Q1001139",6,1,"btc"
"F100Q1001139",23,1,"btc"
"F100Q1001177",14,5,"FC"
"F100Q1001233",42,1,"btc"
"F100Q1001233",76,1,"btc"
"F100Q1001252",4,1,"btc"
"F100Q1001252",8,1,"btc"
"F100Q1001252",16,1,"btc"
"F100Q1001261",22,1,"btc"
"F100Q1001261",28,1,"btc"
"F100Q1001261",31,1,"btc"
"F100Q1001261",54,1,"btc"
"F100Q1001261",65,2,"btc"
"F100Q1001261",68,1,"btc"
"F100Q1001261",78,1,"btc"
"F100Q1001291",4,1,"btc"
"F100Q1001291",13,1,"btc"
"F100Q1001312",6,1,"btc"
"F100Q1001312",19,2,"btc"
"F100Q1001312",24,1,"btc"
"F100Q1001312",38,7,"btc"
"F100Q1001316",22,1,"btc"
"F100Q1001338",13,1,"btc"
"F100Q1001340",29,1,"btc"
"F100Q1001344",10,1,"btc"
"F100Q1001344",42,5,"btc"
"F100Q1001344",51,4,"btc"
"F100Q1001345",15,1,"btc"
"F100Q1001345",18,1,"btc"
"F100Q1001345",26,1,"btc"
"F100Q1001350",49,1,"btc"
"F100Q1001350",57,1,"btc"
"F100Q1001351",14,1,"btc"
"F100Q1001354",14,1,"btc"
"F100Q1001362",6,1,"btc"
"F100Q1001363",5,1,"btc"
"F100Q1001365",3,1,"btc"
"F100Q1001367",96,1,"btc"
"F100Q1001372",3,1,"btc"
"F100Q1001377",37,1,"btc"
"F100Q1001380",98,1,"btc"
"F100Q1001384",33,2,"btc"
"F100Q1001384",53,1,"btc"
"F100Q1001384",56,1,"btc"
"F100Q1001384",58,1,"btc"
"F100Q1001401",23,1,"btc"
"F100Q1001407",24,1,"btc"
"F100Q1001418",20,1,"btc"
"F100Q1001418",27,1,"btc"
"F100Q1001418",29,1,"btc"
"F100Q1001427",8,1,"btc"
"F100Q1001439",39,1,"btc"
"F100Q1001439",49,3,"btc"
"F100Q1001439",53,1,"btc"
"F100Q1001439",55,1,"btc"
"F100Q1001439",60,1,"btc"
"F100Q1001439",64,1,"btc"
"F100Q1001439",86,1,"btc"
"F100Q1001444",10,2,"btc"
"F100Q1001444",13,1,"btc"
"F100Q1001444",22,1,"btc"
"F100Q1001444",31,1,"btc"
"F100Q1001458",6,1,"btc"
"F100Q1001458",13,1,"btc"
"F100Q1001458",21,1,"btc"
"F100Q1001458",23,1,"btc"
"F100Q1001458",28,3,"btc"
"F100Q1001458",37,4,"btc"
"F100Q1001458",48,1,"btc"
"F100Q1001488",8,1,"btc"
"F100Q1001493",11,1,"btc"
"F100Q1001503",14,1,"btc"
"F100Q1001506",21,1,"btc"
"F100Q1001509",23,2,"btc"
"F100Q1001509",25,1,"btc"
"F100Q1001515",44,6,"btc"
"F100Q1001520",28,1,"btc"
"F100Q1001526",22,1,"btc"
"F100Q1001527",24,1,"btc"
"F100Q1001530",22,1,"btc"
"F100Q1001538",18,1,"btc"
"F100Q1001540",19,1,"btc"
"F100Q1001549",13,2,"btc"
"F100Q1001551",24,1,"btc"
"F100Q1001551",26,1,"btc"
"F100Q1001552",33,1,"btc"
"F100Q1001557",22,1,"btc"
"F100Q1001575",67,1,"btc"
"F100Q1001575",72,1,"btc"
"F100Q1001575",74,1,"btc"
"F100Q1001579",6,1,"btc"
"F100Q1001583",20,1,"btc"
"F100Q1001590",60,1,"btc"
"F100Q1001590",64,1,"btc"
"F100Q1001596",38,1,"btc"
"F100Q1001600",4,1,"btc"
"F100Q1001606",6,1,"btc"
"F100Q1001606",8,1,"btc"
"F100Q1001606",11,1,"btc"
"F100Q1001606",24,1,"btc"
"F100Q1001606",26,1,"btc"
"F100Q1001613",17,1,"btc"
"F100Q1001613",45,1,"btc"
"F100Q1001625",21,1,"btc"
"F100Q1001625",76,1,"btc"
"F100Q1001631",15,1,"btc"
"F100Q1001631",25,1,"btc"
"F100Q1001631",132,1,"btc"
"F100Q1001642",32,7,"btc"
"F100Q1001642",38,8,"btc"
"F100Q1001642",39,6,"btc"
"F100Q1001642",41,6,"btc"
"F100Q1001642",45,5,"btc"
"F100Q1001642",65,3,"btc"
"F100Q1001646",11,1,"btc"
"F100Q1001651",5,2,"btc"
"F100Q1001653",23,3,"btc"
"F100Q1001653",28,1,"btc"
"F100Q1001653",41,1,"btc"
"F100Q1001653",47,1,"btc"
"F100Q1001653",57,1,"btc"
"F100Q1001653",59,1,"btc"
"F100Q1001653",64,1,"btc"
"F100Q1001653",67,1,"btc"
"F100Q1001653",70,1,"btc"
"F100Q1001653",72,1,"btc"
"F100Q1001653",74,1,"btc"
"F100Q1001653",82,2,"btc"
"F100Q1001653",88,3,"btc"
"F100Q1001653",89,2,"btc"
"F100Q1001653",99,3,"btc"
"F100Q1001653",101,2,"btc"
"F100Q1001653",104,2,"btc"
"F100Q1001653",106,1,"btc"
"F100Q1001653",137,20,"btc"
"F100Q1001661",23,1,"btc"
"F100Q1001661",26,1,"btc"
"F100Q1001661",40,1,"btc"
"F100Q1001661",49,2,"btc"
"F100Q1001663",39,1,"btc"
"F100Q1001665",14,1,"btc"
"F100Q1001669",19,1,"btc"
"F100Q1001674",21,5,"btc"
"F100Q1001674",26,4,"btc"
"F100Q1001674",29,4,"btc"
"F100Q1001674",32,3,"btc"
"F100Q1001712",12,2,"btc"
"F100Q1001802",19,1,"btc"
"F100Q1001803",6,1,"btc"
"F100Q1001803",14,1,"btc"
"F100Q1001803",26,1,"btc"
"F100Q1001815",10,2,"btc"
"F100Q1001825",15,1,"btc"
"F100Q1001831",12,1,"btc"
"F100Q1001843",12,1,"btc"
"F100Q1001843",17,1,"btc"
"F100Q1001843",22,2,"btc"
"F100Q1001843",27,2,"btc"
"F100Q1001843",29,1,"btc"
"F100Q1001883",21,1,"btc"
"F100Q1001886",4,1,"btc"
"F100Q1001899",7,1,"btc"
"F100Q1001971",10,1,"btc"
"F100Q1002005",3,1,"btc"
"F100Q1002102",10,1,"btc"
"F100Q1002107",6,1,"btc"
"F100Q1002107",11,1,"btc"
"F100Q1002107",14,2,"btc"
"F100Q1002107",26,1,"btc"
"F100Q1002108",4,3,"btc"
"F100Q1002117",45,1,"btc"
"F100Q1002121",7,1,"btc"
"F100Q1002122",15,1,"btc"
"F100Q1002139",24,1,"btc"
"F100Q1002141",18,1,"btc"
"F100Q1002141",21,2,"btc"
"F100Q1002143",10,1,"btc"
"F100Q1002145",8,1,"btc"
"F100Q1002145",12,1,"btc"
"F100Q1002145",15,1,"btc"
"F100Q1002145",28,2,"btc"
"F100Q1002145",43,1,"btc"
"F100Q1002145",54,1,"btc"
"F100Q1002170",24,1,"btc"
"F100Q1002182",23,3,"btc"
"F100Q1002182",24,2,"btc"
"F100Q1002182",30,2,"btc"
"F100Q1002182",37,2,"btc"
"F100Q1002182",39,1,"btc"
"F100Q1002182",42,1,"btc"
"F100Q1002189",14,1,"btc"
"F100Q1002190",7,1,"btc"
"F100Q1002190",14,1,"btc"
"F100Q1002190",30,1,"btc"
"F100Q1002196",11,1,"btc"
"F100Q1002196",36,8,"btc"
"F100Q1002196",38,7,"btc"
"F100Q1002196",40,6,"btc"
"F100Q1002196",43,6,"btc"
"F100Q1002196",44,5,"btc"
"F100Q1002196",51,6,"btc"
"F100Q1002202",12,1,"btc"
"F100Q1002202",26,1,"btc"
"F100Q1002210",16,1,"btc"
"F100Q1002224",6,1,"btc"
"F100Q1002224",24,1,"btc"
"F100Q1002235",14,1,"btc"
"F100Q1002240",9,1,"btc"
"F100Q1002240",30,1,"btc"
"F100Q1002240",34,1,"btc"
"F100Q1002245",17,2,"btc"
"F100Q1002245",27,2,"btc"
"F100Q1002245",35,3,"btc"
"F100Q1002245",46,5,"btc"
"F100Q1002251",16,1,"btc"
"F100Q1002254",18,1,"btc"
"F100Q1002256",23,5,"btc"
"F100Q1002256",41,1,"btc"
"F100Q1002256",47,1,"btc"
"F100Q1002256",50,1,"btc"
"F100Q1002280",162,1,"btc"
"F100Q1002280",168,1,"btc"
"F100Q1002280",172,1,"btc"
"F100Q1002285",19,1,"btc"
"F100Q1002285",29,3,"btc"
"F100Q1002289",22,1,"btc"
"F100Q1002291",13,1,"btc"
"F100Q1002291",17,2,"btc"
"F100Q1002291",19,1,"btc"
"F100Q1002291",33,1,"btc"
"F100Q1002291",37,2,"btc"
"F100Q1002291",39,1,"btc"
"F100Q1002291",43,2,"btc"
"F100Q1002291",45,2,"btc"
"F100Q1002291",48,3,"btc"
"F100Q1002291",50,3,"btc"
"F100Q1002291",55,4,"btc"
"F100Q1002291",67,1,"btc"
"F100Q1002291",71,1,"btc"
"F100Q1002291",74,1,"btc"
"F100Q1002291",85,1,"btc"
"F100Q1002311",7,1,"btc"
"F100Q1002327",29,1,"btc"
"F100Q1002331",40,3,"btc"
"F100Q1002331",43,2,"btc"
"F100Q1002331",45,1,"btc"
"F100Q1002333",9,1,"btc"
"F100Q1002344",10,1,"btc"
"F100Q1002357",15,1,"btc"
"F100Q1002357",24,2,"btc"
"F100Q1002357",27,2,"btc"
"F100Q1002357",29,2,"btc"
"F100Q1002357",36,3,"btc"
"F100Q1002357",47,1,"btc"
"F100Q1002361",13,1,"btc"
"F100Q1002368",22,1,"btc"
"F100Q1002369",17,1,"btc"
"F100Q1002369",19,1,"btc"
"F100Q1002369",28,1,"btc"
"F100Q1002370",12,1,"btc"
"F100Q1002370",31,1,"btc"
"F100Q1002370",33,1,"btc"
"F100Q1002386",9,1,"btc"
"F100Q1002413",12,1,"btc"
"F100Q1002413",14,1,"btc"
"F100Q1002435",5,1,"btc"
"F100Q1002435",8,1,"btc"
"F100Q1002441",5,1,"btc"
"F100Q1002462",16,1,"btc"
"F100Q1002465",8,4,"btc"
"F100Q1002465",11,4,"btc"
"F100Q1002465",27,10,"btc"
"F100Q1002490",39,1,"btc"
"F100Q1002493",10,1,"btc"
"F100Q1002499",4,1,"btc"
"F100Q1002499",11,1,"btc"
"F100Q1002499",13,1,"btc"
"F100Q1002553",5,1,"btc"
"F100Q1002580",10,1,"btc"
"F100Q1002580",12,1,"btc"
"F100Q1002580",15,1,"btc"
"F100Q1002592",9,2,"btc"
"F100Q1002592",19,2,"btc"
"F100Q1002592",47,11,"btc"
"F100Q1002608",11,1,"btc"
"F100Q1002619",12,2,"btc"
"F100Q1002619",15,1,"btc"
"F100Q1002619",23,1,"btc"
"F100Q1002619",48,1,"btc"
"F100Q1002632",5,1,"btc"
"F100Q1002635",18,1,"btc"
"F100Q1002635",32,1,"btc"
"F100Q1002635",39,1,"btc"
"F100Q1002648",7,1,"btc"
"F100Q1002648",22,1,"btc"
"F100Q1002670",26,1,"btc"
"F100Q1002682",4,1,"btc"
"F100Q1002682",8,1,"btc"
"F100Q1002685",18,1,"btc"
"F100Q1002685",37,4,"btc"
"F100Q1002686",3,1,"btc"
"F100Q1002687",8,1,"btc"
"F100Q1002692",2,1,"btc"
"F100Q1002692",17,1,"btc"
"F100Q1002693",2,1,"btc"
"F100Q1002699",31,1,"btc"
"F100Q1002721",5,1,"btc"
"F100Q1002737",9,1,"btc"
"F100Q1002741",8,1,"btc"
"F100Q1002741",11,1,"btc"
"F100Q1002741",20,1,"btc"
"F100Q1002743",37,1,"btc"
"F100Q1002743",40,1,"btc"
"F100Q1002743",47,1,"btc"
"F100Q1002743",52,1,"btc"
"F100Q1002743",59,1,"btc"
"F100Q1002743",87,2,"btc"
"F100Q1002743",89,1,"btc"
"F100Q1002743",96,2,"btc"
"F100Q1002743",105,8,"btc"
"F100Q1002743",119,4,"btc"
"F100Q1002743",132,15,"FC"
"F100Q1002745",2,1,"btc"
"F100Q1002747",4,1,"btc"
"F100Q1002750",10,6,"btc"
"F100Q1002750",23,11,"btc"
"F100Q1002750",26,11,"btc"
"F100Q1002755",18,1,"btc"
"F100Q1002755",31,1,"btc"
"F100Q1002762",10,2,"btc"
"F100Q1002762",19,3,"btc"
"F100Q1002762",23,4,"btc"
"F100Q1002762",32,3,"btc"
"F100Q1002762",36,3,"btc"
"F100Q1002762",40,2,"btc"
"F100Q1002762",42,2,"btc"
"F100Q1002762",44,2,"btc"
"F100Q1002762",48,4,"btc"
"F100Q1002762",62,2,"btc"
"F100Q1002762",73,2,"btc"
"F100Q1002762",80,5,"btc"
"F100Q1002762",84,5,"btc"
"F100Q1002762",86,4,"btc"
"F100Q1002762",89,3,"btc"
"F100Q1002762",91,2,"btc"
"F100Q1002762",93,1,"btc"
"F100Q1002762",97,2,"btc"
"F100Q1002762",102,2,"btc"
"F100Q1002762",105,2,"btc"
"F100Q1002762",107,2,"btc"
"F100Q1002762",145,2,"btc"
"F100Q1002762",153,1,"btc"
"F100Q1002762",162,2,"btc"
"F100Q1002763",5,1,"btc"
"F100Q1002767",8,1,"btc"
"F100Q1002767",14,3,"btc"
"F100Q1002767",16,1,"btc"
"F100Q1002767",20,1,"btc"
"F100Q1002767",22,1,"btc"
"F100Q1002767",30,1,"btc"
"F100Q1002767",34,2,"btc"
"F100Q1002767",37,2,"btc"
"F100Q1002773",3,1,"btc"
"F100Q1002774",3,1,"btc"
"F100Q1002784",4,2,"btc"
"F100Q1002784",8,1,"btc"
"F100Q1002784",24,1,"btc"
"F100Q1002784",63,1,"btc"
"F100Q1002784",120,6,"btc"
"F100Q1002784",123,7,"btc"
"F100Q1002784",131,2,"btc"
"F100Q1002784",133,1,"btc"
"F100Q1002784",136,1,"btc"
"F100Q1002791",19,2,"btc"
"F100Q1002791",44,11,"btc"
"F100Q1002792",39,1,"btc"
"F100Q1002792",51,4,"btc"
"F100Q1002792",84,13,"btc"
"F100Q1002792",87,7,"btc"
"F100Q1002792",93,10,"btc"
"F100Q1002792",97,6,"btc"
"F100Q1002792",106,1,"btc"
"F100Q1002792",121,6,"btc"
"F100Q1002792",123,6,"btc"
"F100Q1002792",148,20,"btc"
"F100Q1002792",154,23,"btc"
"F100Q1002793",3,1,"btc"
"F100Q1002794",16,1,"btc"
"F100Q1002794",19,1,"btc"
"F100Q1002794",22,1,"btc"
"F100Q1002796",12,1,"btc"
"F100Q1002796",17,1,"btc"
"F100Q1002796",25,1,"btc"
"F100Q1002796",27,1,"btc"
"F100Q1002796",31,1,"btc"
"F100Q1002804",4,1,"btc"
"F100Q1002820",26,3,"btc"
"F100Q1002820",34,1,"btc"
"F100Q1002820",37,2,"btc"
"F100Q1002820",43,3,"btc"
"F100Q1002820",49,4,"btc"
"F100Q1002820",51,1,"btc"
"F100Q1002863",51,1,"btc"
"F100Q1002864",18,1,"btc"
"F100Q1002878",15,1,"btc"
"F100Q1002878",21,1,"btc"
"F100Q1002878",23,1,"btc"
"F100Q1002878",27,1,"btc"
"F100Q1002897",10,1,"btc"
"F100Q1002904",5,1,"btc"
"F100Q1002906",10,1,"btc"
"F100Q1002933",2,1,"btc"
"F100Q1002934",13,1,"btc"
"F100Q1002946",3,1,"btc"
"F100Q1002946",6,1,"btc"
"F100Q1002952",36,1,"btc"
"F100Q1002952",39,1,"btc"
"F100Q1002952",51,1,"btc"
"F100Q1002982",5,1,"btc"
"F100Q1002991",23,2,"btc"
"F100Q1002991",25,1,"btc"
"F100Q1002991",31,1,"btc"
"F100Q1002991",35,1,"btc"
"F100Q1002991",39,2,"btc"
"F100Q1002991",41,1,"btc"
"F100Q1002993",17,2,"btc"
"F100Q1002993",25,1,"btc"
"F100Q1002993",28,1,"btc"
"F100Q1002993",31,2,"btc"
"F100Q1002993",36,1,"btc"
"F100Q1002993",42,1,"btc"
"F100Q1002993",47,2,"btc"
"F100Q1002993",49,2,"btc"
"F100Q1002993",56,2,"btc"
"F100Q1002993",61,4,"btc"
"F100Q1002993",63,1,"btc"
"F100Q1002993",66,1,"btc"
"F100Q1002993",70,1,"btc"
"F100Q1002993",72,1,"btc"
"F100Q1002993",76,2,"btc"
"F100Q1002993",81,3,"btc"
"F100Q1002993",82,2,"btc"
"F100Q1002993",84,1,"btc"
"F100Q1002993",87,2,"btc"
"F100Q1002993",91,3,"btc"
"F100Q1002993",93,2,"btc"
"F100Q1002993",101,7,"btc"
"F100Q1002993",110,14,"btc"
"F100Q1002993",117,1,"btc"
"F100Q1002993",123,2,"btc"
"F100Q1002993",125,2,"btc"
"F100Q1002993",132,2,"btc"
"F100Q1002993",134,2,"btc"
"F100Q1002993",136,1,"btc"
"F100Q1002993",143,1,"btc"
"F100Q1003007",12,1,"btc"
"F100Q1003013",20,1,"btc"
"F100Q1003013",24,1,"btc"
"F100Q1003013",27,1,"btc"
"F100Q1003013",36,6,"btc"
"F100Q1003013",38,1,"btc"
"F100Q1003013",40,1,"btc"
"F100Q1003013",42,1,"btc"
"F100Q1003014",31,2,"btc"
"F100Q1003014",38,1,"btc"
"F100Q1003014",46,2,"btc"
"F100Q1003021",7,1,"btc"
"F100Q1003021",10,1,"btc"
"F100Q1003021",15,1,"btc"
"F100Q1003021",21,1,"btc"
"F100Q1003021",25,1,"btc"
"F100Q1003021",30,1,"btc"
"F100Q1003021",38,2,"btc"
"F100Q1003021",41,1,"btc"
"F100Q1003021",43,1,"btc"
"F100Q1003021",47,2,"btc"
"F100Q1003021",49,1,"btc"
"F100Q1003021",51,1,"btc"
"F100Q1003021",56,3,"btc"
"F100Q1003021",63,1,"btc"
"F100Q1003021",68,1,"btc"
"F100Q1003021",75,2,"btc"
"F100Q1003021",78,1,"btc"
"F100Q1003021",83,2,"btc"
"F100Q1003021",87,2,"btc"
"F100Q1003021",90,2,"btc"
"F100Q1003021",97,2,"btc"
"F100Q1003021",100,1,"btc"
"F100Q1003021",108,2,"btc"
"F100Q1003021",110,1,"btc"
"F100Q1003021",114,1,"btc"
"F100Q1003021",119,1,"btc"
"F100Q1003021",140,2,"btc"
"F100Q1003021",147,1,"btc"
"F100Q1003021",171,1,"btc"
"F100Q1003030",10,1,"btc"
"F100Q1003034",4,1,"btc"
"F100Q1003045",50,2,"btc"
"F100Q1003045",54,4,"btc"
"F100Q1003048",6,1,"btc"
"F100Q1003048",12,1,"btc"
"F100Q1003053",14,2,"btc"
"F100Q1003055",7,1,"btc"
"F100Q1003074",5,2,"btc"
"F100Q1003081",3,1,"btc"
"F100Q1003092",30,1,"btc"
"F100Q1003092",55,3,"btc"
"F100Q1003107",10,1,"btc"
"F100Q1003121",5,1,"btc"
"F100Q1003121",42,5,"FC"
"F100Q1003164",7,1,"btc"
"F100Q1003169",104,1,"btc"
"F100Q1003169",109,2,"btc"
"F100Q1003169",121,2,"btc"
"F100Q1003169",124,1,"btc"
"F100Q1003169",131,2,"btc"
"F100Q1003181",14,2,"btc"
"F100Q1003189",5,1,"btc"
"F100Q1003193",23,2,"btc"
"F100Q1003198",11,1,"btc"
"F100Q1003198",22,1,"btc"
"F100Q1003198",28,4,"btc"
"F100Q1003198",38,1,"btc"
"F100Q1003198",47,2,"btc"
"F100Q1003206",12,1,"btc"
"F100Q1003219",15,1,"btc"
"F100Q1003219",22,2,"btc"
"F100Q1003219",33,1,"btc"
"F100Q1003219",40,1,"btc"
"F100Q1003219",54,1,"btc"
"F100Q1003219",65,1,"btc"
"F100Q1003260",47,1,"btc"
"F100Q1003260",114,1,"btc"
"F100Q1003280",12,1,"btc"
"F100Q1003286",14,1,"btc"
"F100Q1003303",6,1,"btc"
"F100Q1003332",34,1,"btc"
"F100Q1003332",40,1,"btc"
"F100Q1003341",3,1,"btc"
"F100Q1003343",11,1,"btc"
"F100Q1003345",12,1,"btc"
"F100Q1003345",36,1,"btc"
"F100Q1003345",56,1,"btc"
"F100Q1003349",35,1,"btc"
"F100Q1003350",12,1,"btc"
"F100Q1003350",17,1,"btc"
"F100Q1003357",30,1,"btc"
"F100Q1003357",34,1,"btc"
"F100Q1003357",38,1,"btc"
"F100Q1003358",28,1,"btc"
"F100Q1003358",33,1,"btc"
"F100Q1003362",10,1,"btc"
"F100Q1003362",39,1,"btc"
"F100Q1003365",33,1,"btc"
"F100Q1003365",39,1,"btc"
"F100Q1003365",45,1,"btc"
"F100Q1003369",3,1,"btc"
"F100Q1003374",32,1,"btc"
"F100Q1003374",36,2,"btc"
"F100Q1003374",40,1,"btc"
"F100Q1003374",50,1,"btc"
"F100Q1003374",57,4,"btc"
"F100Q1003374",63,5,"btc"
"F100Q1003374",71,3,"btc"
"F100Q1003378",4,1,"btc"
"F100Q1003400",6,1,"btc"
"F100Q1003400",37,1,"btc"
"F100Q1003401",12,1,"btc"
"F100Q1003402",5,1,"btc"
"F100Q1003410",21,1,"btc"
"F100Q1003410",28,1,"btc"
"F100Q1003410",30,1,"btc"
"F100Q1003410",34,1,"btc"
"F100Q1003413",9,1,"btc"
"F100Q1003425",12,1,"btc"
"F100Q1003441",30,2,"btc"
"F100Q1003441",34,1,"btc"
"F100Q1003441",36,1,"btc"
"F100Q1003444",16,2,"btc"
"F100Q1003444",24,3,"btc"
"F100Q1003444",29,5,"btc"
"F100Q1003444",47,1,"btc"
"F100Q1003444",68,1,"btc"
"F100Q1003446",7,1,"btc"
"F100Q1003446",10,1,"btc"
"F100Q1003446",15,1,"btc"
"F100Q1003446",17,1,"btc"
"F100Q1003446",19,1,"btc"
"F100Q1003446",22,1,"btc"
"F100Q1003446",28,1,"btc"
"F100Q1003446",37,8,"btc"
"F100Q1003446",46,1,"btc"
"F100Q1003446",55,6,"btc"
"F100Q1003452",6,1,"btc"
"F100Q1003453",14,1,"btc"
"F100Q1003454",5,1,"btc"
"F100Q1003457",6,1,"btc"
"F100Q1003459",13,6,"btc"
"F100Q1003459",20,3,"btc"
"F100Q1003459",24,2,"btc"
"F100Q1003466",24,1,"btc"
"F100Q1003466",33,1,"btc"
"F100Q1003467",7,1,"btc"
"F100Q1003467",10,1,"btc"
"F100Q1003467",15,1,"btc"
"F100Q1003467",18,2,"btc"
"F100Q1003467",20,2,"btc"
"F100Q1003467",22,2,"btc"
"F100Q1003467",24,2,"btc"
"F100Q1003467",27,1,"btc"
"F100Q1003467",45,2,"btc"
"F100Q1003467",56,1,"btc"
"F100Q1003481",67,1,"btc"
"F100Q1003488",48,2,"btc"
"F100Q1003488",67,2,"btc"
"F100Q1003488",78,3,"btc"
"F100Q1003500",39,1,"btc"
"F100Q1003511",38,1,"btc"
"F100Q1003514",17,1,"btc"
"F100Q1003525",11,1,"btc"
"F100Q1003525",14,1,"btc"
"F100Q1003525",17,2,"btc"
"F100Q1003525",22,4,"btc"
"F100Q1003525",30,1,"btc"
"F100Q1003525",41,1,"btc"
"F100Q1003525",44,1,"btc"
"F100Q1003525",50,1,"btc"
"F100Q1003525",59,1,"btc"
"F100Q1003525",77,1,"btc"
"F100Q1003525",84,1,"btc"
"F100Q1003525",92,1,"btc"
"F100Q1003525",123,1,"btc"
"F100Q1003525",141,1,"btc"
"F100Q1003525",145,1,"btc"
"F100Q1003528",3,1,"btc"
"F100Q1003528",9,1,"btc"
"F100Q1003528",13,1,"btc"
"F100Q1003528",17,1,"btc"
"F100Q1003545",57,1,"btc"
"F100Q1003545",66,1,"btc"
"F100Q1003545",73,1,"btc"
"F100Q1003545",94,1,"btc"
"F100Q1003545",97,2,"btc"
"F100Q1003545",105,15,"btc"
"F100Q1003545",141,2,"btc"
"F100Q1003545",145,2,"btc"
"F100Q1003548",32,1,"btc"
"F100Q1003550",70,4,"btc"
"F100Q1003550",76,1,"btc"
"F100Q1003550",79,1,"btc"
"F100Q1003550",81,1,"btc"
"F100Q1003550",83,1,"btc"
"F100Q1003550",85,1,"btc"
"F100Q1003550",87,1,"btc"
"F100Q1003550",89,1,"btc"
"F100Q1003569",4,1,"btc"
"F100Q1003583",2,1,"btc"
"F100Q1003583",8,1,"btc"
"F100Q1003589",26,1,"btc"
"F100Q1003595",13,1,"btc"
"F100Q1003595",21,1,"btc"
"F100Q1003607",5,1,"btc"
"F100Q1003609",4,1,"btc"
"F100Q1003634",9,1,"btc"
"F100Q1003635",8,1,"btc"
"F100Q1003635",27,1,"btc"
"F100Q1003640",14,1,"btc"
"F100Q1003644",9,1,"btc"
"F100Q1003649",8,1,"btc"
"F100Q1003649",50,2,"btc"
"F100Q1003649",52,1,"btc"
"F100Q1003649",54,1,"btc"
"F100Q1003649",56,1,"btc"
"F100Q1003649",66,2,"btc"
"F100Q1003649",100,2,"btc"
"F100Q1003649",102,1,"btc"
"F100Q1003649",122,2,"btc"
"F100Q1003649",125,2,"btc"
"F100Q1003649",138,1,"btc"
"F100Q1003652",38,1,"btc"
"F100Q1003652",66,1,"btc"
"F100Q1003652",89,1,"btc"
"F100Q1003652",91,1,"btc"
"F100Q1003652",94,1,"btc"
"F100Q1003652",103,1,"btc"
"F100Q1003652",107,1,"btc"
"F100Q1003655",8,1,"btc"
"F100Q1003655",10,1,"btc"
"F100Q1003655",12,1,"btc"
"F100Q1003655",14,1,"btc"
"F100Q1003655",18,1,"btc"
"F100Q1003655",22,1,"btc"
"F100Q1003655",24,1,"btc"
"F100Q1003655",26,1,"btc"
"F100Q1003655",28,1,"btc"
"F100Q1003655",32,1,"btc"
"F100Q1003655",36,3,"btc"
"F100Q1003655",40,3,"btc"
"F100Q1003655",42,1,"btc"
"F100Q1003655",44,1,"btc"
"F100Q1003655",47,2,"btc"
"F100Q1003655",51,3,"FC"
"F100Q1003676",56,1,"btc"
"F100Q1003677",19,1,"btc"
"F100Q1003680",12,2,"btc"
"F100Q1003680",15,2,"btc"
"F100Q1003680",18,2,"btc"
"F100Q1003680",22,2,"btc"
"F100Q1003680",28,5,"btc"
"F100Q1003680",48,12,"btc"
"F100Q1003682",11,1,"btc"
"F100Q1003690",7,1,"btc"
"F100Q1003698",27,1,"btc"
"F100Q1003702",6,1,"btc"
"F100Q1003702",31,2,"btc"
"F100Q1003702",33,2,"btc"
"F100Q1003702",44,1,"btc"
"F100Q1003702",46,1,"btc"
"F100Q1003710",17,1,"btc"
"F100Q1003715",31,2,"btc"
"F100Q1003715",41,12,"btc"
"F100Q1003717",4,1,"btc"
"F100Q1003717",7,2,"btc"
"F100Q1003717",12,2,"btc"
"F100Q1003717",14,1,"btc"
"F100Q1003717",18,1,"btc"
"F100Q1003717",20,1,"btc"
"F100Q1003718",18,1,"btc"
"F100Q1003730",11,1,"btc"
"F100Q1003736",23,1,"btc"
"F100Q1003744",11,1,"btc"
"F100Q1003751",24,1,"btc"
"F100Q1003751",26,1,"btc"
"F100Q1003751",47,1,"btc"
"F100Q1003752",18,1,"btc"
"F100Q1003752",27,1,"btc"
"F100Q1003755",29,1,"btc"
"F100Q1003755",35,1,"btc"
"F100Q1003759",4,1,"btc"
"F100Q1003775",10,2,"btc"
"F100Q1003775",12,2,"btc"
"F100Q1003777",10,2,"btc"
"F100Q1003777",12,2,"btc"
"F100Q1003784",5,1,"btc"
"F100Q1003784",10,1,"btc"
"F100Q1003784",28,2,"btc"
"F100Q1003784",38,2,"btc"
"F100Q1003784",40,2,"btc"
"F100Q1003784",42,1,"btc"
"F100Q1003784",44,1,"btc"
"F100Q1003784",46,1,"btc"
"F100Q1003784",48,1,"btc"
"F100Q1003784",55,4,"btc"
"F100Q1003784",92,1,"btc"
"F100Q1003784",98,1,"btc"
"F100Q1003784",104,1,"btc"
"F100Q1003784",125,1,"btc"
"F100Q1003784",128,1,"btc"
"F100Q1003784",133,1,"btc"
"F100Q1003784",136,1,"btc"
"F100Q1003784",144,1,"btc"
"F100Q1003784",146,1,"btc"
"F100Q1003784",166,1,"btc"
"F100Q1003794",10,1,"btc"
"F100Q1003796",20,1,"btc"
"F100Q1003800",6,1,"btc"
"F100Q1003809",24,1,"btc"
"F100Q1003811",22,1,"btc"
"F100Q1003816",5,2,"btc"
"F100Q1003819",5,1,"btc"
"F100Q1003826",22,1,"btc"
"F100Q1003834",21,1,"btc"
"F100Q1003847",19,1,"btc"
"F100Q1003852",33,1,"btc"
"F100Q1003853",12,1,"btc"
"F100Q1003855",4,1,"btc"
"F100Q1003889",9,1,"btc"
"F100Q1003889",17,4,"btc"
"F100Q1003901",7,1,"btc"
"F100Q1003914",8,1,"btc"
"F100Q1003914",10,1,"btc"
"F100Q1003914",17,1,"btc"
"F100Q1003917",29,2,"btc"
"F100Q1003917",47,1,"btc"
"F100Q1003917",65,1,"btc"
"F100Q1003917",75,1,"btc"
"F100Q1003917",83,1,"btc"
"F100Q1003917",85,1,"btc"
"F100Q1003917",87,1,"btc"
"F100Q1003917",90,1,"btc"
"F100Q1003917",93,1,"btc"
"F100Q1003917",95,1,"btc"
"F100Q1003917",97,1,"btc"
"F100Q1003917",102,3,"btc"
"F100Q1003917",104,1,"btc"
"F100Q1003917",109,2,"btc"
"F100Q1003919",68,2,"btc"
"F100Q1003919",121,13,"btc"
"F100Q1003919",122,2,"btc"
"F100Q1003919",129,2,"btc"
"F100Q1003919",141,28,"btc"
"F100Q1003938",47,1,"btc"
"F100Q1003942",16,1,"btc"
"F100Q1003942",19,1,"btc"
"F100Q1003942",59,1,"btc"
"F100Q1003965",5,1,"btc"
"F100Q1003978",15,1,"btc"
"F100Q1003991",7,1,"btc"
"F100Q1003993",4,1,"btc"
"F100Q1003999",6,1,"btc"
"F100Q1003999",9,1,"btc"
"F100Q1003999",27,10,"btc"
"F100Q1004015",87,1,"btc"
"F100Q1004030",25,1,"btc"
"F100Q1004030",32,2,"btc"
"F100Q1004038",3,1,"btc"
"F100Q1004040",16,1,"btc"
"F100Q1004049",29,1,"btc"
"F100Q1004059",19,1,"btc"
"F100Q1004086",5,1,"btc"
"F100Q1004086",31,1,"btc"
"F100Q1004087",3,1,"btc"
"F100Q1004119",22,1,"btc"
"F100Q1004129",8,1,"btc"
"F100Q1004139",7,1,"btc"
"F100Q1004177",27,1,"btc"
"F100Q1004177",34,1,"btc"
"F100Q1004178",9,1,"btc"
"F100Q1004198",86,1,"btc"
"F100Q1004207",3,1,"btc"
"F100Q1004216",28,1,"btc"
"F100Q1004217",18,1,"btc"
"F100Q1004228",24,1,"btc"
"F100Q1004230",20,3,"btc"
"F100Q1004230",25,3,"btc"
"F100Q1004230",27,3,"btc"
"F100Q1004230",31,5,"btc"
"F100Q1004230",36,5,"btc"
"F100Q1004230",37,3,"btc"
"F100Q1004230",48,1,"btc"
"F100Q1004230",50,1,"btc"
"F100Q1004230",54,1,"btc"
"F100Q1004232",14,1,"btc"
"F100Q1004232",21,1,"btc"
"F100Q1004232",25,1,"btc"
"F100Q1004246",28,1,"btc"
"F100Q1004264",54,1,"btc"
"F100Q1004264",91,1,"btc"
"F100Q1004264",96,1,"btc"
"F100Q1004264",99,2,"btc"
"F100Q1004264",102,1,"btc"
"F100Q1004264",107,1,"btc"
"F100Q1004264",110,1,"btc"
"F100Q1004264",115,1,"btc"
"F100Q1004264",120,1,"btc"
"F100Q1004264",124,2,"btc"
"F100Q1004264",128,2,"btc"
"F100Q1004264",135,6,"FC"
"F100Q1004265",32,1,"btc"
"F100Q1004282",10,1,"btc"
"F100Q1004299",9,1,"btc"
"F100Q1004299",19,1,"btc"
"F100Q1004299",26,1,"btc"
"F100Q1004304",36,1,"btc"
"F100Q1004311",16,1,"btc"
"F100Q1004311",19,1,"btc"
"F100Q1004311",30,1,"btc"
"F100Q1004311",67,1,"btc"
"F100Q1004311",69,1,"btc"
"F100Q1004320",20,1,"btc"
"F100Q1004327",18,2,"btc"
"F100Q1004327",21,10,"btc"
"F100Q1004327",24,10,"btc"
"F100Q1004327",30,12,"btc"
"F100Q1004327",34,2,"btc"
"F100Q1004327",38,10,"btc"
"F100Q1004327",39,2,"btc"
"F100Q1004327",52,17,"btc"
"F100Q1004337",8,1,"btc"
"F100Q1004337",13,1,"btc"
"F100Q1004342",15,2,"btc"
"F100Q1004342",20,1,"btc"
"F100Q1004347",18,1,"btc"
"F100Q1004347",30,1,"btc"
"F100Q1004349",19,2,"btc"
"F100Q1004354",4,1,"btc"
"F100Q1004358",16,1,"btc"
"F100Q1004361",3,1,"btc"
"F100Q1004361",15,1,"btc"
"F100Q1004362",28,1,"btc"
"F100Q1004364",3,1,"btc"
"F100Q1004372",31,1,"btc"
"F100Q1004376",13,1,"btc"
"F100Q1004380",21,1,"btc"
"F100Q1004381",27,1,"btc"
"F100Q1004384",18,1,"btc"
"F100Q1004384",21,1,"btc"
"F100Q1004384",36,1,"btc"
"F100Q1004399",26,1,"btc"
"F100Q1004414",22,1,"btc"
"F100Q1004416",17,1,"btc"
"F100Q1004442",14,1,"btc"
"F100Q1004443",5,1,"btc"
"F100Q1004454",44,1,"btc"
"F100Q1004464",5,1,"btc"
"F100Q1004464",7,2,"btc"
"F100Q1004464",10,1,"btc"
"F100Q1004464",19,8,"btc"
"F100Q1004464",22,1,"btc"
"F100Q1004466",13,1,"btc"
"F100Q1004485",7,1,"btc"
"F100Q1004489",26,1,"btc"
"F100Q1004503",10,1,"btc"
"F100Q1004503",16,1,"btc"
"F100Q1004503",21,1,"btc"
"F100Q1004503",28,2,"btc"
"F100Q1004503",31,2,"btc"
"F100Q1004503",38,6,"btc"
"F100Q1004503",46,5,"btc"
"F100Q1004503",49,1,"btc"
"F100Q1004503",54,1,"btc"
"F100Q1004503",58,2,"btc"
"F100Q1004503",61,1,"btc"
"F100Q1004503",64,2,"btc"
"F100Q1004503",66,2,"btc"
"F100Q1004503",70,1,"btc"
"F100Q1004503",73,1,"btc"
"F100Q1004503",75,1,"btc"
"F100Q1004503",82,1,"btc"
"F100Q1004503",118,1,"btc"
"F100Q1004507",14,1,"btc"
"F100Q1004507",22,1,"btc"
"F100Q1004507",27,1,"btc"
"F100Q1004507",29,1,"btc"
"F100Q1004507",32,2,"btc"
"F100Q1004507",39,1,"btc"
"F100Q1004507",52,1,"btc"
"F100Q1004507",63,1,"btc"
"F100Q1004507",67,1,"btc"
"F100Q1004518",4,1,"btc"
"F100Q1004532",5,1,"btc"
"F100Q1004532",8,1,"btc"
"F100Q1004532",11,2,"btc"
"F100Q1004532",14,1,"btc"
"F100Q1004532",19,1,"btc"
"F100Q1004532",22,1,"btc"
"F100Q1004532",27,1,"btc"
"F100Q1004532",29,1,"btc"
"F100Q1004532",33,1,"btc"
"F100Q1004532",36,1,"btc"
"F100Q1004532",40,1,"btc"
"F100Q1004532",43,2,"btc"
"F100Q1004532",48,2,"btc"
"F100Q1004532",50,2,"btc"
"F100Q1004532",53,2,"btc"
"F100Q1004532",55,2,"btc"
"F100Q1004532",58,2,"btc"
"F100Q1004532",61,2,"btc"
"F100Q1004532",63,2,"btc"
"F100Q1004532",65,2,"btc"
"F100Q1004535",32,1,"btc"
"F100Q1004537",7,1,"btc"
"F100Q1004537",11,2,"btc"
"F100Q1004560",5,3,"btc"
"F100Q1004560",7,2,"btc"
"F100Q1004560",9,2,"btc"
"F100Q1004560",11,2,"btc"
"F100Q1004560",18,7,"btc"
"F100Q1004563",13,1,"btc"
"F100Q1004563",23,1,"btc"
"F100Q1004573",10,1,"btc"
"F100Q1004575",55,1,"btc"
"F100Q1004589",17,1,"btc"
"F100Q1004602",11,1,"btc"
"F100Q1004602",13,1,"btc"
"F100Q1004602",21,1,"btc"
"F100Q1004602",41,1,"btc"
"F100Q1004607",27,1,"btc"
"F100Q1004625",7,1,"btc"
"F100Q1004634",11,1,"btc"
"F100Q1004644",25,1,"btc"
"F100Q1004660",22,1,"btc"
"F100Q1004660",29,2,"btc"
"F100Q1004663",28,1,"btc"
"F100Q1004668",48,1,"btc"
"F100Q1004668",82,1,"btc"
"F100Q1004668",111,1,"btc"
"F100Q1004676",10,1,"btc"
"F100Q1004676",20,1,"btc"
"F100Q1004676",23,1,"btc"
"F100Q1004676",26,1,"btc"
"F100Q1004676",29,1,"btc"
"F100Q1004676",32,1,"btc"
"F100Q1004676",35,1,"btc"
"F100Q1004681",3,1,"btc"
"F100Q1004687",38,1,"btc"
"F100Q1004687",41,1,"btc"
"F100Q1004687",43,1,"btc"
"F100Q1004696",15,2,"btc"
"F100Q1004711",19,1,"btc"
"F100Q1004713",22,1,"btc"
"F100Q1004713",25,1,"btc"
"F100Q1004713",33,1,"btc"
"F100Q1004718",6,1,"btc"
"F100Q1004719",17,1,"btc"
"F100Q1004734",33,1,"btc"
"F100Q1004749",29,2,"btc"
"F100Q1004776",18,1,"btc"
"F100Q1004783",17,1,"btc"
"F100Q1004783",22,1,"btc"
"F100Q1004783",26,1,"btc"
"F100Q1004783",32,1,"btc"
"F100Q1004783",37,1,"btc"
"F100Q1004783",39,1,"btc"
"F100Q1004783",41,1,"btc"
"F100Q1004788",13,2,"btc"
"F100Q1004796",22,1,"btc"
"F100Q1004796",27,1,"btc"
"F100Q1004801",13,1,"btc"
"F100Q1004803",16,1,"btc"
"F100Q1004804",17,2,"btc"
"F100Q1004804",21,1,"btc"
"F100Q1004810",4,1,"btc"
"F100Q1004816",45,2,"btc"
"F100Q1004836",13,1,"btc"
"F100Q1004836",15,1,"btc"
"F100Q1004845",22,1,"btc"
"F100Q1004854",17,1,"btc"
"F100Q1004854",19,1,"btc"
"F100Q1004854",24,1,"btc"
"F100Q1004854",29,1,"btc"
"F100Q1004854",33,2,"btc"
"F100Q1004854",39,2,"btc"
"F100Q1004854",46,2,"btc"
"F100Q1004854",50,2,"btc"
"F100Q1004854",56,3,"btc"
"F100Q1004854",63,1,"btc"
"F100Q1004874",28,1,"btc"
"F100Q1004886",4,1,"btc"
"F100Q1004905",18,1,"btc"
"F100Q1004918",29,1,"btc"
"F100Q1004924",33,1,"btc"
"F100Q1004924",37,1,"btc"
"F100Q1004930",8,1,"btc"
"F100Q1004937",20,1,"btc"
"F100Q1004939",24,1,"btc"
"F100Q1004943",13,1,"btc"
"F100Q1004944",6,1,"btc"
"F100Q1004944",13,1,"btc"
"F100Q1004959",3,1,"btc"
"F100Q1004959",13,1,"btc"
"F100Q1004964",16,1,"btc"
"F100Q1004968",15,1,"btc"
"F100Q1004982",27,1,"btc"
"F100Q1004982",29,1,"btc"
"F100Q1004982",34,1,"btc"
"F100Q1005000",20,12,"FC"
"F100Q1005007",14,1,"btc"
"F100Q1005010",10,1,"btc"
"F100Q1005013",12,1,"btc"
"F100Q1005051",9,1,"btc"
"F100Q1005051",16,2,"btc"
"F100Q1005051",20,3,"btc"
"F100Q1005066",5,1,"btc"
"F100Q1005066",13,6,"btc"
"F100Q1005067",16,1,"btc"
"F100Q1005067",20,2,"btc"
"F100Q1005067",23,2,"btc"
"F100Q1005067",26,2,"btc"
"F100Q1005068",5,1,"btc"
"F100Q1005068",15,1,"btc"
"F100Q1005068",17,1,"btc"
"F100Q1005068",19,1,"btc"
"F100Q1005068",40,2,"btc"
"F100Q1005068",68,23,"FC"
"F100Q1005076",16,1,"btc"
"F100Q1005098",62,1,"btc"
"F100Q1005106",5,1,"btc"
"F100Q1005106",54,1,"btc"
"F100Q1005106",57,1,"btc"
"F100Q1005106",62,2,"btc"
"F100Q1005106",75,3,"btc"
"F100Q1005106",101,12,"btc"
"F100Q1005106",117,21,"btc"
"F100Q1005106",120,19,"btc"
"F100Q1005125",42,1,"btc"
"F100Q1005127",7,1,"btc"
"F100Q1005190",9,1,"btc"
"F100Q1005194",24,1,"btc"
"F100Q1005223",25,1,"btc"
"F100Q1005224",55,1,"btc"
"F100Q1005224",78,1,"btc"
"F100Q1005224",82,1,"btc"
"F100Q1005224",105,1,"btc"
"F100Q1005224",111,1,"btc"
"F100Q1005224",120,1,"btc"
"F100Q1005224",129,2,"btc"
"F100Q1005224",134,1,"btc"
"F100Q1005224",154,1,"btc"
"F100Q1005225",11,1,"btc"
"F100Q1005231",62,1,"btc"
"F100Q1005231",77,1,"btc"
"F100Q1005231",85,1,"btc"
"F100Q1005231",94,1,"btc"
"F100Q1005231",110,1,"btc"
"F100Q1005231",116,1,"btc"
"F100Q1005231",121,1,"btc"
"F100Q1005231",124,1,"btc"
"F100Q1005231",143,1,"btc"
"F100Q1005231",145,1,"btc"
"F100Q1005231",148,1,"btc"
"F100Q1005231",152,1,"btc"
"F100Q1005231",157,1,"btc"
"F100Q1005232",7,1,"btc"
"F100Q1005232",11,1,"btc"
"F100Q1005232",19,1,"btc"
"F100Q1005232",32,1,"btc"
"F100Q1005232",36,1,"btc"
"F100Q1005232",39,1,"btc"
"F100Q1005232",41,1,"btc"
"F100Q1005232",44,1,"btc"
"F100Q1005232",53,2,"btc"
"F100Q1005232",55,2,"btc"
"F100Q1005232",64,2,"btc"
"F100Q1005232",66,1,"btc"
"F100Q1005232",83,7,"btc"
"F100Q1005232",89,2,"btc"
"F100Q1005232",93,1,"btc"
"F100Q1005232",101,1,"btc"
"F100Q1005232",116,1,"btc"
"F100Q1005232",129,2,"btc"
"F100Q1005232",138,3,"btc"
"F100Q1005232",139,2,"btc"
"F100Q1005232",142,1,"btc"
"F100Q1005232",145,1,"btc"
"F100Q1005232",153,2,"btc"
"F100Q1005234",10,1,"btc"
"F100Q1005234",27,1,"btc"
"F100Q1005234",29,1,"btc"
"F100Q1005235",127,1,"btc"
"F100Q1005277",25,1,"btc"
"F100Q1005287",12,1,"btc"
"F100Q1005290",36,1,"btc"
"F100Q1005290",40,1,"btc"
"F100Q1005290",45,1,"btc"
"F100Q1005290",100,1,"btc"
"F100Q1005290",114,1,"btc"
"F100Q1005290",125,1,"btc"
"F100Q1005290",134,1,"btc"
"F100Q1005290",146,1,"btc"
"F100Q1005296",17,1,"btc"
"F100Q1005311",2,1,"btc"
"F100Q1005340",16,1,"btc"
"F100Q1005340",19,1,"btc"
"F100Q1005344",6,1,"btc"
"F100Q1005344",12,1,"btc"
"F100Q1005344",20,2,"btc"
"F100Q1005344",24,2,"btc"
"F100Q1005344",27,2,"btc"
"F100Q1005344",31,3,"btc"
"F100Q1005349",8,1,"btc"
"F100Q1005349",10,1,"btc"
"F100Q1005349",14,1,"btc"
"F100Q1005349",16,1,"btc"
"F100Q1005349",20,1,"btc"
"F100Q1005349",23,1,"btc"
"F100Q1005350",12,1,"btc"
"F100Q1005361",7,1,"btc"
"F100Q1005361",12,2,"btc"
"F100Q1005361",15,1,"btc"
"F100Q1005361",17,1,"btc"
"F100Q1005361",19,1,"btc"
"F100Q1005361",23,2,"btc"
"F100Q1005361",25,1,"btc"
"F100Q1005361",28,2,"btc"
"F100Q1005370",173,1,"btc"
"F100Q1005377",7,1,"btc"
"F100Q1005377",9,1,"btc"
"F100Q1005377",14,3,"btc"
"F100Q1005377",26,11,"FC"
"F100Q1005385",26,1,"btc"
"F100Q1005387",10,1,"btc"
"F100Q1005387",51,1,"btc"
"F100Q1005387",54,1,"btc"
"F100Q1005410",5,1,"btc"
"F100Q1005410",13,3,"btc"
"F100Q1005410",18,2,"btc"
"F100Q1005410",20,2,"btc"
"F100Q1005410",22,2,"btc"
"F100Q1005410",41,1,"btc"
"F100Q1005410",57,1,"btc"
"F100Q1005410",60,2,"btc"
"F100Q1005410",73,1,"btc"
"F100Q1005410",86,1,"btc"
"F100Q1005410",103,2,"btc"
"F100Q1005410",109,1,"btc"
"F100Q1005410",131,12,"btc"
"F100Q1005410",132,11,"btc"
"F100Q1005410",136,10,"btc"
"F100Q1005410",139,9,"btc"
"F100Q1005410",144,8,"btc"
"F100Q1005410",147,6,"btc"
"F100Q1005410",153,6,"btc"
"F100Q1005410",156,5,"btc"
"F100Q1005410",162,4,"btc"
"F100Q1005410",165,3,"btc"
"F100Q1005410",169,3,"btc"
"F100Q1005410",171,2,"btc"
"F100Q1005420",23,1,"btc"
"F100Q1005466",47,2,"btc"
"F100Q1005466",50,2,"btc"
"F100Q1005466",56,2,"btc"
"F100Q1005466",63,2,"btc"
"F100Q1005466",69,2,"btc"
"F100Q1005466",76,3,"btc"
"F100Q1005466",91,2,"btc"
"F100Q1005466",93,2,"btc"
"F100Q1005468",57,1,"btc"
"F100Q1005468",59,1,"btc"
"F100Q1005478",66,3,"btc"
"F100Q1005489",39,1,"btc"
"F100Q1005489",45,1,"btc"
"F100Q1005489",55,2,"btc"
"F100Q1005498",20,14,"btc"
"F100Q1005498",31,15,"btc"
"F100Q1005498",35,3,"btc"
"F100Q1005506",10,2,"btc"
"F100Q1005512",9,1,"btc"
"F100Q1005514",56,1,"btc"
"F100Q1005520",34,1,"btc"
"F100Q1005520",41,1,"btc"
"F100Q1005533",31,2,"btc"
"F100Q1005533",45,1,"btc"
"F100Q1005539",56,1,"btc"
"F100Q1005539",61,2,"btc"
"F100Q1005539",63,2,"btc"
"F100Q1005539",67,3,"btc"
"F100Q1005539",72,3,"btc"
"F100Q1005543",161,1,"btc"
"F100Q1005551",55,1,"btc"
"F100Q1005552",77,1,"btc"
"F100Q1005552",81,2,"btc"
"F100Q1005552",85,4,"btc"
"F100Q1005552",88,2,"btc"
"F100Q1005552",91,3,"btc"
"F100Q1005552",97,9,"btc"
"F100Q1005552",103,1,"btc"
"F100Q1005552",105,1,"btc"
"F100Q1005552",109,1,"btc"
"F100Q1005552",117,1,"btc"
"F100Q1005552",123,4,"btc"
"F100Q1005552",125,3,"btc"
"F100Q1005552",126,2,"btc"
"F100Q1005552",128,2,"btc"
"F100Q1005552",132,1,"btc"
"F100Q1005552",135,1,"btc"
"F100Q1005552",138,2,"btc"
"F100Q1005552",140,2,"btc"
"F100Q1005552",145,1,"btc"
"F100Q1005556",83,1,"btc"
"F100Q1005556",105,2,"btc"
"F100Q1005564",43,1,"btc"
"F100Q1005564",88,1,"btc"
"F100Q1005567",28,1,"btc"
"F100Q1005567",32,1,"btc"
"F100Q1005567",47,1,"btc"
"F100Q1005567",59,1,"btc"
"F100Q1005567",62,1,"btc"
"F100Q1005567",66,1,"btc"
"F100Q1005567",69,1,"btc"
"F100Q1005612",63,1,"btc"
"F100Q1005612",68,2,"btc"
"F100Q1005628",65,2,"btc"
"F100Q1005628",68,2,"btc"
"F100Q1005628",75,2,"btc"
"F100Q1005628",94,1,"btc"
"F100Q1005628",96,1,"btc"
"F100Q1005628",99,1,"btc"
"F100Q1005628",103,1,"btc"
"F100Q1005628",115,4,"btc"
"F100Q1005628",118,5,"btc"
"F100Q1005639",123,1,"btc"
"F100Q1005639",144,3,"btc"
"F100Q1005639",148,2,"btc"
"F100Q1005639",152,2,"btc"
"F100Q1005643",9,1,"btc"
"F100Q1005663",37,16,"FC"
"F100Q1005677",31,1,"btc"
"F100Q1005677",34,1,"btc"
"F100Q1005688",60,1,"btc"
"F100Q1005688",65,2,"btc"
"F100Q1005688",67,2,"btc"
"F100Q1005690",32,15,"btc"
"F100Q1005690",36,16,"btc"
"F100Q1005690",44,13,"btc"
"F100Q1005690",46,2,"btc"
"F100Q1005690",48,2,"btc"
"F100Q1005690",51,2,"btc"
"F100Q1005690",60,13,"btc"
"F100Q1005690",77,21,"btc"
"F100Q1005705",7,1,"btc"
"F100Q1005716",53,2,"btc"
"F100Q1005716",101,2,"btc"
"F100Q1005725",26,1,"btc"
"F100Q1005725",29,2,"btc"
"F100Q1005725",32,2,"btc"
"F100Q1005725",35,2,"btc"
"F100Q1005725",37,2,"btc"
"F100Q1005725",41,3,"btc"
"F100Q1005725",46,3,"btc"
"F100Q1005725",52,4,"btc"
"F100Q1005725",56,3,"btc"
"F100Q1005725",58,2,"btc"
"F100Q1005725",62,3,"btc"
"F100Q1005725",71,8,"btc"
"F100Q1005725",74,8,"btc"
"F100Q1005725",92,19,"btc"
"F100Q1005725",94,17,"btc"
"F100Q1005725",98,16,"btc"
"F100Q1005725",106,17,"btc"
"F100Q1005725",112,16,"btc"
"F100Q1005725",123,6,"btc"
"F100Q1005725",127,6,"btc"
"F100Q1005725",134,7,"btc"
"F100Q1005725",135,6,"btc"
"F100Q1005725",146,13,"btc"
"F100Q1005725",152,2,"btc"
"F100Q1005725",154,1,"btc"
"F100Q1005725",156,1,"btc"
"F100Q1005725",163,3,"btc"
"F100Q1005725",165,3,"btc"
"F100Q1005725",168,3,"btc"
"F100Q1005725",171,2,"btc"
"F100Q1005766",30,2,"btc"
"F100Q1005766",32,1,"btc"
"F100Q1005766",36,1,"btc"
"F100Q1005766",41,1,"btc"
"F100Q1005766",50,1,"btc"
"F100Q1005766",57,1,"btc"
"F100Q1005766",62,1,"btc"
"F100Q1005766",68,1,"btc"
"F100Q1005766",76,1,"btc"
"F100Q1005766",78,1,"btc"
"F100Q1005766",81,1,"btc"
"F100Q1005771",29,1,"btc"
"F100Q1005783",40,1,"btc"
"F100Q1005783",55,1,"btc"
"F100Q1005792",39,2,"btc"
"F100Q1005792",43,2,"btc"
"F100Q1005792",47,3,"btc"
"F100Q1005792",48,2,"btc"
"F100Q1005792",53,2,"btc"
"F100Q1005792",58,2,"btc"
"F100Q1005792",83,2,"btc"
"F100Q1005792",87,3,"btc"
"F100Q1005792",94,5,"btc"
"F100Q1005800",67,1,"btc"
"F100Q1005817",7,2,"btc"
"F100Q1005834",14,1,"btc"
"F100Q1005858",23,1,"btc"
"F100Q1005893",4,1,"btc"
"F100Q1005896",8,1,"btc"
"F100Q1005905",7,1,"btc"
"F100Q1005907",30,4,"btc"
"F100Q1005907",40,2,"btc"
"F100Q1005907",48,4,"btc"
"F100Q1005907",52,4,"btc"
"F100Q1005910",11,1,"btc"
"F100Q1005911",83,1,"btc"
"F100Q1005915",2,1,"btc"
"F100Q1005917",3,1,"btc"
"F100Q1005917",7,1,"btc"
"F100Q1005917",14,1,"btc"
"F100Q1005917",16,1,"btc"
"F100Q1005919",6,1,"btc"
"F100Q1005919",10,1,"btc"
"F100Q1005919",12,1,"btc"
"F100Q1005919",16,1,"btc"
"F100Q1005919",18,1,"btc"
"F100Q1005919",22,3,"btc"
"F100Q1005919",27,4,"btc"
"F100Q1005923",38,1,"btc"
"F100Q1005924",123,1,"btc"
"F100Q1005925",14,2,"btc"
"F100Q1005925",29,1,"btc"
"F100Q1005925",31,1,"btc"
"F100Q1005925",36,1,"btc"
"F100Q1005925",38,1,"btc"
"F100Q1005925",44,2,"btc"
"F100Q1005927",96,1,"btc"
"F100Q1005940",7,1,"btc"
"F100Q1005943",4,2,"btc"
"F100Q1005943",7,2,"btc"
"F100Q1005943",16,9,"btc"
"F100Q1005945",8,1,"btc"
"F100Q1005945",11,1,"btc"
"F100Q1005945",33,1,"btc"
"F100Q1005949",9,1,"btc"
"F100Q1005951",6,1,"btc"
"F100Q1005951",9,2,"btc"
"F100Q1005951",13,1,"btc"
"F100Q1005951",22,1,"btc"
"F100Q1005951",49,2,"btc"
"F100Q1005951",51,1,"btc"
"F100Q1005954",47,1,"btc"
"F100Q1005954",54,1,"btc"
"F100Q1005955",25,1,"btc"
"F100Q1005960",7,1,"btc"
"F100Q1005961",26,1,"btc"
"F100Q1005961",31,1,"btc"
"F100Q1005961",33,1,"btc"
"F100Q1005973",16,1,"btc"
"F100Q1005975",7,1,"btc"
"F100Q1005976",21,1,"btc"
"F100Q1005979",7,1,"btc"
"F100Q1005979",12,1,"btc"
"F100Q1005981",7,1,"btc"
"F100Q1005982",60,1,"btc"
"F100Q1005984",13,13,"btc"
"F100Q1005987",4,1,"btc"
"F100Q1005988",4,1,"btc"
"F100Q1005988",7,1,"btc"
"F100Q1005988",12,1,"btc"
"F100Q1005988",17,1,"btc"
"F100Q1005988",19,1,"btc"
"F100Q1005988",27,1,"btc"
"F100Q1005988",32,2,"btc"
"F100Q1005988",35,2,"btc"
"F100Q1005988",38,1,"btc"
"F100Q1005988",41,1,"btc"
"F100Q1005988",47,1,"btc"
"F100Q1005988",49,1,"btc"
"F100Q1005988",51,1,"btc"
"F100Q1005988",57,1,"btc"
"F100Q1005988",59,1,"btc"
"F100Q1005988",63,1,"btc"
"F100Q1005988",68,1,"btc"
"F100Q1005988",71,1,"btc"
"F100Q1005988",76,1,"btc"
"F100Q1005988",79,1,"btc"
"F100Q1005988",81,1,"btc"
"F100Q1005989",7,1,"btc"
"F100Q1005991",24,1,"btc"
"F100Q1005991",29,1,"btc"
"F100Q1005991",32,1,"btc"
"F100Q1005991",37,1,"btc"
"F100Q1005991",40,1,"btc"
"F100Q1005991",48,1,"btc"
"F100Q1005991",57,1,"btc"
"F100Q1005991",60,1,"btc"
"F100Q1005991",64,1,"btc"
"F100Q1005991",73,1,"btc"
"F100Q1005991",76,1,"btc"
"F100Q1005991",79,1,"btc"
"F100Q1005991",92,2,"btc"
"F100Q1005991",96,1,"btc"
"F100Q1005993",7,1,"btc"
"F100Q1005993",24,1,"btc"
"F100Q1005993",35,1,"btc"
"F100Q1005993",46,1,"btc"
"F100Q1005994",5,2,"btc"
"F100Q1005994",19,2,"btc"
"F100Q1005994",25,4,"btc"
"F100Q1005994",29,6,"btc"
"F100Q1005994",33,4,"btc"
"F100Q1005994",34,2,"btc"
"F100Q1005996",29,1,"btc"
"F100Q1006000",42,2,"btc"
"F100Q1006001",8,1,"btc"
"F100Q1006009",6,1,"btc"
"F100Q1006009",11,1,"btc"
"F100Q1006009",14,1,"btc"
"F100Q1006009",18,1,"btc"
"F100Q1006009",22,1,"btc"
"F100Q1006009",24,1,"btc"
"F100Q1006010",14,1,"btc"
"F100Q1006016",8,1,"btc"
"F100Q1006028",7,1,"btc"
"F100Q1006028",21,1,"btc"
"F100Q1006029",19,1,"btc"
"F100Q1006032",9,1,"btc"
"F100Q1006037",10,1,"btc"
"F100Q1006045",7,1,"btc"
"F100Q1006045",23,1,"btc"
"F100Q1006046",5,1,"btc"
"F100Q1006051",34,1,"btc"
"F100Q1006054",6,1,"btc"
"F100Q1006055",7,1,"btc"
"F100Q1006065",7,3,"btc"
"F100Q1006065",9,3,"btc"
"F100Q1006065",12,6,"btc"
"F100Q1006067",6,1,"btc"
"F100Q1006067",11,1,"btc"
"F100Q1006067",22,1,"btc"
"F100Q1006067",44,1,"btc"
"F100Q1006067",47,1,"btc"
"F100Q1006068",11,1,"btc"
"F100Q1006068",13,1,"btc"
"F100Q1006068",15,1,"btc"
"F100Q1006068",18,1,"btc"
"F100Q1006068",20,1,"btc"
"F100Q1006068",26,1,"btc"
"F100Q1006068",31,1,"btc"
"F100Q1006070",6,1,"btc"
"F100Q1006072",8,1,"btc"
"F100Q1006076",6,1,"btc"
"F100Q1006080",3,1,"btc"
"F100Q1006080",68,1,"btc"
"F100Q1006081",3,1,"btc"
"F100Q1006089",33,1,"btc"
"F100Q1006089",37,1,"btc"
"F100Q1006089",39,1,"btc"
"F100Q1006090",24,1,"btc"
"F100Q1006091",5,1,"btc"
"F100Q1006092",9,1,"btc"
"F100Q1006092",13,1,"btc"
"F100Q1006092",18,1,"btc"
"F100Q1006092",21,1,"btc"
"F100Q1006092",26,1,"btc"
"F100Q1006092",28,1,"btc"
"F100Q1006092",31,1,"btc"
"F100Q1006092",34,1,"btc"
"F100Q1006092",39,1,"btc"
"F100Q1006092",48,1,"btc"
"F100Q1006092",54,1,"btc"
"F100Q1006092",59,1,"btc"
"F100Q1006092",65,1,"btc"
"F100Q1006092",69,1,"btc"
"F100Q1006092",72,1,"btc"
"F100Q1006092",77,1,"btc"
"F100Q1006092",79,1,"btc"
"F100Q1006092",87,1,"btc"
"F100Q1006094",6,1,"btc"
"F100Q1006096",49,1,"btc"
"F100Q1006098",7,2,"btc"
"F100Q1006098",50,12,"btc"
"F100Q1006104",4,1,"btc"
"F100Q1006104",7,1,"btc"
"F100Q1006105",7,1,"btc"
"F100Q1006110",18,1,"btc"
"F100Q1006112",8,1,"btc"
"F100Q1006115",7,1,"btc"
"F100Q1006124",8,1,"btc"
"F100Q1006124",14,1,"btc"
"F100Q1006124",22,4,"btc"
"F100Q1006124",25,2,"btc"
"F100Q1006124",27,4,"btc"
"F100Q1006124",40,1,"btc"
"F100Q1006125",7,1,"btc"
"F100Q1006127",13,1,"btc"
"F100Q1006128",19,2,"btc"
"F100Q1006128",22,5,"btc"
"F100Q1006128",35,12,"btc"
"F100Q1006133",16,1,"btc"
"F100Q1006133",19,1,"btc"
"F100Q1006133",21,1,"btc"
"F100Q1006138",40,1,"btc"
"F100Q1006145",24,1,"btc"
"F100Q1006146",23,1,"btc"
"F100Q1006147",7,1,"btc"
"F100Q1006153",7,1,"btc"
"F100Q1006155",7,1,"btc"
"F100Q1006155",9,1,"btc"
"F100Q1006159",9,1,"btc"
"F100Q1006159",14,1,"btc"
"F100Q1006162",34,1,"btc"
"F100Q1006162",40,1,"btc"
"F100Q1006166",13,5,"btc"
"F100Q1006166",20,1,"btc"
"F100Q1006167",26,1,"btc"
"F100Q1006167",107,1,"btc"
"F100Q1006167",133,1,"btc"
"F100Q1006168",18,1,"btc"
"F100Q1006168",24,1,"btc"
"F100Q1006169",6,1,"btc"
"F100Q1006178",22,2,"btc"
"F100Q1006181",6,1,"btc"
"F100Q1006185",4,2,"btc"
"F100Q1006185",7,6,"btc"
"F100Q1006185",18,11,"btc"
"F100Q1006186",7,1,"btc"
"F100Q1006191",22,1,"btc"
"F100Q1006191",44,1,"btc"
"F100Q1006191",51,1,"btc"
"F100Q1006193",17,1,"btc"
"F100Q1006193",35,1,"btc"
"F100Q1006195",41,18,"btc"
"F100Q1006197",6,2,"btc"
"F100Q1006197",22,2,"btc"
"F100Q1006197",59,2,"btc"
"F100Q1006205",4,1,"btc"
"F100Q1006205",11,1,"btc"
"F100Q1006205",27,1,"btc"
"F100Q1006205",33,1,"btc"
"F100Q1006205",44,1,"btc"
"F100Q1006205",84,1,"btc"
"F100Q1006205",90,2,"btc"
"F100Q1006206",6,1,"btc"
"F100Q1006215",8,2,"btc"
"F100Q1006220",12,1,"btc"
"F100Q1006228",4,1,"btc"
"F100Q1006232",61,1,"btc"
"F100Q1006233",8,1,"btc"
"F100Q1006233",12,2,"btc"
"F100Q1006240",14,9,"btc"
"F100Q1006240",16,1,"btc"
"F100Q1006243",10,1,"btc"
"F100Q1006247",7,1,"btc"
"F100Q1006253",43,1,"btc"
"F100Q1006259",7,1,"btc"
"F100Q1006261",6,1,"btc"
"F100Q1006261",94,2,"btc"
"F100Q1006261",115,1,"btc"
"F100Q1006261",121,3,"btc"
"F100Q1006261",124,5,"btc"
"F100Q1006261",142,18,"btc"
"F100Q1006261",148,3,"btc"
"F100Q1006269",28,1,"btc"
"F100Q1006270",8,1,"btc"
"F100Q1006272",8,1,"btc"
"F100Q1006272",18,1,"btc"
"F100Q1006277",12,1,"btc"
"F100Q1006277",26,11,"btc"
"F100Q1006277",27,10,"btc"
"F100Q1006277",36,15,"btc"
"F100Q1006282",39,2,"btc"
"F100Q1006282",58,1,"btc"
"F100Q1006285",11,1,"btc"
"F100Q1006285",16,1,"btc"
"F100Q1006285",23,1,"btc"
"F100Q1006285",29,1,"btc"
"F100Q1006285",35,1,"btc"
"F100Q1006285",38,1,"btc"
"F100Q1006287",38,1,"btc"
"F100Q1006298",6,1,"btc"
"F100Q1006300",23,1,"btc"
"F100Q1006308",6,1,"btc"
"F100Q1006310",24,1,"btc"
"F100Q1006314",6,1,"btc"
"F100Q1006318",13,1,"btc"
"F100Q1006326",5,1,"btc"
"F100Q1006327",6,1,"btc"
"F100Q1006331",42,2,"btc"
"F100Q1006331",44,2,"btc"
"F100Q1006331",46,2,"btc"
"F100Q1006331",49,3,"btc"
"F100Q1006332",7,1,"btc"
"F100Q1006332",17,1,"btc"
"F100Q1006332",22,4,"btc"
"F100Q1006332",26,1,"btc"
"F100Q1006332",29,1,"btc"
"F100Q1006332",41,2,"btc"
"F100Q1006332",45,2,"btc"
"F100Q1006332",51,4,"btc"
"F100Q1006332",64,1,"btc"
"F100Q1006332",72,1,"btc"
"F100Q1006332",100,1,"btc"
"F100Q1006333",6,1,"btc"
"F100Q1006334",11,1,"btc"
"F100Q1006335",7,1,"btc"
"F100Q1006339",23,1,"btc"
"F100Q1006344",17,1,"btc"
"F100Q1006346",19,1,"btc"
"F100Q1006351",10,1,"btc"
"F100Q1006352",6,1,"btc"
"F100Q1006354",4,1,"btc"
"F100Q1006359",11,1,"btc"
"F100Q1006360",7,1,"btc"
"F100Q1006371",6,1,"btc"
"F100Q1006379",6,1,"btc"
"F100Q1006381",24,1,"btc"
"F100Q1006384",14,1,"btc"
"F100Q1006384",21,1,"btc"
"F100Q1006384",23,2,"btc"
"F100Q1006384",27,1,"btc"
"F100Q1006384",35,1,"btc"
"F100Q1006384",45,1,"btc"
"F100Q1006390",28,1,"btc"
"F100Q1006400",21,1,"btc"
"F100Q1006401",13,1,"btc"
"F100Q1006401",20,2,"btc"
"F100Q1006401",28,4,"btc"
"F100Q1006401",33,2,"btc"
"F100Q1006405",3,1,"btc"
"F100Q1006405",24,1,"btc"
"F100Q1006412",6,1,"btc"
"F100Q1006415",7,1,"btc"
"F100Q1006417",5,3,"btc"
"F100Q1006417",6,2,"btc"
"F100Q1006417",10,3,"btc"
"F100Q1006417",13,4,"btc"
"F100Q1006425",6,1,"btc"
"F100Q1006425",17,1,"btc"
"F100Q1006425",21,1,"btc"
"F100Q1006430",7,1,"btc"
"F100Q1006430",12,1,"btc"
"F100Q1006432",22,1,"btc"
"F100Q1006436",24,1,"btc"
"F100Q1006436",26,1,"btc"
"F100Q1006436",29,1,"btc"
"F100Q1006439",5,1,"btc"
"F100Q1006439",25,1,"btc"
"F100Q1006439",33,1,"btc"
"F100Q1006441",24,14,"btc"
"F100Q1006444",29,1,"btc"
"F100Q1006447",23,1,"btc"
"F100Q1006448",15,1,"btc"
"F100Q1006454",18,1,"btc"
"F100Q1006454",40,1,"btc"
"F100Q1006456",6,1,"btc"
"F100Q1006458",26,7,"btc"
"F100Q1006460",4,2,"btc"
"F100Q1006461",21,2,"btc"
"F100Q1006461",25,1,"btc"
"F100Q1006467",9,1,"btc"
"F100Q1006468",10,1,"btc"
"F100Q1006469",3,2,"btc"
"F100Q1006474",15,1,"btc"
"F100Q1006481",7,1,"btc"
"F100Q1006481",13,1,"btc"
"F100Q1006481",26,1,"btc"
"F100Q1006481",35,8,"btc"
"F100Q1006481",37,1,"btc"
"F100Q1006482",12,1,"btc"
"F100Q1006483",7,1,"btc"
"F100Q1006487",5,1,"btc"
"F100Q1006487",10,1,"btc"
"F100Q1006490",5,1,"btc"
"F100Q1006498",50,1,"btc"
"F100Q1006522",12,1,"btc"
"F100Q1006525",73,1,"btc"
"F100Q1006525",78,1,"btc"
"F100Q1006525",84,1,"btc"
"F100Q1006525",86,1,"btc"
"F100Q1006525",91,1,"btc"
"F100Q1006525",105,1,"btc"
"F100Q1006525",107,1,"btc"
"F100Q1006525",109,1,"btc"
"F100Q1006525",111,1,"btc"
"F100Q1006525",116,1,"btc"
"F100Q1006531",4,1,"btc"
"F100Q1006535",18,1,"btc"
"F100Q1006542",20,1,"btc"
"F100Q1006542",37,3,"btc"
"F100Q1006542",41,2,"btc"
"F100Q1006542",45,3,"btc"
"F100Q1006542",52,1,"btc"
"F100Q1006542",66,3,"btc"
"F100Q1006542",69,2,"btc"
"F100Q1006542",73,2,"btc"
"F100Q1006542",76,2,"btc"
"F100Q1006542",79,2,"btc"
"F100Q1006542",85,3,"btc"
"F100Q1006542",89,3,"btc"
"F100Q1006542",92,3,"btc"
"F100Q1006542",95,3,"btc"
"F100Q1006542",99,2,"btc"
"F100Q1006542",107,3,"btc"
"F100Q1006542",114,7,"btc"
"F100Q1006544",27,1,"btc"
"F100Q1006562",32,1,"btc"
"F100Q1006568",23,2,"btc"
"F100Q1006568",25,1,"btc"
"F100Q1006568",47,1,"btc"
"F100Q1006568",51,2,"btc"
"F100Q1006568",55,2,"btc"
"F100Q1006568",57,2,"btc"
"F100Q1006568",61,3,"btc"
"F100Q1006568",64,2,"btc"
"F100Q1006568",69,3,"btc"
"F100Q1006568",73,4,"btc"
"F100Q1006569",15,1,"btc"
"F100Q1006569",26,2,"btc"
"F100Q1006578",36,1,"btc"
"F100Q1006580",20,3,"btc"
"F100Q1006580",27,2,"btc"
"F100Q1006580",32,3,"btc"
"F100Q1006580",35,3,"btc"
"F100Q1006583",19,1,"btc"
"F100Q1006583",26,1,"btc"
"F100Q1006583",36,1,"btc"
"F100Q1006590",21,1,"btc"
"F100Q1006590",58,1,"btc"
"F100Q1006590",126,9,"btc"
"F100Q1006590",143,2,"btc"
"F100Q1006590",145,1,"btc"
"F100Q1006590",161,2,"btc"
"F100Q1006590",168,1,"btc"
"F100Q1006591",12,1,"btc"
"F100Q1006592",10,1,"btc"
"F100Q1006592",13,1,"btc"
"F100Q1006592",18,3,"btc"
"F100Q1006592",23,1,"btc"
"F100Q1006592",32,2,"btc"
"F100Q1006604",20,1,"btc"
"F100Q1006608",11,1,"btc"
"F100Q1006608",14,1,"btc"
"F100Q1006613",6,1,"btc"
"F100Q1006615",14,1,"btc"
"F100Q1006615",22,1,"btc"
"F100Q1006640",44,4,"FC"
"F100Q1006647",22,1,"btc"
"F100Q1006656",10,1,"btc"
"F100Q1006656",15,1,"btc"
"F100Q1006665",33,1,"btc"
"F100Q1006668",15,1,"btc"
"F100Q1006668",18,1,"btc"
"F100Q1006674",18,1,"btc"
"F100Q1006674",20,1,"btc"
"F100Q1006674",24,3,"btc"
"F100Q1006674",26,1,"btc"
"F100Q1006674",29,2,"btc"
"F100Q1006674",38,8,"btc"
"F100Q1006674",41,2,"btc"
"F100Q1006674",44,3,"btc"
"F100Q1006674",50,1,"btc"
"F100Q1006674",55,2,"btc"
"F100Q1006674",58,2,"btc"
"F100Q1006674",62,1,"btc"
"F100Q1006674",68,3,"btc"
"F100Q1006674",74,3,"btc"
"F100Q1006674",78,2,"btc"
"F100Q1006674",85,3,"btc"
"F100Q1006674",95,6,"btc"
"F100Q1006674",96,4,"btc"
"F100Q1006674",97,3,"btc"
"F100Q1006674",98,2,"btc"
"F100Q1006674",105,1,"btc"
"F100Q1006676",83,1,"btc"
"F100Q1006681",26,1,"btc"
"F100Q1006682",24,1,"btc"
"F100Q1006683",22,1,"btc"
"F100Q1006699",5,1,"btc"
"F100Q1006700",13,2,"btc"
"F100Q1006700",18,5,"btc"
"F100Q1006700",22,3,"btc"
"F100Q1006710",3,1,"btc"
"F100Q1006712",11,1,"btc"
"F100Q1006719",26,1,"btc"
"F100Q1006719",31,1,"btc"
"F100Q1006728",3,1,"btc"
"F100Q1006737",22,1,"btc"
"F100Q1006737",26,1,"btc"
"F100Q1006755",13,1,"btc"
"F100Q1006759",17,1,"btc"
"F100Q1006759",20,1,"btc"
"F100Q1006759",37,1,"btc"
"F100Q1006759",50,3,"btc"
"F100Q1006759",74,1,"btc"
"F100Q1006760",20,1,"btc"
"F100Q1006760",27,1,"btc"
"F100Q1006761",19,3,"btc"
"F100Q1006761",25,1,"btc"
"F100Q1006761",30,2,"btc"
"F100Q1006761",38,6,"btc"
"F100Q1006766",8,1,"btc"
"F100Q1006774",14,1,"btc"
"F100Q1006774",17,2,"btc"
"F100Q1006774",19,2,"btc"
"F100Q1006774",21,2,"btc"
"F100Q1006774",23,2,"btc"
"F100Q1006774",27,1,"btc"
"F100Q1006774",48,8,"btc"
"F100Q1006777",45,1,"btc"
"F100Q1006793",29,1,"btc"
"F100Q1006796",20,1,"btc"
"F100Q1006797",12,1,"btc"
"F100Q1006797",19,1,"btc"
"F100Q1006799",24,1,"btc"
"F100Q1006801",4,1,"btc"
"F100Q1006801",27,1,"btc"
"F100Q1006801",29,1,"btc"
"F100Q1006801",33,1,"btc"
"F100Q1006801",38,1,"btc"
"F100Q1006809",34,1,"btc"
"F100Q1006812",22,1,"btc"
"F100Q1006829",11,1,"btc"
"F100Q1006832",44,1,"btc"
"F100Q1006835",12,1,"btc"
"F100Q1006835",14,1,"btc"
"F100Q1006835",16,1,"btc"
"F100Q1006836",7,2,"btc"
"F100Q1006836",9,4,"btc"
"F100Q1006848",7,1,"btc"
"F100Q1006865",11,1,"btc"
"F100Q1006865",21,1,"btc"
"F100Q1006865",26,1,"btc"
"F100Q1006865",31,1,"btc"
"F100Q1006865",37,2,"btc"
"F100Q1006865",57,2,"btc"
"F100Q1006865",60,1,"btc"
"F100Q1006865",71,3,"btc"
"F100Q1006865",84,10,"btc"
"F100Q1006865",86,1,"btc"
"F100Q1006865",91,1,"btc"
"F100Q1006865",118,24,"btc"
"F100Q1006867",11,1,"btc"
"F100Q1006872",26,1,"btc"
"F100Q1006885",12,2,"btc"
"F100Q1006885",14,1,"btc"
"F100Q1006885",21,2,"btc"
"F100Q1006885",26,1,"btc"
"F100Q1006885",31,2,"btc"
"F100Q1006885",35,2,"btc"
"F100Q1006885",37,1,"btc"
"F100Q1006886",15,1,"btc"
"F100Q1006887",26,1,"btc"
"F100Q1006890",27,1,"btc"
"F100Q1006890",31,1,"btc"
"F100Q1006890",36,1,"btc"
"F100Q1006890",38,1,"btc"
"F100Q1006890",49,1,"btc"
"F100Q1006898",31,1,"btc"
"F100Q1006904",7,1,"btc"
"F100Q1006906",31,1,"btc"
"F100Q1006910",25,1,"btc"
"F100Q1006927",15,1,"btc"
"F100Q1006927",22,1,"btc"
"F100Q1006927",30,2,"btc"
"F100Q1006928",5,1,"btc"
"F100Q1006928",14,1,"btc"
"F100Q1006928",25,1,"btc"
"F100Q1006934",74,1,"btc"
"F100Q1006942",31,1,"btc"
"F100Q1006942",49,1,"btc"
"F100Q1006942",59,1,"btc"
"F100Q1006942",61,1,"btc"
"F100Q1006942",64,1,"btc"
"F100Q1006942",67,1,"btc"
"F100Q1006942",70,2,"btc"
"F100Q1006942",73,1,"btc"
"F100Q1006942",75,1,"btc"
"F100Q1006942",79,3,"btc"
"F100Q1006942",86,6,"FC"
"F100Q1006943",9,1,"btc"
"F100Q1006947",24,3,"btc"
"F100Q1006947",58,1,"btc"
"F100Q1006947",130,1,"btc"
"F100Q1006952",16,1,"btc"
"F100Q1006952",22,1,"btc"
"F100Q1006952",25,1,"btc"
"F100Q1006962",17,1,"btc"
"F100Q1006967",26,1,"btc"
"F100Q1006968",27,1,"btc"
"F100Q1006983",65,5,"FC"
"F100Q1006984",15,1,"btc"
"F100Q1006990",17,1,"btc"
"F100Q1006997",8,1,"btc"
"F100Q1007022",25,1,"btc"
"F100Q1007023",11,1,"btc"
"F100Q1007027",9,2,"btc"
"F100Q1007027",13,1,"btc"
"F100Q1007050",17,1,"btc"
"F100Q1007059",7,1,"btc"
"F100Q1007068",13,2,"btc"
"F100Q1007069",16,2,"btc"
"F100Q1007070",20,1,"btc"
"F100Q1007075",28,1,"btc"
"F100Q1007078",58,1,"btc"
"F100Q1007078",84,1,"btc"
"F100Q1007087",22,1,"btc"
"F100Q1007091",13,1,"btc"
"F100Q1007091",21,1,"btc"
"F100Q1007094",7,1,"btc"
"F100Q1007098",15,1,"btc"
"F100Q1007104",25,1,"btc"
"F100Q1007104",32,2,"btc"
"F100Q1007105",3,1,"btc"
"F100Q1007119",18,1,"btc"
"F100Q1007119",24,1,"btc"
"F100Q1007141",35,1,"btc"
"F100Q1007141",37,1,"btc"
"F100Q1007141",43,5,"btc"
"F100Q1007141",56,11,"btc"
"F100Q1007143",13,1,"btc"
"F100Q1007143",21,2,"btc"
"F100Q1007143",26,2,"btc"
"F100Q1007143",32,1,"btc"
"F100Q1007143",36,2,"btc"
"F100Q1007143",41,2,"btc"
"F100Q1007143",44,2,"btc"
"F100Q1007143",46,2,"btc"
"F100Q1007143",53,2,"btc"
"F100Q1007143",57,1,"btc"
"F100Q1007143",60,2,"btc"
"F100Q1007143",62,1,"btc"
"F100Q1007143",65,1,"btc"
"F100Q1007143",68,1,"btc"
"F100Q1007143",81,2,"btc"
"F100Q1007143",98,2,"btc"
"F100Q1007143",108,2,"btc"
"F100Q1007143",112,2,"btc"
"F100Q1007143",128,1,"btc"
"F100Q1007143",134,2,"btc"
"F100Q1007143",138,2,"btc"
"F100Q1007143",140,1,"btc"
"F100Q1007143",145,2,"btc"
"F100Q1007143",151,1,"btc"
"F100Q1007143",158,2,"btc"
"F100Q1007143",165,1,"btc"
"F100Q1007143",168,1,"btc"
"F100Q1007143",171,1,"btc"
"F100Q1007147",105,1,"btc"
"F100Q1007147",110,1,"btc"
"F100Q1007147",121,1,"btc"
"F100Q1007147",123,1,"btc"
"F100Q1007147",159,1,"btc"
"F100Q1007148",7,1,"btc"
"F100Q1007148",16,1,"btc"
"F100Q1007148",18,1,"btc"
"F100Q1007148",26,1,"btc"
"F100Q1007148",33,3,"btc"
"F100Q1007148",34,2,"btc"
"F100Q1007148",37,1,"btc"
"F100Q1007148",39,1,"btc"
"F100Q1007148",44,1,"btc"
"F100Q1007148",47,1,"btc"
"F100Q1007148",50,1,"btc"
"F100Q1007152",23,1,"btc"
"F100Q1007152",33,1,"btc"
"F100Q1007152",39,5,"btc"
"F100Q1007152",42,3,"btc"
"F100Q1007152",44,1,"btc"
"F100Q1007161",32,1,"btc"
"F100Q1007166",37,1,"btc"
"F100Q1007172",7,1,"btc"
"F100Q1007172",12,1,"btc"
"F100Q1007173",173,1,"btc"
"F100Q1007184",27,1,"btc"
"F100Q1007214",35,2,"btc"
"F100Q1007214",42,1,"btc"
"F100Q1007214",50,1,"btc"
"F100Q1007214",55,1,"btc"
"F100Q1007214",59,3,"btc"
"F100Q1007214",61,2,"btc"
"F100Q1007216",11,1,"btc"
"F100Q1007225",5,1,"btc"
"F100Q1007230",67,1,"btc"
"F100Q1007230",114,1,"btc"
"F100Q1007230",130,1,"btc"
"F100Q1007230",137,3,"btc"
"F100Q1007232",25,1,"btc"
"F100Q1007232",31,1,"btc"
"F100Q1007240",20,2,"btc"
"F100Q1007240",25,1,"btc"
"F100Q1007240",29,1,"btc"
"F100Q1007240",41,1,"btc"
"F100Q1007240",52,4,"btc"
"F100Q1007241",68,1,"btc"
"F100Q1007244",21,2,"btc"
"F100Q1007255",7,4,"btc"
"F100Q1007255",12,1,"btc"
"F100Q1007255",14,1,"btc"
"F100Q1007255",18,1,"btc"
"F100Q1007255",21,2,"btc"
"F100Q1007255",26,1,"btc"
"F100Q1007259",25,1,"btc"
"F100Q1007261",14,1,"btc"
"F100Q1007266",3,1,"btc"
"F100Q1007266",10,1,"btc"
"F100Q1007269",2,1,"btc"
"F100Q1007269",4,1,"btc"
"F100Q1007269",14,2,"btc"
"F100Q1007269",20,1,"btc"
"F100Q1007272",19,2,"btc"
"F100Q1007272",28,2,"btc"
"F100Q1007272",49,2,"btc"
"F100Q1007272",129,15,"btc"
"F100Q1007277",12,3,"btc"
"F100Q1007278",2,1,"btc"
"F100Q1007279",40,1,"btc"
"F100Q1007279",62,1,"btc"
"F100Q1007279",64,1,"btc"
"F100Q1007279",138,1,"btc"
"F100Q1007279",140,1,"btc"
"F100Q1007279",156,1,"btc"
"F100Q1007282",14,1,"btc"
"F100Q1007282",16,1,"btc"
"F100Q1007282",25,2,"btc"
"F100Q1007282",30,4,"btc"
"F100Q1007282",31,2,"btc"
"F100Q1007282",38,3,"btc"
"F100Q1007285",11,1,"btc"
"F100Q1007285",13,1,"btc"
"F100Q1007285",18,1,"btc"
"F100Q1007285",23,2,"btc"
"F100Q1007285",26,2,"btc"
"F100Q1007285",34,2,"btc"
"F100Q1007285",41,2,"btc"
"F100Q1007285",44,3,"btc"
"F100Q1007285",47,4,"btc"
"F100Q1007285",48,2,"btc"
"F100Q1007285",52,2,"btc"
"F100Q1007285",55,1,"btc"
"F100Q1007285",58,2,"btc"
"F100Q1007285",60,1,"btc"
"F100Q1007285",62,1,"btc"
"F100Q1007285",65,1,"btc"
"F100Q1007291",18,1,"btc"
"F100Q1007299",5,1,"btc"
"F100Q1007299",7,1,"btc"
"F100Q1007300",39,1,"btc"
"F100Q1007312",10,1,"btc"
"F100Q1007312",14,1,"btc"
"F100Q1007327",9,1,"btc"
"F100Q1007336",20,1,"btc"
"F100Q1007358",27,1,"btc"
"F100Q1007365",11,1,"btc"
"F100Q1007382",4,1,"btc"
"F100Q1007382",7,1,"btc"
"F100Q1007382",9,1,"btc"
"F100Q1007382",12,2,"btc"
"F100Q1007403",18,1,"btc"
"F100Q1007406",44,2,"btc"
"F100Q1007406",50,3,"btc"
"F100Q1007411",24,1,"btc"
"F100Q1007414",18,1,"btc"
"F100Q1007414",30,1,"btc"
"F100Q1007414",32,1,"btc"
"F100Q1007414",35,1,"btc"
"F100Q1007418",34,1,"btc"
"F100Q1007443",26,1,"btc"
"F100Q1007448",20,1,"btc"
"F100Q1007463",10,1,"btc"
"F100Q1007463",13,1,"btc"
"F100Q1007463",20,2,"btc"
"F100Q1007463",35,1,"btc"
"F100Q1007463",37,1,"btc"
"F100Q1007463",44,2,"btc"
"F100Q1007463",48,1,"btc"
"F100Q1007471",16,1,"btc"
"F100Q1007481",35,1,"btc"
"F100Q1007489",17,1,"btc"
"F100Q1007502",12,1,"btc"
"F100Q1007503",25,1,"btc"
"F100Q1007505",20,1,"btc"
"F100Q1007520",21,1,"btc"
"F100Q1007520",36,1,"btc"
"F100Q1007536",4,1,"btc"
"F100Q1007556",20,1,"btc"
"F100Q1007556",41,1,"btc"
"F100Q1007556",43,1,"btc"
"F100Q1007556",54,1,"btc"
"F100Q1007556",61,1,"btc"
"F100Q1007556",66,1,"btc"
"F100Q1007556",73,1,"btc"
"F100Q1007556",78,1,"btc"
"F100Q1007560",8,1,"btc"
"F100Q1007563",71,1,"btc"
"F100Q1007586",4,1,"btc"
"F100Q1007586",9,2,"btc"
"F100Q1007586",16,4,"btc"
"F100Q1007586",25,4,"btc"
"F100Q1007586",31,2,"btc"
"F100Q1007586",36,3,"btc"
"F100Q1007586",39,2,"btc"
"F100Q1007586",42,2,"btc"
"F100Q1007586",45,1,"btc"
"F100Q1007591",5,1,"btc"
"F100Q1007591",14,1,"btc"
"F100Q1007591",32,1,"btc"
"F100Q1007591",38,2,"btc"
"F100Q1007591",43,2,"btc"
"F100Q1007591",46,2,"btc"
"F100Q1007591",52,1,"btc"
"F100Q1007595",21,1,"btc"
"F100Q1007608",6,1,"btc"
"F100Q1007610",24,1,"btc"
"F100Q1007612",9,1,"btc"
"F100Q1007612",14,1,"btc"
"F100Q1007612",17,2,"btc"
"F100Q1007612",20,2,"btc"
"F100Q1007612",24,1,"btc"
"F100Q1007612",27,2,"btc"
"F100Q1007612",29,2,"btc"
"F100Q1007612",33,2,"btc"
"F100Q1007612",37,2,"btc"
"F100Q1007612",43,1,"btc"
"F100Q1007612",53,1,"btc"
"F100Q1007612",90,1,"btc"
"F100Q1007612",101,1,"btc"
"F100Q1007618",10,1,"btc"
"F100Q1007626",25,1,"btc"
"F100Q1007629",30,1,"btc"
"F100Q1007640",10,1,"btc"
"F100Q1007640",16,1,"btc"
"F100Q1007640",19,1,"btc"
"F100Q1007640",23,1,"btc"
"F100Q1007640",26,1,"btc"
"F100Q1007640",31,1,"btc"
"F100Q1007640",39,1,"btc"
"F100Q1007641",11,1,"btc"
"F100Q1007641",13,1,"btc"
"F100Q1007641",20,2,"btc"
"F100Q1007641",24,1,"btc"
"F100Q1007641",32,1,"btc"
"F100Q1007641",37,2,"btc"
"F100Q1007641",42,3,"btc"
"F100Q1007641",46,2,"btc"
"F100Q1007641",49,1,"btc"
"F100Q1007641",53,1,"btc"
"F100Q1007641",56,1,"btc"
"F100Q1007641",63,1,"btc"
"F100Q1007641",69,1,"btc"
"F100Q1007641",73,2,"btc"
"F100Q1007641",79,1,"btc"
"F100Q1007641",83,2,"btc"
"F100Q1007641",90,1,"btc"
"F100Q1007645",55,1,"btc"
"F100Q1007645",61,1,"btc"
"F100Q1007646",30,1,"btc"
"F100Q1007647",3,1,"btc"
"F100Q1007655",26,1,"btc"
"F100Q1007666",6,1,"btc"
"F100Q1007666",12,1,"btc"
"F100Q1007666",16,1,"btc"
"F100Q1007667",16,1,"btc"
"F100Q1007667",25,2,"btc"
"F100Q1007670",22,1,"btc"
"F100Q1007680",23,1,"btc"
"F100Q1007681",8,1,"btc"
"F100Q1007687",23,1,"btc"
"F100Q1007687",26,1,"btc"
"F100Q1007687",30,1,"btc"
"F100Q1007687",33,1,"btc"
"F100Q1007687",35,1,"btc"
"F100Q1007687",37,1,"btc"
"F100Q1007687",41,1,"btc"
"F100Q1007687",43,1,"btc"
"F100Q1007687",49,1,"btc"
"F100Q1007687",59,1,"btc"
"F100Q1007687",66,1,"btc"
"F100Q1007692",127,11,"btc"
"F100Q1007692",128,2,"btc"
"F100Q1007692",131,2,"btc"
"F100Q1007692",147,16,"btc"
"F100Q1007703",61,1,"btc"
"F100Q1007703",75,1,"btc"
"F100Q1007703",79,1,"btc"
"F100Q1007703",83,1,"btc"
"F100Q1007704",22,1,"btc"
"F100Q1007712",26,1,"btc"
"F100Q1007716",6,1,"btc"
"F100Q1007717",28,1,"btc"
"F100Q1007719",7,1,"btc"
"F100Q1007719",11,2,"btc"
"F100Q1007719",18,3,"btc"
"F100Q1007719",23,5,"btc"
"F100Q1007719",24,3,"btc"
"F100Q1007720",25,1,"btc"
"F100Q1007722",33,1,"btc"
"F100Q1007725",22,2,"btc"
"F100Q1007727",11,1,"btc"
"F100Q1007727",23,3,"btc"
"F100Q1007727",29,2,"btc"
"F100Q1007727",33,3,"btc"
"F100Q1007727",35,2,"btc"
"F100Q1007727",39,1,"btc"
"F100Q1007727",47,1,"btc"
"F100Q1007727",51,1,"btc"
"F100Q1007727",55,2,"btc"
"F100Q1007731",16,1,"btc"
"F100Q1007731",60,1,"btc"
"F100Q1007731",130,1,"btc"
"F100Q1007731",135,1,"btc"
"F100Q1007732",15,1,"btc"
"F100Q1007735",135,5,"btc"
"F100Q1007735",138,2,"btc"
"F100Q1007735",161,2,"btc"
"F100Q1007735",168,1,"btc"
"F100Q1007736",14,1,"btc"
"F100Q1007737",24,1,"btc"
"F100Q1007738",30,1,"btc"
"F100Q1007740",3,1,"btc"
"F100Q1007740",6,1,"btc"
"F100Q1007746",25,1,"btc"
"F100Q1007752",25,1,"btc"
"F100Q1007752",27,1,"btc"
"F100Q1007752",31,1,"btc"
"F100Q1007752",35,2,"btc"
"F100Q1007752",38,1,"btc"
"F100Q1007752",48,1,"btc"
"F100Q1007753",12,1,"btc"
"F100Q1007753",21,1,"btc"
"F100Q1007753",24,1,"btc"
"F100Q1007753",28,1,"btc"
"F100Q1007753",36,1,"btc"
"F100Q1007754",46,1,"btc"
"F100Q1007755",19,3,"btc"
"F100Q1007755",23,5,"btc"
"F100Q1007755",26,4,"btc"
"F100Q1007760",9,1,"btc"
"F100Q1007760",15,2,"btc"
"F100Q1007763",13,2,"btc"
"F100Q1007763",24,1,"btc"
"F100Q1007763",37,1,"btc"
"F100Q1007763",40,2,"btc"
"F100Q1007763",44,1,"btc"
"F100Q1007763",51,1,"btc"
"F100Q1007763",55,1,"btc"
"F100Q1007763",57,1,"btc"
"F100Q1007763",61,2,"btc"
"F100Q1007763",65,1,"btc"
"F100Q1007763",69,1,"btc"
"F100Q1007763",72,1,"btc"
"F100Q1007763",80,1,"btc"
"F100Q1007763",83,1,"btc"
"F100Q1007763",85,1,"btc"
"F100Q1007763",89,1,"btc"
"F100Q1007763",96,1,"btc"
"F100Q1007764",35,1,"btc"
"F100Q1007767",26,1,"btc"
"F100Q1007768",22,3,"btc"
"F100Q1007768",26,1,"btc"
"F100Q1007768",29,2,"btc"
"F100Q1007768",32,1,"btc"
"F100Q1007768",34,1,"btc"
"F100Q1007768",42,3,"btc"
"F100Q1007768",44,1,"btc"
"F100Q1007768",48,1,"btc"
"F100Q1007768",56,2,"btc"
"F100Q1007768",60,1,"btc"
"F100Q1007768",71,2,"btc"
"F100Q1007768",80,2,"btc"
"F100Q1007768",82,1,"btc"
"F100Q1007768",85,2,"btc"
"F100Q1007768",90,1,"btc"
"F100Q1007768",94,1,"btc"
"F100Q1007768",100,1,"btc"
"F100Q1007768",111,4,"btc"
"F100Q1007768",117,2,"btc"
"F100Q1007768",120,1,"btc"
"F100Q1007768",135,1,"btc"
"F100Q1007768",138,2,"btc"
"F100Q1007768",143,4,"btc"
"F100Q1007768",145,4,"btc"
"F100Q1007768",146,2,"btc"
"F100Q1007768",153,7,"btc"
"F100Q1007768",158,2,"btc"
"F100Q1007768",163,3,"btc"
"F100Q1007768",164,2,"btc"
"F100Q1007768",174,3,"btc"
"F100Q1007773",6,1,"btc"
"F100Q1007773",15,1,"btc"
"F100Q1007773",18,1,"btc"
"F100Q1007773",23,1,"btc"
"F100Q1007773",29,2,"btc"
"F100Q1007773",42,1,"btc"
"F100Q1007773",48,1,"btc"
"F100Q1007773",56,1,"btc"
"F100Q1007773",64,1,"btc"
"F100Q1007773",76,1,"btc"
"F100Q1007773",86,7,"btc"
"F100Q1007773",90,4,"btc"
"F100Q1007773",94,2,"btc"
"F100Q1007773",107,1,"btc"
"F100Q1007773",109,1,"btc"
"F100Q1007773",114,1,"btc"
"F100Q1007773",121,1,"btc"
"F100Q1007777",6,2,"btc"
"F100Q1007777",10,5,"btc"
"F100Q1007777",12,2,"btc"
"F100Q1007777",20,2,"btc"
"F100Q1007777",27,2,"btc"
"F100Q1007777",29,2,"btc"
"F100Q1007777",32,5,"btc"
"F100Q1007777",34,5,"btc"
"F100Q1007777",45,12,"btc"
"F100Q1007782",7,1,"btc"
"F100Q1007782",13,2,"btc"
"F100Q1007782",16,2,"btc"
"F100Q1007782",20,2,"btc"
"F100Q1007782",27,1,"btc"
"F100Q1007782",30,1,"btc"
"F100Q1007786",39,1,"btc"
"F100Q1007786",43,2,"btc"
"F100Q1007786",46,1,"btc"
"F100Q1007787",30,1,"btc"
"F100Q1007787",34,2,"btc"
"F100Q1007787",37,1,"btc"
"F100Q1007794",12,1,"btc"
"F100Q1007794",26,1,"btc"
"F100Q1007797",26,1,"btc"
"F100Q1007804",32,1,"btc"
"F100Q1007829",17,3,"btc"
"F100Q1007829",25,2,"btc"
"F100Q1007829",32,2,"btc"
"F100Q1007829",42,2,"btc"
"F100Q1007842",13,1,"btc"
"F100Q1007847",18,1,"btc"
"F100Q1007848",15,13,"btc"
"F100Q1007848",21,19,"btc"
"F100Q1007848",30,23,"btc"
"F100Q1007849",37,1,"btc"
"F100Q1007852",22,1,"btc"
"F100Q1007852",25,1,"btc"
"F100Q1007852",32,1,"btc"
"F100Q1007852",36,1,"btc"
"F100Q1007852",39,1,"btc"
"F100Q1007852",41,1,"btc"
"F100Q1007852",45,1,"btc"
"F100Q1007852",48,1,"btc"
"F100Q1007852",51,1,"btc"
"F100Q1007855",17,1,"btc"
"F100Q1007856",16,1,"btc"
"F100Q1007856",27,1,"btc"
"F100Q1007856",30,1,"btc"
"F100Q1007856",33,1,"btc"
"F100Q1007856",37,1,"btc"
"F100Q1007856",40,1,"btc"
"F100Q1007856",43,1,"btc"
"F100Q1007856",47,1,"btc"
"F100Q1007856",51,1,"btc"
"F100Q1007856",53,1,"btc"
"F100Q1007856",61,2,"btc"
"F100Q1007856",64,1,"btc"
"F100Q1007856",72,1,"btc"
"F100Q1007856",78,1,"btc"
"F100Q1007856",85,2,"btc"
"F100Q1007856",87,1,"btc"
"F100Q1007856",137,1,"btc"
"F100Q1007856",160,2,"btc"
"F100Q1007870",31,1,"btc"
"F100Q1007870",34,1,"btc"
"F100Q1007871",4,1,"btc"
"F100Q1007871",11,1,"btc"
"F100Q1007882",11,2,"btc"
"F100Q1007882",14,1,"btc"
"F100Q1007882",17,2,"btc"
"F100Q1007883",11,1,"btc"
"F100Q1007886",9,1,"btc"
"F100Q1007886",12,1,"btc"
"F100Q1007886",38,1,"btc"
"F100Q1007886",56,1,"btc"
"F100Q1007886",59,1,"btc"
"F100Q1007886",61,1,"btc"
"F100Q1007893",45,1,"btc"
"F100Q1007895",25,1,"btc"
"F100Q1007899",23,1,"btc"
"F100Q1007899",40,8,"btc"
"F100Q1007899",47,2,"btc"
"F100Q1007899",52,2,"btc"
"F100Q1007905",5,1,"btc"
"F100Q1007924",14,2,"btc"
"F100Q1007924",24,2,"btc"
"F100Q1007924",28,1,"btc"
"F100Q1007924",38,3,"btc"
"F100Q1007924",41,2,"btc"
"F100Q1007924",43,1,"btc"
"F100Q1007924",52,1,"btc"
"F100Q1007924",62,1,"btc"
"F100Q1007928",14,1,"btc"
"F100Q1007943",3,1,"btc"
"F100Q1007943",24,1,"btc"
"F100Q1007943",27,1,"btc"
"F100Q1007943",32,1,"btc"
"F100Q1007943",38,1,"btc"
"F100Q1007943",45,1,"btc"
"F100Q1007943",50,1,"btc"
"F100Q1007943",59,1,"btc"
"F100Q1007952",25,1,"btc"
"F100Q1007962",5,1,"btc"
"F100Q1007966",6,1,"btc"
"F100Q1007968",8,1,"btc"
"F100Q1007968",16,2,"btc"
"F100Q1007968",20,3,"btc"
"F100Q1007968",26,5,"btc"
"F100Q1007968",27,2,"btc"
"F100Q1007968",60,1,"btc"
"F100Q1007978",23,1,"btc"
"F100Q1007981",14,1,"btc"
"F100Q1007981",16,1,"btc"
"F100Q1007982",25,1,"btc"
"F100Q1007990",22,1,"btc"
"F100Q1007990",44,1,"btc"
"F100Q1007994",20,2,"btc"
"F100Q1007994",22,1,"btc"
"F100Q1007994",26,2,"btc"
"F100Q1007994",28,2,"btc"
"F100Q1007994",32,3,"btc"
"F100Q1007994",34,1,"btc"
"F100Q1008011",14,1,"btc"
"F100Q1008029",33,1,"btc"
"F100Q1008042",14,1,"btc"
"F100Q1008042",17,1,"btc"
"F100Q1008044",19,1,"btc"
"F100Q1008045",10,1,"btc"
"F100Q1008045",14,2,"btc"
"F100Q1008045",20,3,"btc"
"F100Q1008045",27,3,"btc"
"F100Q1008045",28,2,"btc"
"F100Q1008045",36,2,"btc"
"F100Q1008045",38,2,"btc"
"F100Q1008045",47,1,"btc"
"F100Q1008071",13,1,"btc"
"F100Q1008071",18,1,"btc"
"F100Q1008071",20,1,"btc"
"F100Q1008073",21,1,"btc"
"F100Q1008084",43,3,"btc"
"F100Q1008084",54,2,"btc"
"F100Q1008084",57,1,"btc"
"F100Q1008086",24,1,"btc"
"F100Q1008090",21,1,"btc"
"F100Q1008104",10,1,"btc"
"F100Q1008104",13,2,"btc"
"F100Q1008104",15,1,"btc"
"F100Q1008104",20,4,"btc"
"F100Q1008104",23,3,"btc"
"F100Q1008104",28,2,"btc"
"F100Q1008104",31,2,"btc"
"F100Q1008104",36,5,"btc"
"F100Q1008104",39,2,"btc"
"F100Q1008104",42,2,"btc"
"F100Q1008104",44,1,"btc"
"F100Q1008104",52,1,"btc"
"F100Q1008104",55,1,"btc"
"F100Q1008104",60,1,"btc"
"F100Q1008104",65,1,"btc"
"F100Q1008104",67,1,"btc"
"F100Q1008104",71,1,"btc"
"F100Q1008104",75,1,"btc"
"F100Q1008104",78,2,"btc"
"F100Q1008104",81,2,"btc"
"F100Q1008104",83,1,"btc"
"F100Q1008104",87,1,"btc"
"F100Q1008104",90,1,"btc"
"F100Q1008104",93,1,"btc"
"F100Q1008104",95,1,"btc"
"F100Q1008104",97,1,"btc"
"F100Q1008104",99,1,"btc"
"F100Q1008104",101,1,"btc"
"F100Q1008104",103,1,"btc"
"F100Q1008104",105,1,"btc"
"F100Q1008104",108,1,"btc"
"F100Q1008104",110,1,"btc"
"F100Q1008104",112,1,"btc"
"F100Q1008104",114,1,"btc"
"F100Q1008104",117,1,"btc"
"F100Q1008104",119,1,"btc"
"F100Q1008104",121,1,"btc"
"F100Q1008104",124,1,"btc"
"F100Q1008104",126,1,"btc"
"F100Q1008104",129,1,"btc"
"F100Q1008104",137,1,"btc"
"F100Q1008104",141,2,"btc"
"F100Q1008104",145,2,"btc"
"F100Q1008104",148,3,"btc"
"F100Q1008104",158,1,"btc"
"F100Q1008104",169,2,"btc"
"F100Q1008104",173,2,"btc"
"F100Q1008105",21,2,"btc"
"F100Q1008109",3,1,"btc"
"F100Q1008109",22,1,"btc"
"F100Q1008128",15,1,"btc"
"F100Q1008137",7,1,"btc"
"F100Q1008137",11,1,"btc"
"F100Q1008137",15,1,"btc"
"F100Q1008137",19,1,"btc"
"F100Q1008137",22,2,"btc"
"F100Q1008150",16,1,"btc"
"F100Q1008158",6,1,"btc"
"F100Q1008158",8,1,"btc"
"F100Q1008169",14,21,"btc"
"F100Q1008171",21,2,"btc"
"F100Q1008171",42,3,"btc"
"F100Q1008171",47,4,"btc"
"F100Q1008171",48,3,"btc"
"F100Q1008171",66,1,"btc"
"F100Q1008171",97,1,"btc"
"F100Q1008171",102,1,"btc"
"F100Q1008171",109,1,"btc"
"F100Q1008171",123,3,"btc"
"F100Q1008171",126,4,"btc"
"F100Q1008171",137,1,"btc"
"F100Q1008171",141,1,"btc"
"F100Q1008171",148,3,"btc"
"F100Q1008171",161,8,"FC"
"F100Q1008172",6,1,"btc"
"F100Q1008178",13,1,"btc"
"F100Q1008181",26,16,"btc"
"F100Q1008188",60,1,"btc"
"F100Q1008193",19,1,"btc"
"F100Q1008193",126,1,"btc"
"F100Q1008197",15,1,"btc"
"F100Q1008197",18,1,"btc"
"F100Q1008197",31,1,"btc"
"F100Q1008207",13,1,"btc"
"F100Q1008207",18,1,"btc"
"F100Q1008207",24,1,"btc"
"F100Q1008207",35,2,"btc"
"F100Q1008207",59,1,"btc"
"F100Q1008207",63,1,"btc"
"F100Q1008207",68,1,"btc"
"F100Q1008207",70,1,"btc"
"F100Q1008207",75,1,"btc"
"F100Q1008207",81,1,"btc"
"F100Q1008207",83,1,"btc"
"F100Q1008207",88,1,"btc"
"F100Q1008207",93,1,"btc"
"F100Q1008207",95,1,"btc"
"F100Q1008207",97,1,"btc"
"F100Q1008207",99,1,"btc"
"F100Q1008207",102,1,"btc"
"F100Q1008207",106,1,"btc"
"F100Q1008207",112,1,"btc"
"F100Q1008207",116,1,"btc"
"F100Q1008207",120,1,"btc"
"F100Q1008208",11,1,"btc"
"F100Q1008211",13,1,"btc"
"F100Q1008211",26,1,"btc"
"F100Q1008211",30,1,"btc"
"F100Q1008211",37,3,"btc"
"F100Q1008211",39,2,"btc"
"F100Q1008211",42,2,"btc"
"F100Q1008211",44,1,"btc"
"F100Q1008211",49,2,"btc"
"F100Q1008211",62,2,"btc"
"F100Q1008211",65,2,"btc"
"F100Q1008211",70,2,"btc"
"F100Q1008211",73,1,"btc"
"F100Q1008211",77,1,"btc"
"F100Q1008211",83,1,"btc"
"F100Q1008212",82,1,"btc"
"F100Q1008212",87,1,"btc"
"F100Q1008217",4,1,"btc"
"F100Q1008220",19,1,"btc"
"F100Q1008223",20,1,"btc"
"F100Q1008230",7,1,"btc"
"F100Q1008230",19,1,"btc"
"F100Q1008234",53,8,"btc"
"F100Q1008234",54,6,"btc"
"F100Q1008234",69,5,"btc"
"F100Q1008234",73,5,"btc"
"F100Q1008234",102,27,"btc"
"F100Q1008234",103,9,"btc"
"F100Q1008234",108,3,"btc"
"F100Q1008244",8,1,"btc"
"F100Q1008248",7,1,"btc"
"F100Q1008256",19,1,"btc"
"F100Q1008258",26,1,"btc"
"F100Q1008263",13,1,"btc"
"F100Q1008273",40,1,"btc"
"F100Q1008274",16,1,"btc"
"F100Q1008274",27,1,"btc"
"F100Q1008276",5,1,"btc"
"F100Q1008276",11,1,"btc"
"F100Q1008283",33,1,"btc"
"F100Q1008283",54,1,"btc"
"F100Q1008284",60,1,"btc"
"F100Q1008286",3,1,"btc"
"F100Q1008288",56,1,"btc"
"F100Q1008288",60,1,"btc"
"F100Q1008288",63,1,"btc"
"F100Q1008288",65,1,"btc"
"F100Q1008288",71,1,"btc"
"F100Q1008288",73,3,"btc"
"F100Q1008289",32,1,"btc"
"F100Q1008304",19,2,"btc"
"F100Q1008304",29,2,"btc"
"F100Q1008304",90,1,"btc"
"F100Q1008320",6,1,"btc"
"F100Q1008320",10,1,"btc"
"F100Q1008320",19,2,"btc"
"F100Q1008320",24,2,"btc"
"F100Q1008320",29,2,"btc"
"F100Q1008320",35,1,"btc"
"F100Q1008320",37,1,"btc"
"F100Q1008320",39,1,"btc"
"F100Q1008327",7,1,"btc"
"F100Q1008327",20,1,"btc"
"F100Q1008327",22,1,"btc"
"F100Q1008327",28,1,"btc"
"F100Q1008327",53,1,"btc"
"F100Q1008327",66,1,"btc"
"F100Q1008327",70,1,"btc"
"F100Q1008327",80,1,"btc"
"F100Q1008351",20,1,"btc"
"F100Q1008374",6,1,"btc"
"F100Q1008374",10,3,"btc"
"F100Q1008374",20,12,"btc"
"F100Q1008374",24,12,"btc"
"F100Q1008374",28,11,"btc"
"F100Q1008380",16,1,"btc"
"F100Q1008382",89,12,"btc"
"F100Q1008389",16,1,"btc"
"F100Q1008396",8,1,"btc"
"F100Q1008396",12,1,"btc"
"F100Q1008396",20,2,"btc"
"F100Q1008408",12,1,"btc"
"F100Q1008418",5,1,"btc"
"F100Q1008421",20,1,"btc"
"F100Q1008421",25,2,"btc"
"F100Q1008421",29,3,"btc"
"F100Q1008421",31,3,"btc"
"F100Q1008421",35,5,"btc"
"F100Q1008421",39,3,"btc"
"F100Q1008421",42,2,"btc"
"F100Q1008421",52,1,"btc"
"F100Q1008421",72,2,"btc"
"F100Q1008421",85,6,"btc"
"F100Q1008421",89,5,"btc"
"F100Q1008421",92,4,"btc"
"F100Q1008421",95,3,"btc"
"F100Q1008421",97,2,"btc"
"F100Q1008421",100,2,"btc"
"F100Q1008421",105,1,"btc"
"F100Q1008421",116,1,"btc"
"F100Q1008421",121,1,"btc"
"F100Q1008421",127,2,"btc"
"F100Q1008421",153,19,"btc"
"F100Q1008422",12,1,"btc"
"F100Q1008424",11,1,"btc"
"F100Q1008424",16,1,"btc"
"F100Q1008424",21,2,"btc"
"F100Q1008424",23,1,"btc"
"F100Q1008424",25,1,"btc"
"F100Q1008424",29,1,"btc"
"F100Q1008424",33,1,"btc"
"F100Q1008424",35,1,"btc"
"F100Q1008424",43,2,"btc"
"F100Q1008425",3,1,"btc"
"F100Q1008425",38,1,"btc"
"F100Q1008425",43,1,"btc"
"F100Q1008425",50,1,"btc"
"F100Q1008425",59,2,"btc"
"F100Q1008425",62,1,"btc"
"F100Q1008425",77,2,"btc"
"F100Q1008425",88,5,"btc"
"F100Q1008425",112,1,"btc"
"F100Q1008425",115,1,"btc"
"F100Q1008425",120,1,"btc"
"F100Q1008425",158,34,"FC"
"F100Q1008432",19,1,"btc"
"F100Q1008432",23,1,"btc"
"F100Q1008433",19,1,"btc"
"F100Q1008452",11,1,"btc"
"F100Q1008458",11,1,"btc"
"F100Q1008458",19,2,"btc"
"F100Q1008458",23,1,"btc"
"F100Q1008458",29,1,"btc"
"F100Q1008458",36,2,"btc"
"F100Q1008458",43,4,"btc"
"F100Q1008458",47,3,"btc"
"F100Q1008458",49,2,"btc"
"F100Q1008458",52,1,"btc"
"F100Q1008458",57,2,"btc"
"F100Q1008458",68,7,"btc"
"F100Q1008461",5,1,"btc"
"F100Q1008461",9,1,"btc"
"F100Q1008461",12,1,"btc"
"F100Q1008461",20,1,"btc"
"F100Q1008461",26,1,"btc"
"F100Q1008461",36,1,"btc"
"F100Q1008468",4,1,"btc"
"F100Q1008483",14,1,"btc"
"F100Q1008483",17,1,"btc"
"F100Q1008483",26,3,"btc"
"F100Q1008491",17,1,"btc"
"F100Q1008491",20,1,"btc"
"F100Q1008491",30,2,"btc"
"F100Q1008491",32,1,"btc"
"F100Q1008498",7,1,"btc"
"F100Q1008498",9,3,"btc"
"F100Q1008512",17,1,"btc"
"F100Q1008512",20,1,"btc"
"F100Q1008534",12,1,"btc"
"F100Q1008535",16,1,"btc"
"F100Q1008535",38,1,"btc"
"F100Q1008544",9,1,"btc"
"F100Q1008544",18,1,"btc"
"F100Q1008544",24,4,"btc"
"F100Q1008544",25,3,"btc"
"F100Q1008544",26,2,"btc"
"F100Q1008544",28,1,"btc"
"F100Q1008544",34,4,"btc"
"F100Q1008544",36,3,"btc"
"F100Q1008544",42,4,"btc"
"F100Q1008544",47,1,"btc"
"F100Q1008544",53,2,"btc"
"F100Q1008544",64,1,"btc"
"F100Q1008544",68,1,"btc"
"F100Q1008544",72,2,"btc"
"F100Q1008544",74,2,"btc"
"F100Q1008544",76,4,"btc"
"F100Q1008544",83,2,"btc"
"F100Q1008544",86,2,"btc"
"F100Q1008544",89,2,"btc"
"F100Q1008544",93,1,"btc"
"F100Q1008544",96,2,"btc"
"F100Q1008544",99,2,"btc"
"F100Q1008544",102,2,"btc"
"F100Q1008544",119,10,"btc"
"F100Q1008544",137,2,"btc"
"F100Q1008544",139,2,"btc"
"F100Q1008544",141,2,"btc"
"F100Q1008544",143,2,"btc"
"F100Q1008544",151,4,"btc"
"F100Q1008544",156,5,"btc"
"F100Q1008544",158,3,"btc"
"F100Q1008544",159,2,"btc"
"F100Q1008547",19,1,"btc"
"F100Q1008547",25,1,"btc"
"F100Q1008547",30,1,"btc"
"F100Q1008547",34,1,"btc"
"F100Q1008547",39,1,"btc"
"F100Q1008553",3,2,"btc"
"F100Q1008553",6,2,"btc"
"F100Q1008553",10,2,"btc"
"F100Q1008553",13,5,"btc"
"F100Q1008553",15,2,"btc"
"F100Q1008553",19,5,"btc"
"F100Q1008553",21,5,"btc"
"F100Q1008553",23,5,"btc"
"F100Q1008553",26,5,"btc"
"F100Q1008553",28,5,"btc"
"F100Q1008553",38,12,"btc"
"F100Q1008557",7,1,"btc"
"F100Q1008557",11,1,"btc"
"F100Q1008557",20,2,"btc"
"F100Q1008557",22,1,"btc"
"F100Q1008557",25,1,"btc"
"F100Q1008557",33,1,"btc"
"F100Q1008557",40,2,"btc"
"F100Q1008557",42,2,"btc"
"F100Q1008557",44,2,"btc"
"F100Q1008557",48,3,"btc"
"F100Q1008557",59,2,"btc"
"F100Q1008557",61,2,"btc"
"F100Q1008557",69,2,"btc"
"F100Q1008557",71,2,"btc"
"F100Q1008557",75,2,"btc"
"F100Q1008557",88,11,"btc"
"F100Q1008557",89,10,"btc"
"F100Q1008557",92,9,"btc"
"F100Q1008557",94,8,"btc"
"F100Q1008557",96,7,"btc"
"F100Q1008557",100,6,"btc"
"F100Q1008557",101,5,"btc"
"F100Q1008557",104,3,"btc"
"F100Q1008557",107,2,"btc"
"F100Q1008557",111,1,"btc"
"F100Q1008557",120,5,"btc"
"F100Q1008557",123,2,"btc"
"F100Q1008557",141,1,"btc"
"F100Q1008558",20,3,"btc"
"F100Q1008564",15,1,"btc"
"F100Q1008564",17,1,"btc"
"F100Q1008564",23,1,"btc"
"F100Q1008564",29,1,"btc"
"F100Q1008568",10,1,"btc"
"F100Q1008570",13,13,"btc"
"F100Q1008570",14,3,"btc"
"F100Q1008570",25,13,"btc"
"F100Q1008571",20,2,"btc"
"F100Q1008571",24,1,"btc"
"F100Q1008571",30,1,"btc"
"F100Q1008571",35,1,"btc"
"F100Q1008571",38,1,"btc"
"F100Q1008571",43,1,"btc"
"F100Q1008571",54,2,"btc"
"F100Q1008571",58,3,"btc"
"F100Q1008571",66,9,"btc"
"F100Q1008571",74,5,"btc"
"F100Q1008571",80,3,"btc"
"F100Q1008571",97,18,"btc"
"F100Q1008571",124,19,"btc"
"F100Q1008571",132,1,"btc"
"F100Q1008587",4,1,"btc"
"F100Q1008589",27,1,"btc"
"F100Q1008592",10,1,"btc"
"F100Q1008592",14,1,"btc"
"F100Q1008592",20,1,"btc"
"F100Q1008592",23,1,"btc"
"F100Q1008592",27,2,"btc"
"F100Q1008613",25,3,"btc"
"F100Q1008624",77,2,"btc"
"F100Q1008624",92,13,"btc"
"F100Q1008624",96,2,"btc"
"F100Q1008624",142,35,"btc"
"F100Q1008625",64,1,"btc"
"F100Q1008627",13,1,"btc"
"F100Q1008627",28,1,"btc"
"F100Q1008627",33,1,"btc"
"F100Q1008627",36,1,"btc"
"F100Q1008627",46,2,"btc"
"F100Q1008629",19,1,"btc"
"F100Q1008629",22,2,"btc"
"F100Q1008629",25,1,"btc"
"F100Q1008637",18,1,"btc"
"F100Q1008652",19,1,"btc"
"F100Q1008657",19,1,"btc"
"F100Q1008657",21,1,"btc"
"F100Q1008657",26,1,"btc"
"F100Q1008657",29,2,"btc"
"F100Q1008657",36,7,"btc"
"F100Q1008664",41,1,"btc"
"F100Q1008667",21,1,"btc"
"F100Q1008667",38,1,"btc"
"F100Q1008667",45,1,"btc"
"F100Q1008667",53,2,"btc"
"F100Q1008667",57,2,"btc"
"F100Q1008667",64,4,"btc"
"F100Q1008667",68,1,"btc"
"F100Q1008667",76,2,"btc"
"F100Q1008667",79,1,"btc"
"F100Q1008667",85,2,"btc"
"F100Q1008667",88,1,"btc"
"F100Q1008667",96,1,"btc"
"F100Q1008667",102,1,"btc"
"F100Q1008667",105,1,"btc"
"F100Q1008667",123,1,"btc"
"F100Q1008667",126,1,"btc"
"F100Q1008667",129,1,"btc"
"F100Q1008667",139,2,"btc"
"F100Q1008667",142,1,"btc"
"F100Q1008667",149,1,"btc"
"F100Q1008667",160,1,"btc"
"F100Q1008668",3,1,"btc"
"F100Q1008668",13,1,"btc"
"F100Q1008668",25,1,"btc"
"F100Q1008668",36,1,"btc"
"F100Q1008668",45,2,"btc"
"F100Q1008668",54,1,"btc"
"F100Q1008668",58,1,"btc"
"F100Q1008670",21,3,"btc"
"F100Q1008670",28,3,"btc"
"F100Q1008670",31,3,"btc"
"F100Q1008670",34,2,"btc"
"F100Q1008670",36,2,"btc"
"F100Q1008683",23,1,"btc"
"F100Q1008689",41,1,"btc"
"F100Q1008691",22,1,"btc"
"F100Q1008691",28,1,"btc"
"F100Q1008692",28,1,"btc"
"F100Q1008700",8,1,"btc"
"F100Q1008701",20,1,"btc"
"F100Q1008706",22,1,"btc"
"F100Q1008711",22,1,"btc"
"F100Q1008714",119,1,"btc"
"F100Q1008721",14,1,"btc"
"F100Q1008721",36,1,"btc"
"F100Q1008723",4,1,"btc"
"F100Q1008729",55,1,"btc"
"F100Q1008742",54,1,"btc"
"F100Q1008743",27,1,"btc"
"F100Q1008743",31,1,"btc"
"F100Q1008745",46,1,"btc"
"F100Q1008748",8,1,"btc"
"F100Q1008748",17,1,"btc"
"F100Q1008753",10,1,"btc"
"F100Q1008753",14,1,"btc"
"F100Q1008753",21,2,"btc"
"F100Q1008753",24,1,"btc"
"F100Q1008768",43,2,"btc"
"F100Q1008768",94,5,"btc"
"F100Q1008775",19,1,"btc"
"F100Q1008775",21,1,"btc"
"F100Q1008776",139,1,"btc"
"F100Q1008784",20,2,"btc"
"F100Q1008784",22,2,"btc"
"F100Q1008784",38,1,"btc"
"F100Q1008784",42,2,"btc"
"F100Q1008784",45,3,"btc"
"F100Q1008784",50,1,"btc"
"F100Q1008784",55,4,"btc"
"F100Q1008784",64,9,"btc"
"F100Q1008784",68,2,"btc"
"F100Q1008784",84,6,"btc"
"F100Q1008784",90,6,"btc"
"F100Q1008784",94,3,"btc"
"F100Q1008784",96,1,"btc"
"F100Q1008784",99,2,"btc"
"F100Q1008784",104,2,"btc"
"F100Q1008784",109,1,"btc"
"F100Q1008784",116,2,"btc"
"F100Q1008784",131,2,"btc"
"F100Q1008784",135,1,"btc"
"F100Q1008784",141,2,"btc"
"F100Q1008784",148,3,"btc"
"F100Q1008784",149,2,"btc"
"F100Q1008784",153,2,"btc"
"F100Q1008784",155,1,"btc"
"F100Q1008784",159,1,"btc"
"F100Q1008784",164,3,"btc"
"F100Q1008784",166,3,"btc"
"F100Q1008784",168,3,"btc"
"F100Q1008784",169,2,"btc"
"F100Q1008784",173,2,"btc"
"F100Q1008785",3,1,"btc"
"F100Q1008785",5,1,"btc"
"F100Q1008785",11,3,"btc"
"F100Q1008785",14,1,"btc"
"F100Q1008785",17,1,"btc"
"F100Q1008787",17,1,"btc"
"F100Q1008787",28,1,"btc"
"F100Q1008807",23,1,"btc"
"F100Q1008809",10,1,"btc"
"F100Q1008827",31,1,"btc"
"F100Q1008836",78,12,"FC"
"F100Q1008840",7,4,"btc"
"F100Q1008842",52,1,"btc"
"F100Q1008842",87,1,"btc"
"F100Q1008842",97,1,"btc"
"F100Q1008842",99,1,"btc"
"F100Q1008851",36,1,"btc"
"F100Q1008855",10,1,"btc"
"F100Q1008855",54,1,"btc"
"F100Q1008855",68,1,"btc"
"F100Q1008855",92,19,"btc"
"F100Q1008855",95,2,"btc"
"F100Q1008855",115,1,"btc"
"F100Q1008855",137,1,"btc"
"F100Q1008855",146,1,"btc"
"F100Q1008855",151,1,"btc"
"F100Q1008855",160,1,"btc"
"F100Q1008855",162,1,"btc"
"F100Q1008855",165,1,"btc"
"F100Q1008864",20,1,"btc"
"F100Q1008867",11,1,"btc"
"F100Q1008880",19,1,"btc"
"F100Q1008880",36,1,"btc"
"F100Q1008900",19,2,"btc"
"F100Q1008900",27,1,"btc"
"F100Q1008900",30,1,"btc"
"F100Q1008900",32,1,"btc"
"F100Q1008900",34,1,"btc"
"F100Q1008900",36,1,"btc"
"F100Q1008900",40,1,"btc"
"F100Q1008900",54,1,"btc"
"F100Q1008905",15,1,"btc"
"F100Q1008917",36,1,"btc"
"F100Q1008927",45,1,"btc"
"F100Q1008946",8,1,"btc"
"F100Q1008949",14,1,"btc"
"F100Q1008950",24,6,"FC"
"F100Q1008952",19,1,"btc"
"F100Q1008952",35,1,"btc"
"F100Q1008952",96,1,"btc"
"F100Q1008963",11,1,"btc"
"F100Q1008964",16,3,"btc"
"F100Q1008975",6,1,"btc"
"F100Q1008995",3,1,"btc"
"F100Q1008995",57,1,"btc"
"F100Q1008995",59,1,"btc"
"F100Q1008995",65,1,"btc"
"F100Q1009001",63,1,"btc"
"F100Q1009001",76,1,"btc"
"F100Q1009001",79,1,"btc"
"F100Q1009001",84,1,"btc"
"F100Q1009003",9,1,"btc"
"F100Q1009003",19,2,"btc"
"F100Q1009003",22,2,"btc"
"F100Q1009003",25,1,"btc"
"F100Q1009003",27,1,"btc"
"F100Q1009003",29,1,"btc"
"F100Q1009003",32,1,"btc"
"F100Q1009003",35,1,"btc"
"F100Q1009003",47,2,"btc"
"F100Q1009003",51,3,"btc"
"F100Q1009003",53,1,"btc"
"F100Q1009003",60,1,"btc"
"F100Q1009003",69,1,"btc"
"F100Q1009003",75,2,"btc"
"F100Q1009003",86,2,"btc"
"F100Q1009003",97,1,"btc"
"F100Q1009003",103,1,"btc"
"F100Q1009003",115,1,"btc"
"F100Q1009003",122,4,"btc"
"F100Q1009023",9,1,"btc"
"F100Q1009023",11,1,"btc"
"F100Q1009023",21,1,"btc"
"F100Q1009051",4,2,"btc"
"F100Q1009051",17,1,"btc"
"F100Q1009051",32,1,"btc"
"F100Q1009051",39,1,"btc"
"F100Q1009054",3,1,"btc"
"F100Q1009069",32,1,"btc"
"F100Q1009077",45,1,"btc"
"F100Q1009077",51,1,"btc"
"F100Q1009077",60,1,"btc"
"F100Q1009077",64,1,"btc"
"F100Q1009077",66,1,"btc"
"F100Q1009077",69,1,"btc"
"F100Q1009077",79,1,"btc"
"F100Q1009077",81,1,"btc"
"F100Q1009077",85,1,"btc"
"F100Q1009077",90,1,"btc"
"F100Q1009092",5,1,"btc"
"F100Q1009092",11,2,"btc"
"F100Q1009092",20,6,"btc"
"F100Q1009092",31,2,"btc"
"F100Q1009092",33,1,"btc"
"F100Q1009092",39,1,"btc"
"F100Q1009092",41,1,"btc"
"F100Q1009092",45,1,"btc"
"F100Q1009092",47,1,"btc"
"F100Q1009118",14,1,"btc"
"F100Q1009122",19,1,"btc"
"F100Q1009133",11,1,"btc"
"F100Q1009140",10,2,"btc"
"F100Q1009140",13,2,"btc"
"F100Q1009140",23,3,"btc"
"F100Q1009146",27,1,"btc"
"F100Q1009147",5,1,"btc"
"F100Q1009147",14,1,"btc"
"F100Q1009147",17,1,"btc"
"F100Q1009149",5,2,"btc"
"F100Q1009149",7,1,"btc"
"F100Q1009149",14,1,"btc"
"F100Q1009149",23,1,"btc"
"F100Q1009149",36,1,"btc"
"F100Q1009154",8,1,"btc"
"F100Q1009155",23,1,"btc"
"F100Q1009155",30,1,"btc"
"F100Q1009157",2,1,"btc"
"F100Q1009157",11,1,"btc"
"F100Q1009157",23,1,"btc"
"F100Q1009169",18,1,"btc"
"F100Q1009224",29,1,"btc"
"F100Q1009224",33,1,"btc"
"F100Q1009224",35,1,"btc"
"F100Q1009235",6,1,"btc"
"F100Q1009235",92,1,"btc"
"F100Q1009235",95,1,"btc"
"F100Q1009235",107,3,"btc"
"F100Q1009235",115,2,"btc"
"F100Q1009235",119,1,"btc"
"F100Q1009235",144,1,"btc"
"F100Q1009237",20,1,"btc"
"F100Q1009251",5,1,"btc"
"F100Q1009261",2,1,"btc"
"F100Q1009272",12,1,"btc"
"F100Q1009293",5,1,"btc"
"F100Q1009293",7,1,"btc"
"F100Q1009300",14,1,"btc"
"F100Q1009300",18,2,"btc"
"F100Q1009300",21,2,"btc"
"F100Q1009300",24,2,"btc"
"F100Q1009341",7,1,"btc"
"F100Q1009341",16,1,"btc"
"F100Q1009349",17,1,"btc"
"F100Q1009357",22,1,"btc"
"F100Q1009360",19,1,"btc"
"F100Q1009373",25,1,"btc"
"F100Q1009376",24,1,"btc"
"F100Q1009376",27,1,"btc"
"F100Q1009376",49,1,"btc"
"F100Q1009380",49,1,"btc"
"F100Q1009382",143,1,"btc"
"F100Q1009382",150,1,"btc"
"F100Q1009385",16,1,"btc"
"F100Q1009386",37,1,"btc"
"F100Q1009386",39,1,"btc"
"F100Q1009388",25,1,"btc"
"F100Q1009390",17,1,"btc"
"F100Q1009390",29,1,"btc"
"F100Q1009390",32,1,"btc"
"F100Q1009390",39,1,"btc"
"F100Q1009390",44,1,"btc"
"F100Q1009390",46,1,"btc"
"F100Q1009390",52,1,"btc"
"F100Q1009390",56,1,"btc"
"F100Q1009390",59,1,"btc"
"F100Q1009390",61,1,"btc"
"F100Q1009390",64,1,"btc"
"F100Q1009390",68,1,"btc"
"F100Q1009390",71,1,"btc"
"F100Q1009390",73,1,"btc"
"F100Q1009390",80,1,"btc"
"F100Q1009390",83,1,"btc"
"F100Q1009390",85,1,"btc"
"F100Q1009390",87,1,"btc"
"F100Q1009390",90,1,"btc"
"F100Q1009390",94,2,"btc"
"F100Q1009390",99,2,"btc"
"F100Q1009390",104,1,"btc"
"F100Q1009390",106,1,"btc"
"F100Q1009390",122,13,"btc"
"F100Q1009390",127,15,"btc"
"F100Q1009391",9,1,"btc"
"F100Q1009392",7,1,"btc"
"F100Q1009401",3,1,"btc"
"F100Q1009416",12,1,"btc"
"F100Q1009416",20,2,"btc"
"F100Q1009416",26,2,"btc"
"F100Q1009416",28,1,"btc"
"F100Q1009416",34,4,"btc"
"F100Q1009416",54,5,"btc"
"F100Q1009416",55,4,"btc"
"F100Q1009416",64,5,"btc"
"F100Q1009416",71,4,"btc"
"F100Q1009416",77,5,"btc"
"F100Q1009416",81,6,"btc"
"F100Q1009416",83,6,"btc"
"F100Q1009416",84,5,"btc"
"F100Q1009416",87,3,"btc"
"F100Q1009416",90,2,"btc"
"F100Q1009416",93,2,"btc"
"F100Q1009416",124,1,"btc"
"F100Q1009417",24,1,"btc"
"F100Q1009420",43,1,"btc"
"F100Q1009420",48,1,"btc"
"F100Q1009420",52,1,"btc"
"F100Q1009420",54,1,"btc"
"F100Q1009420",57,2,"btc"
"F100Q1009420",62,1,"btc"
"F100Q1009420",64,1,"btc"
"F100Q1009420",66,1,"btc"
"F100Q1009420",71,1,"btc"
"F100Q1009420",84,1,"btc"
"F100Q1009420",91,3,"btc"
"F100Q1009420",93,3,"btc"
"F100Q1009420",96,1,"btc"
"F100Q1009420",102,3,"btc"
"F100Q1009420",104,1,"btc"
"F100Q1009420",111,5,"btc"
"F100Q1009420",119,1,"btc"
"F100Q1009420",123,2,"btc"
"F100Q1009420",125,1,"btc"
"F100Q1009420",128,2,"btc"
"F100Q1009420",130,2,"btc"
"F100Q1009420",133,1,"btc"
"F100Q1009420",144,2,"btc"
"F100Q1009420",146,1,"btc"
"F100Q1009420",150,2,"btc"
"F100Q1009420",159,4,"btc"
"F100Q1009420",165,3,"btc"
"F100Q1009420",166,2,"btc"
"F100Q1009420",169,2,"btc"
"F100Q1009433",9,2,"btc"
"F100Q1009433",12,3,"btc"
"F100Q1009433",22,10,"btc"
"F100Q1009433",32,8,"btc"
"F100Q1009433",34,8,"btc"
"F100Q1009433",39,7,"btc"
"F100Q1009440",11,2,"btc"
"F100Q1009440",16,3,"btc"
"F100Q1009440",18,3,"btc"
"F100Q1009440",19,2,"btc"
"F100Q1009441",17,2,"btc"
"F100Q1009441",21,2,"btc"
"F100Q1009441",24,5,"btc"
"F100Q1009441",26,5,"btc"
"F100Q1009441",27,2,"btc"
"F100Q1009441",29,2,"btc"
"F100Q1009441",40,12,"btc"
"F100Q1009445",28,1,"btc"
"F100Q1009452",20,1,"btc"
"F100Q1009452",30,1,"btc"
"F100Q1009453",20,4,"btc"
"F100Q1009453",26,6,"btc"
"F100Q1009458",10,1,"btc"
"F100Q1009458",13,1,"btc"
"F100Q1009463",10,1,"btc"
"F100Q1009465",29,1,"btc"
"F100Q1009465",55,2,"btc"
"F100Q1009465",72,5,"btc"
"F100Q1009465",96,2,"btc"
"F100Q1009465",100,1,"btc"
"F100Q1009465",114,1,"btc"
"F100Q1009476",8,1,"btc"
"F100Q1009476",10,1,"btc"
"F100Q1009476",12,1,"btc"
"F100Q1009476",17,1,"btc"
"F100Q1009476",22,3,"btc"
"F100Q1009476",26,3,"btc"
"F100Q1009476",32,5,"btc"
"F100Q1009479",10,1,"btc"
"F100Q1009480",24,1,"btc"
"F100Q1009488",74,1,"btc"
"F100Q1009488",103,1,"btc"
"F100Q1009488",159,2,"btc"
"F100Q1009488",163,4,"btc"
"F100Q1009488",164,3,"btc"
"F100Q1009488",167,3,"btc"
"F100Q1009488",170,3,"btc"
"F100Q1009488",171,2,"btc"
"F100Q1009488",173,1,"btc"
"F100Q1009491",21,1,"btc"
"F100Q1009491",23,1,"btc"
"F100Q1009491",27,1,"btc"
"F100Q1009491",69,1,"btc"
"F100Q1009494",13,3,"btc"
"F100Q1009494",18,2,"btc"
"F100Q1009494",22,2,"btc"
"F100Q1009494",29,3,"btc"
"F100Q1009498",22,1,"btc"
"F100Q1009500",12,1,"btc"
"F100Q1009509",10,1,"btc"
"F100Q1009509",13,1,"btc"
"F100Q1009509",15,1,"btc"
"F100Q1009509",23,1,"btc"
"F100Q1009516",24,1,"btc"
"F100Q1009518",14,1,"btc"
"F100Q1009518",20,1,"btc"
"F100Q1009523",11,1,"btc"
"F100Q1009537",29,1,"btc"
"F100Q1009537",31,1,"btc"
"F100Q1009544",17,1,"btc"
"F100Q1009544",22,2,"btc"
"F100Q1009549",24,1,"btc"
"F100Q1009553",36,1,"btc"
"F100Q1009553",88,1,"btc"
"F100Q1009553",140,1,"btc"
"F100Q1009553",168,1,"btc"
"F100Q1009560",14,1,"btc"
"F100Q1009560",17,1,"btc"
"F100Q1009560",30,1,"btc"
"F100Q1009560",38,1,"btc"
"F100Q1009560",40,1,"btc"
"F100Q1009560",42,1,"btc"
"F100Q1009560",46,1,"btc"
"F100Q1009560",49,1,"btc"
"F100Q1009560",51,1,"btc"
"F100Q1009560",54,1,"btc"
"F100Q1009560",56,1,"btc"
"F100Q1009560",58,1,"btc"
"F100Q1009560",60,1,"btc"
"F100Q1009560",62,1,"btc"
"F100Q1009560",64,1,"btc"
"F100Q1009560",67,2,"btc"
"F100Q1009560",69,1,"btc"
"F100Q1009560",71,1,"btc"
"F100Q1009560",75,1,"btc"
"F100Q1009560",78,1,"btc"
"F100Q1009560",94,1,"btc"
"F100Q1009560",102,1,"btc"
"F100Q1009560",130,1,"btc"
"F100Q1009566",14,1,"btc"
"F100Q1009566",17,1,"btc"
"F100Q1009572",6,1,"btc"
"F100Q1009572",19,1,"btc"
"F100Q1009572",23,1,"btc"
"F100Q1009572",25,1,"btc"
"F100Q1009572",35,1,"btc"
"F100Q1009572",38,1,"btc"
"F100Q1009576",9,1,"btc"
"F100Q1009576",22,3,"btc"
"F100Q1009576",24,1,"btc"
"F100Q1009576",38,1,"btc"
"F100Q1009576",41,2,"btc"
"F100Q1009584",10,2,"btc"
"F100Q1009584",14,3,"btc"
"F100Q1009584",16,2,"btc"
"F100Q1009584",20,3,"btc"
"F100Q1009584",22,3,"btc"
"F100Q1009584",26,5,"btc"
"F100Q1009593",14,1,"btc"
"F100Q1009594",10,1,"btc"
"F100Q1009594",12,1,"btc"
"F100Q1009594",16,1,"btc"
"F100Q1009594",20,1,"btc"
"F100Q1009594",29,3,"btc"
"F100Q1009596",9,1,"btc"
"F100Q1009598",7,2,"btc"
"F100Q1009598",10,1,"btc"
"F100Q1009598",12,3,"btc"
"F100Q1009598",17,6,"btc"
"F100Q1009598",20,1,"btc"
"F100Q1009598",43,23,"btc"
"F100Q1009598",46,23,"btc"
"F100Q1009598",49,1,"btc"
"F100Q1009598",55,5,"btc"
"F100Q1009598",58,5,"btc"
"F100Q1009598",59,4,"btc"
"F100Q1009598",64,4,"btc"
"F100Q1009598",70,7,"btc"
"F100Q1009598",72,1,"btc"
"F100Q1009598",75,2,"btc"
"F100Q1009598",77,2,"btc"
"F100Q1009598",82,6,"btc"
"F100Q1009598",88,6,"btc"
"F100Q1009598",91,1,"btc"
"F100Q1009598",103,6,"btc"
"F100Q1009598",106,2,"btc"
"F100Q1009598",115,9,"btc"
"F100Q1009598",148,33,"btc"
"F100Q1009598",158,1,"btc"
"F100Q1009598",167,1,"btc"
"F100Q1009598",169,1,"btc"
"F100Q1009598",171,1,"btc"
"F100Q1009600",13,1,"btc"
"F100Q1009600",30,1,"btc"
"F100Q1009603",9,1,"btc"
"F100Q1009603",19,2,"btc"
"F100Q1009603",27,2,"btc"
"F100Q1009603",37,2,"btc"
"F100Q1009603",42,2,"btc"
"F100Q1009603",46,2,"btc"
"F100Q1009603",48,1,"btc"
"F100Q1009603",52,1,"btc"
"F100Q1009603",55,1,"btc"
"F100Q1009603",60,1,"btc"
"F100Q1009603",63,1,"btc"
"F100Q1009603",106,4,"btc"
"F100Q1009603",148,29,"btc"
"F100Q1009603",162,1,"btc"
"F100Q1009603",169,1,"btc"
"F100Q1009603",173,1,"btc"
"F100Q1009604",18,10,"btc"
"F100Q1009604",32,13,"btc"
"F100Q1009604",37,14,"btc"
"F100Q1009604",40,1,"btc"
"F100Q1009605",11,1,"btc"
"F100Q1009605",15,1,"btc"
"F100Q1009605",20,1,"btc"
"F100Q1009607",39,1,"btc"
"F100Q1009608",23,1,"btc"
"F100Q1009611",9,3,"btc"
"F100Q1009611",29,1,"btc"
"F100Q1009611",32,1,"btc"
"F100Q1009611",35,2,"btc"
"F100Q1009611",37,2,"btc"
"F100Q1009611",44,1,"btc"
"F100Q1009611",46,1,"btc"
"F100Q1009611",56,1,"btc"
"F100Q1009611",64,1,"btc"
"F100Q1009611",71,1,"btc"
"F100Q1009611",84,2,"btc"
"F100Q1009611",88,1,"btc"
"F100Q1009611",93,1,"btc"
"F100Q1009611",97,1,"btc"
"F100Q1009611",107,1,"btc"
"F100Q1009611",110,1,"btc"
"F100Q1009611",119,1,"btc"
"F100Q1009611",121,1,"btc"
"F100Q1009611",123,1,"btc"
"F100Q1009611",151,1,"btc"
"F100Q1009611",153,1,"btc"
"F100Q1009611",159,1,"btc"
"F100Q1009612",12,1,"btc"
"F100Q1009612",20,1,"btc"
"F100Q1009612",23,1,"btc"
"F100Q1009621",38,1,"btc"
"F100Q1009631",31,1,"btc"
"F100Q1009633",14,1,"btc"
"F100Q1009649",8,1,"btc"
"F100Q1009649",15,1,"btc"
"F100Q1009649",17,1,"btc"
"F100Q1009649",24,1,"btc"
"F100Q1009657",55,1,"btc"
"F100Q1009669",5,1,"btc"
"F100Q1009669",11,1,"btc"
"F100Q1009669",16,2,"btc"
"F100Q1009669",18,1,"btc"
"F100Q1009669",20,1,"btc"
"F100Q1009669",23,2,"btc"
"F100Q1009669",30,6,"btc"
"F100Q1009671",19,2,"btc"
"F100Q1009671",22,2,"btc"
"F100Q1009671",25,2,"btc"
"F100Q1009677",15,1,"btc"
"F100Q1009677",18,1,"btc"
"F100Q1009677",32,1,"btc"
"F100Q1009677",45,2,"btc"
"F100Q1009677",53,1,"btc"
"F100Q1009677",56,1,"btc"
"F100Q1009677",58,1,"btc"
"F100Q1009677",60,1,"btc"
"F100Q1009677",67,1,"btc"
"F100Q1009677",81,1,"btc"
"F100Q1009677",85,1,"btc"
"F100Q1009677",88,2,"btc"
"F100Q1009677",100,2,"btc"
"F100Q1009677",103,1,"btc"
"F100Q1009677",120,1,"btc"
"F100Q1009677",135,1,"btc"
"F100Q1009677",138,1,"btc"
"F100Q1009677",144,2,"btc"
"F100Q1009677",147,2,"btc"
"F100Q1009677",156,8,"btc"
"F100Q1009677",160,3,"btc"
"F100Q1009677",162,1,"btc"
"F100Q1009679",22,2,"btc"
"F100Q1009679",24,2,"btc"
"F100Q1009681",6,2,"btc"
"F100Q1009681",11,3,"btc"
"F100Q1009681",17,2,"btc"
"F100Q1009689",9,1,"btc"
"F100Q1009696",116,2,"btc"
"F100Q1009700",43,1,"btc"
"F100Q1009701",19,1,"btc"
"F100Q1009701",23,1,"btc"
"F100Q1009701",38,1,"btc"
"F100Q1009701",41,1,"btc"
"F100Q1009701",47,1,"btc"
"F100Q1009701",55,1,"btc"
"F100Q1009701",78,1,"btc"
"F100Q1009701",86,2,"btc"
"F100Q1009701",90,1,"btc"
"F100Q1009701",99,2,"btc"
"F100Q1009701",102,2,"btc"
"F100Q1009701",105,3,"btc"
"F100Q1009701",108,2,"btc"
"F100Q1009701",111,2,"btc"
"F100Q1009701",113,3,"btc"
"F100Q1009701",117,2,"btc"
"F100Q1009701",120,2,"btc"
"F100Q1009701",123,2,"btc"
"F100Q1009701",126,2,"btc"
"F100Q1009701",130,2,"btc"
"F100Q1009701",133,2,"btc"
"F100Q1009701",135,2,"btc"
"F100Q1009701",140,2,"btc"
"F100Q1009701",143,2,"btc"
"F100Q1009701",145,2,"btc"
"F100Q1009701",147,2,"btc"
"F100Q1009701",149,1,"btc"
"F100Q1009701",153,2,"btc"
"F100Q1009701",156,1,"btc"
"F100Q1009710",5,1,"btc"
"F100Q1009710",27,1,"btc"
"F100Q1009713",13,1,"btc"
"F100Q1009717",26,1,"btc"
"F100Q1009719",42,2,"btc"
"F100Q1009722",16,1,"btc"
"F100Q1009722",20,1,"btc"
"F100Q1009726",26,1,"btc"
"F100Q1009727",11,1,"btc"
"F100Q1009727",13,1,"btc"
"F100Q1009727",20,2,"btc"
"F100Q1009727",26,5,"btc"
"F100Q1009727",39,5,"btc"
"F100Q1009727",61,2,"btc"
"F100Q1009727",67,3,"btc"
"F100Q1009727",73,7,"btc"
"F100Q1009727",97,1,"btc"
"F100Q1009727",114,1,"btc"
"F100Q1009727",122,1,"btc"
"F100Q1009727",127,1,"btc"
"F100Q1009727",130,1,"btc"
"F100Q1009727",139,1,"btc"
"F100Q1009727",147,1,"btc"
"F100Q1009727",150,1,"btc"
"F100Q1009727",153,1,"btc"
"F100Q1009727",155,1,"btc"
"F100Q1009727",159,1,"btc"
"F100Q1009727",167,2,"btc"
"F100Q1009727",169,2,"btc"
"F100Q1009727",171,1,"btc"
"F100Q1009727",173,1,"btc"
"F100Q1009731",21,1,"btc"
"F100Q1009731",23,2,"btc"
"F100Q1009731",27,4,"btc"
"F100Q1009731",29,2,"btc"
"F100Q1009731",33,2,"btc"
"F100Q1009731",40,2,"btc"
"F100Q1009731",47,2,"btc"
"F100Q1009731",51,2,"btc"
"F100Q1009731",55,1,"btc"
"F100Q1009731",63,2,"btc"
"F100Q1009731",66,2,"btc"
"F100Q1009731",69,2,"btc"
"F100Q1009731",73,2,"btc"
"F100Q1009731",77,2,"btc"
"F100Q1009734",28,1,"btc"
"F100Q1009734",32,1,"btc"
"F100Q1009734",37,2,"btc"
"F100Q1009734",39,1,"btc"
"F100Q1009734",43,1,"btc"
"F100Q1009735",5,1,"btc"
"F100Q1009735",17,1,"btc"
"F100Q1009735",22,2,"btc"
"F100Q1009735",24,1,"btc"
"F100Q1009735",41,1,"btc"
"F100Q1009736",3,1,"btc"
"F100Q1009736",5,1,"btc"
"F100Q1009736",8,2,"btc"
"F100Q1009736",12,3,"btc"
"F100Q1009736",14,3,"btc"
"F100Q1009736",17,2,"btc"
"F100Q1009736",21,3,"btc"
"F100Q1009736",23,5,"btc"
"F100Q1009736",28,3,"btc"
"F100Q1009739",14,1,"btc"
"F100Q1009739",16,1,"btc"
"F100Q1009739",18,1,"btc"
"F100Q1009739",22,2,"btc"
"F100Q1009739",25,3,"btc"
"F100Q1009739",49,1,"btc"
"F100Q1009740",23,2,"btc"
"F100Q1009740",25,2,"btc"
"F100Q1009742",4,1,"btc"
"F100Q1009742",6,1,"btc"
"F100Q1009742",13,1,"btc"
"F100Q1009742",15,1,"btc"
"F100Q1009742",17,1,"btc"
"F100Q1009742",20,1,"btc"
"F100Q1009742",23,1,"btc"
"F100Q1009742",26,2,"btc"
"F100Q1009742",29,1,"btc"
"F100Q1009742",32,2,"btc"
"F100Q1009747",53,1,"btc"
"F100Q1009747",57,1,"btc"
"F100Q1009747",60,2,"btc"
"F100Q1009753",18,1,"btc"
"F100Q1009753",23,1,"btc"
"F100Q1009780",5,1,"btc"
"F100Q1009780",8,1,"btc"
"F100Q1009780",13,2,"btc"
"F100Q1009780",18,2,"btc"
"F100Q1009780",30,2,"btc"
"F100Q1009780",35,1,"btc"
"F100Q1009780",41,1,"btc"
"F100Q1009780",49,7,"btc"
"F100Q1009780",53,1,"btc"
"F100Q1009780",58,1,"btc"
"F100Q1009780",69,8,"btc"
"F100Q1009781",6,5,"btc"
"F100Q1009781",15,12,"btc"
"F100Q1009782",33,2,"btc"
"F100Q1009782",38,2,"btc"
"F100Q1009782",48,2,"btc"
"F100Q1009782",51,2,"btc"
"F100Q1009782",55,2,"btc"
"F100Q1009782",64,2,"btc"
"F100Q1009782",80,13,"btc"
"F100Q1009782",95,14,"btc"
"F100Q1009804",12,1,"btc"
"F100Q1009804",17,1,"btc"
"F100Q1009804",22,1,"btc"
"F100Q1009809",22,1,"btc"
"F100Q1009817",6,1,"btc"
"F100Q1009823",26,1,"btc"
"F100Q1009824",12,1,"btc"
"F100Q1009825",37,1,"btc"
"F100Q1009832",33,24,"btc"
"F100Q1009832",59,2,"btc"
"F100Q1009832",61,2,"btc"
"F100Q1009832",66,2,"btc"
"F100Q1009832",84,13,"btc"
"F100Q1009832",92,37,"btc"
"F100Q1009832",96,2,"btc"
"F100Q1009832",106,24,"btc"
"F100Q1009832",117,41,"btc"
"F100Q1009840",6,1,"btc"
"F100Q1009843",8,1,"btc"
"F100Q1009846",4,2,"btc"
"F100Q1009846",12,1,"btc"
"F100Q1009846",15,1,"btc"
"F100Q1009849",23,2,"btc"
"F100Q1009849",26,1,"btc"
"F100Q1009849",43,1,"btc"
"F100Q1009850",5,2,"btc"
"F100Q1009850",7,2,"btc"
"F100Q1009850",12,2,"btc"
"F100Q1009850",15,2,"btc"
"F100Q1009850",25,7,"btc"
"F100Q1009850",30,7,"btc"
"F100Q1009850",36,8,"btc"
"F100Q1009850",38,7,"btc"
"F100Q1009852",22,2,"btc"
"F100Q1009852",25,2,"btc"
"F100Q1009852",28,2,"btc"
"F100Q1009852",32,2,"btc"
"F100Q1009852",36,4,"btc"
"F100Q1009852",38,2,"btc"
"F100Q1009852",42,4,"btc"
"F100Q1009852",46,2,"btc"
"F100Q1009852",58,10,"btc"
"F100Q1009853",12,2,"btc"
"F100Q1009853",28,5,"btc"
"F100Q1009853",31,1,"btc"
"F100Q1009857",31,1,"btc"
"F100Q1009865",9,1,"btc"
"F100Q1009865",11,1,"btc"
"F100Q1009865",14,1,"btc"
"F100Q1009868",6,1,"btc"
"F100Q1009874",10,1,"btc"
"F100Q1009875",20,1,"btc"
"F100Q1009875",29,1,"btc"
"F100Q1009875",31,1,"btc"
"F100Q1009875",43,1,"btc"
"F100Q1009875",49,2,"btc"
"F100Q1009879",8,1,"btc"
"F100Q1009879",15,2,"btc"
"F100Q1009881",20,1,"btc"
"F100Q1009883",10,1,"btc"
"F100Q1009887",16,1,"btc"
"F100Q1009887",20,1,"btc"
"F100Q1009891",49,2,"btc"
"F100Q1009891",63,2,"btc"
"F100Q1009891",69,2,"btc"
"F100Q1009895",5,2,"btc"
"F100Q1009895",7,2,"btc"
"F100Q1009899",4,1,"btc"
"F100Q1009902",31,1,"btc"
"F100Q1009902",35,1,"btc"
"F100Q1009903",5,1,"btc"
"F100Q1009904",18,1,"btc"
"F100Q1009915",31,1,"btc"
"F100Q1009915",38,1,"btc"
"F100Q1009919",3,2,"btc"
"F100Q1009919",23,2,"btc"
"F100Q1009919",25,2,"btc"
"F100Q1009924",6,1,"btc"
"F100Q1009924",19,1,"btc"
"F100Q1009929",3,1,"btc"
"F100Q1009929",5,1,"btc"
"F100Q1009929",8,2,"btc"
"F100Q1009929",13,1,"btc"
"F100Q1009929",16,1,"btc"
"F100Q1009929",19,2,"btc"
"F100Q1009929",24,5,"btc"
"F100Q1009935",27,1,"btc"
"F100Q1009941",22,2,"btc"
"F100Q1009941",41,10,"btc"
"F100Q1009941",43,11,"btc"
"F100Q1009941",44,2,"btc"
"F100Q1009941",53,4,"btc"
"F100Q1009941",58,3,"btc"
"F100Q1009941",63,2,"btc"
"F100Q1009945",7,1,"btc"
"F100Q1009945",11,1,"btc"
"F100Q1009950",22,1,"btc"
"F100Q1009950",26,1,"btc"
"F100Q1009950",32,2,"btc"
"F100Q1009950",39,7,"btc"
"F100Q1009950",119,1,"btc"
"F100Q1009950",131,3,"btc"
"F100Q1009950",136,2,"btc"
"F100Q1009950",143,7,"btc"
"F100Q1009950",167,3,"btc"
"F100Q1009950",169,1,"btc"
"F100Q1009952",18,1,"btc"
"F100Q1009952",27,1,"btc"
"F100Q1009952",34,1,"btc"
"F100Q1009952",44,1,"btc"
"F100Q1009952",121,1,"btc"
"F100Q1009960",27,1,"btc"
"F100Q1009960",32,2,"btc"
"F100Q1009962",11,1,"btc"
"F100Q1009969",14,1,"btc"
"F100Q1009971",23,1,"btc"
"F100Q1009972",16,1,"btc"
"F100Q1009972",23,2,"btc"
"F100Q1009972",30,1,"btc"
"F100Q1009972",53,2,"btc"
"F100Q1009972",69,1,"btc"
"F100Q1009972",86,6,"btc"
"F100Q1009974",20,1,"btc"
"F100Q1009974",28,1,"btc"
"F100Q1009974",31,1,"btc"
"F100Q1009974",33,1,"btc"
"F100Q1009974",36,1,"btc"
"F100Q1009975",20,1,"btc"
"F100Q1009979",20,1,"btc"
"F100Q1009982",33,1,"btc"
"F100Q1009982",60,1,"btc"
"F100Q1009992",17,1,"btc"
"F100Q1009998",9,1,"btc"
"F100Q1009999",10,1,"btc"
"F100Q1009999",18,5,"btc"
"F100Q1010004",49,1,"btc"
"F100Q1010011",12,1,"btc"
"F100Q1010013",38,1,"btc"
"F100Q1010013",41,2,"btc"
"F100Q1010015",12,1,"btc"
"F100Q1010015",19,1,"btc"
"F100Q1010016",17,1,"btc"
"F100Q1010016",23,1,"btc"
"F100Q1010038",3,1,"btc"
"F100Q1010049",12,1,"btc"
"F100Q1010054",10,1,"btc"
"F100Q1010069",16,1,"btc"
"F100Q1010078",21,1,"btc"
"F100Q1010096",13,1,"btc"
"F100Q1010104",17,1,"btc"
"F100Q1010112",10,1,"btc"
"F100Q1010112",13,1,"btc"
"F100Q1010112",22,1,"btc"
"F100Q1010112",24,1,"btc"
"F100Q1010112",27,1,"btc"
"F100Q1010112",29,1,"btc"
"F100Q1010112",31,1,"btc"
"F100Q1010112",35,1,"btc"
"F100Q1010112",38,1,"btc"
"F100Q1010112",43,2,"btc"
"F100Q1010112",45,2,"btc"
"F100Q1010112",55,1,"btc"
"F100Q1010112",66,3,"btc"
"F100Q1010112",69,4,"btc"
"F100Q1010112",74,3,"btc"
"F100Q1010114",21,1,"btc"
"F100Q1010125",3,1,"btc"
"F100Q1010128",25,1,"btc"
"F100Q1010161",13,1,"btc"
"F100Q1010161",30,1,"btc"
"F100Q1010164",8,2,"btc"
"F100Q1010164",10,2,"btc"
"F100Q1010164",12,2,"btc"
"F100Q1010164",22,3,"btc"
"F100Q1010164",24,3,"btc"
"F100Q1010164",25,2,"btc"
"F100Q1010164",32,5,"btc"
"F100Q1010168",58,1,"btc"
"F100Q1010181",14,1,"btc"
"F100Q1010182",16,1,"btc"
"F100Q1010187",33,1,"btc"
"F100Q1010187",36,2,"btc"
"F100Q1010187",40,1,"btc"
"F100Q1010190",103,1,"btc"
"F100Q1010193",10,1,"btc"
"F100Q1010193",26,7,"btc"
"F100Q1010193",30,7,"btc"
"F100Q1010193",37,5,"btc"
"F100Q1010193",55,4,"btc"
"F100Q1010193",58,3,"btc"
"F100Q1010193",61,2,"btc"
"F100Q1010193",63,1,"btc"
"F100Q1010193",142,19,"FC"
"F100Q1010195",23,2,"btc"
"F100Q1010197",26,1,"btc"
"F100Q1010197",49,1,"btc"
"F100Q1010197",52,1,"btc"
"F100Q1010197",57,1,"btc"
"F100Q1010197",66,1,"btc"
"F100Q1010197",68,1,"btc"
"F100Q1010197",70,1,"btc"
"F100Q1010197",73,1,"btc"
"F100Q1010197",75,1,"btc"
"F100Q1010197",81,1,"btc"
"F100Q1010197",84,1,"btc"
"F100Q1010197",90,1,"btc"
"F100Q1010197",92,1,"btc"
"F100Q1010197",94,1,"btc"
"F100Q1010212",18,2,"btc"
"F100Q1010212",22,2,"btc"
"F100Q1010212",26,2,"btc"
"F100Q1010212",34,1,"btc"
"F100Q1010212",37,1,"btc"
"F100Q1010212",45,2,"btc"
"F100Q1010212",49,1,"btc"
"F100Q1010212",60,5,"btc"
"F100Q1010212",62,2,"btc"
"F100Q1010212",64,2,"btc"
"F100Q1010212",66,2,"btc"
"F100Q1010212",70,4,"btc"
"F100Q1010212",74,3,"btc"
"F100Q1010212",75,2,"btc"
"F100Q1010212",78,1,"btc"
"F100Q1010225",13,2,"btc"
"F100Q1010229",8,1,"btc"
"F100Q1010232",21,5,"FC"
"F100Q1010237",19,2,"btc"
"F100Q1010237",38,13,"btc"
"F100Q1010237",39,2,"btc"
"F100Q1010237",49,17,"btc"
"F100Q1010237",60,21,"btc"
"F100Q1010237",61,17,"btc"
"F100Q1010237",63,13,"btc"
"F100Q1010237",65,2,"btc"
"F100Q1010237",69,2,"btc"
"F100Q1010237",126,2,"btc"
"F100Q1010237",132,18,"btc"
"F100Q1010237",139,23,"btc"
"F100Q1010251",16,1,"btc"
"F100Q1010255",17,2,"btc"
"F100Q1010255",24,16,"btc"
"F100Q1010255",28,2,"btc"
"F100Q1010255",35,17,"btc"
"F100Q1010255",39,13,"btc"
"F100Q1010255",45,15,"btc"
"F100Q1010255",49,15,"btc"
"F100Q1010255",53,13,"btc"
"F100Q1010255",54,2,"btc"
"F100Q1010255",57,2,"btc"
"F100Q1010255",59,2,"btc"
"F100Q1010255",65,13,"btc"
"F100Q1010255",68,13,"btc"
"F100Q1010255",70,13,"btc"
"F100Q1010255",74,2,"btc"
"F100Q1010255",78,2,"btc"
"F100Q1010255",84,16,"btc"
"F100Q1010255",85,2,"btc"
"F100Q1010255",89,13,"btc"
"F100Q1010255",91,2,"btc"
"F100Q1010255",93,2,"btc"
"F100Q1010255",100,2,"btc"
"F100Q1010255",105,13,"btc"
"F100Q1010255",115,21,"btc"
"F100Q1010255",120,7,"btc"
"F100Q1010259",15,1,"btc"
"F100Q1010259",17,1,"btc"
"F100Q1010259",20,1,"btc"
"F100Q1010259",24,1,"btc"
"F100Q1010259",34,1,"btc"
"F100Q1010260",15,1,"btc"
"F100Q1010262",28,1,"btc"
"F100Q1010262",31,1,"btc"
"F100Q1010262",36,1,"btc"
"F100Q1010262",39,1,"btc"
"F100Q1010262",43,1,"btc"
"F100Q1010262",51,1,"btc"
"F100Q1010262",67,1,"btc"
"F100Q1010262",77,1,"btc"
"F100Q1010262",79,1,"btc"
"F100Q1010262",83,1,"btc"
"F100Q1010262",87,1,"btc"
"F100Q1010262",90,1,"btc"
"F100Q1010262",94,1,"btc"
"F100Q1010262",101,1,"btc"
"F100Q1010262",103,1,"btc"
"F100Q1010262",117,1,"btc"
"F100Q1010268",20,2,"btc"
"F100Q1010268",85,11,"btc"
"F100Q1010268",88,11,"btc"
"F100Q1010268",91,10,"btc"
"F100Q1010268",95,10,"btc"
"F100Q1010268",98,2,"btc"
"F100Q1010268",118,16,"btc"
"F100Q1010271",9,1,"btc"
"F100Q1010275",22,1,"btc"
"F100Q1010277",9,1,"btc"
"F100Q1010277",15,1,"btc"
"F100Q1010279",34,1,"btc"
"F100Q1010282",23,1,"btc"
"F100Q1010282",31,1,"btc"
"F100Q1010282",35,1,"btc"
"F100Q1010290",148,1,"btc"
"F100Q1010293",22,2,"btc"
"F100Q1010295",31,1,"btc"
"F100Q1010295",33,1,"btc"
"F100Q1010295",40,2,"btc"
"F100Q1010295",44,2,"btc"
"F100Q1010295",47,2,"btc"
"F100Q1010295",51,2,"btc"
"F100Q1010295",55,2,"btc"
"F100Q1010295",64,2,"btc"
"F100Q1010295",71,2,"btc"
"F100Q1010298",20,1,"btc"
"F100Q1010306",8,1,"btc"
"F100Q1010306",12,1,"btc"
"F100Q1010306",22,1,"btc"
"F100Q1010306",40,1,"btc"
"F100Q1010312",10,1,"btc"
"F100Q1010316",18,2,"btc"
"F100Q1010316",26,2,"btc"
"F100Q1010316",29,2,"btc"
"F100Q1010316",31,2,"btc"
"F100Q1010316",34,3,"btc"
"F100Q1010316",36,2,"btc"
"F100Q1010319",18,1,"btc"
"F100Q1010319",20,1,"btc"
"F100Q1010320",7,1,"btc"
"F100Q1010320",10,1,"btc"
"F100Q1010320",13,2,"btc"
"F100Q1010320",15,2,"btc"
"F100Q1010322",10,1,"btc"
"F100Q1010331",30,1,"btc"
"F100Q1010336",22,1,"btc"
"F100Q1010348",20,1,"btc"
"F100Q1010353",65,2,"btc"
"F100Q1010353",67,2,"btc"
"F100Q1010353",71,2,"btc"
"F100Q1010353",73,2,"btc"
"F100Q1010353",80,4,"btc"
"F100Q1010353",83,3,"btc"
"F100Q1010355",7,1,"btc"
"F100Q1010356",16,2,"btc"
"F100Q1010356",26,12,"btc"
"F100Q1010362",85,1,"btc"
"F100Q1010362",89,2,"btc"
"F100Q1010382",143,1,"btc"
"F100Q1010382",159,1,"btc"
"F100Q1010383",12,2,"btc"
"F100Q1010383",24,2,"btc"
"F100Q1010384",10,1,"btc"
"F100Q1010384",12,1,"btc"
"F100Q1010384",16,1,"btc"
"F100Q1010384",21,1,"btc"
"F100Q1010384",26,1,"btc"
"F100Q1010384",30,1,"btc"
"F100Q1010384",34,1,"btc"
"F100Q1010384",48,3,"btc"
"F100Q1010384",73,8,"btc"
"F100Q1010384",79,7,"btc"
"F100Q1010384",89,7,"btc"
"F100Q1010384",92,6,"btc"
"F100Q1010384",95,6,"btc"
"F100Q1010384",101,6,"btc"
"F100Q1010384",120,1,"btc"
"F100Q1010384",127,1,"btc"
"F100Q1010384",129,1,"btc"
"F100Q1010384",136,1,"btc"
"F100Q1010384",140,1,"btc"
"F100Q1010384",144,1,"btc"
"F100Q1010384",150,1,"btc"
"F100Q1010384",154,1,"btc"
"F100Q1010384",160,1,"btc"
"F100Q1010386",50,1,"btc"
"F100Q1010386",57,1,"btc"
"F100Q1010386",126,1,"btc"
"F100Q1010400",11,1,"btc"
"F100Q1010422",8,1,"btc"
"F100Q1010423",23,1,"btc"
"F100Q1010423",40,1,"btc"
"F100Q1010423",48,1,"btc"
"F100Q1010423",52,1,"btc"
"F100Q1010429",29,1,"btc"
"F100Q1010429",31,1,"btc"
"F100Q1010431",9,1,"btc"
"F100Q1010444",10,1,"btc"
"F100Q1010444",15,2,"btc"
"F100Q1010444",21,1,"btc"
"F100Q1010444",112,1,"btc"
"F100Q1010444",116,1,"btc"
"F100Q1010444",142,1,"btc"
"F100Q1010445",9,1,"btc"
"F100Q1010447",16,1,"btc"
"F100Q1010453",14,1,"btc"
"F100Q1010453",41,1,"btc"
"F100Q1010453",54,2,"btc"
"F100Q1010453",61,2,"btc"
"F100Q1010453",66,4,"btc"
"F100Q1010453",73,4,"btc"
"F100Q1010454",22,1,"btc"
"F100Q1010455",8,1,"btc"
"F100Q1010455",22,1,"btc"
"F100Q1010455",29,1,"btc"
"F100Q1010455",35,1,"btc"
"F100Q1010455",38,1,"btc"
"F100Q1010455",41,1,"btc"
"F100Q1010455",44,1,"btc"
"F100Q1010455",46,1,"btc"
"F100Q1010455",50,1,"btc"
"F100Q1010455",75,1,"btc"
"F100Q1010455",79,1,"btc"
"F100Q1010455",84,2,"btc"
"F100Q1010455",87,1,"btc"
"F100Q1010455",92,1,"btc"
"F100Q1010455",99,1,"btc"
"F100Q1010455",108,3,"btc"
"F100Q1010455",113,2,"btc"
"F100Q1010455",117,1,"btc"
"F100Q1010455",122,1,"btc"
"F100Q1010455",128,1,"btc"
"F100Q1010455",132,1,"btc"
"F100Q1010462",3,1,"btc"
"F100Q1010462",23,1,"btc"
"F100Q1010462",26,1,"btc"
"F100Q1010463",12,1,"btc"
"F100Q1010463",36,17,"btc"
"F100Q1010463",37,16,"btc"
"F100Q1010463",41,17,"btc"
"F100Q1010463",45,21,"btc"
"F100Q1010463",48,10,"btc"
"F100Q1010463",52,12,"btc"
"F100Q1010463",57,8,"btc"
"F100Q1010463",60,9,"btc"
"F100Q1010463",62,3,"btc"
"F100Q1010463",65,2,"btc"
"F100Q1010463",68,3,"btc"
"F100Q1010463",70,3,"btc"
"F100Q1010463",73,2,"btc"
"F100Q1010464",25,1,"btc"
"F100Q1010465",11,1,"btc"
"F100Q1010465",16,2,"btc"
"F100Q1010465",19,3,"btc"
"F100Q1010465",24,3,"btc"
"F100Q1010465",28,3,"btc"
"F100Q1010468",15,1,"btc"
"F100Q1010468",18,1,"btc"
"F100Q1010468",29,1,"btc"
"F100Q1010468",32,1,"btc"
"F100Q1010468",34,1,"btc"
"F100Q1010468",37,1,"btc"
"F100Q1010468",40,1,"btc"
"F100Q1010468",47,2,"btc"
"F100Q1010468",49,2,"btc"
"F100Q1010468",52,1,"btc"
"F100Q1010468",58,1,"btc"
"F100Q1010468",63,1,"btc"
"F100Q1010468",69,2,"btc"
"F100Q1010468",74,2,"btc"
"F100Q1010468",78,1,"btc"
"F100Q1010468",88,1,"btc"
"F100Q1010476",20,1,"btc"
"F100Q1010480",12,1,"btc"
"F100Q1010481",6,1,"btc"
"F100Q1010481",9,1,"btc"
"F100Q1010481",11,1,"btc"
"F100Q1010482",10,1,"btc"
"F100Q1010484",10,3,"btc"
"F100Q1010484",19,2,"btc"
"F100Q1010484",24,4,"btc"
"F100Q1010484",26,4,"btc"
"F100Q1010484",32,5,"btc"
"F100Q1010484",37,5,"btc"
"F100Q1010484",42,2,"btc"
"F100Q1010484",45,3,"btc"
"F100Q1010486",24,3,"btc"
"F100Q1010486",34,1,"btc"
"F100Q1010486",37,1,"btc"
"F100Q1010486",41,1,"btc"
"F100Q1010486",44,1,"btc"
"F100Q1010486",51,2,"btc"
"F100Q1010486",55,1,"btc"
"F100Q1010486",83,1,"btc"
"F100Q1010486",93,1,"btc"
"F100Q1010486",100,1,"btc"
"F100Q1010486",124,8,"btc"
"F100Q1010487",12,1,"btc"
"F100Q1010489",7,1,"btc"
"F100Q1010489",22,1,"btc"
"F100Q1010490",22,1,"btc"
"F100Q1010490",30,1,"btc"
"F100Q1010496",5,1,"btc"
"F100Q1010496",7,1,"btc"
"F100Q1010496",31,1,"btc"
"F100Q1010496",35,1,"btc"
"F100Q1010496",39,1,"btc"
"F100Q1010496",43,1,"btc"
"F100Q1010496",45,1,"btc"
"F100Q1010496",49,1,"btc"
"F100Q1010496",55,1,"btc"
"F100Q1010496",61,1,"btc"
"F100Q1010496",63,1,"btc"
"F100Q1010497",6,1,"btc"
"F100Q1010497",23,2,"btc"
"F100Q1010497",26,1,"btc"
"F100Q1010497",28,1,"btc"
"F100Q1010497",32,2,"btc"
"F100Q1010497",34,2,"btc"
"F100Q1010497",36,1,"btc"
"F100Q1010497",39,2,"btc"
"F100Q1010497",47,9,"btc"
"F100Q1010497",49,8,"btc"
"F100Q1010497",55,12,"btc"
"F100Q1010497",59,12,"btc"
"F100Q1010497",61,11,"btc"
"F100Q1010497",64,11,"btc"
"F100Q1010498",4,1,"btc"
"F100Q1010506",6,3,"btc"
"F100Q1010506",11,1,"btc"
"F100Q1010506",28,2,"btc"
"F100Q1010507",11,1,"btc"
"F100Q1010507",25,1,"btc"
"F100Q1010507",30,1,"btc"
"F100Q1010507",33,1,"btc"
"F100Q1010507",36,1,"btc"
"F100Q1010507",38,1,"btc"
"F100Q1010507",42,2,"btc"
"F100Q1010507",44,2,"btc"
"F100Q1010507",46,2,"btc"
"F100Q1010507",52,1,"btc"
"F100Q1010507",54,1,"btc"
"F100Q1010507",58,3,"btc"
"F100Q1010507",69,5,"btc"
"F100Q1010507",71,4,"btc"
"F100Q1010507",73,3,"btc"
"F100Q1010507",76,2,"btc"
"F100Q1010507",78,1,"btc"
"F100Q1010507",83,2,"btc"
"F100Q1010507",86,1,"btc"
"F100Q1010507",95,2,"btc"
"F100Q1010507",97,2,"btc"
"F100Q1010507",100,2,"btc"
"F100Q1010507",103,2,"btc"
"F100Q1010507",113,1,"btc"
"F100Q1010507",126,1,"btc"
"F100Q1010507",131,1,"btc"
"F100Q1010507",157,1,"btc"
"F100Q1010507",160,1,"btc"
"F100Q1010507",165,1,"btc"
"F100Q1010509",23,1,"btc"
"F100Q1010509",42,10,"btc"
"F100Q1010509",48,9,"btc"
"F100Q1010509",49,8,"btc"
"F100Q1010509",53,5,"btc"
"F100Q1010509",59,4,"btc"
"F100Q1010515",19,1,"btc"
"F100Q1010515",43,1,"btc"
"F100Q1010515",67,1,"btc"
"F100Q1010515",96,1,"btc"
"F100Q1010515",100,1,"btc"
"F100Q1010515",118,1,"btc"
"F100Q1010515",147,1,"btc"
"F100Q1010515",150,1,"btc"
"F100Q1010515",157,1,"btc"
"F100Q1010516",4,1,"btc"
"F100Q1010518",20,1,"btc"
"F100Q1010518",23,1,"btc"
"F100Q1010518",27,1,"btc"
"F100Q1010518",29,1,"btc"
"F100Q1010537",3,1,"btc"
"F100Q1010538",3,1,"btc"
"F100Q1010539",4,1,"btc"
"F100Q1010539",10,1,"btc"
"F100Q1010546",61,1,"btc"
"F100Q1010546",67,1,"btc"
"F100Q1010560",5,2,"btc"
"F100Q1010560",7,4,"btc"
"F100Q1010563",10,1,"btc"
"F100Q1010563",26,1,"btc"
"F100Q1010563",30,1,"btc"
"F100Q1010564",7,2,"btc"
"F100Q1010564",11,4,"btc"
"F100Q1010564",16,4,"btc"
"F100Q1010564",24,11,"btc"
"F100Q1010564",25,3,"btc"
"F100Q1010564",26,2,"btc"
"F100Q1010572",89,1,"btc"
"F100Q1010579",7,1,"btc"
"F100Q1010579",12,1,"btc"
"F100Q1010579",18,1,"btc"
"F100Q1010579",36,2,"btc"
"F100Q1010579",42,1,"btc"
"F100Q1010581",19,1,"btc"
"F100Q1010587",31,27,"btc"
"F100Q1010588",28,1,"btc"
"F100Q1010603",14,1,"btc"
"F100Q1010603",24,2,"btc"
"F100Q1010603",27,1,"btc"
"F100Q1010603",31,1,"btc"
"F100Q1010603",38,2,"btc"
"F100Q1010603",43,2,"btc"
"F100Q1010603",105,1,"btc"
"F100Q1010603",108,1,"btc"
"F100Q1010603",123,1,"btc"
"F100Q1010612",39,1,"btc"
"F100Q1010612",41,1,"btc"
"F100Q1010612",43,1,"btc"
"F100Q1010612",47,2,"btc"
"F100Q1010612",51,2,"btc"
"F100Q1010613",16,3,"btc"
"F100Q1010613",19,1,"btc"
"F100Q1010615",4,1,"btc"
"F100Q1010616",14,8,"btc"
"F100Q1010616",15,4,"btc"
"F100Q1010616",18,2,"btc"
"F100Q1010616",23,2,"btc"
"F100Q1010616",25,1,"btc"
"F100Q1010616",32,6,"btc"
"F100Q1010616",34,4,"btc"
"F100Q1010616",37,3,"btc"
"F100Q1010616",38,2,"btc"
"F100Q1010616",51,6,"btc"
"F100Q1010616",53,1,"btc"
"F100Q1010616",55,1,"btc"
"F100Q1010616",58,2,"btc"
"F100Q1010616",64,6,"btc"
"F100Q1010619",15,1,"btc"
"F100Q1010619",29,1,"btc"
"F100Q1010630",11,1,"btc"
"F100Q1010630",14,1,"btc"
"F100Q1010630",21,1,"btc"
"F100Q1010630",27,2,"btc"
"F100Q1010636",8,1,"btc"
"F100Q1010650",8,1,"btc"
"F100Q1010650",11,2,"btc"
"F100Q1010650",13,2,"btc"
"F100Q1010650",24,8,"btc"
"F100Q1010652",13,1,"btc"
"F100Q1010652",20,2,"btc"
"F100Q1010652",22,2,"btc"
"F100Q1010652",32,2,"btc"
"F100Q1010652",34,1,"btc"
"F100Q1010652",42,4,"btc"
"F100Q1010666",22,2,"btc"
"F100Q1010666",50,1,"btc"
"F100Q1010706",61,1,"btc"
"F100Q1010712",40,1,"btc"
"F100Q1010716",56,1,"btc"
"F100Q1010721",3,1,"btc"
"F100Q1010721",28,1,"btc"
"F100Q1010721",32,1,"btc"
"F100Q1010721",34,1,"btc"
"F100Q1010722",3,1,"btc"
"F100Q1010722",32,1,"btc"
"F100Q1010722",34,1,"btc"
"F100Q1010722",46,11,"btc"
"F100Q1010722",56,9,"btc"
"F100Q1010722",69,12,"btc"
"F100Q1010729",6,1,"btc"
"F100Q1010729",14,1,"btc"
"F100Q1010734",37,1,"btc"
"F100Q1010735",48,1,"btc"
"F100Q1010735",80,1,"btc"
"F100Q1010735",84,2,"btc"
"F100Q1010736",48,1,"btc"
"F100Q1010747",14,1,"btc"
"F100Q1010762",47,11,"btc"
"F100Q1010762",50,2,"btc"
"F100Q1010774",28,1,"btc"
"F100Q1010775",21,1,"btc"
"F100Q1010775",23,2,"btc"
"F100Q1010775",26,1,"btc"
"F100Q1010780",3,1,"btc"
"F100Q1010793",14,1,"btc"
"F100Q1010793",38,1,"btc"
"F100Q1010794",11,1,"btc"
"F100Q1010811",33,3,"btc"
"F100Q1010819",6,1,"btc"
"F100Q1010826",15,1,"btc"
"F100Q1010826",21,1,"btc"
"F100Q1010826",43,1,"btc"
"F100Q1010831",23,1,"btc"
"F100Q1010843",28,1,"btc"
"F100Q1010843",38,2,"btc"
"F100Q1010848",12,1,"btc"
"F100Q1010848",15,1,"btc"
"F100Q1010848",26,1,"btc"
"F100Q1010854",161,1,"btc"
"F100Q1010861",9,1,"btc"
"F100Q1010861",12,1,"btc"
"F100Q1010861",15,1,"btc"
"F100Q1010861",20,1,"btc"
"F100Q1010872",18,1,"btc"
"F100Q1010877",12,1,"btc"
"F100Q1010877",19,1,"btc"
"F100Q1010888",23,1,"btc"
"F100Q1010898",5,1,"btc"
"F100Q1010898",11,1,"btc"
"F100Q1010898",14,1,"btc"
"F100Q1010898",19,1,"btc"
"F100Q1010898",21,1,"btc"
"F100Q1010900",7,1,"btc"
"F100Q1010902",10,1,"btc"
"F100Q1010919",5,2,"btc"
"F100Q1010919",17,3,"btc"
"F100Q1010919",19,3,"btc"
"F100Q1010919",20,2,"btc"
"F100Q1010919",24,3,"btc"
"F100Q1010941",18,1,"btc"
"F100Q1010941",23,1,"btc"
"F100Q1010941",27,1,"btc"
"F100Q1010947",12,1,"btc"
"F100Q1010950",17,1,"btc"
"F100Q1010955",33,1,"btc"
"F100Q1010961",13,1,"btc"
"F100Q1010962",30,2,"btc"
"F100Q1010962",33,1,"btc"
"F100Q1010962",40,1,"btc"
"F100Q1010962",44,1,"btc"
"F100Q1010962",60,2,"btc"
"F100Q1010962",62,1,"btc"
"F100Q1010970",10,1,"btc"
"F100Q1010970",12,1,"btc"
"F100Q1011000",33,1,"btc"
"F100Q1011003",9,1,"btc"
"F100Q1011003",11,1,"btc"
"F100Q1011003",15,1,"btc"
"F100Q1011003",17,1,"btc"
"F100Q1011003",22,2,"btc"
"F100Q1011010",26,2,"btc"
"F100Q1011010",28,1,"btc"
"F100Q1011033",28,1,"btc"
"F100Q1011036",3,1,"btc"
"F100Q1011042",26,1,"btc"
"F100Q1011045",3,1,"btc"
"F100Q1011051",10,1,"btc"
"F100Q1011061",14,1,"btc"
"F100Q1011068",29,1,"btc"
"F100Q1011099",18,1,"btc"
"F100Q1011113",21,1,"btc"
"F100Q1011115",9,1,"btc"
"F100Q1011115",12,1,"btc"
"F100Q1011115",28,2,"btc"
"F100Q1011115",31,1,"btc"
"F100Q1011119",22,1,"btc"
"F100Q1011122",9,1,"btc"
"F100Q1011123",6,1,"btc"
"F100Q1011124",31,1,"btc"
"F100Q1011124",40,1,"btc"
"F100Q1011128",31,1,"btc"
"F100Q1011128",38,1,"btc"
"F100Q1011128",44,1,"btc"
"F100Q1011128",47,1,"btc"
"F100Q1011138",15,3,"btc"
"F100Q1011138",17,2,"btc"
"F100Q1011138",27,7,"btc"
"F100Q1011138",34,1,"btc"
"F100Q1011138",47,3,"btc"
"F100Q1011138",50,4,"btc"
"F100Q1011145",13,1,"btc"
"F100Q1011145",23,1,"btc"
"F100Q1011149",23,1,"btc"
"F100Q1011155",38,1,"btc"
"F100Q1011155",49,4,"btc"
"F100Q1011158",24,1,"btc"
"F100Q1011158",56,1,"btc"
"F100Q1011158",60,1,"btc"
"F100Q1011176",103,5,"FC"
"F100Q1011182",10,1,"btc"
"F100Q1011182",14,2,"btc"
"F100Q1011182",21,1,"btc"
"F100Q1011182",24,1,"btc"
"F100Q1011182",26,1,"btc"
"F100Q1011184",40,1,"btc"
"F100Q1011184",42,1,"btc"
"F100Q1011184",63,1,"btc"
"F100Q1011184",74,1,"btc"
"F100Q1011185",32,1,"btc"
"F100Q1011204",15,1,"btc"
"F100Q1011213",23,1,"btc"
"F100Q1011236",41,1,"btc"
"F100Q1011236",120,1,"btc"
"F100Q1011236",126,1,"btc"
"F100Q1011236",149,1,"btc"
"F100Q1011236",163,1,"btc"
"F100Q1011246",5,2,"btc"
"F100Q1011246",16,2,"btc"
"F100Q1011246",22,13,"btc"
"F100Q1011246",26,21,"btc"
"F100Q1011246",43,26,"btc"
"F100Q1011246",47,4,"btc"
"F100Q1011246",58,7,"btc"
"F100Q1011246",61,8,"btc"
"F100Q1011246",62,4,"btc"
"F100Q1011246",79,12,"btc"
"F100Q1011246",82,2,"btc"
"F100Q1011246",88,13,"btc"
"F100Q1011246",92,20,"btc"
"F100Q1011246",103,24,"btc"
"F100Q1011246",117,26,"btc"
"F100Q1011246",119,4,"btc"
"F100Q1011246",123,6,"btc"
"F100Q1011246",150,26,"btc"
"F100Q1011258",15,1,"btc"
"F100Q1011258",20,2,"btc"
"F100Q1011259",13,1,"btc"
"F100Q1011262",3,2,"btc"
"F100Q1011263",22,1,"btc"
"F100Q1011263",25,1,"btc"
"F100Q1011263",34,2,"btc"
"F100Q1011263",37,1,"btc"
"F100Q1011272",7,1,"btc"
"F100Q1011279",32,1,"btc"
"F100Q1011290",8,1,"btc"
"F100Q1011290",18,3,"btc"
"F100Q1011295",28,1,"btc"
"F100Q1011299",31,1,"btc"
"F100Q1011302",19,1,"btc"
"F100Q1011307",6,1,"btc"
"F100Q1011307",23,1,"btc"
"F100Q1011329",23,1,"btc"
"F100Q1011331",8,1,"btc"
"F100Q1011331",24,1,"btc"
"F100Q1011331",38,2,"btc"
"F100Q1011331",43,1,"btc"
"F100Q1011331",49,2,"btc"
"F100Q1011331",58,5,"btc"
"F100Q1011332",7,2,"btc"
"F100Q1011335",24,1,"btc"
"F100Q1011335",30,1,"btc"
"F100Q1011337",102,1,"btc"
"F100Q1011337",133,1,"btc"
"F100Q1011337",140,1,"btc"
"F100Q1011337",143,1,"btc"
"F100Q1011337",145,1,"btc"
"F100Q1011345",9,1,"btc"
"F100Q1011346",10,1,"btc"
"F100Q1011346",23,1,"btc"
"F100Q1011372",83,1,"btc"
"F100Q1011374",31,1,"btc"
"F100Q1011388",18,1,"btc"
"F100Q1011388",33,1,"btc"
"F100Q1011399",15,1,"btc"
"F100Q1011399",22,1,"btc"
"F100Q1011401",23,1,"btc"
"F100Q1011427",22,1,"btc"
"F100Q1011427",33,1,"btc"
"F100Q1011436",17,1,"btc"
"F100Q1011445",7,1,"btc"
"F100Q1011445",14,1,"btc"
"F100Q1011445",16,1,"btc"
"F100Q1011461",4,1,"btc"
"F100Q1011468",5,1,"btc"
"F100Q1011468",16,1,"btc"
"F100Q1011468",23,2,"btc"
"F100Q1011468",33,4,"btc"
"F100Q1011468",36,4,"btc"
"F100Q1011468",38,1,"btc"
"F100Q1011474",18,1,"btc"
"F100Q1011474",34,1,"btc"
"F100Q1011474",36,1,"btc"
"F100Q1011474",42,1,"btc"
"F100Q1011474",48,1,"btc"
"F100Q1011474",51,1,"btc"
"F100Q1011474",56,1,"btc"
"F100Q1011474",61,1,"btc"
"F100Q1011474",68,1,"btc"
"F100Q1011474",76,1,"btc"
"F100Q1011474",100,1,"btc"
"F100Q1011477",10,1,"btc"
"F100Q1011483",13,1,"btc"
"F100Q1011486",20,1,"btc"
"F100Q1011504",3,1,"btc"
"F100Q1011513",11,1,"btc"
"F100Q1011520",14,1,"btc"
"F100Q1011522",19,1,"btc"
"F100Q1011522",22,1,"btc"
"F100Q1011537",20,1,"btc"
"F100Q1011537",40,1,"btc"
"F100Q1011541",13,1,"btc"
"F100Q1011559",20,1,"btc"
"F100Q1011561",11,1,"btc"
"F100Q1011564",9,1,"btc"
"F100Q1011564",12,1,"btc"
"F100Q1011570",6,1,"btc"
"F100Q1011570",22,1,"btc"
"F100Q1011570",36,2,"btc"
"F100Q1011570",38,1,"btc"
"F100Q1011570",42,1,"btc"
"F100Q1011570",45,1,"btc"
"F100Q1011570",48,1,"btc"
"F100Q1011570",58,1,"btc"
"F100Q1011571",10,1,"btc"
"F100Q1011571",13,1,"btc"
"F100Q1011571",30,1,"btc"
"F100Q1011571",38,1,"btc"
"F100Q1011571",56,1,"btc"
"F100Q1011571",59,1,"btc"
"F100Q1011590",14,2,"btc"
"F100Q1011596",31,1,"btc"
"F100Q1011605",33,1,"btc"
"F100Q1011610",3,1,"btc"
"F100Q1011615",5,1,"btc"
"F100Q1011619",14,2,"btc"
"F100Q1011620",10,1,"btc"
"F100Q1011620",18,1,"btc"
"F100Q1011620",22,3,"btc"
"F100Q1011620",25,2,"btc"
"F100Q1011620",28,1,"btc"
"F100Q1011620",42,1,"btc"
"F100Q1011620",44,1,"btc"
"F100Q1011620",47,1,"btc"
"F100Q1011623",55,1,"btc"
"F100Q1011623",57,1,"btc"
"F100Q1011623",103,1,"btc"
"F100Q1011623",106,1,"btc"
"F100Q1011623",126,8,"btc"
"F100Q1011623",131,7,"btc"
"F100Q1011623",133,6,"btc"
"F100Q1011623",136,5,"btc"
"F100Q1011623",137,4,"btc"
"F100Q1011623",138,2,"btc"
"F100Q1011623",142,2,"btc"
"F100Q1011623",145,1,"btc"
"F100Q1011625",18,2,"btc"
"F100Q1011625",20,1,"btc"
"F100Q1011625",22,1,"btc"
"F100Q1011635",25,1,"btc"
"F100Q1011638",36,1,"btc"
"F100Q1011645",15,1,"btc"
"F100Q1011674",14,1,"btc"
"F100Q1011680",17,1,"btc"
"F100Q1011680",33,1,"btc"
"F100Q1011712",3,1,"btc"
"F100Q1011716",46,1,"btc"
"F100Q1011716",48,1,"btc"
"F100Q1011722",18,4,"FC"
"F100Q1011725",12,1,"btc"
"F100Q1011731",22,2,"btc"
"F100Q1011733",23,1,"btc"
"F100Q1011738",5,1,"btc"
"F100Q1011738",37,3,"btc"
"F100Q1011738",38,2,"btc"
"F100Q1011738",40,1,"btc"
"F100Q1011741",17,1,"btc"
"F100Q1011741",19,1,"btc"
"F100Q1011741",25,2,"btc"
"F100Q1011741",38,1,"btc"
"F100Q1011741",47,1,"btc"
"F100Q1011741",54,1,"btc"
"F100Q1011741",58,1,"btc"
"F100Q1011741",63,1,"btc"
"F100Q1011741",73,2,"btc"
"F100Q1011741",76,2,"btc"
"F100Q1011741",81,1,"btc"
"F100Q1011741",86,1,"btc"
"F100Q1011741",88,1,"btc"
"F100Q1011741",91,1,"btc"
"F100Q1011741",94,1,"btc"
"F100Q1011741",97,1,"btc"
"F100Q1011741",101,1,"btc"
"F100Q1011741",108,1,"btc"
"F100Q1011741",110,1,"btc"
"F100Q1011741",117,1,"btc"
"F100Q1011741",121,1,"btc"
"F100Q1011741",123,1,"btc"
"F100Q1011741",139,1,"btc"
"F100Q1011741",152,1,"btc"
"F100Q1011741",154,1,"btc"
"F100Q1011741",159,1,"btc"
"F100Q1011745",23,1,"btc"
"F100Q1011748",6,1,"btc"
"F100Q1011749",3,1,"btc"
"F100Q1011756",13,1,"btc"
"F100Q1011756",19,1,"btc"
"F100Q1011756",21,1,"btc"
"F100Q1011756",24,1,"btc"
"F100Q1011759",20,1,"btc"
"F100Q1011763",17,1,"btc"
"F100Q1011763",19,1,"btc"
"F100Q1011763",27,1,"btc"
"F100Q1011763",30,1,"btc"
"F100Q1011765",7,2,"btc"
"F100Q1011765",12,2,"btc"
"F100Q1011765",14,1,"btc"
"F100Q1011772",8,1,"btc"
"F100Q1011772",24,2,"btc"
"F100Q1011772",31,1,"btc"
"F100Q1011775",5,1,"btc"
"F100Q1011776",8,2,"btc"
"F100Q1011795",31,2,"btc"
"F100Q1011795",36,1,"btc"
"F100Q1011795",39,1,"btc"
"F100Q1011802",18,1,"btc"
"F100Q1011802",32,1,"btc"
"F100Q1011802",39,2,"btc"
"F100Q1011802",46,1,"btc"
"F100Q1011807",15,1,"btc"
"F100Q1011808",13,1,"btc"
"F100Q1011812",17,1,"btc"
"F100Q1011812",26,1,"btc"
"F100Q1011815",14,27,"btc"
"F100Q1011815",25,14,"btc"
"F100Q1011815",26,4,"btc"
"F100Q1011815",30,6,"btc"
"F100Q1011815",31,4,"btc"
"F100Q1011816",30,1,"btc"
"F100Q1011816",36,2,"btc"
"F100Q1011816",42,4,"btc"
"F100Q1011816",44,3,"btc"
"F100Q1011816",46,3,"btc"
"F100Q1011816",48,2,"btc"
"F100Q1011816",52,2,"btc"
"F100Q1011818",12,1,"btc"
"F100Q1011818",114,1,"btc"
"F100Q1011824",16,1,"btc"
"F100Q1011833",7,1,"btc"
"F100Q1011833",14,1,"btc"
"F100Q1011833",18,2,"btc"
"F100Q1011833",23,4,"btc"
"F100Q1011833",26,4,"btc"
"F100Q1011833",30,1,"btc"
"F100Q1011833",34,2,"btc"
"F100Q1011833",45,1,"btc"
"F100Q1011836",26,1,"btc"
"F100Q1011841",7,1,"btc"
"F100Q1011841",20,1,"btc"
"F100Q1011842",27,1,"btc"
"F100Q1011842",33,1,"btc"
"F100Q1011842",47,2,"btc"
"F100Q1011844",3,1,"btc"
"F100Q1011844",22,2,"btc"
"F100Q1011844",35,5,"btc"
"F100Q1011844",39,1,"btc"
"F100Q1011844",41,2,"btc"
"F100Q1011844",44,2,"btc"
"F100Q1011844",47,2,"btc"
"F100Q1011844",50,2,"btc"
"F100Q1011844",56,5,"btc"
"F100Q1011844",59,1,"btc"
"F100Q1011844",66,3,"btc"
"F100Q1011844",70,4,"btc"
"F100Q1011844",73,2,"btc"
"F100Q1011844",83,9,"btc"
"F100Q1011844",84,4,"btc"
"F100Q1011844",85,3,"btc"
"F100Q1011844",86,2,"btc"
"F100Q1011844",89,3,"btc"
"F100Q1011844",92,3,"btc"
"F100Q1011844",96,2,"btc"
"F100Q1011844",99,2,"btc"
"F100Q1011844",109,7,"btc"
"F100Q1011844",121,11,"btc"
"F100Q1011844",129,3,"btc"
"F100Q1011844",138,2,"btc"
"F100Q1011844",140,2,"btc"
"F100Q1011844",142,2,"btc"
"F100Q1011844",146,2,"btc"
"F100Q1011844",153,2,"btc"
"F100Q1011844",155,3,"btc"
"F100Q1011844",160,1,"btc"
"F100Q1011861",16,1,"btc"
"F100Q1011861",77,15,"FC"
"F100Q1011863",70,1,"btc"
"F100Q1011863",78,1,"btc"
"F100Q1011863",83,1,"btc"
"F100Q1011863",86,1,"btc"
"F100Q1011863",90,1,"btc"
"F100Q1011863",94,1,"btc"
"F100Q1011863",96,1,"btc"
"F100Q1011869",8,1,"btc"
"F100Q1011869",11,1,"btc"
"F100Q1011869",16,3,"btc"
"F100Q1011869",18,2,"btc"
"F100Q1011869",22,2,"btc"
"F100Q1011869",24,2,"btc"
"F100Q1011869",28,2,"btc"
"F100Q1011869",30,2,"btc"
"F100Q1011869",44,3,"btc"
"F100Q1011869",53,3,"btc"
"F100Q1011869",59,2,"btc"
"F100Q1011869",64,1,"btc"
"F100Q1011869",69,1,"btc"
"F100Q1011869",71,1,"btc"
"F100Q1011871",30,5,"btc"
"F100Q1011871",34,3,"btc"
"F100Q1011886",13,1,"btc"
"F100Q1011886",20,5,"btc"
"F100Q1011886",27,2,"btc"
"F100Q1011886",30,2,"btc"
"F100Q1011886",43,10,"FC"
"F100Q1011894",6,1,"btc"
"F100Q1011894",12,1,"btc"
"F100Q1011894",14,1,"btc"
"F100Q1011894",20,1,"btc"
"F100Q1011894",23,2,"btc"
"F100Q1011894",25,2,"btc"
"F100Q1011894",27,1,"btc"
"F100Q1011894",33,1,"btc"
"F100Q1011894",38,1,"btc"
"F100Q1011894",91,5,"btc"
"F100Q1011896",18,1,"btc"
"F100Q1011896",27,1,"btc"
"F100Q1011896",31,1,"btc"
"F100Q1011896",36,1,"btc"
"F100Q1011900",36,1,"btc"
"F100Q1011900",38,1,"btc"
"F100Q1011900",41,1,"btc"
"F100Q1011900",53,1,"btc"
"F100Q1011900",71,1,"btc"
"F100Q1011900",78,2,"btc"
"F100Q1011900",81,2,"btc"
"F100Q1011900",83,1,"btc"
"F100Q1011900",85,1,"btc"
"F100Q1011900",88,1,"btc"
"F100Q1011900",98,1,"btc"
"F100Q1011900",107,4,"btc"
"F100Q1011900",126,1,"btc"
"F100Q1011900",128,1,"btc"
"F100Q1011902",9,1,"btc"
"F100Q1011911",29,1,"btc"
"F100Q1011920",27,1,"btc"
"F100Q1011920",42,1,"btc"
"F100Q1011920",60,1,"btc"
"F100Q1011920",62,1,"btc"
"F100Q1011920",65,1,"btc"
"F100Q1011922",47,1,"btc"
"F100Q1011922",83,1,"btc"
"F100Q1011922",88,1,"btc"
"F100Q1011922",99,1,"btc"
"F100Q1011922",106,1,"btc"
"F100Q1011922",114,1,"btc"
"F100Q1011922",128,1,"btc"
"F100Q1011927",12,2,"btc"
"F100Q1011927",27,6,"btc"
"F100Q1011927",34,5,"btc"
"F100Q1011929",7,1,"btc"
"F100Q1011929",12,1,"btc"
"F100Q1011929",17,1,"btc"
"F100Q1011929",19,1,"btc"
"F100Q1011929",21,1,"btc"
"F100Q1011929",23,1,"btc"
"F100Q1011929",25,1,"btc"
"F100Q1011929",30,1,"btc"
"F100Q1011929",32,1,"btc"
"F100Q1011929",37,1,"btc"
"F100Q1011933",19,1,"btc"
"F100Q1011954",20,2,"btc"
"F100Q1011954",27,1,"btc"
"F100Q1011954",35,1,"btc"
"F100Q1011954",37,1,"btc"
"F100Q1011954",42,2,"btc"
"F100Q1011954",51,8,"FC"
"F100Q1011980",48,1,"btc"
"F100Q1011980",63,2,"btc"
"F100Q1011980",66,2,"btc"
"F100Q1011981",31,1,"btc"
"F100Q1011981",37,1,"btc"
"F100Q1011986",12,1,"btc"
"F100Q1011990",26,1,"btc"
"F100Q1012000",10,1,"btc"
"F100Q1012001",6,2,"btc"
"F100Q1012001",9,1,"btc"
"F100Q1012020",17,1,"btc"
"F100Q1012023",12,1,"btc"
"F100Q1012023",14,1,"btc"
"F100Q1012023",16,1,"btc"
"F100Q1012026",23,1,"btc"
"F100Q1012038",28,1,"btc"
"F100Q1012047",31,1,"btc"
"F100Q1012069",18,1,"btc"
"F100Q1012069",42,1,"btc"
"F100Q1012069",45,1,"btc"
"F100Q1012071",11,1,"btc"
"F100Q1012072",36,1,"btc"
"F100Q1012072",68,1,"btc"
"F100Q1012090",27,1,"btc"
"F100Q1012102",4,1,"btc"
"F100Q1012119",32,1,"btc"
"F100Q1012149",32,1,"btc"
"F100Q1012153",23,1,"btc"
"F100Q1012156",21,1,"btc"
"F100Q1012158",9,1,"btc"
"F100Q1012158",14,1,"btc"
"F100Q1012158",16,1,"btc"
"F100Q1012158",21,1,"btc"
"F100Q1012164",27,1,"btc"
"F100Q1012164",40,1,"btc"
"F100Q1012164",45,1,"btc"
"F100Q1012164",55,1,"btc"
"F100Q1012164",61,1,"btc"
"F100Q1012164",64,1,"btc"
"F100Q1012164",68,1,"btc"
"F100Q1012179",5,1,"btc"
"F100Q1012182",16,1,"btc"
"F100Q1012209",27,1,"btc"
"F100Q1012212",40,1,"btc"
"F100Q1012234",30,2,"btc"
"F100Q1012234",36,1,"btc"
"F100Q1012234",40,1,"btc"
"F100Q1012241",14,1,"btc"
"F100Q1012251",34,1,"btc"
"F100Q1012257",18,1,"btc"
"F100Q1012263",3,1,"btc"
"F100Q1012266",24,1,"btc"
"F100Q1012266",59,1,"btc"
"F100Q1012266",61,1,"btc"
"F100Q1012266",70,1,"btc"
"F100Q1012266",81,2,"btc"
"F100Q1012266",102,1,"btc"
"F100Q1012266",108,1,"btc"
"F100Q1012266",113,1,"btc"
"F100Q1012266",119,1,"btc"
"F100Q1012266",126,1,"btc"
"F100Q1012268",10,1,"btc"
"F100Q1012281",27,1,"btc"
"F100Q1012288",34,1,"btc"
"F100Q1012293",5,1,"btc"
"F100Q1012310",7,1,"btc"
"F100Q1012315",26,2,"btc"
"F100Q1012315",31,1,"btc"
"F100Q1012315",46,2,"btc"
"F100Q1012327",15,1,"btc"
"F100Q1012327",28,1,"btc"
"F100Q1012327",30,1,"btc"
"F100Q1012327",34,2,"btc"
"F100Q1012327",36,3,"btc"
"F100Q1012327",47,1,"btc"
"F100Q1012327",55,2,"btc"
"F100Q1012333",12,1,"btc"
"F100Q1012333",36,1,"btc"
"F100Q1012333",42,2,"btc"
"F100Q1012333",44,1,"btc"
"F100Q1012333",50,1,"btc"
"F100Q1012340",9,1,"btc"
"F100Q1012380",12,1,"btc"
"F100Q1012380",26,1,"btc"
"F100Q1012403",22,5,"btc"
"F100Q1012403",26,2,"btc"
"F100Q1012403",40,11,"btc"
"F100Q1012407",23,1,"btc"
"F100Q1012407",25,1,"btc"
"F100Q1012407",27,1,"btc"
"F100Q1012407",29,1,"btc"
"F100Q1012407",38,7,"btc"
"F100Q1012407",41,1,"btc"
"F100Q1012407",47,3,"btc"
"F100Q1012407",64,5,"btc"
"F100Q1012407",86,2,"btc"
"F100Q1012407",91,2,"btc"
"F100Q1012407",98,5,"btc"
"F100Q1012407",132,24,"btc"
"F100Q1012407",134,23,"btc"
"F100Q1012407",137,23,"btc"
"F100Q1012407",139,20,"btc"
"F100Q1012407",146,22,"btc"
"F100Q1012407",150,23,"btc"
"F100Q1012407",151,14,"btc"
"F100Q1012407",153,13,"btc"
"F100Q1012407",157,12,"btc"
"F100Q1012407",159,12,"btc"
"F100Q1012407",160,11,"btc"
"F100Q1012407",162,10,"btc"
"F100Q1012407",166,9,"btc"
"F100Q1012407",168,8,"btc"
"F100Q1012407",170,7,"btc"
"F100Q1012407",172,6,"btc"
"F100Q1012417",10,1,"btc"
"F100Q1012422",26,1,"btc"
"F100Q1012436",38,1,"btc"
"F100Q1012438",88,1,"btc"
"F100Q1012438",111,1,"btc"
"F100Q1012438",117,5,"btc"
"F100Q1012461",29,2,"btc"
"F100Q1012475",16,1,"btc"
"F100Q1012489",39,1,"btc"
"F100Q1012489",66,1,"btc"
"F100Q1012515",11,1,"btc"
"F100Q1012528",43,1,"btc"
"F100Q1012543",7,1,"btc"
"F100Q1012543",15,1,"btc"
"F100Q1012543",19,1,"btc"
"F100Q1012543",23,1,"btc"
"F100Q1012543",25,1,"btc"
"F100Q1012543",29,1,"btc"
"F100Q1012543",32,1,"btc"
"F100Q1012543",38,2,"btc"
"F100Q1012543",42,1,"btc"
"F100Q1012543",44,1,"btc"
"F100Q1012543",46,1,"btc"
"F100Q1012543",48,1,"btc"
"F100Q1012543",50,1,"btc"
"F100Q1012543",52,1,"btc"
"F100Q1012543",54,1,"btc"
"F100Q1012543",56,1,"btc"
"F100Q1012543",60,1,"btc"
"F100Q1012543",65,1,"btc"
"F100Q1012543",68,1,"btc"
"F100Q1012543",70,1,"btc"
"F100Q1012543",72,1,"btc"
"F100Q1012543",74,1,"btc"
"F100Q1012543",76,1,"btc"
"F100Q1012543",80,1,"btc"
"F100Q1012543",82,1,"btc"
"F100Q1012543",85,1,"btc"
"F100Q1012543",87,1,"btc"
"F100Q1012543",90,1,"btc"
"F100Q1012543",92,1,"btc"
"F100Q1012543",94,1,"btc"
"F100Q1012543",96,1,"btc"
"F100Q1012543",99,1,"btc"
"F100Q1012543",105,2,"btc"
"F100Q1012543",109,2,"btc"
"F100Q1012543",113,2,"btc"
"F100Q1012543",117,4,"btc"
"F100Q1012543",120,2,"btc"
"F100Q1012543",122,1,"btc"
"F100Q1012543",127,2,"btc"
"F100Q1012543",131,2,"btc"
"F100Q1012543",134,2,"btc"
"F100Q1012543",137,1,"btc"
"F100Q1012543",141,2,"btc"
"F100Q1012543",143,1,"btc"
"F100Q1012562",28,1,"btc"
"F100Q1012563",56,5,"btc"
"F100Q1012563",57,3,"btc"
"F100Q1012563",67,1,"btc"
"F100Q1012563",77,7,"btc"
"F100Q1012563",78,6,"btc"
"F100Q1012563",79,5,"btc"
"F100Q1012563",80,2,"btc"
"F100Q1012563",82,2,"btc"
"F100Q1012568",4,1,"btc"
"F100Q1012593",23,1,"btc"
"F100Q1012593",28,2,"btc"
"F100Q1012593",37,5,"btc"
"F100Q1012594",12,1,"btc"
"F100Q1012598",36,1,"btc"
"F100Q1012598",46,1,"btc"
"F100Q1012598",50,1,"btc"
"F100Q1012601",9,1,"btc"
"F100Q1012601",17,1,"btc"
"F100Q1012601",27,2,"btc"
"F100Q1012601",37,2,"btc"
"F100Q1012601",67,2,"btc"
"F100Q1012601",88,1,"btc"
"F100Q1012601",90,1,"btc"
"F100Q1012601",94,1,"btc"
"F100Q1012601",99,3,"btc"
"F100Q1012601",120,13,"FC"
"F100Q1012602",8,1,"btc"
"F100Q1012613",37,1,"btc"
"F100Q1012623",6,2,"btc"
"F100Q1012623",9,2,"btc"
"F100Q1012623",37,27,"btc"
"F100Q1012624",10,1,"btc"
"F100Q1012624",28,1,"btc"
"F100Q1012624",47,2,"btc"
"F100Q1012624",53,1,"btc"
"F100Q1012625",6,1,"btc"
"F100Q1012625",8,1,"btc"
"F100Q1012625",12,1,"btc"
"F100Q1012625",16,1,"btc"
"F100Q1012625",19,1,"btc"
"F100Q1012625",40,1,"btc"
"F100Q1012625",42,1,"btc"
"F100Q1012625",45,1,"btc"
"F100Q1012625",55,1,"btc"
"F100Q1012625",58,1,"btc"
"F100Q1012625",67,1,"btc"
"F100Q1012625",86,1,"btc"
"F100Q1012625",88,1,"btc"
"F100Q1012625",90,1,"btc"
"F100Q1012625",94,1,"btc"
"F100Q1012625",97,1,"btc"
"F100Q1012625",100,1,"btc"
"F100Q1012638",26,3,"btc"
"F100Q1012638",29,2,"btc"
"F100Q1012650",4,1,"btc"
"F100Q1012650",6,1,"btc"
"F100Q1012650",10,1,"btc"
"F100Q1012650",16,1,"btc"
"F100Q1012650",22,1,"btc"
"F100Q1012650",31,2,"btc"
"F100Q1012650",33,1,"btc"
"F100Q1012650",38,1,"btc"
"F100Q1012661",56,1,"btc"
"F100Q1012666",22,1,"btc"
"F100Q1012676",28,1,"btc"
"F100Q1012696",7,1,"btc"
"F100Q1012696",9,1,"btc"
"F100Q1012696",14,1,"btc"
"F100Q1012696",18,1,"btc"
"F100Q1012696",20,1,"btc"
"F100Q1012696",22,1,"btc"
"F100Q1012696",29,1,"btc"
"F100Q1012696",33,1,"btc"
"F100Q1012699",27,1,"btc"
"F100Q1012712",30,1,"btc"
"F100Q1012712",37,3,"btc"
"F100Q1012712",40,4,"btc"
"F100Q1012719",10,1,"btc"
"F100Q1012727",7,1,"btc"
"F100Q1012727",101,1,"btc"
"F100Q1012737",10,1,"btc"
"F100Q1012739",34,1,"btc"
"F100Q1012749",12,1,"btc"
"F100Q1012784",11,1,"btc"
"F100Q1012787",31,1,"btc"
"F100Q1012792",10,1,"btc"
"F100Q1012792",18,1,"btc"
"F100Q1012792",24,1,"btc"
"F100Q1012792",27,1,"btc"
"F100Q1012800",16,1,"btc"
"F100Q1012800",26,2,"btc"
"F100Q1012800",29,1,"btc"
"F100Q1012800",39,1,"btc"
"F100Q1012800",41,1,"btc"
"F100Q1012800",49,2,"btc"
"F100Q1012800",55,2,"btc"
"F100Q1012800",59,2,"btc"
"F100Q1012800",72,6,"btc"
"F100Q1012800",79,11,"btc"
"F100Q1012800",83,1,"btc"
"F100Q1012800",89,1,"btc"
"F100Q1012813",4,1,"btc"
"F100Q1012813",7,2,"btc"
"F100Q1012813",19,1,"btc"
"F100Q1012814",22,1,"btc"
"F100Q1012818",27,1,"btc"
"F100Q1012818",41,1,"btc"
"F100Q1012818",69,1,"btc"
"F100Q1012818",76,1,"btc"
"F100Q1012818",83,1,"btc"
"F100Q1012842",30,2,"btc"
"F100Q1012842",71,39,"btc"
"F100Q1012842",84,51,"btc"
"F100Q1012842",88,9,"btc"
"F100Q1012842",111,25,"btc"
"F100Q1012847",5,1,"btc"
"F100Q1012847",14,4,"btc"
"F100Q1012847",22,2,"btc"
"F100Q1012847",28,1,"btc"
"F100Q1012847",30,1,"btc"
"F100Q1012847",32,1,"btc"
"F100Q1012847",37,1,"btc"
"F100Q1012847",44,1,"btc"
"F100Q1012847",49,1,"btc"
"F100Q1012847",56,2,"btc"
"F100Q1012847",59,2,"btc"
"F100Q1012847",61,2,"btc"
"F100Q1012847",67,1,"btc"
"F100Q1012847",73,1,"btc"
"F100Q1012847",76,1,"btc"
"F100Q1012847",86,1,"btc"
"F100Q1012847",89,2,"btc"
"F100Q1012847",95,1,"btc"
"F100Q1012847",105,1,"btc"
"F100Q1012847",115,2,"btc"
"F100Q1012847",117,2,"btc"
"F100Q1012847",122,2,"btc"
"F100Q1012847",125,2,"btc"
"F100Q1012847",127,2,"btc"
"F100Q1012847",129,2,"btc"
"F100Q1012847",132,1,"btc"
"F100Q1012847",135,2,"btc"
"F100Q1012847",141,1,"btc"
"F100Q1012847",145,2,"btc"
"F100Q1012847",149,2,"btc"
"F100Q1012847",156,2,"btc"
"F100Q1012847",161,1,"btc"
"F100Q1012847",163,1,"btc"
"F100Q1012847",166,2,"btc"
"F100Q1012849",14,1,"btc"
"F100Q1012849",37,1,"btc"
"F100Q1012849",166,1,"btc"
"F100Q1012854",10,2,"btc"
"F100Q1012854",14,2,"btc"
"F100Q1012854",19,2,"btc"
"F100Q1012854",21,2,"btc"
"F100Q1012854",27,13,"btc"
"F100Q1012854",28,2,"btc"
"F100Q1012854",32,24,"btc"
"F100Q1012854",37,31,"btc"
"F100Q1012854",47,2,"btc"
"F100Q1012854",63,2,"btc"
"F100Q1012854",120,35,"btc"
"F100Q1012862",92,2,"btc"
"F100Q1012862",97,1,"btc"
"F100Q1012869",37,1,"btc"
"F100Q1012876",12,1,"btc"
"F100Q1012877",21,1,"btc"
"F100Q1012889",22,1,"btc"
"F100Q1012889",26,1,"btc"
"F100Q1012890",15,1,"btc"
"F100Q1012890",22,1,"btc"
"F100Q1012897",13,1,"btc"
"F100Q1012897",40,1,"btc"
"F100Q1012901",3,1,"btc"
"F100Q1012901",5,1,"btc"
"F100Q1012901",8,1,"btc"
"F100Q1012901",14,1,"btc"
"F100Q1012901",27,1,"btc"
"F100Q1012901",29,1,"btc"
"F100Q1012902",33,1,"btc"
"F100Q1012902",37,1,"btc"
"F100Q1012909",13,1,"btc"
"F100Q1012936",17,1,"btc"
"F100Q1012945",9,1,"btc"
"F100Q1012945",36,1,"btc"
"F100Q1012947",9,1,"btc"
"F100Q1012956",23,1,"btc"
"F100Q1012962",39,1,"btc"
"F100Q1012968",29,1,"btc"
"F100Q1012968",71,1,"btc"
"F100Q1012970",13,1,"btc"
"F100Q1012982",34,2,"btc"
"F100Q1013062",34,1,"btc"
"F100Q1013062",36,1,"btc"
"F100Q1013064",45,1,"btc"
"F100Q1013072",11,1,"btc"
"F100Q1013072",25,1,"btc"
"F100Q1013072",28,1,"btc"
"F100Q1013073",37,1,"btc"
"F100Q1013101",34,1,"btc"
"F100Q1013107",13,1,"btc"
"F100Q1013107",19,1,"btc"
"F100Q1013107",36,1,"btc"
"F100Q1013112",32,2,"btc"
"F100Q1013112",41,9,"btc"
"F100Q1013112",45,1,"btc"
"F100Q1013112",48,3,"btc"
"F100Q1013112",62,9,"btc"
"F100Q1013112",71,12,"btc"
"F100Q1013112",72,10,"btc"
"F100Q1013112",73,7,"btc"
"F100Q1013112",75,4,"btc"
"F100Q1013112",79,3,"btc"
"F100Q1013112",82,4,"btc"
"F100Q1013112",83,3,"btc"
"F100Q1013112",86,1,"btc"
"F100Q1013112",92,1,"btc"
"F100Q1013112",95,1,"btc"
"F100Q1013112",99,1,"btc"
"F100Q1013112",104,2,"btc"
"F100Q1013112",107,1,"btc"
"F100Q1013112",109,1,"btc"
"F100Q1013112",112,1,"btc"
"F100Q1013112",115,1,"btc"
"F100Q1013112",120,1,"btc"
"F100Q1013112",129,1,"btc"
"F100Q1013112",134,1,"btc"
"F100Q1013112",138,1,"btc"
"F100Q1013112",141,1,"btc"
"F100Q1013112",158,1,"btc"
"F100Q1013146",38,1,"btc"
"F100Q1013159",14,1,"btc"
"F100Q1013170",27,1,"btc"
"F100Q1013198",12,1,"btc"
"F100Q1013198",29,8,"FC"
"F100Q1013201",34,1,"btc"
"F100Q1013205",9,1,"btc"
"F100Q1013225",22,1,"btc"
"F100Q1013229",19,1,"btc"
"F100Q1013266",8,1,"btc"
"F100Q1013266",12,2,"btc"
"F100Q1013266",18,1,"btc"
"F100Q1013267",25,1,"btc"
"F100Q1013271",7,1,"btc"
"F100Q1013282",16,2,"btc"
"F100Q1013282",19,1,"btc"
"F100Q1013306",9,1,"btc"
"F100Q1013306",43,1,"btc"
"F100Q1013307",12,1,"btc"
"F100Q1013307",30,9,"btc"
"F100Q1013307",52,19,"FC"
"F100Q1013310",32,1,"btc"
"F100Q1013315",23,1,"btc"
"F100Q1013320",76,2,"btc"
"F100Q1013320",81,2,"btc"
"F100Q1013320",83,2,"btc"
"F100Q1013320",94,1,"btc"
"F100Q1013320",100,1,"btc"
"F100Q1013320",127,1,"btc"
"F100Q1013320",155,1,"btc"
"F100Q1013334",33,1,"btc"
"F100Q1013357",33,1,"btc"
"F100Q1013371",17,1,"btc"
"F100Q1013371",22,1,"btc"
"F100Q1013371",26,1,"btc"
"F100Q1013371",31,1,"btc"
"F100Q1013371",33,1,"btc"
"F100Q1013372",29,1,"btc"
"F100Q1013377",47,1,"btc"
"F100Q1013377",49,1,"btc"
"F100Q1013388",8,1,"btc"
"F100Q1013388",15,1,"btc"
"F100Q1013391",11,1,"btc"
"F100Q1013395",8,1,"btc"
"F100Q1013401",19,1,"btc"
"F100Q1013401",21,1,"btc"
"F100Q1013406",23,1,"btc"
"F100Q1013406",25,1,"btc"
"F100Q1013406",31,1,"btc"
"F100Q1013406",37,2,"btc"
"F100Q1013406",42,2,"btc"
"F100Q1013406",49,1,"btc"
"F100Q1013406",60,1,"btc"
"F100Q1013406",80,1,"btc"
"F100Q1013406",84,1,"btc"
"F100Q1013406",91,1,"btc"
"F100Q1013406",106,1,"btc"
"F100Q1013406",113,2,"btc"
"F100Q1013406",115,2,"btc"
"F100Q1013406",120,3,"btc"
"F100Q1013406",124,2,"btc"
"F100Q1013406",134,6,"FC"
"F100Q1013429",40,1,"btc"
"F100Q1013439",17,1,"btc"
"F100Q1013443",3,1,"btc"
"F100Q1013443",17,1,"btc"
"F100Q1013443",21,1,"btc"
"F100Q1013443",31,1,"btc"
"F100Q1013443",44,1,"btc"
"F100Q1013443",46,1,"btc"
"F100Q1013443",55,1,"btc"
"F100Q1013443",57,1,"btc"
"F100Q1013443",69,1,"btc"
"F100Q1013443",77,1,"btc"
"F100Q1013446",5,1,"btc"
"F100Q1013462",14,1,"btc"
"F100Q1013466",6,1,"btc"
"F100Q1013466",11,1,"btc"
"F100Q1013490",3,1,"btc"
"F100Q1013490",24,1,"btc"
"F100Q1013490",27,1,"btc"
"F100Q1013490",33,1,"btc"
"F100Q1013490",57,1,"btc"
"F100Q1013490",65,1,"btc"
"F100Q1013498",7,1,"btc"
"F100Q1013498",9,1,"btc"
"F100Q1013524",14,1,"btc"
"F100Q1013526",10,2,"btc"
"F100Q1013526",13,2,"btc"
"F100Q1013526",19,2,"btc"
"F100Q1013526",23,3,"btc"
"F100Q1013526",26,2,"btc"
"F100Q1013526",29,1,"btc"
"F100Q1013526",35,1,"btc"
"F100Q1013526",38,2,"btc"
"F100Q1013526",46,2,"btc"
"F100Q1013526",49,1,"btc"
"F100Q1013526",53,2,"btc"
"F100Q1013526",56,2,"btc"
"F100Q1013526",61,2,"btc"
"F100Q1013526",64,1,"btc"
"F100Q1013526",67,1,"btc"
"F100Q1013526",72,1,"btc"
"F100Q1013526",74,1,"btc"
"F100Q1013526",77,1,"btc"
"F100Q1013526",81,1,"btc"
"F100Q1013526",91,1,"btc"
"F100Q1013526",101,1,"btc"
"F100Q1013526",111,8,"btc"
"F100Q1013526",115,10,"btc"
"F100Q1013526",120,2,"btc"
"F100Q1013526",129,7,"btc"
"F100Q1013526",130,3,"btc"
"F100Q1013526",136,3,"btc"
"F100Q1013526",145,2,"btc"
"F100Q1013526",149,1,"btc"
"F100Q1013526",153,2,"btc"
"F100Q1013526",156,2,"btc"
"F100Q1013526",173,7,"btc"
"F100Q1013531",8,1,"btc"
"F100Q1013531",19,1,"btc"
"F100Q1013555",44,1,"btc"
"F100Q1013557",28,1,"btc"
"F100Q1013566",6,1,"btc"
"F100Q1013579",4,1,"btc"
"F100Q1013593",25,1,"btc"
"F100Q1013604",6,1,"btc"
"F100Q1013611",49,1,"btc"
"F100Q1013620",12,1,"btc"
"F100Q1013620",14,1,"btc"
"F100Q1013626",63,2,"btc"
"F100Q1013630",4,1,"btc"
"F100Q1013634",10,1,"btc"
"F100Q1013634",14,1,"btc"
"F100Q1013634",19,2,"btc"
"F100Q1013634",21,1,"btc"
"F100Q1013634",23,1,"btc"
"F100Q1013634",26,1,"btc"
"F100Q1013634",47,9,"btc"
"F100Q1013634",50,2,"btc"
"F100Q1013634",56,6,"FC"
"F100Q1013639",76,4,"btc"
"F100Q1013639",79,3,"btc"
"F100Q1013639",81,2,"btc"
"F100Q1013639",83,1,"btc"
"F100Q1013648",59,1,"btc"
"F100Q1013665",23,1,"btc"
"F100Q1013665",27,1,"btc"
"F100Q1013665",33,1,"btc"
"F100Q1013665",41,1,"btc"
"F100Q1013665",58,4,"btc"
"F100Q1013670",36,1,"btc"
"F100Q1013684",25,1,"btc"
"F100Q1013685",11,1,"btc"
"F100Q1013685",15,1,"btc"
"F100Q1013685",19,2,"btc"
"F100Q1013685",23,1,"btc"
"F100Q1013685",30,1,"btc"
"F100Q1013685",32,1,"btc"
"F100Q1013685",40,3,"btc"
"F100Q1013685",43,2,"btc"
"F100Q1013687",64,2,"btc"
"F100Q1013687",80,2,"btc"
"F100Q1013687",96,13,"btc"
"F100Q1013687",100,13,"btc"
"F100Q1013687",113,22,"btc"
"F100Q1013690",33,1,"btc"
"F100Q1013694",19,1,"btc"
"F100Q1013694",21,1,"btc"
"F100Q1013694",35,1,"btc"
"F100Q1013694",45,2,"btc"
"F100Q1013694",49,2,"btc"
"F100Q1013700",26,1,"btc"
"F100Q1013700",46,1,"btc"
"F100Q1013701",17,1,"btc"
"F100Q1013709",28,1,"btc"
"F100Q1013709",38,1,"btc"
"F100Q1013715",50,2,"btc"
"F100Q1013715",61,2,"btc"
"F100Q1013715",83,2,"btc"
"F100Q1013715",85,2,"btc"
"F100Q1013715",99,14,"btc"
"F100Q1013716",122,1,"btc"
"F100Q1013716",128,1,"btc"
"F100Q1013720",19,1,"btc"
"F100Q1013722",7,1,"btc"
"F100Q1013733",25,3,"btc"
"F100Q1013733",26,2,"btc"
"F100Q1013733",30,3,"btc"
"F100Q1013733",34,3,"btc"
"F100Q1013733",52,2,"btc"
"F100Q1013733",90,1,"btc"
"F100Q1013743",21,1,"btc"
"F100Q1013743",122,1,"btc"
"F100Q1013748",51,4,"btc"
"F100Q1013748",60,2,"btc"
"F100Q1013748",63,1,"btc"
"F100Q1013756",3,1,"btc"
"F100Q1013756",10,1,"btc"
"F100Q1013756",15,1,"btc"
"F100Q1013756",23,1,"btc"
"F100Q1013756",26,1,"btc"
"F100Q1013763",18,1,"btc"
"F100Q1013763",22,1,"btc"
"F100Q1013763",36,1,"btc"
"F100Q1013763",45,2,"btc"
"F100Q1013763",48,3,"btc"
"F100Q1013763",54,1,"btc"
"F100Q1013763",56,1,"btc"
"F100Q1013763",59,1,"btc"
"F100Q1013763",61,1,"btc"
"F100Q1013763",65,1,"btc"
"F100Q1013772",3,1,"btc"
"F100Q1013777",5,1,"btc"
"F100Q1013777",8,1,"btc"
"F100Q1013777",12,1,"btc"
"F100Q1013778",11,1,"btc"
"F100Q1013784",8,1,"btc"
"F100Q1013791",4,1,"btc"
"F100Q1013791",17,2,"btc"
"F100Q1013791",20,1,"btc"
"F100Q1013791",24,2,"btc"
"F100Q1013791",26,1,"btc"
"F100Q1013791",34,1,"btc"
"F100Q1013791",41,3,"btc"
"F100Q1013791",47,1,"btc"
"F100Q1013791",57,1,"btc"
"F100Q1013794",16,1,"btc"
"F100Q1013801",3,1,"btc"
"F100Q1013803",20,1,"btc"
"F100Q1013803",27,1,"btc"
"F100Q1013804",3,1,"btc"
"F100Q1013811",3,1,"btc"
"F100Q1013817",21,1,"btc"
"F100Q1013817",28,1,"btc"
"F100Q1013822",4,1,"btc"
"F100Q1013822",8,1,"btc"
"F100Q1013823",9,1,"btc"
"F100Q1013824",4,1,"btc"
"F100Q1013825",8,6,"btc"
"F100Q1013825",16,7,"btc"
"F100Q1013825",25,7,"btc"
"F100Q1013832",18,1,"btc"
"F100Q1013835",3,1,"btc"
"F100Q1013849",23,1,"btc"
"F100Q1013849",26,1,"btc"
"F100Q1013849",35,1,"btc"
"F100Q1013849",57,1,"btc"
"F100Q1013852",20,1,"btc"
"F100Q1013853",5,1,"btc"
"F100Q1013853",9,1,"btc"
"F100Q1013853",12,2,"btc"
"F100Q1013853",16,1,"btc"
"F100Q1013853",18,1,"btc"
"F100Q1013859",14,2,"btc"
"F100Q1013859",18,1,"btc"
"F100Q1013874",3,1,"btc"
"F100Q1013878",3,1,"btc"
"F100Q1013890",19,1,"btc"
"F100Q1013890",27,1,"btc"
"F100Q1013894",11,1,"btc"
"F100Q1013900",22,1,"btc"
"F100Q1013901",11,31,"btc"
"F100Q1013916",6,1,"btc"
"F100Q1013916",28,1,"btc"
"F100Q1013924",26,1,"btc"
"F100Q1013924",34,2,"btc"
"F100Q1013939",11,1,"btc"
"F100Q1013944",12,1,"btc"
"F100Q1013951",21,1,"btc"
"F100Q1013995",4,1,"btc"
"F100Q1014003",13,1,"btc"
"F100Q1014018",24,1,"btc"
"F100Q1014018",27,2,"btc"
"F100Q1014018",29,2,"btc"
"F100Q1014018",33,1,"btc"
"F100Q1014018",37,3,"btc"
"F100Q1014018",40,2,"btc"
"F100Q1014018",44,3,"btc"
"F100Q1014018",53,9,"btc"
"F100Q1014038",8,1,"btc"
"F100Q1014038",26,1,"btc"
"F100Q1014044",17,1,"btc"
"F100Q1014048",34,1,"btc"
"F100Q1014053",8,1,"btc"
"F100Q1014053",53,1,"btc"
"F100Q1014056",18,1,"btc"
"F100Q1014061",27,1,"btc"
"F100Q1014070",31,1,"btc"
"F100Q1014085",13,1,"btc"
"F100Q1014088",5,1,"btc"
"F100Q1014096",11,1,"btc"
"F100Q1014100",12,1,"btc"
"F100Q1014104",4,1,"btc"
"F100Q1014111",24,9,"FC"
"F100Q1014121",3,1,"btc"
"F100Q1014121",14,2,"btc"
"F100Q1014121",21,1,"btc"
"F100Q1014121",23,1,"btc"
"F100Q1014121",29,2,"btc"
"F100Q1014121",33,2,"btc"
"F100Q1014121",39,1,"btc"
"F100Q1014121",42,2,"btc"
"F100Q1014121",44,2,"btc"
"F100Q1014121",49,1,"btc"
"F100Q1014122",10,1,"btc"
"F100Q1014122",19,1,"btc"
"F100Q1014127",4,2,"btc"
"F100Q1014131",19,2,"btc"
"F100Q1014133",4,1,"btc"
"F100Q1014142",17,1,"btc"
"F100Q1014142",24,1,"btc"
"F100Q1014143",7,2,"btc"
"F100Q1014143",13,2,"btc"
"F100Q1014143",27,2,"btc"
"F100Q1014143",40,33,"btc"
"F100Q1014143",41,31,"btc"
"F100Q1014143",43,30,"btc"
"F100Q1014143",44,24,"btc"
"F100Q1014143",46,24,"btc"
"F100Q1014143",48,24,"btc"
"F100Q1014143",51,2,"btc"
"F100Q1014143",60,2,"btc"
"F100Q1014143",69,24,"btc"
"F100Q1014143",73,13,"btc"
"F100Q1014143",76,13,"btc"
"F100Q1014143",79,13,"btc"
"F100Q1014143",82,13,"btc"
"F100Q1014143",85,13,"btc"
"F100Q1014143",88,13,"btc"
"F100Q1014143",91,13,"btc"
"F100Q1014143",94,13,"btc"
"F100Q1014143",97,13,"btc"
"F100Q1014143",100,13,"btc"
"F100Q1014143",102,2,"btc"
"F100Q1014143",106,13,"btc"
"F100Q1014143",109,13,"btc"
"F100Q1014143",112,13,"btc"
"F100Q1014143",123,24,"btc"
"F100Q1014143",126,13,"btc"
"F100Q1014143",130,2,"btc"
"F100Q1014143",133,13,"btc"
"F100Q1014143",145,35,"btc"
"F100Q1014153",3,1,"btc"
"F100Q1014153",58,1,"btc"
"F100Q1014153",65,1,"btc"
"F100Q1014160",3,1,"btc"
"F100Q1014165",8,1,"btc"
"F100Q1014171",21,1,"btc"
"F100Q1014178",14,2,"btc"
"F100Q1014179",3,1,"btc"
"F100Q1014189",5,1,"btc"
"F100Q1014195",3,1,"btc"
"F100Q1014195",5,1,"btc"
"F100Q1014195",36,1,"btc"
"F100Q1014221",10,1,"btc"
"F100Q1014228",22,1,"btc"
"F100Q1014231",21,1,"btc"
"F100Q1014238",17,1,"btc"
"F100Q1014238",38,1,"btc"
"F100Q1014238",41,1,"btc"
"F100Q1014238",44,1,"btc"
"F100Q1014238",46,1,"btc"
"F100Q1014238",54,2,"btc"
"F100Q1014238",78,2,"btc"
"F100Q1014238",80,2,"btc"
"F100Q1014238",85,2,"btc"
"F100Q1014238",90,1,"btc"
"F100Q1014238",92,1,"btc"
"F100Q1014238",98,1,"btc"
"F100Q1014238",107,3,"btc"
"F100Q1014238",126,15,"btc"
"F100Q1014238",137,14,"btc"
"F100Q1014238",139,13,"btc"
"F100Q1014238",145,12,"btc"
"F100Q1014238",148,10,"btc"
"F100Q1014238",153,10,"btc"
"F100Q1014238",156,9,"btc"
"F100Q1014238",157,8,"btc"
"F100Q1014238",160,6,"btc"
"F100Q1014238",162,5,"btc"
"F100Q1014238",167,6,"btc"
"F100Q1014238",170,6,"btc"
"F100Q1014238",173,5,"btc"
"F100Q1014257",58,1,"btc"
"F100Q1014259",3,1,"btc"
"F100Q1014268",37,1,"btc"
"F100Q1014293",4,2,"btc"
"F100Q1014299",30,2,"btc"
"F100Q1014312",12,1,"btc"
"F100Q1014312",21,1,"btc"
"F100Q1014312",24,1,"btc"
"F100Q1014331",21,1,"btc"
"F100Q1014331",25,1,"btc"
"F100Q1014331",32,2,"btc"
"F100Q1014331",42,1,"btc"
"F100Q1014333",23,1,"btc"
"F100Q1014333",26,1,"btc"
"F100Q1014338",9,1,"btc"
"F100Q1014338",11,1,"btc"
"F100Q1014338",15,1,"btc"
"F100Q1014338",17,1,"btc"
"F100Q1014338",35,1,"btc"
"F100Q1014339",13,2,"btc"
"F100Q1014339",20,2,"btc"
"F100Q1014339",30,2,"btc"
"F100Q1014339",34,2,"btc"
"F100Q1014357",37,1,"btc"
"F100Q1014358",3,1,"btc"
"F100Q1014359",5,1,"btc"
"F100Q1014359",14,1,"btc"
"F100Q1014359",22,1,"btc"
"F100Q1014362",4,1,"btc"
"F100Q1014363",3,1,"btc"
"F100Q1014374",6,1,"btc"
"F100Q1014374",15,5,"btc"
"F100Q1014374",22,1,"btc"
"F100Q1014374",35,7,"btc"
"F100Q1014374",38,7,"btc"
"F100Q1014374",46,12,"btc"
"F100Q1014385",27,1,"btc"
"F100Q1014386",3,1,"btc"
"F100Q1014387",29,1,"btc"
"F100Q1014395",11,1,"btc"
"F100Q1014395",14,1,"btc"
"F100Q1014401",17,1,"btc"
"F100Q1014404",14,2,"btc"
"F100Q1014404",28,14,"btc"
"F100Q1014421",3,1,"btc"
"F100Q1014421",20,1,"btc"
"F100Q1014422",9,1,"btc"
"F100Q1014422",24,1,"btc"
"F100Q1014422",30,1,"btc"
"F100Q1014423",16,1,"btc"
"F100Q1014423",18,1,"btc"
"F100Q1014423",45,1,"btc"
"F100Q1014423",74,1,"btc"
"F100Q1014423",88,1,"btc"
"F100Q1014436",36,1,"btc"
"F100Q1014436",48,1,"btc"
"F100Q1014436",51,1,"btc"
"F100Q1014436",59,1,"btc"
"F100Q1014436",64,1,"btc"
"F100Q1014436",78,1,"btc"
"F100Q1014436",84,1,"btc"
"F100Q1014436",97,2,"btc"
"F100Q1014436",145,1,"btc"
"F100Q1014436",162,9,"FC"
"F100Q1014442",5,1,"btc"
"F100Q1014442",15,1,"btc"
"F100Q1014442",43,1,"btc"
"F100Q1014442",47,1,"btc"
"F100Q1014442",53,1,"btc"
"F100Q1014442",62,6,"FC"
"F100Q1014443",11,1,"btc"
"F100Q1014443",21,1,"btc"
"F100Q1014443",23,1,"btc"
"F100Q1014443",46,2,"btc"
"F100Q1014443",49,2,"btc"
"F100Q1014443",52,2,"btc"
"F100Q1014443",57,1,"btc"
"F100Q1014449",19,1,"btc"
"F100Q1014455",4,1,"btc"
"F100Q1014462",35,1,"btc"
"F100Q1014471",78,1,"btc"
"F100Q1014490",31,1,"btc"
"F100Q1014491",14,1,"btc"
"F100Q1014494",12,1,"btc"
"F100Q1014494",21,1,"btc"
"F100Q1014494",24,1,"btc"
"F100Q1014494",26,1,"btc"
"F100Q1014494",30,1,"btc"
"F100Q1014494",32,1,"btc"
"F100Q1014495",18,1,"btc"
"F100Q1014496",17,1,"btc"
"F100Q1014511",14,1,"btc"
"F100Q1014511",16,1,"btc"
"F100Q1014511",18,1,"btc"
"F100Q1014511",20,1,"btc"
"F100Q1014511",36,1,"btc"
"F100Q1014511",44,2,"btc"
"F100Q1014511",47,1,"btc"
"F100Q1014511",56,2,"btc"
"F100Q1014522",13,1,"btc"
"F100Q1014522",16,1,"btc"
"F100Q1014522",19,1,"btc"
"F100Q1014526",8,1,"btc"
"F100Q1014526",22,1,"btc"
"F100Q1014526",25,1,"btc"
"F100Q1014526",43,1,"btc"
"F100Q1014526",52,1,"btc"
"F100Q1014526",75,1,"btc"
"F100Q1014526",80,1,"btc"
"F100Q1014526",83,1,"btc"
"F100Q1014526",85,1,"btc"
"F100Q1014526",87,1,"btc"
"F100Q1014526",91,1,"btc"
"F100Q1014526",97,1,"btc"
"F100Q1014526",102,1,"btc"
"F100Q1014526",106,2,"btc"
"F100Q1014526",111,1,"btc"
"F100Q1014526",114,1,"btc"
"F100Q1014526",117,1,"btc"
"F100Q1014526",121,2,"btc"
"F100Q1014526",125,1,"btc"
"F100Q1014526",131,1,"btc"
"F100Q1014526",135,1,"btc"
"F100Q1014526",144,1,"btc"
"F100Q1014526",149,1,"btc"
"F100Q1014526",153,1,"btc"
"F100Q1014527",26,1,"btc"
"F100Q1014531",16,1,"btc"
"F100Q1014531",33,1,"btc"
"F100Q1014531",43,1,"btc"
"F100Q1014531",48,1,"btc"
"F100Q1014531",58,1,"btc"
"F100Q1014531",73,1,"btc"
"F100Q1014531",75,1,"btc"
"F100Q1014531",89,1,"btc"
"F100Q1014531",94,1,"btc"
"F100Q1014531",101,2,"btc"
"F100Q1014531",104,3,"btc"
"F100Q1014534",12,1,"btc"
"F100Q1014534",41,1,"btc"
"F100Q1014535",3,1,"btc"
"F100Q1014535",6,2,"btc"
"F100Q1014535",15,3,"btc"
"F100Q1014545",28,1,"btc"
"F100Q1014545",43,7,"btc"
"F100Q1014549",4,1,"btc"
"F100Q1014549",25,1,"btc"
"F100Q1014553",3,1,"btc"
"F100Q1014560",31,1,"btc"
"F100Q1014561",14,1,"btc"
"F100Q1014563",3,1,"btc"
"F100Q1014565",10,1,"btc"
"F100Q1014565",13,1,"btc"
"F100Q1014565",20,4,"btc"
"F100Q1014565",26,2,"btc"
"F100Q1014566",63,1,"btc"
"F100Q1014568",3,1,"btc"
"F100Q1014576",37,1,"btc"
"F100Q1014576",42,2,"btc"
"F100Q1014580",43,2,"btc"
"F100Q1014580",58,2,"btc"
"F100Q1014580",63,4,"btc"
"F100Q1014580",74,4,"btc"
"F100Q1014580",83,7,"btc"
"F100Q1014580",84,6,"btc"
"F100Q1014590",21,1,"btc"
"F100Q1014590",45,1,"btc"
"F100Q1014606",6,1,"btc"
"F100Q1014607",53,13,"btc"
"F100Q1014607",70,13,"btc"
"F100Q1014607",99,47,"btc"
"F100Q1014607",109,12,"btc"
"F100Q1014607",110,11,"btc"
"F100Q1014608",63,3,"btc"
"F100Q1014608",65,1,"btc"
"F100Q1014608",70,1,"btc"
"F100Q1014608",75,2,"btc"
"F100Q1014608",77,2,"btc"
"F100Q1014608",92,2,"btc"
"F100Q1014608",116,1,"btc"
"F100Q1014608",120,2,"btc"
"F100Q1014608",123,1,"btc"
"F100Q1014619",97,2,"btc"
"F100Q1014619",106,2,"btc"
"F100Q1014619",109,2,"btc"
"F100Q1014619",112,2,"btc"
"F100Q1014619",114,2,"btc"
"F100Q1014619",116,2,"btc"
"F100Q1014619",119,3,"btc"
"F100Q1014619",124,3,"btc"
"F100Q1014619",126,3,"btc"
"F100Q1014619",129,3,"btc"
"F100Q1014619",131,2,"btc"
"F100Q1014621",13,2,"btc"
"F100Q1014621",37,2,"btc"
"F100Q1014621",39,2,"btc"
"F100Q1014621",79,2,"btc"
"F100Q1014621",116,2,"btc"
"F100Q1014621",145,28,"btc"
"F100Q1014623",15,1,"btc"
"F100Q1014624",55,1,"btc"
"F100Q1014627",35,1,"btc"
"F100Q1014641",18,1,"btc"
"F100Q1014649",6,1,"btc"
"F100Q1014674",19,1,"btc"
"F100Q1014681",23,1,"btc"
"F100Q1014682",12,1,"btc"
"F100Q1014682",45,1,"btc"
"F100Q1014682",50,1,"btc"
"F100Q1014682",55,1,"btc"
"F100Q1014684",20,1,"btc"
"F100Q1014684",22,1,"btc"
"F100Q1014692",30,1,"btc"
"F100Q1014696",30,2,"btc"
"F100Q1014696",37,1,"btc"
"F100Q1014701",17,1,"btc"
"F100Q1014701",22,1,"btc"
"F100Q1014701",31,1,"btc"
"F100Q1014701",46,1,"btc"
"F100Q1014701",81,1,"btc"
"F100Q1014706",4,1,"btc"
"F100Q1014713",17,1,"btc"
"F100Q1014730",31,1,"btc"
"F100Q1014733",23,1,"btc"
"F100Q1014733",28,2,"btc"
"F100Q1014733",31,1,"btc"
"F100Q1014733",33,1,"btc"
"F100Q1014733",47,2,"btc"
"F100Q1014733",56,1,"btc"
"F100Q1014733",59,1,"btc"
"F100Q1014733",61,1,"btc"
"F100Q1014733",65,1,"btc"
"F100Q1014733",68,1,"btc"
"F100Q1014733",70,1,"btc"
"F100Q1014733",75,1,"btc"
"F100Q1014733",78,1,"btc"
"F100Q1014733",83,2,"btc"
"F100Q1014733",87,3,"btc"
"F100Q1014733",94,6,"btc"
"F100Q1014733",99,2,"btc"
"F100Q1014733",102,2,"btc"
"F100Q1014733",106,2,"btc"
"F100Q1014733",108,2,"btc"
"F100Q1014733",110,1,"btc"
"F100Q1014733",113,2,"btc"
"F100Q1014733",115,2,"btc"
"F100Q1014733",119,2,"btc"
"F100Q1014734",17,1,"btc"
"F100Q1014734",25,1,"btc"
"F100Q1014740",15,1,"btc"
"F100Q1014740",39,1,"btc"
"F100Q1014740",45,1,"btc"
"F100Q1014740",52,1,"btc"
"F100Q1014740",81,1,"btc"
"F100Q1014740",83,1,"btc"
"F100Q1014745",5,2,"btc"
"F100Q1014745",7,1,"btc"
"F100Q1014747",16,1,"btc"
"F100Q1014763",7,1,"btc"
"F100Q1014763",11,1,"btc"
"F100Q1014763",16,1,"btc"
"F100Q1014763",24,1,"btc"
"F100Q1014763",37,1,"btc"
"F100Q1014763",44,2,"btc"
"F100Q1014763",51,1,"btc"
"F100Q1014783",18,1,"btc"
"F100Q1014784",23,1,"btc"
"F100Q1014791",30,1,"btc"
"F100Q1014796",31,1,"btc"
"F100Q1014802",4,1,"btc"
"F100Q1014806",29,1,"btc"
"F100Q1014806",32,1,"btc"
"F100Q1014806",37,1,"btc"
"F100Q1014806",49,1,"btc"
"F100Q1014810",23,1,"btc"
"F100Q1014811",18,2,"btc"
"F100Q1014811",21,2,"btc"
"F100Q1014811",26,5,"btc"
"F100Q1014811",49,10,"btc"
"F100Q1014811",54,11,"btc"
"F100Q1014811",56,10,"btc"
"F100Q1014811",57,9,"btc"
"F100Q1014811",58,8,"btc"
"F100Q1014811",60,8,"btc"
"F100Q1014811",61,6,"btc"
"F100Q1014811",63,5,"btc"
"F100Q1014811",68,4,"btc"
"F100Q1014811",69,3,"btc"
"F100Q1014811",72,3,"btc"
"F100Q1014811",78,1,"btc"
"F100Q1014811",80,1,"btc"
"F100Q1014811",90,1,"btc"
"F100Q1014811",92,1,"btc"
"F100Q1014811",94,1,"btc"
"F100Q1014811",98,2,"btc"
"F100Q1014811",106,1,"btc"
"F100Q1014812",23,1,"btc"
"F100Q1014816",6,1,"btc"
"F100Q1014816",75,1,"btc"
"F100Q1014816",104,1,"btc"
"F100Q1014816",112,1,"btc"
"F100Q1014823",16,1,"btc"
"F100Q1014823",27,5,"btc"
"F100Q1014829",48,1,"btc"
"F100Q1014829",67,1,"btc"
"F100Q1014841",16,1,"btc"
"F100Q1014845",14,1,"btc"
"F100Q1014851",30,2,"btc"
"F100Q1014851",99,1,"btc"
"F100Q1014851",106,1,"btc"
"F100Q1014851",122,1,"btc"
"F100Q1014851",124,1,"btc"
"F100Q1014851",129,1,"btc"
"F100Q1014851",133,1,"btc"
"F100Q1014851",135,1,"btc"
"F100Q1014851",137,1,"btc"
"F100Q1014851",143,1,"btc"
"F100Q1014851",146,1,"btc"
"F100Q1014851",149,2,"btc"
"F100Q1014851",151,2,"btc"
"F100Q1014851",154,2,"btc"
"F100Q1014851",156,1,"btc"
"F100Q1014851",158,1,"btc"
"F100Q1014851",161,2,"btc"
"F100Q1014851",164,1,"btc"
"F100Q1014851",167,1,"btc"
"F100Q1014851",172,1,"btc"
"F100Q1014851",174,1,"btc"
"F100Q1014852",21,1,"btc"
"F100Q1014858",3,1,"btc"
"F100Q1014862",56,1,"btc"
"F100Q1014869",22,1,"btc"
"F100Q1014869",26,1,"btc"
"F100Q1014869",34,1,"btc"
"F100Q1014872",8,2,"btc"
"F100Q1014872",11,3,"btc"
"F100Q1014872",12,2,"btc"
"F100Q1014881",14,1,"btc"
"F100Q1014881",25,1,"btc"
"F100Q1014881",41,1,"btc"
"F100Q1014881",49,1,"btc"
"F100Q1014881",55,1,"btc"
"F100Q1014881",61,2,"btc"
"F100Q1014883",32,1,"btc"
"F100Q1014884",11,1,"btc"
"F100Q1014885",54,1,"btc"
"F100Q1014897",9,1,"btc"
"F100Q1014897",11,1,"btc"
"F100Q1014897",17,1,"btc"
"F100Q1014897",24,1,"btc"
"F100Q1014899",3,1,"btc"
"F100Q1014904",7,1,"btc"
"F100Q1014910",17,1,"btc"
"F100Q1014942",6,1,"btc"
"F100Q1014942",11,1,"btc"
"F100Q1014942",17,1,"btc"
"F100Q1014942",23,1,"btc"
"F100Q1014946",91,1,"btc"
"F100Q1014946",134,1,"btc"
"F100Q1014946",139,1,"btc"
"F100Q1014946",151,8,"btc"
"F100Q1014949",8,1,"btc"
"F100Q1014953",3,1,"btc"
"F100Q1014953",5,1,"btc"
"F100Q1014953",22,1,"btc"
"F100Q1014962",5,1,"btc"
"F100Q1015002",11,1,"btc"
"F100Q1015019",42,1,"btc"
"F100Q1015019",78,1,"btc"
"F100Q1015035",27,1,"btc"
