asOfDate,2yrSwap,10yrSwap,3y7y_ATM,Coupon,4y7y_ATM,5y7y_ATM,3y7y_ATM,5y10y_ATM
12/31/2014,0.898167,2.285322,91.16847492,2.83387,91.28924816,91.09663299,91.16847492,87.84007775
12/30/2014,0.899713,2.301741,91.25590065,2.852,91.35669384,91.09922026,91.25590065,87.81705544
12/29/2014,0.904637,2.3199,91.54157166,2.86098,91.59111769,91.31164459,91.54157166,88.11034949
12/26/2014,0.926007,2.362824,92.05104142,2.89124,92.02259196,91.75443274,92.05104142,88.25851053
12/24/2014,0.926005,2.384509,92.05271335,2.90975,92.03297094,91.80888656,92.05271335,88.43982589
12/23/2014,0.920793,2.383736,92.26921698,2.91032,92.3066949,92.23011583,92.26921698,88.96369014
12/22/2014,0.895098,2.290009,92.66934576,2.82564,92.77407987,92.72454293,92.66934576,89.18504403
12/19/2014,0.874882,2.306832,92.92863191,2.83374,92.9132654,92.81964572,92.92863191,89.38259298
12/18/2014,0.847904,2.328759,93.673743,2.85823,93.66545635,93.50377117,93.673743,89.89937276
12/17/2014,0.822062,2.271125,93.30474643,2.83715,93.46818346,93.37546781,93.30474643,89.41496934
12/16/2014,0.791909,2.195239,93.95951857,2.78725,94.00822877,93.94444463,93.95951857,90.33226452
12/15/2014,0.828293,2.242994,92.97539064,2.82917,92.84546328,92.6940101,92.97539064,89.2240595
12/12/2014,0.789554,2.226352,92.6612003,2.80058,92.5633478,92.3505975,92.6612003,88.85427291
12/11/2014,0.838454,2.298793,91.46422659,2.86343,91.4509786,91.31849948,91.46422659,87.817104
12/10/2014,0.808231,2.283806,90.48331682,2.85151,90.6625231,90.72710064,90.48331682,87.24794907
12/9/2014,0.844475,2.337465,90.43495871,2.88602,90.50891414,90.47042274,90.43495871,86.80394072
12/8/2014,0.857841,2.375977,90.62702222,2.90876,90.61633,90.51120029,90.62702222,86.82218025
12/5/2014,0.851565,2.419014,90.97713935,2.95463,90.96069094,90.80074987,90.97713935,87.10195356
12/4/2014,0.753169,2.375218,90.6357695,2.90251,90.77050762,90.74346257,90.6357695,87.03514539
12/3/2014,0.76646,2.414231,91.3052114,2.93232,91.332951,91.17072842,91.3052114,87.43999693
12/2/2014,0.74166,2.413726,91.67986253,2.92504,91.68361969,91.55513516,91.67986253,87.97417941
12/1/2014,0.703568,2.349293,91.51983253,2.86228,91.55437344,91.37502528,91.51983253,87.89062832
11/28/2014,0.697356,2.324514,91.032908,2.84569,91.07664458,90.87887806,91.032908,87.39934509
11/26/2014,0.712768,2.362633,91.42152963,2.8841,91.394454,91.12705655,91.42152963,87.50947068
11/25/2014,0.713249,2.388036,91.48045487,2.89872,91.39382962,91.03005371,91.48045487,87.35619417
11/24/2014,0.72564,2.429143,91.42237963,2.95338,91.25660478,90.83808523,91.42237963,87.13918609
11/21/2014,0.721834,2.433936,91.37377595,2.96503,91.20854434,90.79644714,91.37377595,87.14782177
11/20/2014,0.725164,2.45436,91.5891056,2.98245,91.36049634,90.9334755,91.5891056,87.36277522
11/19/2014,0.734313,2.468063,91.45490613,3.00395,91.16977647,90.70637423,91.45490613,87.40878592
11/18/2014,0.721521,2.443213,90.85427878,2.98226,90.48288804,89.9758634,90.85427878,86.9742889
11/17/2014,0.724202,2.463391,90.79673904,2.9941,90.44635408,89.96293786,90.79673904,87.05972385
11/14/2014,0.731432,2.444652,90.17391802,2.98831,90.10035694,89.85147075,90.17391802,86.93760236
11/13/2014,0.738358,2.466185,89.99002022,3.02409,89.9228323,89.80619259,89.99002022,86.76807157
11/12/2014,0.751287,2.487578,90.58290808,3.03648,90.47147309,90.26888493,90.58290808,87.30200246
11/10/2014,0.751584,2.493582,90.9360074,3.03634,90.77420564,90.52435047,90.9360074,87.5613589
11/7/2014,0.726336,2.449121,90.87958475,3.00136,90.74562967,90.47025613,90.87958475,87.39300261
11/6/2014,0.760125,2.5168,91.50929475,3.05201,91.47184218,91.30598748,91.50929475,88.52806889
11/5/2014,0.738428,2.496124,91.53934639,3.04445,91.51691423,91.3323699,91.53934639,88.34586768
11/4/2014,0.728147,2.48345,91.73078861,3.04424,91.63396452,91.40600885,91.73078861,88.50197161
11/3/2014,0.725683,2.488842,91.85074381,3.04728,91.64071077,91.35981488,91.85074381,88.52814272
10/31/2014,0.711267,2.477712,92.2276765,3.00974,92.28710392,92.15948347,92.2276765,88.96421216
10/30/2014,0.695176,2.448427,92.36778748,2.98841,92.41398065,92.17253354,92.36778748,88.98677338
10/29/2014,0.706146,2.462024,92.67996175,3.0091,92.93674064,92.9019942,92.67996175,89.86150173
10/28/2014,0.649404,2.425569,94.60134138,2.97326,94.6147109,94.33258752,94.60134138,91.65789397
10/27/2014,0.646204,2.404196,95.06767433,2.95063,95.02067207,94.68619088,95.06767433,91.8171952
10/24/2014,0.654967,2.417941,95.74843236,2.96706,95.43193837,94.87616569,95.74843236,91.9721885
10/23/2014,0.653338,2.417296,95.86456437,2.95697,95.42569896,94.61462229,95.86456437,92.05517541
10/22/2014,0.627016,2.362999,95.26728211,2.91561,94.93424499,94.18467082,95.26728211,91.43601328
10/21/2014,0.616166,2.344805,95.05768382,2.90261,94.79234329,94.14087056,95.05768382,91.05655437
10/20/2014,0.618953,2.322683,93.63983902,2.88228,93.75838229,93.497263,93.63983902,90.23159639
10/17/2014,0.640917,2.353076,94.01917578,2.90897,93.73234325,93.07448639,94.01917578,90.16410302
10/16/2014,0.620131,2.315537,96.02013307,2.88998,95.69839231,95.00767024,96.02013307,92.08669425
10/15/2014,0.585259,2.247947,97.42775272,2.80128,96.78343534,95.98246529,97.42775272,93.41039246
10/14/2014,0.655723,2.345843,93.13194065,2.91567,93.22591647,92.98817164,93.13194065,90.15318377
10/10/2014,0.715402,2.43996,92.25825249,3.00647,92.46381795,92.33619471,92.25825249,89.55583021
10/9/2014,0.72761,2.469152,91.99925532,3.00935,92.24953196,92.16437696,91.99925532,89.15191423
10/8/2014,0.720173,2.472726,91.76814287,3.00696,92.10981202,92.03799191,91.76814287,89.06611022
10/7/2014,0.782115,2.510836,92.08650787,3.05717,92.27253218,92.18344069,92.08650787,89.02575755
10/6/2014,0.814036,2.580708,91.81568981,3.12298,92.01969636,91.94819571,91.81568981,88.87714125
10/3/2014,0.831603,2.599266,92.01967205,3.1408,92.15353397,92.01145208,92.01967205,88.94031564
10/2/2014,0.805959,2.584236,92.23607933,3.1361,92.37199167,92.22779481,92.23607933,89.12579845
10/1/2014,0.798399,2.554658,91.66136131,3.11879,91.54657295,91.21218545,91.66136131,88.1532469
9/30/2014,0.836999,2.652476,91.73880175,3.2079,91.4330854,90.98325708,91.73880175,88.01186405
9/29/2014,0.830505,2.638302,91.48258568,3.19268,91.26815298,90.87646403,91.48258568,87.87296404
9/26/2014,0.823917,2.662371,91.01291479,3.21517,90.74793111,90.32839867,91.01291479,87.31341988
9/25/2014,0.790717,2.64294,90.31433533,3.19667,89.94668636,89.44331029,90.31433533,86.65935923
9/24/2014,0.808068,2.695683,90.0055679,3.2402,89.67432555,89.17251202,90.0055679,86.47970033
9/23/2014,0.790185,2.654879,89.77424485,3.21471,89.55571333,89.17558916,89.77424485,86.43292734
9/22/2014,0.797476,2.686462,89.77031208,3.23976,89.53789764,89.13296716,89.77031208,86.4449658
9/19/2014,0.813257,2.721218,90.17556984,3.2565,90.11369403,89.85232732,90.17556984,87.42418251
9/18/2014,0.813759,2.766456,90.51305245,3.30017,90.33559025,89.99756609,90.51305245,87.65028418
9/17/2014,0.795868,2.739749,90.43603722,3.28895,90.27034335,89.83873825,90.43603722,87.66782238
9/16/2014,0.776857,2.731292,90.17614113,3.28408,90.03947225,89.66737175,90.17614113,87.46674243
9/15/2014,0.791045,2.730559,90.2879081,3.28134,89.99748776,89.51587703,90.2879081,87.12067339
9/12/2014,0.798255,2.745827,90.2570946,3.30131,89.97172008,89.4789918,90.2570946,87.07912133
9/11/2014,0.795683,2.66465,90.42268208,3.23854,90.74149767,90.78551608,90.42268208,88.3854541
9/10/2014,0.788188,2.668223,90.81808308,3.23967,91.53989869,91.97045696,90.81808308,89.1805815
9/9/2014,0.776156,2.625674,90.70408692,3.20426,91.55763836,92.16359255,90.70408692,89.62625657
9/8/2014,0.750903,2.592935,90.6002386,3.17608,91.51036545,92.12469393,90.6002386,89.68828119
9/5/2014,0.724325,2.581462,90.48842567,3.16818,91.39529162,92.00112163,90.48842567,89.42026876
9/4/2014,0.748764,2.568897,90.6562162,3.15283,91.53078396,92.15348101,90.6562162,89.55392157
9/3/2014,0.735965,2.528447,90.44652148,3.12536,91.38116816,92.01059044,90.44652148,89.34445898
9/2/2014,0.738782,2.550341,90.773926,3.13347,91.65380297,92.25927424,90.773926,89.74248842
8/29/2014,0.715441,2.49658,90.61695382,3.08034,91.55022426,92.15476192,90.61695382,89.42856088
8/28/2014,0.718718,2.487805,90.54966552,3.07812,91.49616231,92.08007097,90.54966552,89.30187218
8/27/2014,0.719695,2.506797,90.37493283,3.09887,91.56868365,92.38016543,90.37493283,89.14166686
8/26/2014,0.722394,2.530119,90.27606357,3.12944,91.527345,92.40619683,90.27606357,89.21029766
8/25/2014,0.726638,2.527348,90.74064723,3.13856,91.88133157,92.5856666,90.74064723,89.54485204
8/22/2014,0.716305,2.5498,92.11283005,3.15082,92.99947874,93.46494539,92.11283005,90.47276617
8/21/2014,0.692722,2.556838,93.66576376,3.15678,94.23133345,94.34821131,93.66576376,91.1064586
8/20/2014,0.687102,2.58163,94.07430613,3.18288,94.49708299,94.49402189,94.07430613,91.41651028
8/19/2014,0.657852,2.558286,94.4824278,3.16484,94.74319883,94.65312054,94.4824278,91.67927107
8/18/2014,0.653292,2.536587,94.72125019,3.13998,94.89183521,94.72668042,94.72125019,91.80380093
8/15/2014,0.637229,2.496012,94.5405213,3.09358,94.60235565,94.3301033,94.5405213,91.61801877
8/14/2014,0.64609,2.543966,93.5191339,3.13996,93.76600459,93.69258686,93.5191339,90.93659275
8/13/2014,0.648417,2.562017,92.67630215,3.16116,93.18952294,93.32779617,92.67630215,90.56676387
8/12/2014,0.667859,2.595869,92.91703418,3.19212,93.37164928,93.48029075,92.91703418,90.53312237
8/11/2014,0.68268,2.577459,92.79286538,3.18264,93.19604182,93.2614207,92.79286538,90.37385218
8/8/2014,0.676662,2.570582,93.12897598,3.17218,93.49613406,93.52853312,93.12897598,90.62990811
8/7/2014,0.667559,2.575137,92.88458715,3.1813,93.26382517,93.31550116,92.88458715,90.38216198
8/6/2014,0.681542,2.62044,92.49327292,3.2168,92.96921007,93.06980023,92.49327292,89.94313603
8/5/2014,0.687958,2.626986,92.60615309,3.21632,92.96780201,92.98895702,92.60615309,89.8630034
8/4/2014,0.683932,2.629917,92.94516491,3.21782,93.22634014,93.17193598,92.94516491,90.02857597
8/1/2014,0.690563,2.6444,93.1383727,3.22842,93.35645038,93.23369084,93.1383727,90.04560232
7/31/2014,0.737149,2.693204,93.14466516,3.27611,93.30701832,93.14648607,93.14466516,89.96621525
7/30/2014,0.743361,2.681374,92.8370012,3.26579,93.12113518,93.05123681,92.8370012,89.928954
7/29/2014,0.712643,2.590074,91.39940856,3.18238,91.89490298,92.10411684,91.39940856,89.16560211
7/28/2014,0.712625,2.614247,90.68108185,3.20496,91.18240175,91.38949349,90.68108185,88.43485413
7/25/2014,0.694874,2.5908,90.27280961,3.19153,90.86653253,91.11600999,90.27280961,88.18921008
7/24/2014,0.697453,2.631323,90.3444528,3.23593,90.85916287,91.022793,90.3444528,88.06573152
7/23/2014,0.676401,2.587737,89.70978026,3.18443,90.38355584,90.69038564,89.70978026,87.78302902
7/22/2014,0.67986,2.589546,89.72109082,3.17134,90.36892448,90.67832465,89.72109082,87.75388205
7/21/2014,0.694669,2.593554,89.52450942,3.17973,90.18588088,90.51925208,89.52450942,87.63637905
7/18/2014,0.672697,2.599565,88.69458272,3.18346,89.50975888,89.99806316,88.69458272,87.3596045
7/17/2014,0.661946,2.593786,88.84228398,3.184,89.54967087,89.93595301,88.84228398,87.2051277
7/16/2014,0.671415,2.646726,88.672476,3.23588,89.4053263,89.77111255,88.672476,87.00604965
7/15/2014,0.664217,2.656578,88.83393151,3.23276,89.54479316,89.9261702,88.83393151,87.12965292
7/14/2014,0.636906,2.657568,88.87925602,3.22381,89.54670961,89.89813512,88.87925602,87.06874538
7/11/2014,0.625015,2.630638,88.44930038,3.1874,89.18704181,89.60874328,88.44930038,86.81262621
7/10/2014,0.625148,2.643762,88.53889624,3.20099,89.24720922,89.64134794,88.53889624,86.83957712
7/9/2014,0.641969,2.643902,88.43992841,3.21851,89.19546001,89.58149966,88.43992841,86.79172181
7/8/2014,0.654008,2.661291,88.41455074,3.23294,89.12001719,89.48928697,88.41455074,86.65506079
7/7/2014,0.662772,2.714412,89.49465103,3.26648,89.99774439,90.1729734,89.49465103,87.25447433
7/3/2014,0.645892,2.743859,89.89224527,3.2817,90.26730948,90.33262536,89.89224527,87.34459428
7/2/2014,0.619883,2.730691,90.35663632,3.25805,90.64188327,90.60899926,90.35663632,87.63349258
7/1/2014,0.597331,2.665196,89.72099053,3.21078,90.15981627,90.23397358,89.72099053,87.33522838
6/30/2014,0.58628,2.614206,89.22784603,3.16006,89.72603858,89.87223031,89.22784603,87.04528072
6/27/2014,0.592493,2.6377,89.31194694,3.17238,89.77513689,89.91748133,89.31194694,87.05380404
6/26/2014,0.594171,2.628689,89.3043106,3.1705,89.73797054,89.83557537,89.3043106,86.99523686
6/25/2014,0.608572,2.6579,89.62564381,3.1949,90.01801128,90.03528492,89.62564381,87.16535134
6/24/2014,0.621232,2.684283,90.22980352,3.21805,90.51212092,90.46077075,90.22980352,87.54532449
6/23/2014,0.623975,2.709676,90.65148102,3.24201,90.92270979,90.87023427,90.65148102,87.94403221
6/20/2014,0.618012,2.712964,90.77981696,3.23871,90.93805152,90.76738085,90.77981696,87.80916338
6/19/2014,0.616172,2.714571,90.61544036,3.2407,90.9002641,90.86093291,90.61544036,87.85549107
6/18/2014,0.633555,2.7083,90.08910291,3.25545,90.31026513,90.1595125,90.08910291,87.18660717
6/17/2014,0.632304,2.747497,90.81858756,3.29552,90.87959494,90.60036947,90.81858756,87.54232436
6/16/2014,0.615342,2.697476,90.44503644,3.2402,90.58141531,90.39282809,90.44503644,87.40502034
6/13/2014,0.598486,2.701377,91.20994155,3.25321,91.60049718,91.66292548,91.20994155,88.62254097
6/12/2014,0.576265,2.68957,91.28695286,3.23683,91.80259178,92.00368517,91.28695286,88.60005763
6/11/2014,0.578933,2.745283,92.30644074,3.2836,92.62286501,92.56264704,92.30644074,89.09182357
6/10/2014,0.581643,2.749818,93.2261312,3.28637,93.51818062,93.47171494,93.2261312,89.9617325
6/9/2014,0.566232,2.729278,93.61076684,3.26478,93.84287616,93.76041,93.61076684,90.25984511
6/6/2014,0.545561,2.713013,93.92625377,3.24953,94.14478809,94.0405167,93.92625377,90.47111901
6/5/2014,0.525164,2.703151,94.73801788,3.23776,94.81307214,94.58312845,94.73801788,90.99650611
6/4/2014,0.537943,2.720448,94.96371865,3.26353,95.02925639,94.71828917,94.96371865,91.09668618
6/3/2014,0.53588,2.703117,94.74068655,3.25946,94.82086664,94.5563161,94.74068655,90.96451562
6/2/2014,0.531322,2.642865,94.43184669,3.20774,94.65056283,94.54579184,94.43184669,90.79195047
5/30/2014,0.511005,2.563939,93.4687121,3.13272,93.85731533,93.92158721,93.4687121,90.29493734
5/29/2014,0.506999,2.545843,93.25373373,3.1236,93.75413623,93.90577587,93.25373373,90.25125705
5/28/2014,0.49478,2.534276,92.19239702,3.09658,92.86605882,93.14097313,92.19239702,89.49632384
5/27/2014,0.513007,2.608485,92.06348059,3.18634,92.70809827,93.00361006,92.06348059,89.25264907
5/23/2014,0.512181,2.628623,92.24105793,3.20629,92.77400233,92.98685239,92.24105793,89.25629031
5/22/2014,0.50524,2.651053,92.60330625,3.21443,93.02662431,93.12609042,92.60330625,89.36884366
5/21/2014,0.494992,2.62871,92.53185263,3.20037,92.95498397,93.04072746,92.53185263,89.26040358
5/20/2014,0.490455,2.608087,92.31579173,3.19062,92.79658149,92.93704731,92.31579173,89.20673016
5/19/2014,0.500697,2.636095,92.48222399,3.22497,92.90679747,93.01378908,92.48222399,89.41565631
5/16/2014,0.512952,2.61499,92.3581365,3.20717,92.82635093,92.97476886,92.3581365,89.40360544
5/15/2014,0.501228,2.591719,92.25288387,3.17951,92.69137216,92.81700226,92.25288387,89.36913048
5/14/2014,0.504855,2.629423,91.85090972,3.19709,92.36138477,92.49369816,91.85090972,89.04884661
5/13/2014,0.524842,2.699585,91.9634424,3.2728,92.42109206,92.5401149,91.9634424,89.00532367
5/12/2014,0.539739,2.731681,92.08693688,3.29573,92.54631562,92.68225897,92.08693688,89.25363589
5/9/2014,0.526131,2.704475,91.73565708,3.26793,92.24787024,92.44150267,91.73565708,89.06085885
5/8/2014,0.527763,2.678225,91.55391697,3.2302,92.08515421,92.30436466,91.55391697,88.99988491
5/7/2014,0.542023,2.695795,91.7644045,3.23656,92.27887424,92.43565991,91.7644045,89.10500222
5/6/2014,0.568038,2.709251,91.75338987,3.26769,92.2134512,92.33962135,91.75338987,89.00777446
5/5/2014,0.566207,2.727743,91.79954331,3.2885,92.22165022,92.33097485,91.79954331,88.97569596
5/2/2014,0.567424,2.708221,91.73484855,3.27582,92.14421902,92.2445915,91.73484855,88.86108768
5/1/2014,0.540722,2.721275,92.18824346,3.28753,92.55362482,92.59069389,92.18824346,89.16902574
4/30/2014,0.53932,2.75191,92.32884049,3.32743,92.72145979,92.7402037,92.32884049,89.27474485
4/29/2014,0.558383,2.794153,92.81943025,3.37337,92.999364,92.84695253,92.81943025,89.24850029
4/28/2014,0.546275,2.780803,92.74765217,3.35146,92.99514422,92.90653662,92.74765217,89.35518977
4/25/2014,0.548694,2.77493,92.29890726,3.34407,92.45075418,92.50942301,92.29890726,89.01776416
4/24/2014,0.550042,2.794777,92.49633893,3.36531,92.59603386,92.59356887,92.49633893,89.05918685
4/23/2014,0.543774,2.789161,92.47748246,3.37126,92.66634884,92.69871728,92.47748246,89.19510102
4/22/2014,0.553969,2.834519,92.68676899,3.41581,92.81130161,92.80174888,92.68676899,89.24881038
4/21/2014,0.543896,2.83074,92.6477234,3.42149,92.77373662,92.7847734,92.6477234,89.23360992
4/17/2014,0.550704,2.83215,92.95973449,3.40802,93.05047091,93.02972112,92.95973449,89.51300089
4/16/2014,0.525642,2.764261,92.21337792,3.3508,92.37651483,92.39542585,92.21337792,88.94592289
4/15/2014,0.512529,2.748472,91.87812976,3.33793,92.08637905,92.12326398,91.87812976,88.56414536
4/14/2014,0.506427,2.758124,92.06964638,3.34083,92.32789422,92.42709923,92.06964638,88.84283697
4/11/2014,0.492484,2.733534,91.76143037,3.31617,92.0691324,92.27125782,91.76143037,88.72967154
4/10/2014,0.489958,2.747433,91.2965107,3.31552,91.535332,91.87289458,91.2965107,88.34830076
4/9/2014,0.507841,2.795913,91.31524164,3.37509,91.53852018,91.85173008,91.31524164,88.35869292
4/8/2014,0.53358,2.795005,91.31523721,3.37318,91.47100971,91.69753519,91.31523721,88.21898623
4/7/2014,0.532621,2.814309,91.87350365,3.3951,91.92171535,92.06120792,91.87350365,88.53836254
4/4/2014,0.544564,2.840831,92.84227017,3.42956,92.71576472,92.68316115,92.84227017,89.12000119
4/3/2014,0.580913,2.907051,94.18390892,3.48403,93.93748762,93.78952427,94.18390892,90.00316874
4/2/2014,0.575283,2.920655,94.40694324,3.50663,94.15503113,93.966977,94.40694324,90.16168312
4/1/2014,0.55771,2.881067,94.6761885,3.4727,94.67531724,94.50777224,94.6761885,90.35326523
3/31/2014,0.55883,2.844072,94.66750299,3.44686,94.82749393,94.47457187,94.66750299,90.35363377
3/28/2014,0.57206,2.832216,95.10924726,3.43061,95.12960769,94.55924983,95.10924726,90.61147849
3/27/2014,0.561666,2.792036,95.6432026,3.40527,95.38907246,94.56844753,95.6432026,90.53889732
3/26/2014,0.555165,2.819921,96.05740571,3.42174,95.87335113,95.03770943,96.05740571,90.92657327
3/25/2014,0.572051,2.855809,96.38697927,3.45197,96.23410245,95.4734275,96.38697927,91.34470238
3/24/2014,0.581432,2.850004,96.40043771,3.45267,96.15855727,95.32973208,96.40043771,91.22145124
3/21/2014,0.570019,2.863509,96.31474944,3.45235,96.31271941,95.72623297,96.31474944,91.56605827
3/20/2014,0.558377,2.895924,96.70851164,3.48581,96.97080677,96.66354385,96.70851164,92.42336312
3/19/2014,0.541149,2.885475,97.03629031,3.47241,97.3814657,97.07663676,97.03629031,92.84369532
3/18/2014,0.487438,2.795932,95.80093426,3.39423,96.49248756,96.58512565,95.80093426,92.46043286
3/17/2014,0.497306,2.811456,96.06539802,3.41746,96.51197977,96.39869294,96.06539802,92.3990877
3/14/2014,0.482444,2.758864,96.02568214,3.36349,96.53006902,96.4593264,96.02568214,92.50766463
3/13/2014,0.484053,2.765203,95.61643108,3.34844,96.12165293,96.06882496,95.61643108,92.10606229
3/12/2014,0.503491,2.826572,95.44905758,3.40859,96.07706856,96.05802302,95.44905758,92.059968
3/11/2014,0.513441,2.86335,95.7459139,3.44385,96.2620084,96.1748668,95.7459139,92.25074609
3/10/2014,0.510037,2.884289,96.14376719,3.44657,96.55217302,96.38841599,96.14376719,92.57382208
3/7/2014,0.511253,2.895543,96.93047414,3.46137,97.13386436,96.76298775,96.93047414,92.92312973
3/6/2014,0.480435,2.848256,96.88480934,3.4237,97.17347111,96.89616346,96.88480934,93.06295747
3/5/2014,0.464388,2.805159,96.62355657,3.40152,97.01380715,96.75344958,96.62355657,92.95073909
3/4/2014,0.461107,2.806494,97.3021544,3.39831,97.5615103,97.22095615,97.3021544,93.43377439
3/3/2014,0.445646,2.727517,95.25720543,3.3253,95.9405763,96.05519456,95.25720543,92.3795285
2/28/2014,0.453525,2.767001,95.42474747,3.35149,96.07145235,96.1811352,95.42474747,92.46131078
2/27/2014,0.445583,2.748298,95.47891995,3.33702,96.16644221,96.32561955,95.47891995,92.60971343
2/26/2014,0.441167,2.765912,95.24415456,3.36186,96.080013,96.31681316,95.24415456,92.64128729
2/25/2014,0.449827,2.794886,95.47612611,3.37625,96.41009773,96.68812493,95.47612611,93.00510625
2/24/2014,0.460052,2.844944,95.98822493,3.42988,97.0223835,97.33347618,95.98822493,93.68042891
2/21/2014,0.454812,2.829448,96.33244843,3.42382,97.41646939,97.77953914,96.33244843,94.13273118
2/20/2014,0.46066,2.858567,96.82352775,3.44099,97.83310083,98.11921791,96.82352775,94.37928073
2/19/2014,0.448816,2.842487,96.95049368,3.42085,97.99743544,98.26174746,96.95049368,94.54273183
2/18/2014,0.438038,2.821964,96.6844575,3.40225,97.76148915,98.07668669,96.6844575,94.36117614
2/14/2014,0.450087,2.850587,96.97219184,3.42405,97.9668741,98.24251293,96.97219184,94.49511301
2/13/2014,0.443949,2.836303,97.68894215,3.39638,98.54866735,98.68440835,97.68894215,94.92526462
2/12/2014,0.46521,2.887594,98.75704066,3.43678,99.34019705,99.18210118,98.75704066,95.36659507
2/11/2014,0.450548,2.844542,98.6398615,3.3874,99.29814533,99.19800387,98.6398615,95.38964438
2/10/2014,0.431907,2.796199,98.36542413,3.34761,99.07212674,99.04999923,98.36542413,95.34515462
2/7/2014,0.429041,2.803895,98.88337766,3.343,99.58427545,99.55471205,98.88337766,95.75455676
2/6/2014,0.458912,2.837133,100.1515583,3.37993,100.4951944,100.1197832,100.1515583,96.20014705
2/5/2014,0.446691,2.804193,100.2659892,3.35841,100.6845254,100.2917506,100.2659892,96.41844925
2/4/2014,0.446288,2.765651,100.2709894,3.31116,100.6636909,100.290463,100.2709894,96.38363982
2/3/2014,0.43775,2.721815,99.44303441,3.2711,99.8061066,99.42960802,99.44303441,95.59608078
1/31/2014,0.469418,2.803121,99.71424959,3.34068,99.93675301,99.45456258,99.71424959,95.44397868
1/30/2014,0.481322,2.827108,99.73192364,3.37103,99.87035609,99.26338826,99.73192364,95.11765171
1/29/2014,0.476164,2.809928,98.60460521,3.36115,99.10330448,98.74472181,98.60460521,94.63756648
1/28/2014,0.492172,2.872072,98.63552026,3.41467,99.01828508,98.56029875,98.63552026,94.40780859
1/27/2014,0.503856,2.885887,97.73650373,3.42489,98.08728896,97.61753248,97.73650373,93.55108728
1/24/2014,0.498349,2.855281,97.35443754,3.38218,97.70259239,97.28435333,97.35443754,93.25499718
1/23/2014,0.506204,2.891704,97.87579402,3.42598,98.07820787,97.5185491,97.87579402,93.43444765
1/22/2014,0.540606,2.968511,98.77481496,3.4813,98.78983103,97.97737863,98.77481496,93.82018193
1/21/2014,0.514655,2.923765,98.53586568,3.43062,98.59060554,97.83822418,98.53586568,93.69701412
1/17/2014,0.516784,2.937271,98.41866707,3.43708,98.46137921,97.72612771,98.41866707,93.54717055
1/16/2014,0.51714,2.950767,98.73870534,3.45706,98.76839713,98.01968162,98.73870534,93.74137407
1/15/2014,0.520387,2.985342,99.27902732,3.49478,99.17948063,98.31774274,99.27902732,94.063556
1/14/2014,0.502513,2.961034,99.22897106,3.48341,99.11637892,98.22092614,99.22897106,93.98956952
1/13/2014,0.47789,2.908815,98.38440722,3.42646,98.39427093,97.69880992,98.38440722,93.55359013
1/10/2014,0.499537,2.95126,99.4262846,3.47184,99.37756105,98.57610403,99.4262846,94.34327718
1/9/2014,0.547227,3.047993,102.4219279,3.57494,101.8923996,100.6234612,102.4219279,96.27368069
1/8/2014,0.539599,3.061245,103.1991197,3.59637,102.763012,101.4686615,103.1991197,97.0523041
1/7/2014,0.5022,3.005397,102.8189476,3.54285,102.5328631,101.4581906,102.8189476,96.90021376
1/6/2014,0.503114,3.027988,104.0788271,3.57635,103.7257146,102.6205952,104.0788271,97.90715808
1/3/2014,0.506449,3.06144,104.8841367,3.60326,104.4170578,103.1975665,104.8841367,98.43939547
1/2/2014,0.491265,3.054461,105.5856034,3.5997,105.1410351,103.943659,105.5856034,99.14378905
12/30/2013,0.48148,3.034222,105.5250363,3.57467,105.0355466,103.7730975,105.5250363,98.9182112
12/27/2013,0.486402,3.05622,105.7313352,3.60938,105.174184,103.8483924,105.7313352,98.91892791
12/26/2013,0.504937,3.056522,106.355097,3.61108,105.6743344,104.2180435,106.355097,99.33223603
12/24/2013,0.501036,3.053034,106.2527737,3.61006,105.3688124,103.7435028,106.2527737,99.321478
12/23/2013,0.478131,2.997226,106.2333955,3.54225,105.2436616,103.5551133,106.2333955,99.06392789
12/20/2013,0.453179,2.948967,106.1383274,3.52072,105.132393,103.3872254,106.1383274,98.93709126
12/19/2013,0.445252,2.990878,106.4505528,3.58946,105.5276924,103.899046,106.4505528,99.51841656
12/18/2013,0.394642,2.936352,105.8697536,3.54228,105.0065462,103.2729536,105.8697536,99.06636406
12/17/2013,0.40356,2.893348,105.6567432,3.49989,104.7643216,103.077836,105.6567432,98.97048152
12/16/2013,0.427071,2.934454,106.1442463,3.53072,105.1937,103.5087584,106.1442463,99.35791142
12/13/2013,0.428725,2.927928,106.3131688,3.5291,105.3300129,103.5905134,106.3131688,99.44329661
12/12/2013,0.425006,2.938847,106.6612932,3.54275,105.6351723,103.8681665,106.6612932,99.69366398
12/11/2013,0.404582,2.905393,106.2971908,3.51569,105.4306143,103.7118046,106.2971908,99.56051675
12/10/2013,0.394081,2.863693,105.7933734,3.46476,105.0286061,103.4716437,105.7933734,99.3918823
12/9/2013,0.398814,2.913815,106.4647658,3.50449,105.587475,103.9733773,106.4647658,99.8073116
12/6/2013,0.399616,2.946073,107.018246,3.53577,106.0407716,104.312511,107.018246,100.0891002
12/5/2013,0.391038,2.932537,107.5949453,3.55213,106.5472602,104.7687356,107.5949453,100.5387929
12/4/2013,0.387764,2.930297,107.6008712,3.53796,106.5410116,104.6338633,107.6008712,100.3630719
12/3/2013,0.384644,2.862903,106.4583696,3.48201,105.7400868,104.2307274,106.4583696,100.0957558
11/22/2013,0.379204,2.816746,103.4434927,3.37657,103.5682947,102.9591951,103.4434927,99.03904904
11/21/2013,0.374969,2.827427,103.4948713,3.39022,103.6194913,103.0449173,103.4948713,99.10544706
11/20/2013,0.379459,2.829652,103.26178,3.39539,103.5544469,103.0197771,103.26178,99.07930639
11/18/2013,0.393402,2.73825,101.8369149,3.28922,102.1894937,101.8158044,101.8369149,98.02768236
11/15/2013,0.396057,2.775396,103.2201182,3.3275,103.23697,102.5243426,103.2201182,98.66403777
11/14/2013,0.403661,2.789075,103.7957423,3.3344,103.6823025,102.8507491,103.7957423,98.92853452
11/13/2013,0.420884,2.837993,105.5620027,3.38633,105.1484378,103.8979457,105.5620027,99.92011445
11/12/2013,0.43717,2.887328,106.2685381,3.42394,105.7021114,104.3392991,106.2685381,100.2945936
11/8/2013,0.427392,2.869944,106.0549171,3.41853,105.4632596,104.1035085,106.0549171,100.1034389
11/7/2013,0.404132,2.740602,103.4790155,3.29153,103.5263565,102.841443,103.4790155,99.00532622
11/6/2013,0,2.772257,103.6748658,3.29973,103.7915917,103.1519284,103.6748658,99.30163422
11/5/2013,0.424578,2.803945,103.9590621,3.31201,104.0953425,103.4493047,103.9590621,99.58281077
11/4/2013,0.42248,2.743046,102.3582938,3.23876,102.7116419,102.318561,102.3582938,98.70237228
11/1/2013,0.430336,2.761652,102.7472278,3.25928,103.075942,102.6606209,102.7472278,98.99583026
10/31/2013,0.427297,2.68648,101.2342477,3.18036,101.9856259,102.0511506,101.2342477,98.49017481
10/30/2013,0.436138,2.67095,100.1438745,3.16114,101.0968405,101.196089,100.1438745,97.70643414
10/29/2013,0.434203,2.652709,99.56486618,3.15432,100.510065,100.8633727,99.56486618,97.37115804
10/28/2013,0.437283,2.660947,99.81079176,3.15932,100.7205511,100.9794863,99.81079176,97.48739964
10/25/2013,0.434889,2.651284,100.3589302,3.15212,101.2514314,101.4735891,100.3589302,97.99770596
10/24/2013,0.438442,2.670866,100.7929428,3.17723,101.6537501,101.8407424,100.7929428,98.17386999
10/23/2013,0.438264,2.634353,100.4325371,3.15417,101.4196453,101.6756813,100.4325371,98.07964989
10/22/2013,0.434176,2.656628,101.3351996,3.18366,102.0435842,102.0691883,101.3351996,98.41668306
10/21/2013,0.448788,2.748839,103.3627631,3.28095,103.5759358,103.1327886,103.3627631,99.32898742
10/18/2013,0.448814,2.731776,103.4147275,3.25857,103.5895444,103.1103563,103.4147275,99.41255345
10/17/2013,0.450004,2.726899,103.5592867,3.25461,103.5993515,102.999181,103.5592867,99.3051879
10/16/2013,0.4712,2.806176,104.663914,3.34533,104.4342909,103.4543032,104.663914,99.63374688
10/15/2013,0.48291,2.851739,105.4212731,3.38973,104.9868194,103.8576299,105.4212731,99.97480227
10/11/2013,0.476073,2.815096,105.0003266,3.34888,104.5383857,103.3972569,105.0003266,99.5726586
10/10/2013,0.486863,2.821092,104.9304556,3.34593,104.4719533,103.3334141,104.9304556,99.51187654
10/9/2013,0.49043,2.795287,104.6763792,3.33121,104.3654104,103.373812,104.6763792,99.6519119
10/8/2013,0.498109,2.777009,104.1337012,3.32901,103.8079594,102.7697306,104.1337012,99.41528979
10/7/2013,0.472257,2.789479,104.3295419,3.31522,103.9121296,102.8691086,104.3295419,99.4856926
10/4/2013,0.460354,2.814359,104.7891954,3.31439,104.2532938,103.0546865,104.7891954,99.63605264
10/3/2013,0.455398,2.773221,104.272286,3.28508,103.8146025,102.7245529,104.272286,99.38111127
10/2/2013,0.458052,2.787872,105.1878482,3.30787,104.6917767,103.4368049,105.1878482,100.0510538
10/1/2013,0.46892,2.802868,105.7484736,3.31544,105.1180974,103.7877185,105.7484736,100.3720708
9/30/2013,0.460605,2.769412,105.3475922,3.29525,104.8428431,103.6417787,105.3475922,100.2693436
9/27/2013,0.467234,2.770702,105.2741911,3.29489,104.8098864,103.6748862,105.2741911,100.1442105
9/26/2013,0.473637,2.792565,104.342518,3.32335,103.9104969,102.8114056,104.342518,99.61537978
9/25/2013,0.469654,2.763471,103.4730383,3.29616,103.2684177,102.3183544,103.4730383,99.21061764
9/24/2013,0.478914,2.805418,104.0306286,3.34069,103.694737,102.6682783,104.0306286,99.51498211
9/23/2013,0.477022,2.862793,104.4934888,3.4029,104.040778,102.9517076,104.4934888,99.68918364
9/20/2013,0.489049,2.882562,105.0654763,3.43161,104.5504645,103.3742363,105.0654763,100.1062839
9/19/2013,0.487418,2.899907,105.7171136,3.42348,105.006201,103.6441997,105.7171136,100.232883
9/18/2013,0.488967,2.845936,105.9248625,3.40411,105.1766818,103.6628929,105.9248625,100.2837351
9/17/2013,0.538558,3.001385,108.8736789,3.5863,107.550976,105.5018116,108.8736789,101.8351475
9/16/2013,0.560617,3.027562,109.846201,3.60503,108.4985941,106.4816513,109.846201,102.8027756
9/13/2013,0.599881,3.063278,110.9741208,3.65073,109.2752694,106.8779331,110.9741208,103.140562
9/12/2013,0.597424,3.067164,111.9994902,3.6663,109.9750974,107.2737779,111.9994902,103.5137011
9/11/2013,0.601976,3.080241,112.9548015,3.66718,110.964753,108.193068,112.9548015,104.3530003
9/10/2013,0.619764,3.121831,113.7196348,3.70256,111.6775545,108.9071359,113.7196348,105.0376267
9/9/2013,0.591332,3.070587,113.323846,3.64949,111.3332188,108.6731348,113.323846,104.8586567
9/6/2013,0.622853,3.119449,113.3080973,3.72124,111.3136621,108.6188612,113.3080973,104.8051518
9/5/2013,0.664553,3.159365,113.7383027,3.7867,111.6525997,108.8505977,113.7383027,104.915733
9/4/2013,0.618895,3.070774,112.7286492,3.67957,110.9881614,108.2772398,112.7286492,104.1560503
9/3/2013,0.590865,3.02841,112.1748124,3.62303,110.546705,107.9667557,112.1748124,103.9014917
8/30/2013,0.560145,2.943118,111.0375964,3.51811,109.5953619,107.2529166,111.0375964,103.3595607
8/29/2013,0.565511,2.938896,110.2317301,3.5164,109.0079005,106.8602808,110.2317301,102.9864424
8/28/2013,0.562593,2.969264,110.4228107,3.56452,109.078981,106.8304826,110.4228107,102.903515
8/27/2013,0.543655,2.908118,108.82867,3.49501,107.7241921,105.7223974,108.82867,101.9774577
8/26/2013,0.554652,2.992308,108.9742248,3.56494,107.7857846,105.7083478,108.9742248,102.0813825
8/23/2013,0.572434,3.013257,109.1254897,3.60146,107.9504303,105.8789245,109.1254897,102.3312397
8/22/2013,0.582889,3.100658,110.0781511,3.71019,108.6745589,106.3844458,110.0781511,102.6261089
8/21/2013,0.544538,3.044911,110.149376,3.67464,108.9334334,106.635304,110.149376,102.9544104
8/20/2013,0.531953,2.998731,108.6281086,3.63068,107.6970858,105.7324234,108.6281086,102.0652839
8/19/2013,0.549932,3.064101,109.2888234,3.71105,108.1777576,106.0899812,109.2888234,102.3151079
8/16/2013,0.534168,2.997772,108.3750133,3.63423,107.4382642,105.505659,108.3750133,101.7818585
8/15/2013,0.527657,2.918594,107.5237676,3.54246,106.9318339,105.3600866,107.5237676,101.7447777
8/14/2013,0.509293,2.878556,106.7914496,3.48409,106.3805728,104.8959123,106.7914496,101.2934951
8/13/2013,0.513632,2.886684,106.793037,3.4866,106.3762771,104.9364029,106.793037,101.235272
8/12/2013,0.478952,2.777813,105.9952146,3.38388,105.6731553,104.368797,105.9952146,100.7770432
8/9/2013,0.481052,2.747723,105.6105966,3.36395,105.2920019,103.9885759,105.6105966,100.4910445
8/8/2013,0.483128,2.760594,105.8589314,3.38149,105.4890975,104.1448019,105.8589314,100.6053665
8/7/2013,0.48748,2.779586,106.7290805,3.40953,106.2511538,104.6931025,106.7290805,101.0703721
8/6/2013,0.487275,2.824239,108.1306814,3.44309,107.3303914,105.499643,108.1306814,101.758093
8/5/2013,0.486523,2.813606,108.0287276,3.41781,107.1605307,105.3159901,108.0287276,101.6779625
8/2/2013,0.474984,2.774837,107.7154284,3.40357,107.0103851,105.3133269,107.7154284,101.5452189
8/1/2013,0.505775,2.90826,109.8833794,3.53287,108.5084154,106.1590653,109.8833794,102.1497006
7/31/2013,0.479575,2.7776,107.9964457,3.40954,107.0569986,105.0660731,107.9964457,101.2540673
7/30/2013,0.481538,2.794051,107.8149272,3.4286,106.9133155,104.9889367,107.8149272,101.1994928
7/29/2013,0.478865,2.777782,107.7601691,3.40615,106.842988,104.8965499,107.7601691,101.1709539
7/26/2013,0.478396,2.758606,107.4084951,3.39532,106.528705,104.655309,107.4084951,101.0689298
7/25/2013,0.503135,2.805261,107.2094514,3.44079,106.1772117,104.2461516,107.2094514,100.709982
7/24/2013,0.509759,2.784507,106.9500516,3.42968,105.9687071,104.0448877,106.9500516,100.7094516
7/23/2013,0.489999,2.716189,104.7328066,3.36391,104.0028985,102.2545677,104.7328066,98.95552632
7/22/2013,0.483931,2.696749,104.1580784,3.32208,103.5033231,101.8830378,104.1580784,98.67562188
7/19/2013,0.480925,2.697062,103.9288604,3.33139,103.3001758,101.6917767,103.9288604,98.47321026
7/18/2013,0.482909,2.736493,104.3626586,3.38885,103.6074129,101.8864488,104.3626586,98.64107461
7/17/2013,0.481008,2.695686,104.5561431,3.34387,103.6739254,101.7173603,104.5561431,98.54724592
7/16/2013,0.493213,2.745098,105.7926272,3.39147,104.6572817,102.4988917,105.7926272,99.25487911
7/15/2013,0.518353,2.770767,106.2778306,3.40503,105.0320744,102.8094935,106.2778306,99.50599565
7/12/2013,0.53109,2.825575,107.2850911,3.47482,105.7562888,103.2445191,107.2850911,99.7734253
7/11/2013,0.50587,2.790458,106.7598277,3.46797,105.346849,102.9638389,106.7598277,99.52983401
7/10/2013,0.541466,2.891533,108.4625446,3.58537,106.5749758,103.5999386,108.4625446,99.96477626
7/9/2013,0.539765,2.855778,107.9366476,3.48802,106.083147,103.1934878,107.9366476,99.67533781
7/8/2013,0.53926,2.8926,108.7013726,3.54464,106.733292,103.7918886,108.7013726,100.297854
7/5/2013,0.584332,2.961773,109.8882839,3.67325,107.7498844,104.614249,109.8882839,100.9979708
7/3/2013,0.546238,2.728963,106.0639028,3.36892,105.1824678,103.2615829,106.0639028,99.6563544
7/2/2013,0.521334,2.691787,105.087523,3.31182,104.4614949,102.759098,105.087523,99.24986555
7/1/2013,0.513938,2.698993,105.2522802,3.29795,104.6449691,102.7967068,105.2522802,99.21332635
6/28/2013,0.512886,2.688226,105.7965427,3.30945,105.1386145,103.2362511,105.7965427,99.52356667
6/27/2013,0.512908,2.675681,104.5801064,3.32066,104.0098875,102.2175655,104.5801064,98.61555813
6/26/2013,0.54738,2.754026,107.8215258,3.44275,106.346978,103.5220156,107.8215258,99.63391228
6/25/2013,0.576994,2.811938,108.5741067,3.49791,106.8569021,103.8292312,108.5741067,99.78544127
6/24/2013,0.579756,2.772742,108.6281357,3.48428,107.0953236,104.3021803,108.6281357,100.3757348
6/21/2013,0.562248,2.742672,106.8776837,3.42906,106.0163044,103.8874838,106.8776837,99.92526588
6/20/2013,0.508825,2.647199,106.1529343,3.27319,105.8694641,104.3476394,106.1529343,100.1479924
6/19/2013,0.463255,2.518094,102.8832541,3.12738,104.0948557,103.5996815,102.8832541,99.66106448
6/18/2013,0.419147,2.364265,100.0014881,2.98213,101.6185275,101.5846032,100.0014881,97.66497476
6/17/2013,0.423494,2.347659,99.87834151,2.98385,101.4736202,101.4436043,99.87834151,97.6042467
6/14/2013,0.430919,2.299817,98.98745914,2.93282,100.7236699,100.8248981,98.98745914,97.24112125
6/13/2013,0.472072,2.35504,100.394685,2.97052,101.5090028,101.009996,100.394685,97.56216442
6/12/2013,0.500539,2.421999,102.1269137,3.0173,103.1053519,102.337067,102.1269137,98.57765412
6/11/2013,0.497631,2.391815,102.7408695,2.98862,103.5201324,102.6193063,102.7408695,98.90163374
6/10/2013,0.498095,2.419325,102.9392451,3.01875,103.6681436,102.7545,102.9392451,98.88708689
6/7/2013,0.478971,2.354266,101.9633255,2.99312,102.942479,102.2708023,101.9633255,98.52729072
6/6/2013,0.458557,2.265819,100.7189228,2.93639,101.8906744,101.4410795,100.7189228,97.75754586
6/5/2013,0.45949,2.291419,101.1927859,2.97372,102.3687665,101.8096516,101.1927859,98.12000678
6/4/2013,0.46402,2.331582,101.2576583,2.98974,102.2791372,101.6318994,101.2576583,97.99873385
6/3/2013,0.462498,2.314341,99.62236088,2.96032,100.9107596,100.5002605,99.62236088,96.94143576
5/31/2013,0.47287,2.337146,97.88555913,2.95731,99.17120294,98.77434438,97.88555913,95.56566638
5/30/2013,0.461184,2.288553,96.50392355,2.90465,98.0565292,97.90611447,96.50392355,94.9731717
5/29/2013,0.468273,2.286744,95.57096801,2.91969,97.30130871,97.30473212,95.57096801,94.27142621
5/28/2013,0.452357,2.296283,93.91079724,2.94396,95.99842917,96.39187116,93.91079724,93.75146771
5/24/2013,0.40428,2.156178,90.88714732,2.81497,93.6119623,94.62413174,90.88714732,92.27424621
5/23/2013,0.397175,2.157011,90.74980616,2.82191,93.58788441,94.51139089,90.74980616,91.94323709
5/22/2013,0.393263,2.155469,90.19679702,2.78844,93.29921492,94.45971402,90.19679702,91.93554373
5/21/2013,0.3869,2.066728,89.09081785,2.66453,92.55023018,94.10475921,89.09081785,91.74301682
5/20/2013,0.38743,2.093655,89.35324156,2.71288,92.72426017,94.20963721,89.35324156,91.77128542
5/17/2013,0.388592,2.086616,89.2927025,2.68581,92.67675135,94.17054599,89.2927025,91.7440628
5/16/2013,0.370546,1.992793,88.53461397,2.56388,92.27919384,94.14147886,88.53461397,91.67209349
5/15/2013,0.381543,2.076703,88.46265077,2.66187,92.28709456,94.14623925,88.46265077,91.70550867
5/14/2013,0.381846,2.09637,88.43316409,2.66272,92.36007658,94.38845825,88.43316409,91.90189588
5/13/2013,0.378955,2.064888,88.08516599,2.621,92.20864432,94.44492511,88.08516599,91.70480547
5/10/2013,0.369143,2.040666,87.64039543,2.58686,91.89492752,94.271447,87.64039543,91.59223706
5/9/2013,0.358085,1.957613,87.26108625,2.49665,91.97147115,94.82125221,87.26108625,92.42284978
5/8/2013,0.359271,1.94295,87.67797305,2.47245,92.55622594,95.48353115,87.67797305,93.11893436
5/7/2013,0.363104,1.961252,87.70121666,2.48894,92.55690063,95.50466264,87.70121666,93.09989013
5/6/2013,0.358237,1.951935,87.67708925,2.4724,92.51458827,95.45251506,87.67708925,93.10447388
5/3/2013,0.354378,1.918308,87.57165004,2.45615,92.51100232,95.56539776,87.57165004,93.26582835
5/2/2013,0.342067,1.812554,86.70263563,2.3421,91.9029166,95.2024711,86.70263563,93.02313855
5/1/2013,0.345132,1.820106,86.48204562,2.31036,91.78185326,95.13076201,86.48204562,93.0222029
4/30/2013,0.351117,1.849423,86.59287796,2.35354,91.76654269,95.13840342,86.59287796,93.01104918
4/29/2013,0.350482,1.838176,86.45243671,2.37448,91.66637362,95.06516105,86.45243671,92.99861458
4/26/2013,0.358632,1.844556,86.44262022,2.37951,91.68874726,95.05701819,86.44262022,92.94014146
4/25/2013,0.360785,1.883098,86.85637967,2.43235,92.02885748,95.34327764,86.85637967,93.19294508
4/24/2013,0.361715,1.870629,86.98706185,2.43239,92.2965511,95.64847914,86.98706185,93.52755299
4/23/2013,0.364446,1.881772,86.96218836,2.43753,92.25982351,95.6633112,86.96218836,93.48926346
4/22/2013,0.36153,1.870494,87.14039174,2.4461,92.4746541,95.91761193,87.14039174,93.52910623
4/19/2013,0.370559,1.8692,87.28690625,2.44783,92.56459041,95.95432072,87.28690625,93.61070173
4/18/2013,0.369355,1.847449,86.59880384,2.43192,91.79263076,95.43091041,86.59880384,93.1967615
4/17/2013,0.368654,1.869943,86.86087389,2.45005,92.07222773,95.67883752,86.86087389,93.3261655
4/16/2013,0.369025,1.89075,86.97240353,2.45465,92.18841801,95.85785353,86.97240353,93.41925714
4/15/2013,0.366105,1.87195,86.67536327,2.43066,91.88168044,95.5758685,86.67536327,93.02050103
4/12/2013,0.371723,1.899169,86.98941,2.45324,92.19748773,95.86058328,86.98941,93.1064934
4/11/2013,0.374023,1.959092,87.40365172,2.51808,92.03186382,95.12575557,87.40365172,92.47915622
4/10/2013,0.379431,1.973411,88.1591502,2.54479,93.05122509,96.3081961,88.1591502,93.42916689
4/9/2013,0.37767,1.922672,87.72115321,2.48938,92.48335155,95.67256534,87.72115321,92.97865392
4/8/2013,0.377043,1.918201,87.88646136,2.47695,92.53369808,95.60858562,87.88646136,92.99641371
4/5/2013,0.372277,1.861699,87.40130751,2.41738,92.07420004,95.19052617,87.40130751,92.74606002
4/4/2013,0.383918,1.924906,88.23329268,2.48587,92.49768439,95.21263849,88.23329268,92.79620319
4/3/2013,0.394238,1.971866,88.70037768,2.56472,92.96661996,95.57568612,88.70037768,93.04258927
4/2/2013,0.409698,2.015685,89.64798183,2.6102,93.66437724,96.0684508,89.64798183,93.34233943
4/1/2013,0.412798,1.996011,89.50847246,2.59513,93.54128661,95.97984556,89.50847246,93.37480046
3/28/2013,0.423009,2.020531,89.80841688,2.61433,93.73352886,96.08801675,89.80841688,93.3936147
3/27/2013,0.428402,2.008058,89.92183971,2.60807,93.77689656,96.02530247,89.92183971,93.35258619
3/26/2013,0.430398,2.060394,90.40354991,2.64256,94.23328005,96.39599895,90.40354991,93.48019709
3/25/2013,0.428025,2.049585,90.78457002,2.63948,94.48464485,96.5537821,90.78457002,93.65691819
3/22/2013,0.429128,2.044875,91.63849229,2.64148,95.2189922,97.22766522,91.63849229,94.35266108
3/21/2013,0.422404,2.053279,92.00741462,2.67627,95.54694308,97.5186463,92.00741462,94.53627464
3/20/2013,0.414034,2.049738,91.87571507,2.64698,95.50104832,97.54604728,91.87571507,94.63279305
3/19/2013,0.422654,2.018802,91.82291719,2.60686,95.39998337,97.3823473,91.82291719,94.50719336
3/18/2013,0.39197,2.056136,92.26642784,2.62963,95.75048078,97.66117116,92.26642784,94.59737866
3/15/2013,0.389972,2.087059,91.69276721,2.66434,95.02465349,96.78028961,91.69276721,93.64510897
3/14/2013,0.40084,2.122616,92.03184877,2.70546,95.0380641,96.48715408,92.03184877,93.36553163
3/13/2013,0.394684,2.102126,91.42505514,2.70044,94.59550913,96.1071993,91.42505514,93.0997687
3/12/2013,0.395279,2.106616,91.1194422,2.70646,94.31267729,95.91443002,91.1194422,92.83945519
3/11/2013,0.39886,2.139228,91.26517489,2.73998,94.50750582,96.1840945,91.26517489,93.36721284
3/8/2013,0.398407,2.13834,91.45358112,2.75192,94.70323167,96.38104644,91.45358112,93.67574328
3/7/2013,0.393129,2.073743,90.9882663,2.67331,94.37867779,96.21840239,90.9882663,93.65549198
3/6/2013,0.381629,2.018488,90.35153506,2.61255,94.16430188,96.3147782,90.35153506,93.8024947
3/5/2013,0.379316,1.973651,90.12036239,2.56076,93.99490688,96.27614226,90.12036239,93.77533787
3/4/2013,0.375977,1.961486,90.26336099,2.54578,94.06936002,96.2931118,90.26336099,93.76716021
3/1/2013,0.377626,1.945717,90.95049941,2.52993,94.64534772,96.75503504,90.95049941,94.21914942
2/28/2013,0.385851,1.977641,90.99126141,2.54484,94.50599253,96.371398,90.99126141,93.73826
2/27/2013,0.392856,1.991554,90.80440649,2.57322,94.44415907,96.35885435,90.80440649,93.61541889
2/26/2013,0.392395,1.965518,90.30249622,2.53896,93.89694618,95.80990333,90.30249622,93.11871545
2/25/2013,0.389236,1.974743,90.29081934,2.55786,93.60202954,95.33316446,90.29081934,92.57703099
2/22/2013,0.396713,2.037965,90.42584868,2.62514,93.62928888,95.27453453,90.42584868,92.34427272
2/21/2013,0.403443,2.0462,90.53423331,2.62574,93.70246405,95.23036396,90.53423331,92.29081016
2/20/2013,0.419243,2.092475,90.11551629,2.63797,93.34018663,94.89125853,90.11551629,91.91286846
2/19/2013,0.419404,2.095254,90.17855664,2.63802,93.43142484,95.11176146,90.17855664,92.16186502
2/15/2013,0.418861,2.068348,90.10017937,2.62079,93.41210384,95.13044218,90.10017937,92.22701611
2/14/2013,0.415953,2.060714,90.21492944,2.60855,93.55495059,95.29551189,90.21492944,92.1433543
2/13/2013,0.427397,2.105726,90.99528471,2.65372,94.43592561,96.15920259,90.99528471,92.94867403
2/12/2013,0.4195,2.068438,90.41733228,2.60701,93.96482418,95.9567241,90.41733228,92.53355118
2/11/2013,0.412048,2.028325,90.21567414,2.56531,93.72026092,95.93187555,90.21567414,92.6609362
2/8/2013,0.406151,2.03256,90.54080642,2.57318,93.77383155,95.63421334,90.54080642,92.31875645
2/7/2013,0.405964,2.027704,90.59013466,2.55136,93.8596789,95.82200158,90.59013466,92.54791644
2/6/2013,0.411246,2.04237,90.1280339,2.55943,93.50464956,95.37667623,90.1280339,92.3655915
2/5/2013,0.429249,2.09502,90.33174182,2.60052,93.58963264,95.66625203,90.33174182,92.78077996
2/4/2013,0.42072,2.059259,88.31297873,2.55563,91.53600534,93.51150089,88.31297873,90.77265308
2/1/2013,0.423508,2.093164,89.4634134,2.59141,92.21770635,94.01649094,89.4634134,91.16355955
1/31/2013,0.431219,2.055601,89.02098687,2.57377,91.85958285,93.57018671,89.02098687,90.87358873
1/30/2013,0.431714,2.077225,89.5098913,2.57729,92.20622418,93.61586837,89.5098913,90.63169271
1/29/2013,0.442237,2.048819,89.22586694,2.55981,91.78445689,93.39013214,89.22586694,90.58038263
1/28/2013,0.445931,2.033106,88.60778354,2.53933,91.133871,92.53609144,88.60778354,89.83137807
1/25/2013,0.429973,2.004183,87.41376684,2.50532,90.28563972,91.98273441,87.41376684,89.42754016
1/24/2013,0.392924,1.894281,85.3476888,2.36742,88.7494227,91.12691197,85.3476888,88.64882659
1/23/2013,0.389196,1.883302,84.73932974,2.34331,88.25922442,90.51844603,84.73932974,87.85886822
1/22/2013,0.393392,1.885761,84.16057183,2.35221,87.61845102,89.93727893,84.16057183,87.26138295
1/18/2013,0.398631,1.894059,84.17518656,2.35028,87.54013728,89.74638746,84.17518656,87.06555626
1/17/2013,0.404405,1.913672,84.34212801,2.36891,87.78387308,90.01666208,84.34212801,87.29371676
1/16/2013,0.373823,1.857361,83.08517178,2.29441,86.94753595,89.51805307,83.08517178,86.99074379
1/15/2013,0.37199,1.860082,83.02219002,2.29384,86.72255325,89.41500084,83.02219002,86.90910931
1/14/2013,0.378623,1.883561,83.89095851,2.2784,87.5753284,90.1643152,83.89095851,87.59350181
1/11/2013,0.383617,1.903994,84.22884634,2.31308,87.8017031,90.18765833,84.22884634,87.69037025
1/10/2013,0.380653,1.917067,84.39539348,2.32919,88.18880028,90.88004307,84.39539348,88.55460208
1/9/2013,0.374762,1.87765,83.77855915,2.29263,87.7399614,90.61871696,83.77855915,88.46233701
1/8/2013,0.386078,1.892647,83.98371882,2.31701,87.92545642,90.66953395,83.98371882,88.43272067
1/7/2013,0.394001,1.928726,84.06244189,2.34263,87.93273552,90.69676201,84.06244189,88.3375446
1/4/2013,0.400307,1.939275,84.5290302,2.38072,88.3064299,90.91343972,84.5290302,88.46060317
1/3/2013,0.390477,1.927184,84.53346297,2.36511,88.2175711,91.35860127,84.53346297,88.93993444
1/2/2013,0.384969,1.876252,84.68597922,2.26242,89.0950725,92.0905183,84.68597922,89.78632865
12/31/2012,0.384955,1.797312,84.15883512,2.20009,88.46175348,92.04771593,84.15883512,89.93194476
12/28/2012,0.393176,1.76649,82.75954333,2.18544,87.47220426,90.82523993,82.75954333,88.94565309
12/27/2012,0.404156,1.778338,83.18910867,2.1768,87.64030604,90.98451673,83.18910867,89.2293118
12/26/2012,0.408742,1.816595,83.38301059,2.19828,87.92791967,90.91773712,83.38301059,89.04615737
12/24/2012,0.408923,1.827993,83.58874235,2.21511,88.11401384,91.27659122,83.58874235,89.32270278
12/21/2012,0.397928,1.803196,83.34336248,2.18757,87.8432205,91.17958949,83.34336248,89.29994535
12/20/2012,0.399786,1.843098,83.64041512,2.22135,88.16324096,91.39203591,83.64041512,89.47121006
12/19/2012,0.398418,1.842482,84.81510376,2.23717,89.2851116,92.36534743,84.81510376,90.44755368
12/18/2012,0.390965,1.875069,86.01065295,2.27802,90.33525984,93.2343148,86.01065295,91.11385987
12/17/2012,0.371594,1.814056,84.8551236,2.2148,89.39413436,92.74786708,84.8551236,90.88331964
12/14/2012,0.359706,1.756585,83.96408546,2.17471,88.49482829,91.97940299,83.96408546,90.24318557
12/13/2012,0.360765,1.767593,83.81269562,2.17954,88.3754331,91.84936615,83.81269562,90.0562689
12/12/2012,0.354158,1.740826,83.23134421,2.16985,87.94276653,91.69263032,83.23134421,90.04276221
12/11/2012,0.354055,1.694474,82.06317454,2.1257,86.947636,90.97593786,82.06317454,89.45742681
12/10/2012,0.354684,1.668435,81.77309803,2.12632,86.70096742,90.62116963,81.77309803,89.19948523
12/7/2012,0.352475,1.676668,81.99981676,2.16633,86.79623775,90.70956393,81.99981676,89.37049199
12/6/2012,0.358134,1.63698,81.51900923,2.10827,86.39860905,90.34453566,81.51900923,89.25983035
12/5/2012,0.361975,1.640459,81.51197074,2.07994,86.3978475,90.26314993,81.51197074,89.2906221
12/4/2012,0.367043,1.657397,81.51479201,2.06783,86.33285591,90.19399686,81.51479201,89.28825091
12/3/2012,0.371188,1.670409,81.83556722,2.08622,86.63363072,90.45570544,81.83556722,89.4990805
11/30/2012,0.370351,1.656343,82.17215913,2.07253,86.86360083,90.71964614,82.17215913,89.80871132
11/29/2012,0.376223,1.661168,82.11578839,2.07244,86.74791168,90.39463712,82.11578839,89.56651795
11/28/2012,0.379133,1.653546,82.23183535,2.05097,86.70791504,90.03718385,82.23183535,89.38846092
11/27/2012,0.389988,1.675386,82.72696186,2.04405,87.09745748,90.44574358,82.72696186,89.71109384
11/26/2012,0.399419,1.703314,83.59535982,2.1329,87.78301614,90.97587325,83.59535982,90.25959813
11/23/2012,0.398292,1.727482,84.15859689,2.20126,88.187463,91.3036967,84.15859689,90.51997002
11/21/2012,0.391023,1.721595,84.30202143,2.19254,88.50253704,91.47787372,84.30202143,90.58111864
11/20/2012,0.376783,1.691797,84.30545654,2.14204,88.5885336,91.77249791,84.30545654,91.01266193
11/19/2012,0.375419,1.655148,84.17170785,2.06997,88.30669841,91.27305247,84.17170785,90.50405614
11/16/2012,0.377932,1.619422,83.68256614,2.03611,87.6938208,90.662479,83.68256614,90.01835155
11/15/2012,0.373484,1.629136,83.72426954,2.09234,87.6959076,90.58948514,83.72426954,89.91240291
11/14/2012,0.364979,1.624827,83.48795293,2.13435,87.17155369,90.07539696,83.48795293,89.60227559
11/13/2012,0.370584,1.631675,82.99791616,2.08298,86.84479512,89.87778258,82.99791616,89.30835116
11/9/2012,0.377657,1.643175,83.30810406,2.0596,87.0761754,90.25136205,83.30810406,89.18410944
11/8/2012,0.369618,1.643547,82.25219955,2.04956,86.16247632,89.28699871,82.25219955,88.3067467
11/7/2012,0.369821,1.675793,82.82671856,2.09197,86.5999021,89.48891249,82.82671856,88.46375881
11/6/2012,0.398304,1.781269,85.0575546,2.24889,88.65218208,91.38924428,85.0575546,89.7416086
11/5/2012,0.371146,1.712747,84.53494201,2.14794,88.2507531,91.09192876,84.53494201,89.63784878
11/2/2012,0.377449,1.750801,84.83473326,2.19493,88.2735392,90.94345495,84.83473326,89.73895739
11/1/2012,0.379062,1.752377,84.65177705,2.23243,88.15586065,90.85193591,84.65177705,89.62250669
10/31/2012,0.383471,1.730362,84.23566256,2.14235,87.72346143,90.24927346,84.23566256,89.24805076
10/29/2012,0.394822,1.763488,84.12315841,2.17586,87.7283905,90.35364177,84.12315841,89.24654917
10/26/2012,0.398762,1.78755,84.6825391,2.20624,88.12430002,90.70687963,84.6825391,89.56909095
10/25/2012,0.411774,1.866633,85.53998219,2.27753,88.84807954,91.35610242,85.53998219,90.19579609
10/24/2012,0.383662,1.80419,84.88176102,2.22502,88.49396575,91.29143707,84.88176102,90.6402396
10/23/2012,0.394766,1.8054,84.92317873,2.18831,88.56726546,91.27392581,84.92317873,90.37163952
10/22/2012,0.399457,1.822712,85.4846888,2.2048,89.29646505,92.43398109,85.4846888,92.37102731
10/19/2012,0.398559,1.794976,84.5387503,2.17149,88.23079356,90.88799993,84.5387503,90.38452754
10/18/2012,0.389959,1.849109,85.55501364,2.23804,88.93394064,91.5588856,85.55501364,90.98256135
10/17/2012,0.38197,1.842263,85.78360806,2.19994,89.27044002,91.74120982,85.78360806,91.22710913
10/16/2012,0.363049,1.757228,83.44625097,2.09031,88.52391675,91.04057813,83.44625097,90.62077323
10/15/2012,0.370853,1.716632,83.07812837,2.0434,87.720896,90.87012339,83.07812837,90.67883385
10/12/2012,0.377842,1.712853,82.51700889,2.01487,86.89629925,90.37084208,82.51700889,90.0955102
10/11/2012,0.38549,1.716322,82.85561608,2.01882,87.24174375,90.68631565,82.85561608,90.46056128
10/10/2012,0.388244,1.746745,82.95856662,2.0567,87.47612874,90.94293951,82.95856662,90.55319325
10/9/2012,0.382884,1.776266,83.78549508,2.1122,88.1938842,91.63869927,83.78549508,91.16425367
10/5/2012,0.392057,1.794063,84.49875203,2.09992,88.69343025,92.04496705,84.49875203,91.53182332
10/4/2012,0.372893,1.73733,84.42337153,2.06588,88.66564761,92.09821995,84.42337153,91.79947097
10/3/2012,0.36716,1.683422,84.10932407,1.97292,88.55988652,91.95057329,84.10932407,91.6481942
10/2/2012,0.37406,1.688958,84.46452447,1.89432,88.71072507,92.00255722,84.46452447,91.68529814
10/1/2012,0.370312,1.695096,84.49971394,1.97791,88.99481295,91.95639108,84.49971394,91.5751505
9/28/2012,0.367929,1.705307,84.74443847,2.03991,89.09407808,92.06076017,84.74443847,91.71091329
9/27/2012,0.397066,1.692582,84.60916994,2.05097,88.9129864,91.84333462,84.60916994,91.52560232
9/26/2012,0.419494,1.668585,84.60905445,1.9725,88.84875321,91.57171122,84.60905445,91.34369269
9/25/2012,0.400322,1.711184,85.53840367,1.97862,89.66591049,92.21649481,85.53840367,91.88072462
9/24/2012,0.393537,1.738317,85.41404625,2.04335,89.74988568,92.48089144,85.41404625,92.32401114
9/21/2012,0.389143,1.771002,86.3442313,2.0967,90.36923994,92.95442963,86.3442313,92.55656508
9/20/2012,0.393567,1.782671,86.44968716,2.16993,90.38772417,92.90746063,86.44968716,92.65104326
9/19/2012,0.387689,1.80339,86.7105775,2.21086,90.83325753,93.47134115,86.7105775,92.8692634
9/18/2012,0.387813,1.846186,87.5594104,2.2694,91.27917185,93.62402328,87.5594104,92.97318488
9/17/2012,0.377088,1.872341,88.60370133,2.28117,91.93695816,94.91312285,88.60370133,94.29073345
9/14/2012,0.374969,1.89735,89.59494831,2.26805,92.72702044,95.57285549,89.59494831,95.05295844
9/13/2012,0.374809,1.813548,88.02880433,2.20601,91.5146406,94.61500552,88.02880433,94.07877988
9/12/2012,0.400259,1.854097,90.32176757,2.42922,93.5189535,96.25349345,90.32176757,95.82921934
9/11/2012,0.39768,1.791655,88.88339768,2.39371,92.0270134,94.85798467,88.88339768,94.29043468
9/10/2012,0.398891,1.775334,88.90690174,2.37785,92.12068323,94.91157043,88.90690174,94.29055579
9/7/2012,0.404917,1.766091,88.79505174,2.37384,92.000419,94.94477608,88.79505174,94.5147866
9/6/2012,0.421446,1.776807,89.75776865,2.45607,92.83502079,95.57607267,89.75776865,94.98623974
9/5/2012,0.397255,1.688132,88.77269969,2.39528,92.1223263,94.99413884,88.77269969,94.412899
9/4/2012,0.397405,1.682022,89.63739288,2.38417,92.77864929,95.54090898,89.63739288,94.8366714
8/31/2012,0.398635,1.671219,90.59858669,2.36895,93.46940568,96.05386747,90.59858669,95.40408486
8/30/2012,0.427986,1.721129,91.24766634,2.43371,93.86718786,96.3202954,91.24766634,95.6944245
8/29/2012,0.445427,1.753023,90.86747097,2.46878,93.76816413,96.24996795,90.86747097,95.48190532
8/28/2012,0.440114,1.719289,90.47461783,2.41104,93.27460512,95.78895774,90.47461783,95.23148021
8/27/2012,0.444688,1.745728,90.20902914,2.44075,93.0092625,95.46180592,90.20902914,94.95994001
8/24/2012,0.447838,1.777599,90.22508835,2.47609,92.9858076,95.42277075,90.22508835,94.94032178
8/23/2012,0.439007,1.765177,90.01327633,2.44471,92.7472562,95.07066879,90.01327633,94.52091404
8/22/2012,0.466612,1.820835,89.98104226,2.51207,92.9701635,95.42101078,89.98104226,94.48265585
8/21/2012,0.496348,1.907867,90.59980992,2.62589,94.80632425,94.49266923,90.59980992,93.22152637
8/20/2012,0.494082,1.918237,92.39635075,2.61868,94.7501132,96.78722722,92.39635075,96.07717505
8/17/2012,0.497167,1.916185,92.56034742,2.63904,94.84697457,96.90727157,92.56034742,96.16103671
8/16/2012,0.496269,1.949912,93.71786959,2.67019,95.80791738,97.64854164,93.71786959,96.94909974
8/15/2012,0.485625,1.91739,92.61993835,2.63813,94.92199912,96.82306911,92.61993835,96.1838526
8/14/2012,0.469553,1.822475,90.99837572,2.50321,93.62746206,96.01371654,90.99837572,95.11927315
8/13/2012,0.46471,1.758412,89.45431578,2.43262,92.28616112,94.83261378,89.45431578,94.1687237
8/10/2012,0.464847,1.753895,89.12768657,2.43735,91.74378048,94.18155179,89.12768657,93.5528255
8/9/2012,0.478123,1.7944,89.59566231,2.45717,92.08898149,94.32441916,89.59566231,93.63949644
8/8/2012,0.468529,1.778248,89.6561494,2.45388,92.22465605,94.45834902,89.6561494,93.58409861
8/7/2012,0.451695,1.76603,89.10637461,2.46483,91.79606475,94.22865451,89.10637461,93.56974834
8/6/2012,0.43297,1.697346,87.84592698,2.41026,90.77957308,93.46197669,87.84592698,92.94300465
8/3/2012,0.44351,1.721878,88.93201977,2.42675,91.43814148,93.71380957,88.93201977,93.28702942
8/2/2012,0.435415,1.629536,87.43054236,2.33657,90.38961504,93.1494458,87.43054236,92.69995534
8/1/2012,0.432285,1.670479,87.92465528,2.36588,90.80471329,93.27277836,87.92465528,92.62095469
7/31/2012,0.422342,1.611173,87.1362258,2.3146,90.01008856,92.73527592,87.1362258,92.19170157
7/30/2012,0.421769,1.614606,87.33421353,2.33651,90.1510897,92.83274515,87.33421353,92.30484712
7/27/2012,0.451473,1.676332,88.43819484,2.46854,90.70388715,92.81193327,88.43819484,92.27321057
7/26/2012,0.437184,1.558828,86.34780517,2.28779,89.34664065,92.15966662,86.34780517,91.69751802
7/25/2012,0.442163,1.542261,85.97266234,2.26337,89.12110292,91.92902502,85.97266234,91.66108997
7/24/2012,0.443774,1.543977,86.40796628,2.24718,89.33968745,92.0238228,86.40796628,91.67252086
7/23/2012,0.446913,1.57104,86.491923,2.27723,89.39148012,92.05170845,86.491923,91.50235452
7/20/2012,0.44646,1.59299,86.96104316,2.32496,89.6515,92.12982802,86.96104316,91.60960165
7/19/2012,0.447941,1.641194,87.24581687,2.39312,89.93411407,92.3167013,87.24581687,91.79347066
7/18/2012,0.460125,1.617766,87.66020547,2.37585,90.49016627,92.98621913,87.66020547,92.47164378
7/17/2012,0.471778,1.645662,87.96049189,2.4361,90.7340196,93.22957816,87.96049189,92.89354822
7/16/2012,0.466746,1.603548,87.98796591,2.39684,90.6555226,93.03095028,87.98796591,92.81025089
7/13/2012,0.481703,1.622372,87.95480713,2.4585,90.57232664,92.93712989,87.95480713,92.68616732
7/12/2012,0.477816,1.597016,87.77914527,2.40343,90.44602336,92.76320577,87.77914527,92.50142907
7/11/2012,0.498181,1.622681,87.98207359,2.41162,90.59456385,92.82102574,87.98207359,92.65155504
7/10/2012,0.523472,1.630206,88.57874985,2.42303,91.208156,93.55089572,88.57874985,93.34160264
7/9/2012,0.52071,1.650497,88.1153416,2.4492,90.7212813,92.97624372,88.1153416,93.07088801
7/6/2012,0.519611,1.691674,88.89631458,2.47665,91.31427508,93.48661733,88.89631458,93.35591212
7/5/2012,0.531209,1.743454,89.57958834,2.55638,91.795314,93.66095884,89.57958834,93.69287646
7/3/2012,0.539547,1.768056,89.7871079,2.58328,92.02972338,93.88321432,89.7871079,93.98490397
7/2/2012,0.544042,1.725432,89.85979215,2.54532,92.04146948,93.98774928,89.85979215,94.07592624
6/29/2012,0.547829,1.782516,89.88920199,2.62372,91.95316848,93.76170866,89.88920199,93.86962525
6/28/2012,0.554452,1.713129,89.52856171,2.55096,91.65844527,93.58594371,89.52856171,93.66201115
6/27/2012,0.545948,1.751759,89.60312919,2.58867,91.834834,93.69033818,89.60312919,93.65412134
6/26/2012,0.539364,1.761655,89.72954831,2.61639,91.87165872,93.72827216,89.72954831,93.74252397
6/25/2012,0.526314,1.744502,89.49299413,2.5785,91.59786374,93.39600234,89.49299413,93.23878759
6/22/2012,0.539398,1.801701,89.75138604,2.66819,91.83509335,93.67736831,89.75138604,93.66723555
6/21/2012,0.556688,1.770865,89.4928045,2.61405,91.58227832,93.37045218,89.4928045,93.31627389
6/20/2012,0.534322,1.790516,89.65484789,2.64221,91.60253119,93.04964387,89.65484789,92.84501617
6/19/2012,0.534042,1.774183,91.29885581,2.5989,92.82062889,93.89874012,91.29885581,93.67772433
6/18/2012,0.535697,1.737718,91.55236399,2.59515,92.73786952,93.64697023,91.55236399,93.54009933
6/15/2012,0.548371,1.735208,92.35705607,2.61355,93.49215008,94.43803698,92.35705607,94.28545775
6/14/2012,0.597115,1.762021,92.76522527,2.63094,93.74144964,94.58544063,92.76522527,94.25500778
6/13/2012,0.593688,1.760819,92.62556867,2.65256,93.75080125,94.52022896,92.62556867,94.1257904
6/12/2012,0.591469,1.827094,92.54016644,2.69596,93.44881161,94.73317666,92.54016644,94.52638463
6/11/2012,0.571323,1.790069,92.24863155,2.6399,93.52893398,94.52412743,92.24863155,94.36662322
6/8/2012,0.571876,1.828534,91.24315927,2.67911,92.88347248,94.27852188,91.24315927,94.08249754
6/7/2012,0.572194,1.833925,91.36135895,2.67758,92.99073075,94.87572076,91.36135895,94.61914726
6/6/2012,0.592955,1.819515,90.59692674,2.70699,92.89543105,94.09573435,90.59692674,94.1504564
6/5/2012,0.606279,1.753107,89.91889496,2.67216,92.49307742,94.12715405,89.91889496,94.24904623
6/4/2012,0.624175,1.735479,89.92846971,2.62226,92.17314667,94.19856668,89.92846971,94.46608523
6/1/2012,0.621235,1.676491,89.3579211,2.53159,91.306365,93.2082937,89.3579211,93.94256742
5/31/2012,0.615921,1.74769,90.1111029,2.64639,91.96497156,93.71927012,90.1111029,94.13879753
5/30/2012,0.617563,1.782546,90.45248103,2.68486,92.37604588,94.21968301,90.45248103,94.27604091
5/29/2012,0.629496,1.879969,92.12914479,2.77149,94.75525,96.12784944,92.12914479,96.06826045
5/25/2012,0.637923,1.889565,92.81845924,2.76345,94.87828952,96.70079147,92.81845924,96.68797789
5/24/2012,0.638468,1.896715,93.15188213,2.76054,95.41758568,96.99964798,93.15188213,96.83076185
5/23/2012,0.647798,1.863663,93.8042855,2.73508,96.1161861,97.99927927,93.8042855,97.382095
5/22/2012,0.633875,1.919711,94.6119003,2.76969,96.36516296,98.6594061,94.6119003,98.10516334
5/21/2012,0.640091,1.855714,93.05243743,2.73357,95.7912302,97.3949884,93.05243743,97.0077649
5/18/2012,0.661198,1.82649,92.86366232,2.67797,95.48736572,97.42515959,92.86366232,96.83263356
5/17/2012,0.648822,1.827822,92.91594509,2.67184,95.46048075,97.62630897,92.91594509,97.06432896
5/16/2012,0.648054,1.896319,93.50619153,2.74013,95.70900192,97.8006168,93.50619153,97.34291212
5/15/2012,0.659683,1.93181,94.9000001,2.76971,96.8332708,98.62384739,94.9000001,98.1248234
5/14/2012,0.639727,1.944587,94.97679446,2.77397,96.86047096,98.57456688,94.97679446,98.11298671
5/11/2012,0.602531,1.9858,94.63880418,2.80528,96.68983632,98.26295609,94.63880418,97.64126078
5/10/2012,0.577517,2.01783,94.55583854,2.82461,96.6704719,98.34919192,94.55583854,97.5922249
5/9/2012,0.586349,1.996599,94.44651173,2.83276,96.63470856,98.53630798,94.44651173,97.92915761
5/8/2012,0.563435,1.988941,94.38775281,2.8457,96.7448835,98.33596225,94.38775281,97.60192984
5/7/2012,0.548979,2.015294,94.3749221,2.85847,96.52326732,98.35262756,94.3749221,97.79958432
5/4/2012,0.545586,2.012936,93.77000217,2.85087,96.00448767,97.90800194,93.77000217,97.27226981
5/3/2012,0.542781,2.047059,95.8098772,2.88233,97.9249104,99.75382105,95.8098772,98.87264206
5/2/2012,0.546598,2.048309,95.51167455,2.87338,97.94680857,99.95930744,95.51167455,99.0301851
5/1/2012,0.545673,2.079913,96.74150171,2.89085,98.93884602,101.1871345,96.74150171,100.2918152
4/30/2012,0.550124,2.040259,94.80958496,2.85859,97.48713786,99.26677777,94.80958496,98.5331534
4/27/2012,0.556965,2.059553,95.87488768,2.87167,98.3634586,100.5394066,95.87488768,99.60269862
4/26/2012,0.556916,2.08713,97.01847584,2.8924,99.49072609,102.0360351,97.01847584,101.33244
4/25/2012,0.554732,2.105056,98.06313229,2.92241,100.7570737,102.7603236,98.06313229,101.7635356
4/24/2012,0.576022,2.087208,98.51334561,2.90097,101.1986035,103.1659712,98.51334561,102.0895301
4/23/2012,0.57002,2.054191,98.67905798,2.87081,101.1709878,103.229441,98.67905798,102.1883689
4/20/2012,0.565436,2.077835,99.29202898,2.90335,101.6532718,103.5326915,99.29202898,102.4316423
4/19/2012,0.565571,2.064306,98.92928309,2.88744,101.7950742,103.3840636,98.92928309,102.2656059
4/18/2012,0.559675,2.093332,99.71495481,2.93046,101.8472202,103.6908687,99.71495481,102.6853209
4/17/2012,0.559027,2.112905,99.85254156,2.9571,101.8111109,103.6585564,99.85254156,102.7625718
4/16/2012,0.565642,2.079946,99.47791871,2.91808,101.6007091,103.2549008,99.47791871,102.1602404
4/13/2012,0.565088,2.103069,99.48389784,2.93227,101.27655,103.0009858,99.48389784,101.9926736
4/12/2012,0.566479,2.149779,99.40117924,2.96745,101.5025986,102.7051337,99.40117924,101.6947712
4/11/2012,0.584462,2.130501,98.69382036,2.93078,100.925671,102.3152191,98.69382036,101.433552
4/10/2012,0.599123,2.096826,98.35952976,2.91099,100.3025991,102.0736156,98.35952976,101.3739835
4/9/2012,0.605074,2.116743,98.04159955,2.91152,100.230857,101.3763092,98.04159955,100.4665408
4/6/2012,0.609694,2.142481,98.9587522,2.93072,98.0379806,102.5604032,98.9587522,101.4878013
4/5/2012,0.629798,2.274439,102.2011951,3.05396,103.5302429,104.2725708,102.2011951,102.8166466
4/4/2012,0.624931,2.33448,102.1903253,3.1088,103.0925456,103.9241337,102.1903253,102.4883768
4/3/2012,0.619457,2.374087,101.668036,3.16492,103.0059104,103.2713754,101.668036,101.7927489
4/2/2012,0.584532,2.277654,99.6600856,3.04496,101.0396397,102.2612135,99.6600856,101.0563847
3/30/2012,0.581466,2.289431,100.868191,3.06692,102.1260878,102.9281622,100.868191,101.6889565
3/29/2012,0.578788,2.224584,99.85982971,3.02196,101.1497198,102.2144076,99.85982971,100.9712113
3/28/2012,0.571669,2.257719,101.0927323,3.05684,102.197355,102.9701139,101.0927323,101.7749168
3/27/2012,0.565392,2.245549,102.0915293,3.0399,103.0694805,103.9223765,102.0915293,102.5800002
3/26/2012,0.59725,2.316739,103.9849279,3.11828,104.553579,104.6252564,103.9849279,102.9539679
3/23/2012,0.61073,2.308003,103.7853003,3.13245,104.3588994,104.7423581,103.7853003,103.229675
3/22/2012,0.631607,2.344967,104.4945837,3.15708,104.9782533,104.9031607,104.4945837,103.2047691
3/21/2012,0.640509,2.367511,105.4207373,3.15732,105.7121463,105.482417,105.4207373,103.7098063
3/20/2012,0.660798,2.454938,106.6578543,3.24144,106.3346949,106.1278936,106.6578543,104.1128323
3/19/2012,0.632212,2.450264,106.3690085,3.23638,106.1941884,106.3534152,106.3690085,104.4196583
3/16/2012,0.613832,2.353497,103.8871251,3.13095,104.4275582,104.8046256,103.8871251,103.5297307
3/15/2012,0.630928,2.34011,104.0744598,3.15896,105.1207312,105.6115294,104.0744598,104.5682614
3/14/2012,0.649358,2.326678,105.6756762,3.16959,106.5795116,106.7586872,105.6756762,105.5527378
3/13/2012,0.606115,2.177142,101.2190245,2.9914,104.1403493,105.3393742,101.2190245,104.69201
3/12/2012,0.575122,2.099936,99.88284747,2.91624,102.3772688,104.5388587,99.88284747,104.0943324
3/9/2012,0.575171,2.114734,100.1084745,2.92195,102.3319963,104.5568342,100.1084745,103.8159829
3/8/2012,0.556388,2.094177,99.89020438,2.93364,102.4195501,104.600885,99.89020438,103.9198974
3/7/2012,0.553006,2.053173,100.0596723,2.89962,103.0903977,105.2194536,100.0596723,104.285661
3/6/2012,0.554638,2.029732,100.9256455,2.86506,103.8975112,106.0161368,100.9256455,105.1747567
3/5/2012,0.559189,2.081997,101.3156326,2.90077,103.7828292,106.2783594,101.3156326,105.1947413
3/2/2012,0.526496,2.068239,100.5079482,2.8908,103.2365646,105.8091002,100.5079482,104.8595157
3/1/2012,0.553877,2.117532,101.4870807,2.92872,103.8723978,106.0312073,101.4870807,104.897876
2/29/2012,0.560412,2.065167,100.0191825,2.88173,103.0271722,105.341874,100.0191825,104.268557
2/28/2012,0.571122,2.025057,98.40179571,2.8102,101.4950522,103.868451,98.40179571,102.9615126
2/27/2012,0.591143,2.023129,98.58705355,2.82054,101.6784669,103.9862831,98.58705355,102.9860473
2/24/2012,0.617264,2.078851,98.68315153,2.84685,101.690334,104.4662224,98.68315153,103.184874
2/23/2012,0.598775,2.077405,98.56531344,2.83483,101.3449584,103.3491461,98.56531344,102.5946489
2/22/2012,0.589849,2.090209,98.38356318,2.87313,101.1716263,103.5704251,98.38356318,102.7156559
2/21/2012,0.595098,2.134746,98.10531272,2.92316,100.7313274,102.808172,98.10531272,102.4228081
2/17/2012,0.581223,2.081736,97.5140702,2.86836,100.4477292,102.983512,97.5140702,102.3184387
2/16/2012,0.583831,2.063799,96.84686274,2.83167,99.88336176,102.8079236,96.84686274,102.4106978
2/15/2012,0.558461,2.006119,95.80577987,2.78221,99.51551802,102.6160381,95.80577987,102.3937908
2/14/2012,0.571119,2.004388,97.57114323,2.76681,101.2012274,103.6108388,97.57114323,103.1259531
2/13/2012,0.569374,2.070696,98.4697623,2.81749,101.1929166,104.4488709,98.4697623,103.9621009
2/10/2012,0.54395,2.046386,97.09878372,2.80975,99.95987205,102.3289425,97.09878372,102.4374004
2/9/2012,0.533152,2.122302,97.60867952,2.84585,99.6098182,101.5996796,97.60867952,102.0463152
2/8/2012,0.536051,2.089492,95.67150507,2.76703,98.56556522,100.9950292,95.67150507,101.8089381
2/7/2012,0.542529,2.076421,95.90544553,2.7946,98.8443972,100.8376629,95.90544553,101.6228193
2/6/2012,0.514413,2.00897,94.45413205,2.76133,97.49092016,100.3781944,94.45413205,101.4290636
2/3/2012,0.507671,2.057029,95.77273176,2.81014,98.14211322,101.2647854,95.77273176,102.1725366
2/2/2012,0.48642,1.927897,93.19160338,2.7164,96.66612184,100.1816876,93.19160338,101.6382437
2/1/2012,0.501235,1.939796,93.61256152,2.77294,96.91273368,99.92874635,93.61256152,101.4092886
1/31/2012,0.51659,1.911542,93.81648941,2.7763,97.21543536,100.0064816,93.81648941,101.0077933
1/30/2012,0.541076,1.959645,93.98608377,2.80895,97.35587008,99.62452171,93.98608377,100.5758411
1/27/2012,0.534574,2.012364,94.03194544,2.80824,97.13964656,99.69196298,94.03194544,100.454829
1/26/2012,0.529491,2.034065,93.95137474,2.84358,97.01768862,99.62091325,93.95137474,100.3095796
1/25/2012,0.560758,2.110387,97.46013046,2.90516,99.4850625,102.0241957,97.46013046,102.1664242
1/24/2012,0.582914,2.167679,100.2735434,2.95988,102.2340173,103.6708362,100.2735434,103.2514703
1/23/2012,0.579462,2.185449,100.553808,2.97256,102.4785944,103.9860114,100.553808,103.7632865
1/20/2012,0.592287,2.1558,100.2210237,2.97611,102.2851886,104.0499344,100.2210237,103.8328019
1/19/2012,0.579943,2.095046,98.78374724,2.96477,101.5833782,103.6993584,98.78374724,103.701369
1/18/2012,0.580304,2.030157,96.54309469,2.90295,100.030848,102.8671235,96.54309469,103.0151525
1/17/2012,0.557666,1.983326,97.21421854,2.86264,100.5307985,103.2839848,97.21421854,103.3409097
1/13/2012,0.571948,2.000039,97.43723105,2.81631,100.4922086,103.0137315,97.43723105,103.0421896
1/12/2012,0.580332,2.064053,98.73497509,2.85234,101.2513457,103.741693,98.73497509,103.7546874
1/11/2012,0.609118,2.0483,97.60681559,2.88377,100.8325577,103.4665945,97.60681559,103.1312408
1/10/2012,0.637465,2.109581,98.55070178,2.91779,101.5949236,104.0924246,98.55070178,103.9406883
1/9/2012,0.642736,2.0913,97.73272042,2.87572,100.9342662,103.6175971,97.73272042,103.2852318
1/6/2012,0.678341,2.094886,99.1282092,2.85738,102.4632687,105.3104647,99.1282092,104.7448826
1/5/2012,0.715878,2.121191,100.4250781,2.91011,103.6025823,106.4440699,100.4250781,105.7609107
1/4/2012,0.725513,2.128085,100.8755269,2.9957,103.895605,106.8410632,100.8755269,106.1204201
1/3/2012,0.738282,2.110677,102.7437353,2.99221,105.4202864,108.0240238,102.7437353,107.4943858
12/30/2011,0.724151,2.036479,102.6386977,3.0169,105.6703728,107.954653,102.6386977,106.9481254
12/29/2011,0.758133,2.055483,104.6479009,3.02888,106.9997479,109.0521278,104.6479009,108.0153953
12/28/2011,0.778998,2.06735,104.4126295,3.04824,107.0468524,108.6546323,104.4126295,107.6880469
12/27/2011,0.779671,2.171166,104.8937886,3.15254,106.9213032,109.1686752,104.8937886,108.19823
12/23/2011,0.773286,2.191973,104.6789032,3.1705,106.8533915,108.4848398,104.6789032,107.7914735
12/22/2011,0.753992,2.107654,103.2793616,3.09573,105.696588,107.5103831,103.2793616,106.651354
12/21/2011,0.738456,2.124525,104.002096,3.10621,106.2619287,107.7419046,104.002096,107.0609423
12/20/2011,0.735364,2.096288,104.350569,3.06827,106.3209302,108.2237302,104.350569,107.4157834
12/19/2011,0.734772,2.001756,103.3693139,2.98945,106.3254435,106.3330229,103.3693139,105.5353674
12/16/2011,0.720063,2.02374,104.9128934,3.00104,106.4174447,108.0348086,104.9128934,107.0761541
12/15/2011,0.715616,2.070704,104.3366955,3.05125,106.0740855,107.544579,104.3366955,106.6372634
12/14/2011,0.721279,2.04544,105.5692794,3.0099,107.381624,108.6124833,105.5692794,107.6910859
12/13/2011,0.685581,2.10525,106.11016,3.0836,107.908209,109.0869538,106.11016,108.3451549
12/12/2011,0.669411,2.150709,106.8317501,3.12819,108.8654532,109.8465365,106.8317501,109.0235448
12/9/2011,0.641305,2.169854,107.0191094,3.13669,108.8691157,109.9513019,107.0191094,109.0858289
12/8/2011,0.63711,2.099653,105.9955092,3.05821,107.5695704,109.069859,105.9955092,108.1745666
12/7/2011,0.655269,2.144395,104.8249491,3.09012,106.6948167,107.5900903,104.8249491,106.815581
12/6/2011,0.686036,2.226143,105.9135081,3.17019,107.304845,108.435712,105.9135081,107.8136345
12/5/2011,0.686634,2.197604,106.8664545,3.15649,107.8249153,109.5847326,106.8664545,108.6615026
12/2/2011,0.699042,2.21705,107.7173483,3.14293,108.5226734,109.6174609,107.7173483,108.8329335
12/1/2011,0.674262,2.270685,108.1850203,3.20921,108.8755133,109.3498732,108.1850203,108.6807982
11/30/2011,0.659695,2.202945,108.2598044,3.17702,109.758996,109.9605744,108.2598044,109.4107168
11/29/2011,0.77271,2.170055,109.5251034,3.18161,110.3743667,110.3323254,109.5251034,109.9578825
11/28/2011,0.800351,2.151468,109.7544311,3.1879,110.4135652,110.5860012,109.7544311,110.1452302
11/25/2011,0.810005,2.146128,109.4374311,3.22263,110.1885781,110.4098865,109.4374311,109.9191503
11/23/2011,0.801951,2.083334,109.8084127,3.14517,110.4702548,110.6459167,109.8084127,110.1285258
11/22/2011,0.774246,2.121887,109.8744394,3.14417,110.014715,110.6404409,109.8744394,110.221319
11/21/2011,0.800692,2.148859,109.7760218,3.17668,110.4482876,110.5744836,109.7760218,109.9595259
11/18/2011,0.771889,2.172105,109.6121266,3.21334,110.1095273,109.9629121,109.6121266,109.6484765
11/17/2011,0.792059,2.150963,109.3874484,3.1637,110.0681723,109.9140949,109.3874484,109.1649862
11/16/2011,0.743288,2.219233,109.22822,3.20144,109.4814169,109.9878522,109.22822,109.2480644
11/15/2011,0.70423,2.247476,108.4921151,3.21924,109.182929,109.6235301,108.4921151,108.8943894
11/14/2011,0.703684,2.233568,108.7705818,3.19328,109.3121398,109.9747108,108.7705818,109.3274007
11/10/2011,0.673367,2.221865,108.9157764,3.19683,109.3915293,110.019446,108.9157764,109.3475364
11/9/2011,0.641599,2.150064,108.3899176,3.14083,109.3413431,109.7221272,108.3899176,109.1270552
11/8/2011,0.60006,2.223524,107.1994372,3.19153,108.8670605,108.6226708,107.1994372,108.3203265
11/7/2011,0.589264,2.156591,107.7595844,3.11536,108.8790553,109.3669157,107.7595844,108.9704945
11/4/2011,0.571344,2.203273,108.0565884,3.14592,108.5773962,109.2009837,108.0565884,108.7511199
11/3/2011,0.570199,2.225685,107.6373732,3.18659,108.4182653,108.9053264,107.6373732,108.5528802
11/2/2011,0.563446,2.17226,108.2505788,3.14036,108.7576222,109.5929106,108.2505788,109.1256315
11/1/2011,0.575352,2.167812,110.6201424,3.128,110.0695274,111.2916004,110.6201424,110.5617643
10/31/2011,0.562019,2.323148,107.8183966,3.25158,108.4592577,108.3428199,107.8183966,107.6031446
10/28/2011,0.582339,2.440968,108.2883092,3.36021,108.3786788,107.8520864,108.2883092,106.9181672
10/27/2011,0.637529,2.547779,108.0896499,3.44092,107.8058466,108.0485275,108.0896499,107.0884268
10/26/2011,0.648597,2.38539,108.1454855,3.3218,108.5397427,108.3884022,108.1454855,107.4503051
10/25/2011,0.621065,2.316652,107.843673,3.26467,107.7373257,108.095507,107.843673,107.3991027
10/24/2011,0.642328,2.42778,108.7749882,3.3635,108.8003565,108.8800377,108.7749882,107.8083927
10/21/2011,0.646684,2.396133,108.046333,3.33066,108.4110041,108.2316977,108.046333,107.2875429
10/20/2011,0.630814,2.365202,108.1955872,3.32699,108.5474774,108.6065211,108.1955872,107.5412192
10/19/2011,0.635955,2.346809,108.1734336,3.30171,108.6784213,108.8883573,108.1734336,107.8332774
10/18/2011,0.640028,2.348234,107.4013721,3.29374,108.723319,108.4869184,107.4013721,107.5069047
10/17/2011,0.649484,2.34753,107.7869284,3.29814,108.2789008,108.394046,107.7869284,107.4163104
10/14/2011,0.648967,2.41281,106.5998454,3.36446,107.181761,107.1932376,106.5998454,106.4309628
10/13/2011,0.656032,2.339578,105.7115453,3.30672,106.4723068,106.7845569,105.7115453,106.1654732
10/12/2011,0.650165,2.380128,105.7927201,3.33781,106.0604496,106.6182217,105.7927201,105.870352
10/11/2011,0.685537,2.345331,105.0685872,3.3168,105.8527099,106.4054302,105.0685872,105.4160355
10/7/2011,0.677349,2.263009,104.5352186,3.28276,105.4755256,105.8244411,104.5352186,105.0123432
10/6/2011,0.642885,2.191123,104.1277857,3.18596,105.0938603,105.7977873,104.1277857,105.3335174
10/5/2011,0.633577,2.131747,103.7489729,3.11838,104.7096922,105.9724934,103.7489729,105.8158753
10/4/2011,0.638402,2.023446,103.8042743,3.04282,105.5257233,106.4918556,103.8042743,106.1952751
10/3/2011,0.595011,1.995215,104.2544957,2.96582,105.6159613,107.1940068,104.2544957,106.8777692
9/30/2011,0.572541,2.104867,103.9099534,3.03853,104.9841233,106.5833829,103.9099534,106.1510619
9/29/2011,0.556648,2.130181,103.9480171,3.08103,105.8931006,106.6312969,103.9480171,106.2615424
9/28/2011,0.552289,2.173311,104.6808986,3.16373,106.2517138,107.4267236,104.6808986,107.1298061
9/27/2011,0.532673,2.18623,105.8001613,3.19163,106.5664448,108.3742108,105.8001613,108.0854321
9/26/2011,0.51302,2.084522,103.8452543,3.07072,105.99484,108.2005883,103.8452543,107.8439638
9/23/2011,0.515613,1.982187,102.5219268,2.9788,105.8728928,107.6326834,102.5219268,107.3051921
9/22/2011,0.515078,1.899672,104.0605513,2.85137,107.2538928,109.4338032,104.0605513,109.3493037
9/21/2011,0.49144,2.084038,104.6568225,3.01934,106.2046034,108.1037572,104.6568225,108.2246375
9/20/2011,0.462493,2.147145,106.0626121,3.25926,107.2254546,108.5529292,106.0626121,108.7455785
9/19/2011,0.472752,2.141935,105.1915999,3.23814,106.8808636,107.5409217,105.1915999,107.5512407
9/16/2011,0.497085,2.260286,105.8475316,3.34689,106.7287229,108.4355152,105.8475316,108.482985
9/15/2011,0.508625,2.262378,104.9296339,3.34726,106.5991773,108.0532962,104.9296339,108.124885
9/14/2011,0.536659,2.214066,104.1681923,3.3005,106.2826185,107.7600548,104.1681923,107.9797
9/13/2011,0.534825,2.200793,103.7718331,3.30112,105.8626995,107.4989477,103.7718331,107.666219
9/12/2011,0.533957,2.145483,102.6377132,3.2661,105.3520528,106.6488975,102.6377132,106.9351578
9/9/2011,0.514787,2.13066,103.2825588,3.21792,105.3440813,106.9445573,103.2825588,107.1354071
9/8/2011,0.497386,2.171002,103.7146946,3.28505,105.598131,107.1355584,103.7146946,107.3526582
9/7/2011,0.519876,2.229285,104.3161263,3.31614,106.3844439,107.9085401,104.3161263,108.0832523
9/6/2011,0.515194,2.188178,104.2137771,3.26302,106.3035095,108.4620641,104.2137771,108.7130854
9/2/2011,0.508871,2.192205,104.0398942,3.26342,106.0285411,107.6722996,104.0398942,108.0074886
9/1/2011,0.487326,2.325738,104.6209742,3.36362,106.2862818,107.6489103,104.6209742,107.684686
8/31/2011,0.488398,2.399031,104.4503524,3.42739,106.504647,107.3300674,104.4503524,107.4955104
8/30/2011,0.494359,2.355747,104.5649713,3.3589,106.571098,107.6596253,104.5649713,107.8759937
8/29/2011,0.506774,2.429402,104.8344819,3.44007,106.6963445,107.8538428,104.8344819,108.0800069
8/26/2011,0.492669,2.351485,104.4626873,3.35269,106.2550652,107.7896451,104.4626873,107.9878441
8/25/2011,0.507509,2.404533,104.4817046,3.3922,106.4766899,107.9648427,104.4817046,108.5159975
8/24/2011,0.517484,2.409863,103.261261,3.30817,106.2552546,106.7733374,103.261261,107.440149
8/23/2011,0.541177,2.289388,103.9365473,3.36494,106.5073273,108.1308134,103.9365473,108.9167764
8/22/2011,0.516856,2.241493,103.2233151,3.30379,105.9952426,107.6902623,103.2233151,108.3391654
8/19/2011,0.475086,2.202055,103.4914896,3.28379,105.9872758,108.1479651,103.4914896,108.701004
8/18/2011,0.456078,2.197065,102.0504654,3.24924,104.9612376,107.5078173,102.0504654,108.1391817
8/17/2011,0.439187,2.275933,102.2916538,3.26933,104.3585376,106.4884756,102.2916538,106.9657779
8/16/2011,0.437288,2.343157,102.4461437,3.31182,104.7467493,105.9683601,102.4461437,106.653257
8/15/2011,0.439881,2.423656,103.4207544,3.38162,105.6141776,107.4149709,103.4207544,107.9546569
8/12/2011,0.436512,2.399485,103.7517024,3.31671,106.5219191,108.5629816,103.7517024,108.6605949
8/11/2011,0.419067,2.478198,104.4639454,3.37634,106.9671525,109.099294,104.4639454,108.89973
8/10/2011,0.417501,2.339653,104.185084,3.23281,105.8622151,109.2455418,104.185084,108.8274367
8/9/2011,0.425484,2.381466,104.2962572,3.36152,108.2982451,107.4583598,104.2962572,105.9572487
8/8/2011,0.535186,2.557195,114.7946709,3.5273,114.8853875,114.4551567,114.7946709,112.7185215
8/5/2011,0.532455,2.720037,112.2979336,3.64944,112.4740955,111.6322672,112.2979336,110.2905849
8/4/2011,0.514812,2.598524,112.0835219,3.4866,111.6369624,112.5962097,112.0835219,111.2172224
8/3/2011,0.563761,2.713757,113.1451128,3.61499,113.3963783,113.240976,113.1451128,111.6218609
8/2/2011,0.568121,2.742813,114.0711259,3.65709,114.5133209,114.6666404,114.0711259,112.7205216
8/1/2011,0.570198,2.858896,114.152791,3.76447,114.0543802,113.4997979,114.152791,111.5364343
7/29/2011,0.584918,2.915124,115.143453,3.80882,114.7304118,113.9310181,115.143453,112.1433257
7/28/2011,0.628327,3.053928,115.4298747,3.93243,114.78721,113.5746632,115.4298747,111.4942267
7/27/2011,0.641305,3.069271,116.5557612,3.97403,115.7347695,114.4714194,116.5557612,112.172348
7/26/2011,0.613629,3.040597,116.1568118,3.9318,115.7115522,114.7672495,116.1568118,112.432676
7/25/2011,0.626138,3.088766,116.1119909,3.96047,115.5743825,114.6461122,116.1119909,112.4390951
7/22/2011,0.612145,3.055769,115.1346356,3.92566,114.6458973,113.7956535,115.1346356,111.6615669
7/21/2011,0.647193,3.124935,116.5042985,3.95043,115.4781081,114.4315676,116.5042985,112.2053097
7/20/2011,0.640493,3.061955,117.1064795,3.91472,116.2923035,114.9364035,117.1064795,112.6359628
7/19/2011,0.650152,3.026893,118.6277292,3.9029,117.6041591,116.6616541,118.6277292,114.1222685
7/18/2011,0.640174,3.021461,119.514864,3.91431,119.2000185,118.3324595,119.514864,115.8486524
7/15/2011,0.643088,3.03952,117.9610208,3.88293,117.0776707,115.8966646,117.9610208,113.659475
7/14/2011,0.621216,3.073129,117.7323462,3.89854,116.5762488,115.053393,117.7323462,112.643252
7/13/2011,0.630596,3.036204,117.2960783,3.86432,115.562485,113.9421267,117.2960783,111.3573098
7/12/2011,0.646747,3.061765,117.3168662,3.89941,115.3645088,113.8917129,117.3168662,111.1724773
7/11/2011,0.637052,3.074014,116.8526268,3.91248,115.338094,113.3271094,116.8526268,110.7732703
7/8/2011,0.624722,3.149817,116.0909339,3.95604,114.4693639,112.6060504,116.0909339,109.8153688
7/7/2011,0.704899,3.277378,116.9290875,4.0553,114.8963789,112.6856409,116.9290875,110.234419
7/6/2011,0.667782,3.226949,116.0768393,4.00075,114.2489086,112.1044216,116.0768393,109.780773
7/5/2011,0.677009,3.253194,115.1436925,4.01093,113.9743007,111.5457268,115.1436925,108.7556392
7/1/2011,0.71301,3.308073,115.3910183,4.04949,113.6948392,111.7721165,115.3910183,109.1416603
6/30/2011,0.681668,3.25702,115.3408955,4.02102,113.8440692,112.1414155,115.3408955,109.6012366
6/29/2011,0.698405,3.218421,114.7180755,3.99007,113.5853046,112.1821154,114.7180755,109.4861994
6/28/2011,0.713797,3.160184,115.1307267,3.96459,114.1091204,112.7936279,115.1307267,109.9613001
6/27/2011,0.657,3.057016,113.7082412,3.88515,112.9594903,111.9313424,113.7082412,109.2771252
6/24/2011,0.62701,3.00451,113.2921088,3.84131,112.6538238,111.7453627,113.2921088,109.1839571
6/23/2011,0.611906,3.031684,113.6298504,3.84233,112.8384674,111.3869024,113.6298504,108.6646813
6/22/2011,0.624568,3.109592,113.1301566,3.91031,112.3788315,111.2676449,113.1301566,108.587944
6/21/2011,0.634928,3.123443,113.1298659,3.93335,112.2607823,111.0390016,113.1298659,108.3097927
6/20/2011,0.638784,3.102179,113.2406388,3.92605,112.3026165,111.1251403,113.2406388,108.3848484
6/17/2011,0.635181,3.082266,112.9176981,3.90547,111.8258163,110.4732279,112.9176981,107.6708092
6/16/2011,0.646766,3.056703,112.8871603,3.88416,111.8174803,110.5288037,112.8871603,107.7345475
6/15/2011,0.621025,3.098695,112.2420037,3.9059,111.278545,110.013397,112.2420037,107.3409373
6/14/2011,0.634645,3.200524,112.6232412,3.97534,111.8463541,110.7606916,112.6232412,107.9123882
6/13/2011,0.592594,3.097003,111.2330328,3.90679,110.9360755,110.3642589,111.2330328,107.6865708
6/10/2011,0.586315,3.071941,110.8449292,3.89696,110.6419151,110.1610711,110.8449292,107.669165
6/9/2011,0.601737,3.09703,110.8222669,3.89605,110.6307642,110.1890576,110.8222669,107.6415106
6/8/2011,0.577392,3.074451,110.7236045,3.85668,110.6621751,110.2172348,110.7236045,107.7450541
6/7/2011,0.605652,3.132845,111.5362659,3.89581,111.3454867,110.8344955,111.5362659,108.0396254
6/6/2011,0.613927,3.124457,112.0485973,3.90071,111.7683904,111.2327681,112.0485973,108.3748074
6/3/2011,0.620671,3.111469,111.2071495,3.89328,111.2105419,110.9169,111.2071495,108.1768015
6/2/2011,0.643467,3.138877,111.1802188,3.91387,111.1610173,110.8847134,111.1802188,107.9319033
6/1/2011,0.625469,3.077023,109.9980837,3.86349,110.0904906,109.8286479,109.9980837,107.0213888
5/31/2011,0.648869,3.14632,111.1919586,3.93235,111.1873052,110.8986828,111.1919586,108.0658363
5/27/2011,0.657369,3.156308,111.627448,3.93401,111.550888,111.1857224,111.627448,108.2600157
5/26/2011,0.667246,3.140613,111.7970072,3.91109,111.7190589,111.365139,111.7970072,108.3087212
5/25/2011,0.705512,3.214789,112.8049783,3.98264,112.4811925,111.8802035,112.8049783,108.7232755
5/24/2011,0.711771,3.211071,113.3824782,3.98401,112.9657877,112.2722128,113.3824782,108.9823545
5/23/2011,0.71549,3.223345,113.6376837,3.99615,113.0650776,112.3394949,113.6376837,109.1141768
5/20/2011,0.701632,3.236471,113.8510186,3.99284,113.2147631,112.3519006,113.8510186,109.0980357
5/19/2011,0.709598,3.253823,114.1400077,4.00566,113.2996974,112.2765231,114.1400077,109.1862017
5/18/2011,0.740932,3.249682,113.8262094,3.99817,113.0967218,112.0356414,113.8262094,108.8458525
5/17/2011,0.703898,3.18769,112.8486507,3.9562,111.9728372,110.861421,112.8486507,107.4949034
5/16/2011,0.703453,3.22191,112.982289,3.97145,111.8845665,110.632007,112.982289,107.0864555
5/13/2011,0.724225,3.254774,113.1550007,3.98862,111.9245289,110.4961961,113.1550007,106.8457804
5/12/2011,0.727056,3.293599,113.4112644,4.00521,112.1317735,110.6588973,113.4112644,107.060629
5/11/2011,0.720468,3.244601,113.1624489,3.98265,112.0082477,110.547415,113.1624489,107.0301947
5/10/2011,0.746132,3.278827,113.1160822,4.01017,111.9755997,110.5851441,113.1160822,106.9939406
5/9/2011,0.714169,3.22317,112.7287347,3.96718,111.5607526,110.2196752,112.7287347,106.7659082
5/6/2011,0.730048,3.240895,112.0644031,3.98104,110.9258556,109.5946953,112.0644031,106.203231
5/5/2011,0.745587,3.246809,112.7255368,3.98974,111.4270963,109.9617405,112.7255368,106.5011495
5/4/2011,0.753203,3.295736,112.6362451,4.04029,111.4952199,110.0730444,112.6362451,106.6126089
5/3/2011,0.766123,3.330699,113.1132453,4.07117,112.0021893,110.6542143,113.1132453,107.1763887
5/2/2011,0.765151,3.354474,112.8541622,4.10174,111.6257349,110.2397202,112.8541622,106.771435
4/29/2011,0.765565,3.360943,112.4038935,4.09114,111.1680528,109.7394994,112.4038935,106.3250186
4/28/2011,0.762593,3.372653,112.1026464,4.10853,110.8739606,109.4317079,112.1026464,106.0467004
4/27/2011,0.798368,3.431072,113.2624038,4.17378,111.9065996,110.3028877,113.2624038,106.8937942
4/26/2011,0.787272,3.389365,113.7690055,4.14881,112.1697794,110.3860117,113.7690055,106.9711041
4/25/2011,0.807929,3.437092,112.8780036,4.17981,111.2866425,109.5701851,112.8780036,106.1890437
4/21/2011,0.819789,3.46879,113.1643616,4.21188,111.5685559,109.7912882,113.1643616,106.3604065
4/20/2011,0.82134,3.470797,114.1340777,4.21023,112.4210173,110.4577722,114.1340777,106.7820035
4/19/2011,0.80702,3.42508,114.5066731,4.18056,112.7309148,110.6532168,114.5066731,107.2418558
4/18/2011,0.810722,3.432549,114.4904101,4.1921,112.7046091,110.6721834,114.4904101,107.319115
4/15/2011,0.848586,3.489332,114.1513146,4.22535,112.3042171,110.2657968,114.1513146,106.9187506
4/14/2011,0.916455,3.572015,114.8302537,4.29351,112.9161497,110.8096047,114.8302537,107.3407623
4/13/2011,0.887709,3.543469,115.1930659,4.28687,113.143497,110.8926173,115.1930659,107.5036486
4/12/2011,0.915263,3.585792,115.5908282,4.30612,113.54423,111.2791948,115.5908282,107.8519929
4/11/2011,0.983029,3.661212,116.0403444,4.35733,113.9872042,111.7999393,116.0403444,108.120798
4/8/2011,0.970156,3.660011,116.0070012,4.36221,113.99533,111.7981219,116.0070012,108.3263792
4/7/2011,0.959336,3.645416,115.5641519,4.35342,113.5991106,111.469241,115.5641519,107.9758516
4/6/2011,1.000764,3.64427,115.3493129,4.35818,113.5411996,111.4824238,115.3493129,107.7861969
4/5/2011,0.986613,3.58918,114.9410049,4.32683,113.1352025,111.1406749,114.9410049,107.3474463
4/4/2011,0.937503,3.52723,114.1660228,4.27071,112.411772,110.5482442,114.1660228,106.9821568
4/1/2011,0.972323,3.543118,114.4504401,4.27252,112.6016761,110.6108304,114.4504401,107.2086294
3/31/2011,0.945027,3.549433,116.1415884,4.26321,114.3099384,112.0320002,116.1415884,108.5635676
3/30/2011,0.966762,3.55194,115.5788341,4.26883,113.7164238,111.6203545,115.5788341,108.0916646
3/29/2011,0.994346,3.595826,115.6721144,4.30316,113.8422669,111.8231218,115.6721144,108.4087503
3/28/2011,0.965227,3.554419,115.6601614,4.2631,113.7781134,111.7660556,115.6601614,108.3815909
3/25/2011,0.926848,3.547885,115.4148235,4.26079,113.6103836,111.517336,115.4148235,108.1426091
3/24/2011,0.872117,3.50948,114.2658664,4.22854,112.6759822,110.8984659,114.2658664,107.5523049
3/23/2011,0.84759,3.456802,114.7634409,4.20927,113.0544722,111.1044453,114.7634409,107.5535193
3/22/2011,0.839858,3.440133,114.7602238,4.18936,113.0863145,111.26419,114.7602238,107.4546471
3/21/2011,0.824329,3.424948,115.516385,4.16338,113.6696394,111.7221434,115.516385,108.134671
3/18/2011,0.779268,3.368897,115.9834409,4.11118,114.2722928,112.4147837,115.9834409,108.9664513
3/17/2011,0.779595,3.35342,116.7311586,4.10724,114.9693653,113.0921925,116.7311586,109.6148775
3/16/2011,0.753991,3.318724,117.6074214,4.08162,115.9012808,113.9765997,117.6074214,110.6441824
3/15/2011,0.793177,3.434221,116.257599,4.17297,115.1238532,113.7960918,116.257599,109.7406744
3/14/2011,0.781405,3.460794,114.7914438,4.17953,113.5187006,112.1073088,114.7914438,108.3204153
3/11/2011,0.814234,3.502735,114.4471606,4.21399,113.1569079,111.6700519,114.4471606,108.0246117
3/10/2011,0.837294,3.497028,114.6940149,4.19841,113.0559818,111.2716222,114.6940149,107.6546622
3/9/2011,0.871618,3.567356,114.6955124,4.24844,113.030402,111.1110096,114.6955124,107.5170738
3/8/2011,0.905195,3.641884,115.6217999,4.31211,113.7818154,111.782982,115.6217999,108.2515282
3/7/2011,0.885922,3.603438,114.3288363,4.27573,112.409136,110.4040254,114.3288363,107.1708622
3/4/2011,0.876435,3.605635,114.2018869,4.26582,112.2777594,110.1649734,114.2018869,107.0668339
3/3/2011,0.968478,3.698052,115.4648423,4.3559,112.9142646,110.2838168,115.4648423,107.0435067
3/2/2011,0.875589,3.585223,114.6199073,4.27915,112.4999279,110.1733505,114.6199073,107.0516069
3/1/2011,0.850567,3.526647,114.4269311,4.23669,112.2692308,109.9600764,114.4269311,106.8577439
2/28/2011,0.872088,3.525404,114.6059375,4.23083,112.4370773,110.0906927,114.6059375,106.6889987
2/25/2011,0.893207,3.538676,114.8960866,4.24967,112.6173955,110.1912338,114.8960866,106.74713
2/24/2011,0.901235,3.55047,116.997132,4.26362,114.3321212,111.5637621,116.997132,108.0428871
2/23/2011,0.916972,3.596072,117.0049251,4.30686,114.6501139,111.8372745,117.0049251,108.2233926
2/22/2011,0.919123,3.576345,116.2785361,4.29998,113.8445253,111.299014,116.2785361,107.8485147
2/18/2011,0.948548,3.681284,115.9715381,4.36639,113.616005,111.1544274,115.9715381,107.5588276
2/17/2011,0.965354,3.666269,115.172621,4.35044,112.6921273,110.0874792,115.172621,106.9821279
2/16/2011,1.03389,3.720083,115.2008523,4.39896,112.7451215,110.1445422,115.2008523,106.7190074
2/15/2011,1.025542,3.712647,114.0210796,4.38511,111.3990926,108.6309549,114.0210796,105.3222136
2/14/2011,1.036012,3.720758,114.5028729,4.39315,111.8609233,109.1771151,114.5028729,105.7644652
2/11/2011,1.031763,3.756193,115.3157228,4.43431,112.7130162,110.0117317,115.3157228,106.2797182
2/10/2011,1.026038,3.814911,117.73078,4.50125,114.7879645,111.7836741,117.73078,107.7890993
2/9/2011,0.976078,3.754499,118.4811595,4.45294,115.6205505,112.5538411,118.4811595,109.0861134
2/8/2011,1.027612,3.824583,120.3653844,4.48713,117.3365091,114.1855815,120.3653844,110.4986205
2/7/2011,0.957951,3.752548,120.3401394,4.41202,117.3358019,114.2775883,120.3401394,111.1109209
2/4/2011,0.947393,3.745478,120.5119744,4.39469,117.927069,115.244167,120.5119744,111.9321741
2/3/2011,0.898834,3.649381,119.4231672,4.32675,117.2018765,114.8876711,119.4231672,111.8854315
2/2/2011,0.87194,3.594503,119.4375279,4.2837,117.4268688,115.2045446,119.4375279,112.2022039
2/1/2011,0.828164,3.539942,119.1025458,4.23302,117.1378022,115.00359,119.1025458,112.2921719
1/31/2011,0.78964,3.475756,118.2740802,4.17347,116.3186546,114.3571575,118.2740802,111.6280865
1/28/2011,0.764776,3.41768,117.1531246,4.14864,115.3936202,113.5024016,117.1531246,110.7589992
1/27/2011,0.782965,3.464136,116.3722973,4.17877,114.4487453,112.4587315,116.3722973,109.6101311
1/26/2011,0.82051,3.509844,117.3940912,4.23018,115.328353,113.0403157,117.3940912,110.3409752
1/25/2011,0.801424,3.402729,116.4103333,4.1485,114.5273653,112.470949,116.4103333,109.6732122
1/24/2011,0.837984,3.482263,116.9586535,4.19564,114.90336,112.7424145,116.9586535,109.8087909
1/21/2011,0.838793,3.477729,117.3371834,4.18211,115.2056703,112.9326494,117.3371834,110.2512196
1/20/2011,0.851417,3.519945,117.1930975,4.21623,115.27848,113.2225676,117.1930975,110.3451389
1/19/2011,0.788374,3.401129,117.626493,4.11512,115.9335821,114.001556,117.626493,111.2734822
1/18/2011,0.807318,3.428792,117.6744072,4.14124,115.8938991,113.901805,117.6744072,111.1237556
1/14/2011,0.803143,3.394292,117.0352735,4.08585,115.2795114,113.3697518,117.0352735,110.2201693
1/13/2011,0.794751,3.358764,115.9795286,4.07277,114.0851803,112.06294,115.9795286,108.7674153
1/12/2011,0.819947,3.419325,114.8098499,4.12755,112.588247,110.2583706,114.8098499,107.2362049
1/11/2011,0.831902,3.408071,115.1603991,4.13046,112.8196424,110.3745343,115.1603991,107.0384062
1/10/2011,0.825561,3.376457,114.7113533,4.0763,112.1544012,109.5782742,114.7113533,106.3251857
1/7/2011,0.846926,3.399398,114.9463287,4.10211,112.2643586,109.5361747,114.9463287,106.3421653
1/6/2011,0.921988,3.487448,117.3983682,4.20008,114.4806643,111.5428568,117.3983682,108.1114519
1/5/2011,0.930307,3.562003,117.6546017,4.24694,114.8404398,111.9107155,117.6546017,108.4426711
1/4/2011,0.821771,3.405335,115.2677279,4.1123,112.6678691,109.9904514,115.2677279,106.7767608
1/3/2011,0.790783,3.410952,117.7443213,4.11937,114.9285626,112.1292969,117.7443213,108.8848221
12/31/2010,0.783841,3.368369,119.3798066,4.10577,116.5121903,113.6418827,119.3798066,110.1467684
12/30/2010,0.829305,3.441063,119.3651724,4.18878,116.5742675,113.7464326,119.3651724,110.1635279
12/29/2010,0.824471,3.41076,118.8415859,4.1712,116.4411761,113.935674,118.8415859,110.3240044
12/28/2010,0.930888,3.548147,119.5407085,4.32678,117.1242337,114.635164,119.5407085,110.8798515
12/27/2010,0.892002,3.418173,118.1548389,4.21284,115.8703074,113.5239406,118.1548389,109.5419347
12/23/2010,0.890954,3.469749,118.0638092,4.22651,115.7657285,113.4553499,118.0638092,110.0895109
12/22/2010,0.849474,3.429501,116.2741825,4.1785,114.488005,112.5995388,116.2741825,109.2651379
12/21/2010,0.813305,3.403772,116.3363757,4.17478,114.7041636,112.9316462,116.3363757,109.1112343
12/20/2010,0.81912,3.429113,117.747551,4.21062,115.7454979,113.7169085,117.747551,110.1288263
12/17/2010,0.82287,3.412685,118.9294046,4.16702,116.7218332,114.4520722,118.9294046,110.9118545
12/16/2010,0.884758,3.603144,121.5614023,4.35639,118.6037748,115.6137865,121.5614023,112.090808
12/15/2010,0.914848,3.638898,123.462343,4.38412,119.9586688,116.3127304,123.462343,112.5766845
12/14/2010,0.85565,3.558594,120.2842615,4.28748,117.7340161,115.0925027,120.2842615,111.6559227
12/13/2010,0.809419,3.380049,118.0698803,4.10897,116.1229819,114.1503977,118.0698803,110.9629199
12/10/2010,0.844568,3.397449,118.8674871,4.12836,117.0151002,115.1124278,118.8674871,111.9143569
12/9/2010,0.808176,3.307581,117.036117,4.05607,115.4752954,113.8723494,117.036117,110.8337491
12/8/2010,0.82135,3.36607,117.6008943,4.10539,116.1707952,114.5750387,117.6008943,111.7220347
12/7/2010,0.751676,3.311679,117.4610393,4.05507,116.1095171,114.6391195,117.4610393,111.9623429
12/6/2010,0.644332,3.09132,112.9415994,3.85103,112.5228813,111.9855407,112.9415994,109.4694164
12/3/2010,0.701975,3.16759,112.2209816,3.94457,111.897774,111.441228,112.2209816,108.5729435
12/2/2010,0.785261,3.16512,112.7994089,3.9594,111.6512003,110.4269167,112.7994089,107.7875488
12/1/2010,0.783377,3.116856,112.515937,3.93437,111.4683101,110.2330349,112.515937,107.5701205
11/30/2010,0.743401,2.952998,110.1039991,3.77972,109.6553421,109.0408233,110.1039991,106.4709637
11/29/2010,0.760983,2.969164,108.8260493,3.77045,108.2455576,107.4921442,108.8260493,104.9963994
11/26/2010,0.768895,3.010242,108.6895751,3.82273,107.7673084,106.7198169,108.6895751,104.2263449
11/24/2010,0.739922,3.048265,108.5251241,3.85371,107.6381397,106.6203661,108.5251241,104.2087726
11/23/2010,0.622908,2.895243,106.3331281,3.70185,105.8922774,105.2503968,106.3331281,102.7483759
11/22/2010,0.645546,2.957637,106.2095239,3.72761,105.7180944,105.1412715,106.2095239,102.475519
11/19/2010,0.675432,3.026602,107.3086704,3.7657,106.4122796,105.4025441,107.3086704,102.7637584
11/18/2010,0.673508,3.040975,107.7208702,3.75041,106.6459836,105.4817643,107.7208702,102.8703948
11/17/2010,0.665174,3.023657,105.3340929,3.71929,105.1597515,104.4310556,105.3340929,101.8235026
11/16/2010,0.699981,2.997279,105.5715491,3.72168,104.5272534,103.263411,105.5715491,100.7459933
11/15/2010,0.719124,3.041166,105.878353,3.73584,104.9537235,103.8737374,105.878353,101.3170288
11/12/2010,0.71121,2.893153,102.6634758,3.60847,102.6380296,102.2905804,102.6634758,99.61554929
11/10/2010,0.646011,2.808688,101.2262622,3.48752,101.757166,102.1348922,101.2262622,100.0111067
11/9/2010,0.642099,2.825728,100.9289896,3.50051,101.5592453,102.0582249,100.9289896,99.91749371
11/8/2010,0.581188,2.696794,99.16242416,3.40193,99.77282432,100.5351413,99.16242416,98.49424413
11/5/2010,0.524904,2.660181,98.88840163,3.36448,99.45656604,100.3478398,98.88840163,98.25692601
11/4/2010,0.469079,2.620543,97.97998687,3.29328,98.5130724,99.33345988,97.97998687,97.13573092
11/3/2010,0.48752,2.718467,98.73961711,3.37888,99.41434426,99.89804611,98.73961711,97.64060822
11/2/2010,0.504723,2.693846,100.2878856,3.39423,100.884167,101.3940126,100.2878856,99.37098465
11/1/2010,0.497641,2.710821,99.9673344,3.44378,100.0721019,100.225161,99.9673344,98.08936375
10/29/2010,0.497908,2.689615,98.83832065,3.39784,99.0456404,99.33431486,98.83832065,97.09026917
10/28/2010,0.510418,2.735166,99.02161916,3.43496,99.08773632,99.19244891,99.02161916,97.23411863
10/27/2010,0.56858,2.794922,98.64617413,3.49728,98.23666014,97.88639625,98.64617413,96.56327209
10/26/2010,0.551357,2.7177,98.02689882,3.44702,97.85273715,97.93424242,98.02689882,96.96805011
10/25/2010,0.516493,2.625767,96.96310356,3.37385,97.12116125,97.46701599,96.96310356,97.02876062
10/22/2010,0.523793,2.626063,97.71988175,3.31808,97.665237,97.79152484,97.71988175,97.30028485
10/21/2010,0.516844,2.586972,95.80629476,3.29243,96.12216448,96.57070226,95.80629476,96.11309768
10/20/2010,0.5063,2.519535,94.14212077,3.25515,94.65364628,95.20745453,94.14212077,94.82844515
10/19/2010,0.533364,2.531284,94.39952678,3.26986,94.58075494,94.89203529,94.39952678,94.40845265
10/18/2010,0.543738,2.556702,94.98976493,3.29994,94.76348469,94.69409563,94.98976493,94.26943814
10/15/2010,0.538198,2.638139,95.76914169,3.37537,95.33134702,95.05428091,95.76914169,94.62000937
10/14/2010,0.539814,2.577789,96.3313155,3.28492,96.39406576,96.33180152,96.3313155,96.31989972
10/13/2010,0.510367,2.5046,94.91315533,3.26187,95.56863342,96.26282813,94.91315533,96.28434746
10/12/2010,0.521893,2.504975,96.79479641,3.28568,97.98756799,99.10333842,96.79479641,98.95168188
10/8/2010,0.506807,2.48092,97.72060663,3.23046,98.6078323,99.47224492,97.72060663,99.17190482
10/7/2010,0.529527,2.487606,100.6401933,3.22365,100.9861007,101.3503246,100.6401933,100.8968138
10/6/2010,0.553355,2.50085,101.3846645,3.26279,101.4377946,101.4443559,101.3846645,101.0136423
10/5/2010,0.575105,2.567927,104.3265639,3.33659,103.6689903,103.2102308,104.3265639,102.2414803
10/4/2010,0.589077,2.548874,104.9680942,3.33557,103.9741438,103.1402719,104.9680942,102.0717048
10/1/2010,0.609589,2.589743,104.6629081,3.38871,103.7902026,103.066643,104.6629081,101.8783249
9/30/2010,0.592928,2.564691,106.128553,3.38375,105.4401214,104.8638065,106.128553,103.5464953
9/29/2010,0.592409,2.539142,107.6034369,3.37806,106.9646914,106.3179774,107.6034369,105.143422
9/28/2010,0.587362,2.479072,106.1935524,3.31266,105.0754843,104.0547693,106.1935524,102.9635773
9/27/2010,0.605879,2.547149,106.0722801,3.35455,104.9970088,103.8691841,106.0722801,102.1142439
9/24/2010,0.620954,2.640411,105.0962956,3.44779,103.6329505,102.0876887,105.0962956,100.4583854
9/23/2010,0.603872,2.589541,104.1993948,3.38126,101.9915897,100.1337231,104.1993948,98.89452623
9/22/2010,0.608379,2.584072,102.9106414,3.34862,101.0969164,99.41529066,102.9106414,97.93914651
9/21/2010,0.600819,2.610366,103.7265697,3.38169,101.5828336,99.76213834,103.7265697,98.26127857
9/20/2010,0.665908,2.718343,104.8063599,3.50729,102.5171925,100.6402594,104.8063599,99.10694281
9/17/2010,0.675004,2.7569,103.5792995,3.58122,101.4338323,99.68100226,103.5792995,98.06071504
9/16/2010,0.668195,2.763621,103.8931857,3.54526,101.766959,99.87453121,103.8931857,98.45380704
9/15/2010,0.670649,2.708106,102.5099268,3.49999,100.3413305,98.51356395,102.5099268,97.10898979
9/14/2010,0.669659,2.639499,101.1320889,3.42404,98.71531436,96.69875441,101.1320889,95.73914413
9/13/2010,0.716033,2.725584,101.426217,3.48266,98.4247129,95.95371007,101.426217,95.17497641
9/10/2010,0.764773,2.774929,101.9632592,3.58242,98.950404,96.39891756,101.9632592,95.80761808
9/9/2010,0.752864,2.734793,100.5364244,3.27423,97.79483214,95.51082951,100.5364244,94.66708218
9/3/2010,0.687052,2.679912,96.30162448,3.48233,94.3114172,92.77138262,96.30162448,92.42997346
9/2/2010,0.68387,2.620075,98.04920973,3.37636,95.98463916,94.34805697,98.04920973,93.92356116
9/1/2010,0.672921,2.580178,99.06075438,3.30826,97.32535488,96.05196997,99.06075438,95.57573634
8/31/2010,0.653203,2.480478,96.65630479,3.19108,95.29453807,94.75869936,96.65630479,94.54170561
8/30/2010,0.655248,2.553465,96.77449134,3.33669,95.74382064,95.17692543,96.77449134,94.90397107
8/27/2010,0.710609,2.6768,94.79049281,3.47055,94.13484968,93.84643534,94.79049281,93.27713327
8/26/2010,0.672562,2.503924,95.98060174,3.30296,95.13173882,95.03148673,95.98060174,94.59231
8/25/2010,0.695503,2.550477,94.56410989,3.36868,94.57962584,94.81551717,94.56410989,94.42893059
8/24/2010,0.645077,2.515956,94.42297743,3.3561,94.73649016,95.15821856,94.42297743,94.71358027
8/23/2010,0.646661,2.614789,95.12774006,3.42399,95.66709628,96.34605273,95.12774006,95.56336265
8/20/2010,0.662843,2.627296,94.85559503,3.42281,95.26279752,95.81867723,94.85559503,95.06689329
8/19/2010,0.657828,2.587121,94.84612102,3.30888,95.19401175,95.72178819,94.84612102,94.89799705
8/18/2010,0.672368,2.652158,94.79330946,3.44987,95.04814242,95.43761938,94.79330946,94.34510408
8/17/2010,0.684539,2.635018,96.28449554,3.40141,96.38731102,96.52555858,96.28449554,95.24957914
8/16/2010,0.687013,2.569006,98.6240108,3.30867,98.51350382,98.52558308,98.6240108,97.25098081
8/13/2010,0.718152,2.660842,96.55372263,3.37661,96.09606812,95.88968541,96.55372263,94.54399342
8/12/2010,0.716783,2.726412,94.40567163,3.44748,94.3170855,94.14417014,94.40567163,92.80642006
8/11/2010,0.667764,2.685166,93.54867834,3.34099,93.4619532,93.22191269,93.54867834,91.8081197
8/10/2010,0.700662,2.765711,95.81412425,3.44746,95.37387948,94.72361112,95.81412425,93.00217142
8/9/2010,0.732825,2.805922,98.38759052,3.48853,97.78928397,97.00399804,98.38759052,95.22892964
8/6/2010,0.697505,2.835509,98.65217264,3.48719,98.16369087,97.52689412,98.65217264,95.48842469
8/5/2010,0.704611,2.894899,100.5078462,3.55337,99.96612332,99.28300798,100.5078462,97.16588498
8/4/2010,0.731231,2.914631,101.9237131,3.5817,101.688011,101.1433333,101.9237131,98.79794831
8/3/2010,0.691826,2.871254,102.3522289,3.52286,102.082264,101.5207868,102.3522289,99.07693847
8/2/2010,0.724561,2.924154,102.3511603,3.5727,102.2518536,101.8367346,102.3511603,99.19888792
7/30/2010,0.719331,2.886252,101.6510458,3.48603,101.4968785,101.0337031,101.6510458,98.49613131
7/29/2010,0.761203,2.961209,101.8728368,3.55631,101.6497917,101.1697412,101.8728368,98.45643778
7/28/2010,0.779257,2.97547,101.3579714,3.57124,101.1142016,100.6646799,101.3579714,97.84623325
7/27/2010,0.838888,3.034353,102.9580305,3.62,102.5883264,102.0834138,102.9580305,99.4230826
7/26/2010,0.815668,3.002091,101.9437874,3.6203,101.3823123,100.8134887,101.9437874,98.01759514
7/23/2010,0.814347,3.003719,102.9043271,3.61862,101.9877788,101.0989475,102.9043271,98.43680981
7/22/2010,0.772137,2.929047,104.6233017,3.57445,103.5205968,102.4729555,104.6233017,99.80354429
7/21/2010,0.787463,2.895131,105.1195148,3.56787,103.8401137,102.7104747,105.1195148,100.159253
7/20/2010,0.795124,2.954662,104.6399453,3.63593,103.4828303,102.4598449,104.6399453,99.54301067
7/19/2010,0.827661,2.988737,105.1121232,3.65741,103.9074274,102.8314956,105.1121232,99.62921635
7/16/2010,0.8314,2.958258,105.0246634,3.59773,103.6392746,102.3940347,105.0246634,99.13631199
7/15/2010,0.864079,2.989854,106.3286874,3.61225,104.7072888,103.2487809,106.3286874,99.92110848
7/14/2010,0.892343,3.084157,106.5751737,3.70043,105.0982056,103.6987255,106.5751737,100.4547583
7/13/2010,0.940261,3.146556,106.9708489,3.75306,105.5291621,104.1991115,106.9708489,100.9220584
7/12/2010,0.940658,3.103117,106.5840924,3.71395,105.3151859,103.7605023,106.5840924,100.3926705
7/9/2010,0.932527,3.1049,107.2634567,3.71575,105.9400285,104.3148392,107.2634567,101.0093165
7/8/2010,0.918608,3.05694,107.8295368,3.71168,106.4862436,104.8235468,107.8295368,101.6851923
7/7/2010,0.934119,3.027127,107.0496891,3.69837,105.87505,104.2603227,107.0496891,101.0481209
7/6/2010,0.959885,3.008056,107.8567963,3.63513,106.4532282,104.6417688,107.8567963,101.2091427
7/2/2010,0.985196,3.055427,109.0055029,3.71696,107.4620689,105.4829165,109.0055029,101.952298
7/1/2010,0.969203,2.997332,111.0579487,3.69379,109.3816733,107.3649744,111.0579487,103.7107789
6/30/2010,0.970319,3.012594,111.4734536,3.72459,109.893186,107.8572618,111.4734536,104.2798145
6/29/2010,0.959006,3.019297,112.0826893,3.72533,110.6216745,108.6652826,112.0826893,105.0563239
6/28/2010,0.975759,3.08807,112.2733447,3.76157,110.8721468,108.9404678,112.2733447,105.0952446
6/25/2010,1.016733,3.17713,114.5041236,3.86458,112.9173677,110.7899588,114.5041236,107.0520428
6/24/2010,1.048491,3.184713,115.9609884,3.90814,114.2790059,112.0155044,115.9609884,108.122498
6/23/2010,1.013271,3.167403,115.7722724,3.83092,114.0429477,111.6369615,115.7722724,107.6455806
6/22/2010,1.020484,3.209092,117.5314386,3.87492,115.458096,112.7785564,117.5314386,108.8430167
6/21/2010,1.03013,3.263059,117.3806084,3.95504,114.9013037,111.9862085,117.3806084,108.4541656
6/18/2010,1.045109,3.26975,117.9889785,3.97044,115.4517855,112.4346774,117.9889785,108.9030105
6/17/2010,1.054834,3.243831,117.9512753,3.96819,115.2299004,112.1139885,117.9512753,108.685627
6/16/2010,1.089256,3.344517,118.0764509,4.05488,115.3455648,112.1656915,118.0764509,108.6891131
6/15/2010,1.112182,3.377315,118.6966003,4.07554,115.7462815,112.4409971,118.6966003,108.9846103
6/14/2010,1.115738,3.354929,119.2045786,4.03885,116.0831795,112.7198065,119.2045786,109.1561557
6/11/2010,1.103093,3.310732,119.9897113,4.02205,116.8075771,113.3076995,119.9897113,109.7996504
6/10/2010,1.144521,3.402034,120.3836805,4.10653,117.1570859,113.6485866,120.3836805,110.1230155
6/9/2010,1.115767,3.282582,121.0609212,3.99425,117.9247172,114.3502823,121.0609212,110.9152366
6/8/2010,1.159257,3.274465,123.0273249,3.99958,119.6846665,115.977794,123.0273249,112.4722882
6/7/2010,1.1813,3.285887,121.7046219,4.03222,118.2089155,114.448919,121.7046219,111.0861021
6/4/2010,1.18654,3.298269,121.3974471,4.0385,117.8821832,114.0239195,121.3974471,110.6949636
6/3/2010,1.247126,3.466412,120.009273,4.18758,116.6394775,112.9485924,120.009273,109.5681766
6/2/2010,1.243628,3.421898,120.5418929,4.17668,117.5386458,114.082533,120.5418929,110.4374186
6/1/2010,1.231966,3.385805,121.5143531,4.15107,118.4781893,114.9844761,121.5143531,111.3373166
5/28/2010,1.222404,3.375825,121.1490443,4.15474,118.019646,114.4243549,121.1490443,110.7326777
5/27/2010,1.272751,3.420704,121.2644077,4.18162,118.4830525,115.1769466,121.2644077,111.202703
5/26/2010,1.288245,3.300297,121.8087888,4.08488,119.2891411,116.1582739,121.8087888,112.1147123
5/25/2010,1.269022,3.246332,123.4899724,4.05822,121.1173181,118.0336253,123.4899724,113.8694834
5/24/2010,1.229387,3.283443,122.8842415,4.11355,120.5269912,117.4417094,122.8842415,113.0804145
5/21/2010,1.148302,3.232387,125.2707629,4.04344,122.6387858,119.1797677,125.2707629,114.813154
5/20/2010,1.112998,3.309386,127.8574243,4.0603,125.454011,122.2812506,127.8574243,118.030254
5/19/2010,1.123837,3.411855,126.3066249,4.12777,124.0566146,121.0331872,126.3066249,116.9675339
5/18/2010,1.117325,3.433988,125.3968611,4.1366,122.9922774,119.8960513,125.3968611,115.6301518
5/17/2010,1.127271,3.502788,124.7955645,4.19016,122.2064107,118.9836925,124.7955645,114.7778903
5/14/2010,1.123625,3.482895,124.943431,4.19185,122.4194846,119.2286413,124.943431,114.9818921
5/13/2010,1.137282,3.594946,121.4514661,4.28249,118.7963999,115.454046,121.4514661,111.3148076
5/12/2010,1.124986,3.600988,122.8152032,4.29267,120.1354297,116.6644109,122.8152032,112.711359
5/11/2010,1.137726,3.580522,123.9107517,4.28638,120.8687842,117.1750364,123.9107517,113.221608
5/10/2010,1.127125,3.5774,126.5480457,4.31165,123.2092321,119.413153,126.5480457,115.0978981
5/7/2010,1.164109,3.472227,128.3961083,4.25838,124.8536464,120.8174242,128.3961083,116.4927348
5/6/2010,1.16585,3.449695,135.1389311,4.22256,131.2509938,126.9384695,135.1389311,122.0703942
5/5/2010,1.179642,3.557652,130.7810918,4.33516,127.6781638,123.9876102,130.7810918,119.4090865
5/4/2010,1.23605,3.624644,127.7914547,4.38044,125.4485748,122.3856132,127.7914547,118.0708932
5/3/2010,1.243716,3.710879,122.2777261,4.43302,119.982654,117.051805,122.2777261,113.0300893
4/30/2010,1.179585,3.651217,121.6806127,4.3907,119.6095891,116.9357358,121.6806127,112.9182919
4/29/2010,1.169733,3.702332,117.6487571,4.42317,115.6405115,113.1238242,117.6487571,109.3950395
4/28/2010,1.208641,3.765886,119.3301889,4.46529,117.0985143,114.3958189,119.3301889,110.3311725
4/27/2010,1.193568,3.700525,120.3828053,4.40982,118.048252,115.3131507,120.3828053,111.0743968
4/26/2010,1.252943,3.819303,116.8719354,4.48697,114.7550596,112.2175182,116.8719354,108.1244989
4/23/2010,1.243602,3.808318,116.5895644,4.49658,114.4762865,111.9156064,116.5895644,107.8973643
4/22/2010,1.191256,3.762721,115.256492,4.47368,113.341627,110.9434264,115.256492,107.0255905
4/21/2010,1.153095,3.719309,114.3824579,4.4287,112.4948673,110.119381,114.3824579,106.2753082
4/20/2010,1.153572,3.782775,113.0490642,4.47168,111.0301154,108.6552221,113.0490642,104.792394
4/19/2010,1.124242,3.786838,111.9392655,4.46477,109.9359464,107.5919495,111.9392655,104.0684408
4/16/2010,1.090067,3.731669,111.6093563,4.42115,109.5481191,107.1020956,111.6093563,103.5070717
4/15/2010,1.159513,3.805431,112.74172,4.47895,110.5183313,107.9297507,112.74172,104.2511208
4/14/2010,1.180143,3.81153,113.649668,4.48641,111.3448551,108.618258,113.649668,104.8187232
4/13/2010,1.170631,3.754806,114.7388435,4.43649,112.129479,109.2222339,114.7388435,105.2266587
4/12/2010,1.174661,3.804109,114.7436622,4.46068,112.0410073,109.1054735,114.7436622,105.2473446
4/9/2010,1.194655,3.864088,114.6069119,4.5415,111.8671013,108.8700671,114.6069119,104.9758262
4/8/2010,1.186798,3.863765,115.0514903,4.55471,112.3408438,109.3090859,115.0514903,105.438896
4/7/2010,1.187832,3.841206,113.073562,4.53391,110.4716671,107.5141152,113.073562,103.869326
4/6/2010,1.265912,3.952677,112.4768367,4.63966,109.7824093,106.7880317,112.4768367,103.1107853
4/5/2010,1.319465,4.021955,113.8392351,4.67493,110.81229,107.6459327,113.8392351,103.5174242
4/1/2010,1.182143,3.851203,113.951902,4.55501,111.4632445,108.7203093,113.951902,105.0269695
3/31/2010,1.163219,3.799814,112.5440615,4.50331,110.0733361,107.4163813,112.5440615,103.8509984
3/30/2010,1.200829,3.818929,112.9792635,4.48989,110.3761349,107.5651657,112.9792635,103.9290348
3/29/2010,1.193703,3.813449,114.6336496,4.45928,111.8326519,108.8893149,114.6336496,105.3333021
3/26/2010,1.183165,3.783357,114.3774613,4.45679,111.5555417,108.5977596,114.3774613,105.0292299
3/25/2010,1.205953,3.818895,116.3174632,4.51081,113.255148,110.1829966,116.3174632,106.2202329
3/24/2010,1.193297,3.74219,117.6712097,4.44807,114.4055686,111.0907912,117.6712097,107.3316794
3/23/2010,1.13364,3.649879,115.9923768,4.32888,113.0827144,109.9269692,115.9923768,106.057806
3/22/2010,1.153002,3.688382,114.4566858,4.32647,111.8793065,109.0471934,114.4566858,105.3353184
3/19/2010,1.176926,3.724741,114.6993646,4.35592,112.0573932,109.097158,114.6993646,105.2951316
3/18/2010,1.122472,3.702176,113.8414914,4.33242,111.5308761,108.7866858,113.8414914,105.2566238
3/17/2010,1.087844,3.672693,113.0000545,4.29599,110.9195177,108.2586648,113.0000545,104.6525198
3/16/2010,1.086793,3.691372,113.9404453,4.31666,112.2219975,109.7730672,113.9404453,105.9086661
3/15/2010,1.130264,3.73799,115.3821834,4.33894,113.5664791,110.8521005,115.3821834,106.9298892
3/12/2010,1.156608,3.748816,115.8052507,4.34343,113.9915075,111.3845918,115.8052507,107.5401048
3/11/2010,1.14011,3.747887,116.600049,4.32585,114.8261496,112.1997473,116.600049,108.2399961
3/10/2010,1.111892,3.743187,116.294662,4.31726,114.753865,110.9125301,116.294662,107.1636745
3/9/2010,1.090415,3.738529,116.7200299,4.30864,115.0155944,112.3797008,116.7200299,108.4804539
3/8/2010,1.111368,3.749784,118.093595,4.3426,116.194332,113.434245,118.093595,109.5299611
3/5/2010,1.102122,3.716537,118.5566315,4.32644,116.7182655,113.9509467,118.5566315,110.0577235
3/4/2010,1.067009,3.631388,118.6400302,4.28354,116.8223624,114.0874835,118.6400302,110.1295134
3/3/2010,1.030401,3.662242,120.5919036,4.30757,118.3625068,115.3187691,120.5919036,111.2809056
3/2/2010,1.023099,3.672192,120.40466,4.33437,117.9958294,114.9318467,120.40466,111.0015932
3/1/2010,1.04076,3.677163,120.7595503,4.32837,118.1865071,115.0464085,120.7595503,111.207143
2/26/2010,1.038293,3.664264,120.6782082,4.29075,118.1396502,114.9915959,120.6782082,111.2152829
2/25/2010,1.049286,3.714575,120.2993655,4.35418,117.7494791,114.428445,120.2993655,110.6802753
2/24/2010,1.091282,3.777873,120.2782477,4.39585,117.6716626,114.476536,120.2782477,110.7904929
2/23/2010,1.112139,3.78339,120.0210627,4.39144,117.4932739,114.3871208,120.0210627,110.8415574
2/22/2010,1.165086,3.891744,120.1859203,4.46245,117.6040045,114.4966109,120.1859203,110.8495403
2/19/2010,1.200136,3.883704,122.1281058,4.48631,119.5269966,116.3546605,122.1281058,112.4259785
2/18/2010,1.146679,3.887266,123.0321944,4.46816,120.3203631,116.9955282,123.0321944,113.458911
2/17/2010,1.124663,3.837221,123.1431197,4.3914,120.4596624,117.1222923,123.1431197,113.4440159
2/16/2010,1.087202,3.759642,123.4043638,4.32327,120.6836835,117.3666209,123.4043638,113.6594608
2/12/2010,1.111656,3.782335,124.4255001,4.34606,121.5891654,118.1393252,124.4255001,114.3585891
2/11/2010,1.154758,3.823062,126.5446837,4.39879,123.6766639,120.2079975,126.5446837,116.079027
2/10/2010,1.163877,3.789163,128.3955805,4.40636,125.1538635,121.2635471,128.3955805,117.2002526
2/9/2010,1.11201,3.732538,127.8191744,4.36532,124.5391219,120.658627,127.8191744,116.6362464
2/8/2010,1.085982,3.688159,125.8949536,4.33204,122.5357096,118.7015891,125.8949536,114.7905451
2/5/2010,1.046009,3.643078,125.714753,4.2766,122.4719514,118.6714956,125.714753,114.728263
2/4/2010,1.101324,3.711799,126.3986621,4.32385,122.8774905,118.8814965,126.3986621,114.8216771
2/3/2010,1.15352,3.810696,127.2995847,4.39478,123.8550246,119.8250784,127.2995847,115.8594208
2/2/2010,1.128303,3.756553,126.3412558,4.36193,123.1171575,119.3410417,126.3412558,115.3590512
2/1/2010,1.135169,3.774011,127.8023489,4.38304,124.4037184,120.5555742,127.8023489,116.4790584
1/29/2010,1.107502,3.727263,129.5395694,4.36203,125.6449444,121.2001807,129.5395694,116.9901919
1/28/2010,1.134286,3.77201,131.1429368,4.40354,126.9855174,122.3197626,131.1429368,118.0614146
1/27/2010,1.157775,3.765497,130.9901829,4.38713,127.0519878,122.5369678,130.9901829,118.0904527
1/26/2010,1.105181,3.74372,131.8978748,4.37082,127.7036056,123.1185162,131.8978748,118.8614725
1/25/2010,1.106699,3.742572,133.8588451,4.38081,129.4525431,124.6760307,133.8588451,120.1803778
1/22/2010,1.100132,3.713958,133.6753877,4.34531,129.2769975,124.4114839,133.6753877,120.0631813
1/21/2010,1.118965,3.711175,133.2795104,4.33517,128.8110632,123.8344461,133.2795104,119.5459468
1/20/2010,1.147628,3.757722,133.9183502,4.36779,129.3503726,124.2414841,133.9183502,119.9423159
1/19/2010,1.155485,3.808284,134.9151099,4.40197,130.0066346,124.5813553,134.9151099,120.361523
1/15/2010,1.126805,3.772931,133.9910631,4.36967,129.1854222,123.8788368,133.9910631,119.6703302
1/14/2010,1.16393,3.824395,133.8477441,4.42659,128.746401,123.2719857,133.8477441,118.946245
1/13/2010,1.208416,3.883566,133.16012,4.45415,128.1701212,122.8235249,133.16012,118.6322803
1/12/2010,1.167005,3.814307,130.8272051,4.40876,125.6582621,120.2150406,130.8272051,116.0254456
1/11/2010,1.198059,3.91324,131.4612883,4.48888,125.9557026,120.2628025,131.4612883,116.0791538
1/8/2010,1.22073,3.90544,132.7260121,4.49953,126.8575386,120.8505736,132.7260121,117.040249
1/7/2010,1.279658,3.928588,134.6560006,4.50504,128.4377284,122.0945245,134.6560006,118.1775507
1/6/2010,1.260403,3.902569,135.1834373,4.47574,129.031052,122.6489918,135.1834373,118.643904
1/5/2010,1.282968,3.847633,134.4272295,4.43666,128.3318978,122.0876103,134.4272295,117.949067
1/4/2010,1.35003,3.950697,136.3139396,4.53253,129.8356092,123.3747099,136.3139396,119.2479495
12/31/2009,1.409785,3.963964,136.2144418,4.55925,129.673245,123.1301437,136.2144418,119.1310143
12/30/2009,1.360609,3.914475,135.0668526,4.52277,128.9322562,122.7150145,135.0668526,118.5386008
12/29/2009,1.385607,3.964316,137.8530764,4.55623,131.5317146,125.1378444,137.8530764,120.7727571
12/28/2009,1.380711,3.999354,139.7416115,4.59678,133.7725602,127.6667247,139.7416115,123.2911877
12/24/2009,1.318976,3.940559,139.4244871,4.54667,133.7596827,127.7246251,139.4244871,123.2063723
12/23/2009,1.266601,3.897799,139.0560856,4.49594,133.4857115,127.4763134,139.0560856,123.1803473
12/22/2009,1.252907,3.906843,141.4140436,4.4854,135.9204848,130.0069382,141.4140436,125.653901
12/21/2009,1.204673,3.832674,141.1636759,4.41004,135.868362,130.2911779,141.1636759,125.6226298
12/18/2009,1.117513,3.67056,137.9731073,4.26291,133.1431548,127.9389392,137.9731073,123.1634033
12/17/2009,1.096448,3.623472,137.5877806,4.19822,132.5151472,127.5950762,137.5877806,123.0737824
12/16/2009,1.197633,3.73355,136.9982553,4.32492,132.4837343,127.5123872,136.9982553,123.2682352
12/15/2009,1.227798,3.745912,137.6966177,4.35407,132.9927903,127.923098,137.6966177,123.6148282
12/14/2009,1.187104,3.675092,135.3360791,4.28317,130.5097618,125.4014332,135.3360791,120.9000739
12/11/2009,1.14433,3.652912,135.1938766,4.24709,130.7770848,125.9203839,135.1938766,121.5051556
12/10/2009,1.101029,3.593298,133.9762398,4.22515,130.8027254,125.1448779,133.9762398,120.9299907
12/9/2009,1.079161,3.543724,132.7021172,4.19167,128.7131904,124.1615091,132.7021172,120.1665251
12/8/2009,1.090387,3.521943,132.0899445,4.15043,128.1296464,123.7172806,132.0899445,119.8502571
12/7/2009,1.148298,3.593641,133.8124994,4.1946,129.6427056,125.1229036,133.8124994,120.958852
12/4/2009,1.214768,3.621168,136.0647413,4.24431,131.8114293,127.1721547,136.0647413,123.177928
12/3/2009,1.078154,3.497314,134.956412,4.16943,131.1652618,126.8906217,134.956412,122.9799834
12/2/2009,1.065716,3.428215,132.6073343,4.10651,129.2767616,125.4552429,132.6073343,121.4839042
12/1/2009,1.011684,3.379016,132.082722,4.04365,128.5634948,124.6226661,132.082722,120.6013454
11/30/2009,0.996613,3.295028,130.4215188,3.949,126.9370685,123.0283175,130.4215188,119.0695924
11/27/2009,1.014604,3.297593,130.3252681,3.95395,126.9157766,123.1115275,130.3252681,119.06605
11/25/2009,1.034222,3.364738,128.8342833,3.99745,125.7373564,122.267415,128.8342833,118.3127882
11/24/2009,1.013099,3.421512,128.4506057,4.00757,125.3447474,121.8380148,128.4506057,117.922394
11/23/2009,1.04762,3.469643,130.1576923,4.08914,125.2386567,122.7238834,130.1576923,118.8331571
11/20/2009,1.034071,3.469779,129.229251,4.11407,125.6942475,121.867239,129.229251,118.0119476
11/19/2009,1.021706,3.454774,128.8636931,4.14203,129.3480691,121.2457252,128.8636931,117.3627083
11/18/2009,1.045632,3.455492,130.2950925,4.13219,128.5456027,122.5104695,130.2950925,118.5975573
11/17/2009,1.052447,3.402424,130.3099634,4.08364,126.4206047,122.2901519,130.3099634,118.5421872
11/16/2009,1.058892,3.420349,130.6080296,4.02764,126.3411063,121.9702244,130.6080296,118.2394981
11/13/2009,1.133148,3.541334,131.6008715,4.12598,127.4417175,123.1778339,131.6008715,119.1706874
11/12/2009,1.119288,3.552717,129.9940282,4.20549,126.1087857,122.0425611,129.9940282,118.0582984
11/10/2009,1.156358,3.617692,130.5725047,4.25006,126.5228627,122.2954749,130.5725047,118.6991742
11/9/2009,1.17459,3.630825,131.9753618,4.27718,127.5389226,123.0670652,131.9753618,119.4603629
11/6/2009,1.174673,3.661515,133.894256,4.29318,129.279515,124.540441,133.894256,121.00536
11/5/2009,1.218439,3.694683,136.4622737,4.34027,131.3345487,126.2369993,136.4622737,122.4910323
11/4/2009,1.256703,3.71263,136.9075984,4.39722,131.9817809,127.0142518,136.9075984,123.0996578
11/3/2009,1.277162,3.650949,135.1678573,4.37341,130.6656319,126.1406857,135.1678573,122.1213238
11/2/2009,1.259354,3.602233,135.5248547,4.34084,130.9287834,126.4086275,135.5248547,122.3880629
10/30/2009,1.231258,3.560755,135.1238062,4.28974,130.7807722,126.4600785,135.1238062,122.4337429
10/29/2009,1.300084,3.666108,137.127885,4.35555,132.3079093,128.0887279,137.127885,123.9394897
10/28/2009,1.261282,3.582779,135.8277077,4.29321,131.5411036,127.1844567,135.8277077,123.0725437
10/27/2009,1.30192,3.640291,136.7714547,4.3817,132.3567244,127.9432984,136.7714547,123.8680565
10/26/2009,1.400906,3.736907,137.9787173,4.45896,133.3550722,128.7499656,137.9787173,124.6683114
10/23/2009,1.353165,3.647921,136.1937349,4.38826,131.9874948,127.6809384,136.1937349,123.7546263
10/22/2009,1.295186,3.599698,134.5136327,4.34888,130.317584,125.8982256,134.5136327,122.2809603
10/21/2009,1.312476,3.584644,134.4764178,4.35191,129.9861962,125.3749937,134.4764178,122.2249139
10/20/2009,1.268138,3.509712,132.4209963,4.3051,128.1661722,123.8468505,132.4209963,120.4565844
10/19/2009,1.332981,3.573231,133.462232,4.34231,129.0301728,124.5873885,133.462232,121.0269241
10/16/2009,1.344653,3.602087,133.8894808,4.35815,129.2956876,124.6912399,133.8894808,121.0772577
10/15/2009,1.325845,3.646079,135.1845797,4.40039,130.4070618,125.6553415,135.1845797,122.1341561
10/14/2009,1.287024,3.590641,133.9061177,4.32297,129.0251447,124.0556909,133.9061177,121.0676897
10/13/2009,1.241437,3.481237,131.6583603,4.21893,131.0399354,122.9925651,131.6583603,119.3184111
10/9/2009,1.32301,3.552494,133.2399382,4.25157,132.8490558,124.5286134,133.2399382,120.8685541
10/8/2009,1.21782,3.404377,129.5273153,4.12155,127.9390038,120.8220771,129.5273153,117.0814976
10/7/2009,1.190328,3.342414,130.3425863,4.09165,125.5044363,121.3601627,130.3425863,117.6620086
10/6/2009,1.232232,3.416824,131.757519,4.14112,127.7022691,122.6055471,131.757519,118.8992251
10/5/2009,1.223495,3.392103,131.6397156,4.13197,126.8722365,122.3515525,131.6397156,118.6535179
10/2/2009,1.213923,3.378161,130.9024669,4.10628,126.0120218,121.3352966,130.9024669,117.650162
10/1/2009,1.20911,3.336074,132.2476178,4.10367,127.4339555,122.7326549,132.2476178,119.0085105
9/30/2009,1.287773,3.449143,132.3928675,4.22467,127.6335519,122.8942966,132.3928675,119.1960284
9/29/2009,1.303623,3.434796,131.9163396,4.20862,127.2486902,122.6779658,131.9163396,118.9485094
9/28/2009,1.287585,3.443852,130.1944436,4.21577,125.7384592,121.3390113,130.1944436,117.6171271
9/25/2009,1.29411,3.492462,130.6823025,4.26938,126.2634866,121.8271895,130.6823025,118.1021391
9/24/2009,1.222888,3.561076,131.4006781,4.30776,127.2333147,123.0418497,131.4006781,119.3091544
9/23/2009,1.250055,3.60802,133.6293097,4.3747,128.9514895,124.1155149,133.6293097,120.0718553
9/22/2009,1.322021,3.670356,135.8750238,4.3859,131.2420185,126.4252254,135.8750238,122.3935182
9/21/2009,1.363533,3.701024,135.9188826,4.41353,132.1636341,126.1842543,135.9188826,122.1129641
9/18/2009,1.355701,3.677622,137.7095503,4.38725,132.7337893,127.512024,137.7095503,123.4398959
9/17/2009,1.286976,3.588375,138.3526269,4.31061,133.6130711,128.7115317,138.3526269,124.5479813
9/16/2009,1.313915,3.673573,140.3437515,4.3875,135.2854357,130.3562873,140.3437515,126.207611
9/15/2009,1.271307,3.659191,138.7312793,4.39235,134.0023849,129.0554509,138.7312793,125.237504
9/14/2009,1.236658,3.592279,137.0278612,4.35672,132.5354769,127.7727078,137.0278612,123.9536248
9/11/2009,1.19537,3.507462,136.0801777,4.28939,131.6409708,126.8528822,136.0801777,123.0171719
9/10/2009,1.199335,3.508997,135.5410945,4.28497,131.0352749,126.2493972,135.5410945,122.4534215
9/9/2009,1.251827,3.650995,134.4252837,4.39986,130.4769574,126.0602639,134.4252837,122.084671
9/8/2009,1.261849,3.661093,136.575922,4.41471,131.8420265,126.8927572,136.575922,122.9989076
9/4/2009,1.274677,3.64157,134.9654445,4.42369,130.7723737,126.4078892,134.9654445,122.501036
9/3/2009,1.246302,3.51956,135.6990743,4.36197,131.2997872,126.7143156,135.6990743,122.8855707
9/2/2009,1.235745,3.490431,136.1785355,4.31469,131.4889541,126.6926868,136.1785355,122.890615
9/1/2009,1.281722,3.592302,135.7853831,4.4018,131.3889287,126.8784592,135.7853831,123.1631973
8/31/2009,1.325747,3.606124,135.4854318,4.42184,131.391254,127.2524092,135.4854318,123.5262563
8/28/2009,1.365225,3.67704,135.9040715,4.48402,131.7056525,127.3077833,135.9040715,123.458522
8/27/2009,1.383745,3.686111,136.1323415,4.48932,131.5449574,126.7663814,136.1323415,122.9074844
8/26/2009,1.4091,3.677248,137.6419085,4.4625,132.6077805,127.4266253,137.6419085,123.8439142
8/25/2009,1.414736,3.699514,137.2593559,4.46678,131.6085471,126.01516,137.2593559,122.2275549
8/24/2009,1.433395,3.751186,139.7686218,4.48969,133.4022797,127.3511401,139.7686218,123.985624
8/21/2009,1.502166,3.808971,140.8158664,4.52183,134.8225313,128.9901044,140.8158664,125.0202114
8/20/2009,1.398651,3.674042,139.6779466,4.44681,133.6544266,127.8158451,139.6779466,123.8338044
8/19/2009,1.420447,3.713423,139.8980052,4.47725,133.5054527,127.3395145,139.8980052,123.2621719
8/18/2009,1.460258,3.775753,139.1818728,4.50866,132.7545071,126.6209064,139.1818728,122.4339094
8/17/2009,1.422864,3.698802,140.6064615,4.46616,133.5081537,126.891068,140.6064615,122.719953
8/14/2009,1.442565,3.767512,141.3028982,4.49058,134.2567096,127.5947778,141.3028982,123.3249433
8/13/2009,1.45483,3.805735,142.2610093,4.52706,135.250133,128.6356151,142.2610093,124.3444934
8/12/2009,1.515911,3.950028,142.8458059,4.63628,135.9556895,129.3312689,142.8458059,125.1580687
8/11/2009,1.604563,3.970979,143.7358123,4.6274,136.5300012,129.6804509,143.7358123,125.8408372
8/10/2009,1.68446,4.077638,144.9665168,4.69414,137.7523228,130.9586674,144.9665168,127.0249772
8/7/2009,1.751285,4.176282,146.4659176,4.80233,138.7116195,131.4403611,146.4659176,127.2588448
8/6/2009,1.637376,4.028486,143.3456315,4.70882,136.6614203,130.3513614,143.3456315,126.167834
8/5/2009,1.647738,4.024363,144.274312,4.6917,137.3949302,130.8540805,144.274312,126.6941806
8/4/2009,1.595693,3.918638,142.1806609,4.57818,135.7720415,129.3514953,142.1806609,124.9571863
8/3/2009,1.578659,3.891951,142.3092735,4.52002,134.9249149,129.3768694,142.3092735,125.7349736
7/31/2009,1.464713,3.732165,137.7380463,4.39662,131.0153124,124.785687,137.7380463,120.989829
7/30/2009,1.561362,3.882424,137.205855,4.54111,130.4552228,124.2304175,137.205855,120.455653
7/29/2009,1.526784,3.906196,137.4796194,4.54564,130.8373771,124.6031171,137.4796194,120.8442598
7/28/2009,1.486085,3.90765,137.7438273,4.58806,132.0623741,126.672916,137.7438273,122.8628275
7/27/2009,1.440901,3.939789,140.1068716,4.63864,134.6950673,129.6034091,140.1068716,126.0375759
7/24/2009,1.442218,3.891673,139.2001356,4.60961,133.5281331,128.1341735,139.2001356,124.5575469
7/23/2009,1.482994,3.950283,138.9695119,4.67137,133.261128,127.8810459,138.9695119,124.2987009
7/22/2009,1.365286,3.753963,137.2631647,4.49585,131.7477585,126.4560617,137.2631647,122.8450297
7/21/2009,1.339582,3.675172,139.5986358,4.44506,130.7142306,127.3857324,139.5986358,123.9176303
7/20/2009,1.428463,3.819698,139.7218021,4.56841,133.4798288,127.3959307,139.7218021,123.9253034
7/17/2009,1.462751,3.881248,142.0261969,4.63048,135.2757829,128.6838245,142.0261969,125.21264
7/16/2009,1.412958,3.774362,140.3534695,4.57215,138.6223146,127.530608,140.3534695,123.7589245
7/15/2009,1.4627,3.838472,141.5587545,4.64541,140.767956,128.8553413,141.5587545,125.131243
7/14/2009,1.365756,3.660941,137.7121932,4.47507,134.8891299,125.7061636,137.7121932,122.2427601
7/13/2009,1.314685,3.539364,135.3681107,4.40426,130.7192985,123.4854704,135.3681107,120.1194076
7/10/2009,1.277738,3.467977,134.1899511,4.33427,128.2382199,122.8170045,134.1899511,119.4416951
7/9/2009,1.282787,3.577882,134.8290202,4.43346,128.688576,122.7848075,134.8290202,119.3595686
7/8/2009,1.242282,3.454374,134.4937426,4.32917,127.9262544,121.6916348,134.4937426,118.3760479
7/7/2009,1.333621,3.647957,135.6993284,4.47649,128.691216,122.200732,135.6993284,119.0229649
7/6/2009,1.332822,3.705907,137.5843972,4.51321,129.373666,121.8345907,137.5843972,118.6577838
7/2/2009,1.387902,3.708335,138.6825071,4.51238,130.4585212,122.6867031,138.6825071,119.5045757
7/1/2009,1.473048,3.77459,140.6645488,4.55199,132.3881306,124.7474876,140.6645488,121.5721185
6/30/2009,1.522892,3.764496,140.8647541,4.58369,131.9599512,124.0884902,140.8647541,120.8361376
6/29/2009,1.478536,3.702726,140.7890151,4.53823,132.2358044,124.2590942,140.7890151,120.5883389
6/26/2009,1.445889,3.698477,140.4427783,4.52963,131.8234032,123.9808228,140.4427783,120.3101574
6/25/2009,1.468634,3.75827,140.6808959,4.55736,131.9176316,123.3459213,140.6808959,119.7890279
6/24/2009,1.588612,3.920178,139.6362112,4.72952,130.6947194,122.3376231,139.6362112,118.8947016
6/23/2009,1.554275,3.879998,142.7009805,4.71717,133.6791924,125.3640026,142.7009805,121.7743292
6/22/2009,1.588273,3.935149,143.2897406,4.70692,134.0136838,125.8006916,143.2897406,122.2040211
6/19/2009,1.686425,4.041223,143.7731852,4.79977,137.103727,126.3103096,143.7731852,122.7185534
6/18/2009,1.742009,4.073763,147.0420902,4.86953,137.6616345,129.1089646,147.0420902,125.5454004
6/17/2009,1.583795,3.833238,139.8808065,4.55337,131.5871604,124.0900628,139.8808065,120.4763334
6/16/2009,1.620427,3.88685,139.4012484,4.65143,131.176448,124.0081354,139.4012484,120.2236913
6/15/2009,1.626163,3.949074,139.1673978,4.71585,131.009928,123.5993668,139.1673978,119.8351084
6/12/2009,1.681213,4.065711,141.6932846,4.84314,133.3283812,125.9053298,141.6932846,122.1498458
6/11/2009,1.775333,4.207639,146.433308,4.9734,135.670758,129.0193886,146.433308,124.9136533
6/10/2009,1.820163,4.326674,148.8248049,5.05803,139.3291347,130.7602005,148.8248049,126.6635188
6/9/2009,1.756407,4.216013,145.8142488,4.96809,136.0771412,127.4490141,145.8142488,123.3979115
6/8/2009,1.925498,4.324874,147.6891205,5.02103,137.1944756,128.0984021,147.6891205,124.1040682
6/5/2009,1.815049,4.224682,147.3179246,4.91336,135.4716594,126.6441546,147.3179246,124.1295326
6/4/2009,1.424606,4.043516,141.2128849,4.72477,132.0489456,123.9815366,141.2128849,121.8450042
6/3/2009,1.318792,3.832975,133.6167382,4.53166,126.0438616,118.2763797,133.6167382,115.232157
6/2/2009,1.392995,3.964967,136.2447695,4.60383,127.3507488,119.3447423,136.2447695,115.9521466
6/1/2009,1.436901,4.029625,140.5809027,4.65719,131.092116,122.8828756,140.5809027,119.4950458
5/29/2009,1.312879,3.649056,131.8790539,4.3483,123.9169072,116.7170293,131.8790539,113.3254369
5/28/2009,1.388316,3.961354,138.640614,4.69701,129.4867125,121.3990308,138.640614,118.0338371
5/27/2009,1.387802,3.989587,142.286057,4.54613,133.5129927,125.4404128,142.286057,122.074198
5/26/2009,1.3381,3.653249,133.1171706,4.1848,125.31147,118.7625248,133.1171706,115.2475012
5/22/2009,1.285301,3.593125,128.3198628,4.12679,121.4086761,115.541909,128.3198628,112.7758296
5/21/2009,1.228652,3.454399,124.2822799,4.0625,120.2727624,111.7512634,124.2822799,108.9690724
5/20/2009,1.186296,3.290996,119.9986652,3.96589,113.9802612,108.7879458,119.9986652,105.9881238
5/19/2009,1.252584,3.318616,119.7832369,4.00194,113.7293568,108.6733105,119.7832369,105.6263535
5/18/2009,1.270859,3.290222,118.9478406,3.99902,112.9506094,108.2105953,118.9478406,105.1092857
5/15/2009,1.25714,3.216231,119.315667,3.94836,113.5912375,108.8490355,119.315667,105.7261469
5/14/2009,1.278544,3.206824,118.0863229,3.93771,112.4077944,107.595994,118.0863229,104.4466236
5/13/2009,1.281546,3.191583,115.0293983,3.93444,109.3840764,104.7705486,115.0293983,101.5905905
5/12/2009,1.33436,3.271179,112.5096721,3.98366,107.0528734,102.848488,112.5096721,100.2433544
5/11/2009,1.366294,3.289742,112.6626835,3.99949,107.109926,102.8137056,112.6626835,100.2122642
5/8/2009,1.432191,3.409637,114.4387999,4.12926,108.893484,104.5843512,114.4387999,101.9974492
5/7/2009,1.43492,3.407247,115.3884592,4.08542,109.8623008,105.5353351,115.3884592,103.0179219
5/6/2009,1.417283,3.268264,114.1368756,3.96813,108.889639,104.6219484,114.1368756,102.105589
5/5/2009,1.472796,3.291188,114.5983015,3.98397,109.3753317,105.1100624,114.5983015,102.5807764
5/4/2009,1.514568,3.31074,114.4058206,4.03828,109.012864,104.8391619,114.4058206,102.3087475
5/1/2009,1.495284,3.315071,114.2234795,4.08589,109.1294981,104.8841585,114.2234795,102.3395719
4/30/2009,1.472844,3.230578,111.8284352,4.0141,106.8801018,102.9465825,111.8284352,100.389094
4/29/2009,1.490758,3.199932,110.7505381,3.9857,106.0412976,102.1626207,110.7505381,99.64069294
4/28/2009,1.500545,3.107796,110.527071,3.90251,105.5342225,101.4584881,110.527071,98.61438227
4/27/2009,1.475335,3.056193,112.400721,3.83804,107.396338,103.3084208,112.400721,100.4566408
4/24/2009,1.577352,3.142292,113.6677493,3.99335,108.9294375,103.9376261,113.6677493,101.2217726
4/23/2009,1.555088,3.060996,110.8932825,3.99401,106.0623525,101.9462239,110.8932825,99.73012255
4/22/2009,1.591395,3.105644,111.0680388,4.02445,106.2825571,102.1908092,111.0680388,99.98250882
4/21/2009,1.595623,3.059852,109.1035553,3.99604,104.5087512,100.5018571,109.1035553,98.40067477
4/20/2009,1.537321,3.026742,108.751912,3.99622,103.957298,100.0259456,108.751912,98.12050328
4/17/2009,1.560201,3.101928,110.0169403,4.03458,104.9989836,100.7896501,110.0169403,98.88791364
4/16/2009,1.45692,2.972716,106.5135986,3.97094,101.7353004,97.76840302,106.5135986,95.84336846
4/15/2009,1.391819,2.922056,104.1223425,3.93676,99.6553413,95.96187477,104.1223425,94.04664671
4/14/2009,1.421058,2.96828,103.5152074,3.95807,99.22024,95.67469569,103.5152074,93.77597265
4/13/2009,1.451487,3.043698,105.3114435,3.98164,100.9595664,97.40104898,105.3114435,95.50225323
4/9/2009,1.505534,3.113653,106.727214,4.01888,102.5974312,99.17253164,106.727214,96.79972298
4/8/2009,1.498916,3.055896,106.5026188,3.93131,102.4035005,98.96799711,106.5026188,96.59063537
4/7/2009,1.518608,3.126051,107.2616925,4.0099,103.15903,99.92636199,107.2616925,97.56511148
4/6/2009,1.553411,3.150686,109.5388008,4.06849,105.7608972,102.7753266,109.5388008,100.3915225
4/3/2009,1.537275,3.090069,106.4473602,4.07413,103.4740338,100.7830661,106.4473602,98.40032506
4/2/2009,1.433084,2.930946,103.9794897,3.98127,101.4851385,99.17586307,103.9794897,96.68428148
4/1/2009,1.386639,2.858407,103.1474407,3.90441,100.7352035,98.69650514,103.1474407,95.81582703
3/31/2009,1.383054,2.870444,103.9424707,3.8956,101.6605884,100.0977517,103.9424707,97.22584159
3/30/2009,1.399322,2.894757,102.4255845,3.88421,100.1601872,98.48175485,102.4255845,95.63785478
3/27/2009,1.446489,2.942812,100.8043072,3.91313,98.4439614,96.86053296,100.8043072,94.45844588
3/26/2009,1.474163,2.931126,100.2470515,3.93591,97.1797792,95.03523434,100.2470515,92.62937853
3/25/2009,1.535318,2.998249,99.65595686,3.96227,95.6675401,92.60339475,99.65595686,90.49675996
3/24/2009,1.500305,2.912573,97.30779233,3.93485,93.2185223,90.00217374,97.30779233,87.70246598
3/23/2009,1.491461,2.933934,100.1866651,3.92894,95.8752528,92.55390927,100.1866651,90.24891616
3/20/2009,1.50836,2.946635,102.2572335,3.89692,97.9235985,94.38376777,102.2572335,92.07931992
3/19/2009,1.492052,2.892992,100.7973078,3.83377,96.7039447,92.91239447,100.7973078,90.59897472
3/18/2009,1.452091,2.919074,110.2676686,3.87716,106.5222852,98.4626273,110.2676686,96.12296748
3/17/2009,1.714575,3.216939,118.0353763,4.20916,111.5306328,105.8678333,118.0353763,103.6735335
3/16/2009,1.682364,3.161943,120.2230386,4.20653,113.5949628,107.9719846,120.2230386,105.7762699
3/13/2009,1.661615,3.11044,121.0770334,4.17876,114.7415532,108.8392596,121.0770334,106.6456631
3/12/2009,1.673052,3.066728,124.0992394,4.17572,117.6722347,111.7536459,124.0992394,109.5397625
3/11/2009,1.717634,3.120189,124.7571287,4.22952,117.9876096,112.5017585,124.7571287,110.2927536
3/10/2009,1.781127,3.208244,126.3933888,4.2873,119.929675,114.3369088,126.3933888,112.007817
3/9/2009,1.767406,3.130911,127.9195044,4.26007,121.120443,115.52898,127.9195044,113.1892856
3/6/2009,1.689782,3.079482,127.1770431,4.21441,120.3611628,114.8146935,127.1770431,112.4752948
3/5/2009,1.639737,3.089201,128.2031638,4.22296,114.0301138,115.5934737,128.2031638,112.9390424
3/4/2009,1.684018,3.314985,129.411663,4.38778,123.5923172,117.7106743,129.411663,115.0980122
3/3/2009,1.621149,3.243044,129.1559546,4.35917,123.170391,117.9925609,129.1559546,115.3778086
3/2/2009,1.579024,3.234095,128.4181585,4.39784,122.5172512,117.715794,128.4181585,115.0954068
2/27/2009,1.679976,3.340155,128.9662699,4.45539,123.5411376,118.6634641,128.9662699,115.9615294
2/26/2009,1.702301,3.278334,125.8643992,4.4149,121.4760675,116.3674016,125.8643992,113.6446243
2/25/2009,1.721203,3.245511,127.5916907,4.40221,122.6803956,118.227124,127.5916907,115.4075703
2/24/2009,1.626598,3.054629,122.2017052,4.28183,117.430604,113.1095878,122.2017052,110.2968969
2/23/2009,1.581041,3.017942,121.6569879,4.2296,116.418512,112.6031404,121.6569879,109.6861157
2/20/2009,1.582227,3.026553,122.6805138,4.19569,117.35152,113.3929344,122.6805138,110.4651602
2/19/2009,1.628653,3.106902,122.0170505,4.24084,117.287182,113.0121776,122.0170505,110.0823517
2/18/2009,1.616986,3.011381,120.589829,4.11982,115.9971895,111.8134385,120.589829,108.8772935
2/17/2009,1.565518,2.947734,121.5538886,4.09683,116.733177,112.4236635,121.5538886,109.4586751
2/13/2009,1.635973,3.121386,121.8873246,4.24557,117.2537907,113.0429331,121.8873246,109.7956926
2/12/2009,1.504434,2.948261,118.6488399,4.05528,114.7080389,110.8436055,118.6488399,107.5756548
2/11/2009,1.559623,3.00801,118.68871,4.0733,114.4778986,111.0558288,118.68871,108.3505401
2/10/2009,1.623777,3.110622,125.4189396,4.16012,120.136586,116.7087015,125.4189396,114.0120566
2/9/2009,1.627319,3.256314,125.7570779,4.34913,120.9308991,116.9990059,125.7570779,114.3249279
2/6/2009,1.572586,3.205287,128.1246243,4.36683,124.7774801,118.662912,128.1246243,115.9573753
2/5/2009,1.621007,3.133533,126.0967969,4.31812,121.0882746,117.2089152,126.0967969,114.4738058
2/4/2009,1.654579,3.134287,126.8611921,4.34958,121.869384,117.4892684,126.8611921,114.2111221
2/3/2009,1.628418,3.054505,122.2558755,4.28905,121.0837475,113.1115283,122.2558755,109.8111513
2/2/2009,1.627894,2.946248,121.1707165,4.15784,116.211905,112.3878697,121.1707165,109.2682274
1/30/2009,1.659166,3.069719,118.0551593,4.29037,113.0497488,109.8580045,118.0551593,106.7826959
1/29/2009,1.544331,3.02668,116.6406095,4.29591,112.284072,108.7489828,116.6406095,105.6716226
1/28/2009,1.43954,2.86144,115.6347402,4.00898,111.5314497,107.9970067,115.6347402,104.862872
1/27/2009,1.424398,2.729068,115.4048667,3.91328,111.1054224,107.9138344,115.4048667,104.8845374
1/26/2009,1.493764,2.828603,115.8685778,4.02083,111.733665,108.2245641,115.8685778,105.2505382
1/23/2009,1.46312,2.78163,112.3528326,4.00493,108.6009012,104.5896383,112.3528326,101.9616752
1/22/2009,1.420987,2.726403,110.5237232,4.05342,106.1903223,102.536726,110.5237232,99.90470687
1/21/2009,1.444099,2.643242,109.0679679,4.08436,104.9926995,100.7851444,109.0679679,98.4959744
1/20/2009,1.305612,2.455414,108.1695762,3.92854,103.3466592,99.9584585,108.1695762,97.62451517
1/16/2009,1.300746,2.422533,106.2029604,3.91302,101.91369,98.72771337,106.2029604,96.42700583
1/15/2009,1.344506,2.368212,106.4655512,3.80857,102.530513,99.00519021,106.4655512,96.62166727
1/14/2009,1.245225,2.345304,102.5200963,3.75495,99.0624851,95.31813644,102.5200963,93.70896207
1/13/2009,1.247677,2.442312,100.4194605,3.75991,96.5529801,93.69710658,100.4194605,92.10550047
1/12/2009,1.242199,2.447832,102.2392192,3.79585,98.6645444,94.86432358,102.2392192,93.12591948
1/9/2009,1.283506,2.546601,102.204132,3.81249,98.228422,94.75520819,102.204132,93.01688655
1/8/2009,1.383454,2.596366,105.6539599,3.72187,100.6937514,96.59783166,105.6539599,93.92008781
1/7/2009,1.419306,2.700312,108.3545172,3.60119,102.7961922,98.0469665,108.3545172,95.40690336
1/6/2009,1.4833,2.784099,111.6735796,3.60517,105.2781312,99.32343264,111.6735796,97.38444415
1/5/2009,1.565862,2.853495,114.11298,4.06922,106.0303002,100.3720097,114.11298,98.32470944
1/2/2009,1.645211,2.801223,115.011436,3.63296,107.625592,101.6330614,115.011436,99.60566401
12/31/2008,1.47199,2.572684,115.9772992,4.00708,108.3741625,102.2583075,115.9772992,100.1843007
12/30/2008,1.4376,2.473621,116.1994803,3.89246,108.4043233,102.4926351,116.1994803,100.3339409
12/29/2008,1.461797,2.471974,117.7212126,3.75228,109.794996,103.5653638,117.7212126,99.95561569
12/26/2008,1.559668,2.495534,117.1307273,3.87289,106.6068032,102.9783015,117.1307273,100.3374393
12/24/2008,1.575686,2.558288,115.8575563,4.00553,108.3737069,102.0093086,115.8575563,99.99661164
12/23/2008,1.547059,2.497705,116.1339246,4.10336,108.9279845,102.089925,116.1339246,100.016826
12/22/2008,1.575523,2.461165,114.3649791,4.03628,107.6544508,101.9584392,114.3649791,99.88414603
12/19/2008,1.508971,2.416575,113.0682003,3.79982,107.8424629,100.8839992,113.0682003,99.3398494
12/18/2008,1.529646,2.300299,113.2147571,3.77292,106.8772656,100.7505262,113.2147571,99.53947305
12/17/2008,1.527312,2.36769,113.6991953,3.79209,106.6864392,99.28217356,113.6991953,97.52952688
12/16/2008,1.498394,2.541289,121.677843,3.98071,115.5363552,106.7439406,121.677843,105.3128231
12/15/2008,1.781312,2.757654,133.8045357,4.1355,125.0420315,116.9269555,133.8045357,115.5752681
12/12/2008,2.01601,2.813749,139.1992311,4.10814,129.3179052,121.144578,139.1992311,118.7350898
12/11/2008,1.944315,2.867976,138.3556571,4.11336,129.5099088,121.4136164,138.3556571,119.0720094
12/10/2008,1.956153,2.941372,135.9841547,4.35737,127.8784576,119.1914103,135.9841547,117.6889244
12/9/2008,2.039596,2.966,135.6594591,4.52121,127.530009,118.5123134,135.6594591,116.4206162
12/8/2008,2.137563,2.989715,134.2745197,4.70612,125.533227,117.7690133,134.2745197,115.9737164
12/5/2008,2.13221,2.939053,135.1840221,4.72506,127.3883317,118.445625,135.1840221,116.8483175
12/4/2008,2.007209,2.891186,133.4149059,4.48864,123.7497022,116.48183,133.4149059,114.4972709
12/3/2008,1.996375,2.94944,130.4806763,4.56259,121.5433275,113.6250393,130.4806763,112.1388608
12/2/2008,1.976966,2.921557,133.484844,4.65028,132.78408,116.0885882,133.484844,114.0849281
12/1/2008,1.984604,2.92567,140.6632396,4.6019,131.736165,123.7058765,140.6632396,121.3392596
11/28/2008,2.109416,3.151186,143.2218586,4.82937,133.7755032,126.3395013,143.2218586,124.7666644
11/26/2008,2.118022,3.191187,142.9991413,4.76604,133.2939966,126.112245,142.9991413,123.7924027
11/25/2008,2.128405,3.238753,143.2783544,4.75014,133.0324452,125.5788617,143.2783544,123.3709168
11/24/2008,2.347558,3.567325,142.2477071,5.34056,133.3972946,125.9607257,142.2477071,123.1480568
11/21/2008,2.155429,3.409686,155.3879239,5.35168,145.8423744,137.9457088,155.3879239,134.2653329
11/20/2008,2.036878,3.281976,162.1866225,5.40782,154.0519344,145.7155138,162.1866225,141.2940642
11/19/2008,2.144553,3.644511,155.8544747,5.45948,146.583835,138.556182,155.8544747,135.5193958
11/18/2008,2.215507,3.8266,149.4680693,5.4702,140.3135359,131.9866699,149.4680693,127.5415376
11/17/2008,2.288289,4.010354,144.516288,5.54453,135.1071216,126.8011624,144.516288,122.3686689
11/14/2008,2.391881,4.075218,140.4938912,5.49487,130.427946,123.1590672,140.4938912,119.8254536
11/13/2008,2.41526,4.139341,133.326258,5.55392,125.287246,117.556464,133.326258,115.11292
11/12/2008,2.252934,4.033773,131.016431,5.42963,123.007357,116.0343048,131.016431,113.3461862
11/10/2008,2.329718,4.169135,132.3507757,5.57721,124.5027288,117.1483222,132.3507757,113.9592428
11/7/2008,2.439553,4.189797,131.5646241,5.48216,123.1666044,115.689581,131.5646241,112.9404744
11/6/2008,2.395652,4.132043,129.5210559,5.48354,121.269302,114.4144197,129.5210559,111.5139525
11/5/2008,2.419545,4.092956,128.5342136,5.44883,120.4709402,113.7158528,128.5342136,110.7303966
11/4/2008,2.506041,4.253975,124.9602816,5.59651,117.298015,110.898892,124.9602816,108.1442634
11/3/2008,2.666502,4.42777,126.4818303,5.94965,118.6638336,111.924384,126.4818303,108.6472988
10/31/2008,2.769499,4.452159,126.503792,5.98811,119.0566464,112.1839492,126.503792,108.5371434
10/30/2008,2.752443,4.417498,126.3655764,6.024,118.7958,111.719643,126.3655764,108.0292796
10/29/2008,2.698065,4.362875,129.8916108,6.01414,121.7636994,113.9737824,129.8916108,110.1389606
10/28/2008,2.721535,4.353602,132.7376592,6.04844,126.0125312,118.1110492,132.7376592,114.142819
10/27/2008,2.734799,4.214651,135.0239884,5.91991,128.0752506,119.703045,135.0239884,115.6778408
10/24/2008,2.73085,4.169499,134.6791238,5.67504,127.8417552,120.2031136,134.6791238,116.1031522
10/23/2008,2.613971,3.931824,136.8039384,5.41055,129.1628745,120.7702584,136.8039384,116.4514833
10/22/2008,2.564236,4.023531,127.27616,5.37637,120.8814321,114.7960944,127.27616,110.5803821
10/21/2008,2.526338,4.088626,126.6791056,5.3554,120.3418535,114.2489348,126.6791056,109.8014379
10/20/2008,2.727538,4.346409,126.612465,5.50881,120.081146,114.7810952,126.612465,110.3969783
10/17/2008,2.732593,4.480452,132.2392552,5.82867,124.6436814,118.243238,132.2392552,113.7531486
10/16/2008,2.851166,4.51601,134.7118033,5.84358,127.5028224,121.567312,134.7118033,116.9884788
10/15/2008,2.967153,4.598728,133.34805,5.90519,126.3265092,120.335211,133.34805,115.825836
10/14/2008,3.020798,4.606087,145.6347622,6.01234,138.2325734,131.717856,145.6347622,126.2970033
10/10/2008,3.047938,4.467199,145.3879888,5.84477,138.143965,131.6950089,145.3879888,126.2862916
10/9/2008,3.125244,4.412258,134.90989,5.66674,128.1599496,122.101716,134.90989,117.3535488
10/8/2008,2.883051,4.225915,127.6978584,5.45232,121.363415,115.796324,127.6978584,111.3307073
10/7/2008,2.776168,4.114711,128.287705,5.26288,122.3271852,116.9791536,128.287705,112.5854124
10/6/2008,2.728538,4.056925,121.7138064,5.21162,115.7992206,110.694948,121.7138064,106.6215384
10/3/2008,3.117659,4.304025,121.668156,5.4475,115.6771896,110.3495582,121.668156,106.133144
10/2/2008,3.269094,4.339739,121.68996,5.45694,115.6773772,110.358577,121.68996,106.1341744
10/1/2008,3.376581,4.423004,120.4879914,5.49707,114.6955452,109.4983132,120.4879914,105.423027
9/30/2008,3.484215,4.485561,120.6004954,5.5156,114.763142,109.4972204,120.6004954,105.4217115
9/29/2008,3.135566,4.265467,120.3836284,5.36504,114.2061492,108.9183406,120.3836284,104.9885508
9/26/2008,3.48677,4.502357,113.791212,5.45085,108.7157414,104.1490932,113.791212,100.3414751
9/25/2008,3.627402,4.567672,114.9787989,5.4753,109.5740032,104.773428,114.9787989,100.943808
9/24/2008,3.641287,4.523705,114.5279615,5.46486,109.1409576,104.2965915,114.5279615,100.4897022
9/23/2008,3.482066,4.551461,109.3913547,5.46543,104.9790429,100.365941,109.3913547,96.6684818
9/22/2008,3.365657,4.504811,109.3927128,5.43345,104.992717,100.37572,109.3927128,96.675481
9/19/2008,3.33028,4.438926,112.1470105,5.29412,107.6272925,102.7011606,112.1470105,98.9148672
9/18/2008,3.008923,4.098395,118.0321736,5.24059,112.4655048,107.1198018,118.0321736,102.802509
9/17/2008,2.894649,4.07801,118.615119,5.21897,112.5576,106.9616664,118.615119,103.1989992
9/16/2008,2.945926,4.125855,119.0027564,5.19951,113.0306655,107.4466128,119.0027564,103.494096
9/15/2008,2.792744,4.091808,113.1604034,5.01762,107.4216192,102.1629408,113.1604034,98.5726032
9/12/2008,3.171008,4.341974,106.8655819,5.3042,102.2188869,97.9341168,106.8655819,94.401003
9/11/2008,3.110218,4.221021,107.1139564,5.20018,102.5595832,98.225253,107.1139564,94.588812
9/10/2008,3.142793,4.254247,107.2360494,5.20774,102.6648144,98.3771208,107.2360494,94.8187436
9/9/2008,3.1414,4.223919,107.320572,5.14552,102.7372803,98.5431851,107.320572,94.8195542
9/8/2008,3.178877,4.26599,107.0385773,5.11343,102.4463682,98.1157962,107.0385773,94.254516
9/5/2008,3.211959,4.33852,108.32613,5.64419,103.8823232,99.6874736,108.32613,95.7279807
9/4/2008,3.159692,4.3207,108.95054,5.60593,104.4759584,100.2266261,108.95054,96.4015749
9/3/2008,3.226805,4.388797,106.9272425,5.70324,102.9410736,98.8013312,106.9272425,95.0116608
9/2/2008,3.257924,4.43395,106.6470656,5.76158,102.7535975,98.64318,106.6470656,94.5146384
8/29/2008,3.322951,4.48171,106.526667,5.79853,102.5231854,98.284725,106.526667,94.383142
8/28/2008,3.311683,4.480522,106.9512084,5.76723,102.6569292,98.4659377,106.9512084,94.4244957
8/27/2008,3.274983,4.480607,106.622304,5.8015,102.1525156,98.1542886,106.622304,94.289629
8/26/2008,3.326038,4.500234,107.6383508,5.83232,102.977143,98.893755,107.6383508,94.8788772
8/25/2008,3.338742,4.52436,107.9563576,5.87194,103.448565,99.122556,107.9563576,95.1977085
8/22/2008,3.408379,4.578684,107.1163387,5.93749,102.7024024,98.537439,107.1163387,94.7241099
8/21/2008,3.315073,4.539065,107.4629552,5.9001,103.1586701,99.1469685,107.4629552,95.4242664
8/20/2008,3.25946,4.510762,106.6031343,5.80583,102.3748952,98.4664359,106.6031343,94.6601379
8/19/2008,3.335858,4.587452,104.8720617,5.95402,100.60843,96.7037775,104.8720617,92.897948
8/18/2008,3.372233,4.584197,103.7453544,5.95599,99.7876746,96.27384,103.7453544,92.456912
8/15/2008,3.376172,4.597081,103.302381,5.96405,99.2925072,95.6686815,103.302381,91.9867731
8/14/2008,3.390215,4.61881,102.7319616,6.03352,99.0118404,95.5489832,102.7319616,91.8490416
8/13/2008,3.405973,4.657876,103.2610416,6.05706,99.319599,95.719666,103.2610416,92.023227
8/12/2008,3.366404,4.644886,102.0121856,6.02876,98.3606462,94.9763799,102.0121856,91.3609532
8/11/2008,3.482401,4.740563,101.2614025,6.08798,97.7080615,94.526481,101.2614025,90.8894222
8/8/2008,3.439047,4.697163,101.5990885,6.00624,98.245912,95.023104,101.5990885,91.407899
8/7/2008,3.39756,4.686819,102.2469008,6.05188,98.5310736,95.1104908,102.2469008,91.4387993
8/6/2008,3.500252,4.784367,102.643623,6.12899,98.974462,95.628764,102.643623,91.9705536
8/5/2008,3.467543,4.736145,102.1645152,6.04893,98.6468418,95.5720066,102.1645152,91.758843
8/4/2008,3.477446,4.71713,102.5039752,6.01006,98.621809,95.1747357,102.5039752,91.2529585
8/1/2008,3.429195,4.665987,102.6022449,5.94304,98.7970764,95.3012352,102.6022449,91.586592
7/31/2008,3.421194,4.676946,103.5814656,5.9366,99.6431405,96.2431744,103.5814656,92.5002498
7/30/2008,3.480803,4.725274,104.0728104,5.98257,100.2134875,96.6638439,104.0728104,92.8692202
7/29/2008,3.519705,4.743755,105.4052274,6.02543,101.5087045,98.0124055,105.4052274,94.1356857
7/28/2008,3.484044,4.713696,105.4072545,5.97205,101.46238,97.8568363,105.4072545,94.0033115
7/25/2008,3.604681,4.800393,105.790014,6.09366,101.6027028,97.8580608,105.790014,94.2001814
7/24/2008,3.523199,4.702826,107.3176803,5.96688,102.8363508,97.945904,107.3176803,94.2055672
7/23/2008,3.726293,4.852373,106.5955894,6.12548,102.3333903,98.3821254,106.5955894,94.4865864
7/22/2008,3.66384,4.827177,106.7547338,6.15327,102.5068902,98.476433,106.7547338,94.6146684
7/21/2008,3.610664,4.811443,108.7369704,6.11861,104.066056,99.818496,108.7369704,95.8123888
7/18/2008,3.617192,4.848522,108.9369135,6.13689,104.5354576,100.4527964,108.9369135,96.386624
7/17/2008,3.544044,4.791941,109.166125,6.03498,104.524825,100.2088045,109.166125,96.232928
7/16/2008,3.355636,4.624003,108.753404,5.84484,104.5350196,100.5872932,108.753404,96.5127306
7/15/2008,3.30742,4.531448,110.357356,5.69922,106.278308,102.1469487,110.357356,97.827066
7/14/2008,3.381869,4.572146,111.2126918,5.7262,106.805664,102.6974065,111.2126918,98.663695
7/11/2008,3.465268,4.625959,110.82757,5.78406,106.5591675,102.5862736,110.82757,98.5009592
7/10/2008,3.35709,4.521131,109.4695784,5.7032,105.4629333,101.570232,109.4695784,97.4891645
7/9/2008,3.324401,4.529877,109.1297772,5.71617,105.129237,101.3783259,109.1297772,97.4437816
7/8/2008,3.400266,4.620801,109.6641653,5.81904,105.3010416,101.338904,109.6641653,97.363884
7/7/2008,3.444391,4.708713,109.5677472,5.951,105.1996023,101.337969,109.5677472,97.2496465
7/3/2008,3.514819,4.725628,110.251701,5.94638,105.800098,101.5783766,110.251701,97.6024518
7/2/2008,3.536674,4.687424,111.2558944,5.90336,106.5889281,102.3311703,111.2558944,98.3422362
7/1/2008,3.559367,4.707039,111.670416,5.87926,106.8976062,102.6576484,111.670416,98.5820052
6/30/2008,3.55017,4.671748,111.5012688,5.82023,106.8080896,102.4739768,111.5012688,98.3480816
6/27/2008,3.557856,4.698562,112.2664921,5.84366,106.945866,102.1452222,112.2664921,98.138592
6/26/2008,3.588062,4.73828,111.9454092,5.90352,106.6933509,102.076407,111.9454092,97.752068
6/25/2008,3.724495,4.811398,109.6743865,5.95788,104.741021,100.030659,109.6743865,95.7455106
6/24/2008,3.779108,4.808403,109.3842533,5.9575,104.4167166,99.5606452,109.3842533,95.7366405
6/23/2008,3.865348,4.872747,108.2189988,5.98819,103.635376,99.030599,108.2189988,95.0995472
6/20/2008,3.75702,4.824497,107.885008,5.92151,102.6258363,97.98316,107.885008,94.2234026
6/19/2008,3.82403,4.845327,106.509204,5.94374,101.216997,96.6620292,106.509204,92.9208348
6/18/2008,3.769077,4.80536,106.498175,5.90615,101.102966,96.3852624,106.498175,92.6137186
6/17/2008,3.874084,4.908069,107.4651039,6.00955,101.8737345,97.185306,107.4651039,93.3303884
6/16/2008,3.990148,4.957804,108.2080944,6.08137,102.44448,97.3522542,108.2080944,93.62949
6/13/2008,3.97419,4.96888,109.275156,6.05793,103.1736024,98.1103192,109.275156,94.293132
6/12/2008,3.930493,4.906317,109.041218,6.01778,102.726855,97.2632512,109.041218,93.4284844
6/11/2008,3.742186,4.783548,109.15981,5.88874,102.8637134,97.3175591,109.15981,93.4894912
6/10/2008,3.840161,4.85386,111.8710188,5.96254,105.352896,99.5682607,111.8710188,95.8316499
6/9/2008,3.671677,4.738007,113.4853952,5.81817,107.1498252,101.745386,113.4853952,98.405028
6/6/2008,3.326481,4.688841,110.5572736,5.72572,104.8293608,99.6074992,110.5572736,96.2143804
6/5/2008,3.362786,4.757987,106.2836331,5.76712,100.494636,95.1949104,106.2836331,91.9433064
6/4/2008,3.277794,4.617381,105.2899976,5.66156,99.8661342,94.9615224,105.2899976,91.7791824
6/3/2008,3.274171,4.551024,104.7866967,5.55953,99.503628,94.5523493,104.7866967,91.4852826
6/2/2008,3.341161,4.619337,104.9167148,5.60869,99.3420432,94.5167817,104.9167148,91.346266
5/30/2008,3.456001,4.691524,103.962955,5.67041,98.625261,93.820628,103.962955,90.6842976
5/29/2008,3.487319,4.734228,104.8211844,5.71441,99.2728548,94.3394912,104.8211844,91.141272
5/28/2008,3.438015,4.654679,103.5624879,5.635,98.612504,94.02096,103.5624879,90.8662924
5/27/2008,3.329731,4.560713,103.973323,5.51062,99.2273216,94.9125814,103.973323,91.691268
5/23/2008,3.228907,4.45262,103.586099,5.40601,98.791602,94.4157632,103.586099,91.304375
5/22/2008,3.313496,4.529818,103.94002,5.4751,99.1017716,94.7011422,103.94002,91.652789
5/21/2008,3.161827,4.417317,102.912057,5.35903,98.32072,94.129147,102.912057,91.0278327
5/20/2008,3.084512,4.3657,103.700575,5.30407,98.7189802,94.043724,103.700575,90.9579528
5/19/2008,3.168753,4.413102,103.1564387,5.35742,98.0099673,93.6167808,103.1564387,90.5113055
5/16/2008,3.231463,4.438241,105.197427,5.39561,99.8116588,95.2233915,105.197427,92.0780321
5/15/2008,3.241122,4.438443,106.2926522,5.40203,101.1851208,96.2390706,106.2926522,92.946994
5/14/2008,3.384911,4.567437,107.938986,5.55211,102.7473846,98.1127985,107.938986,94.9220624
5/13/2008,3.301986,4.549449,108.67464,5.54224,103.6197798,99.16423,108.67464,96.0513652
5/12/2008,3.067193,4.378031,108.3478968,5.40558,103.7260165,99.374526,108.3478968,95.9713733
5/9/2008,3.017582,4.370935,108.1219327,5.35232,103.516294,99.1792982,108.1219327,95.8299768
5/8/2008,3.018691,4.3919,106.6758881,5.32256,102.17612,97.5029298,106.6758881,94.0784992
5/7/2008,3.114662,4.480094,103.865839,5.39367,99.5831217,95.4317988,103.865839,92.5151315
5/6/2008,3.16492,4.51769,103.3819188,5.43589,99.0355116,94.9359208,103.3819188,92.04111
5/5/2008,3.191471,4.460092,102.5777,5.4155,98.127018,93.8639394,102.5777,91.0380336
5/2/2008,3.212856,4.456633,102.188271,5.38863,97.927788,93.8890688,102.188271,91.1276268
5/1/2008,3.151691,4.364506,104.9716672,5.34362,100.3823564,96.1713156,104.9716672,93.1388418
4/30/2008,3.111999,4.372499,108.3040896,5.40219,103.0840965,98.2905884,108.3040896,95.2509936
4/29/2008,3.192899,4.452676,109.76049,5.47144,104.5253682,99.6369108,109.76049,96.557074
4/28/2008,3.235414,4.470142,110.1317668,5.49081,104.8402432,99.8457598,110.1317668,96.6823936
4/25/2008,3.301506,4.515463,110.3284875,5.5306,105.042744,100.0626454,110.3284875,96.9827456
4/24/2008,3.274418,4.484559,111.1724509,5.51979,105.6618752,100.4539899,111.1724509,97.3498581
4/23/2008,3.120052,4.372451,110.2897402,5.4325,104.8581375,99.7281812,110.2897402,96.620529
4/22/2008,3.132354,4.353223,110.63179,5.38548,105.0606528,99.817866,110.63179,96.6405588
4/21/2008,3.092477,4.363313,110.5833387,5.42507,104.932359,99.8640114,110.5833387,96.6299756
4/18/2008,3.110698,4.411195,111.209625,5.48385,106.0881036,101.4617722,111.209625,98.0987326
4/17/2008,3.070482,4.431771,114.3659972,5.57791,108.5208948,103.1204655,114.3659972,99.6552888
4/16/2008,2.932571,4.423456,113.9370139,5.54358,108.2853884,102.9759471,113.9370139,99.4525389
4/15/2008,2.738204,4.271409,110.9464668,5.38224,105.479748,100.209832,110.9464668,98.0929719
4/14/2008,2.616019,4.183737,110.5829334,5.2727,105.3703014,100.3211432,110.5829334,98.0526771
4/11/2008,2.570566,4.116635,111.4826544,5.2083,106.241368,101.2901751,111.4826544,98.0849433
4/10/2008,2.643205,4.172974,109.7401544,5.2699,104.600295,99.6959138,109.7401544,96.571332
4/9/2008,2.564041,4.121066,107.6239726,5.19316,102.6923205,97.9349699,107.6239726,94.707675
4/8/2008,2.672821,4.209143,107.55154,5.28216,102.876377,98.2895848,107.55154,95.10948
4/7/2008,2.700848,4.182331,109.244485,5.23363,104.2995465,99.299457,109.244485,96.0510691
4/4/2008,2.619805,4.112789,108.75141,5.16736,103.4690766,98.46144,108.75141,95.3292132
4/3/2008,2.756537,4.275601,107.3596349,5.37571,102.561182,98.0082159,107.3596349,94.8456078
4/2/2008,2.724032,4.25317,108.049004,5.43194,103.376076,98.5465572,108.049004,95.2638757
4/1/2008,2.603816,4.188923,109.479168,5.36824,104.5931744,99.5096187,109.479168,96.1772715
3/31/2008,2.440462,4.08327,112.885028,5.26202,106.9765011,100.9599914,112.885028,97.6189067
3/28/2008,2.51101,4.149642,112.548409,5.28215,106.9616474,101.1878382,112.548409,97.752758
3/27/2008,2.548086,4.204075,116.4969168,5.39164,109.755261,103.4438353,116.4969168,99.9435236
3/26/2008,2.541506,4.145706,116.8972948,5.29599,109.8940234,103.4037078,116.8972948,99.8273269
3/25/2008,2.586466,4.127165,117.7556813,5.30409,110.7499284,104.224076,117.7556813,100.4083992
3/24/2008,2.62438,4.144596,117.5763975,5.3473,110.3446204,103.7988994,117.5763975,100.0237392
3/20/2008,2.403803,3.953699,116.6139361,5.06543,109.6552471,103.229724,116.6139361,99.4196242
3/19/2008,2.287159,3.959003,115.600124,5.1225,108.733354,102.4170938,115.600124,98.6945065
3/18/2008,2.343884,4.087025,118.3618332,5.26363,111.536108,105.2701949,118.3618332,101.3320054
3/17/2008,2.145706,3.950599,122.856555,5.08274,115.436562,108.5755824,122.856555,104.6038425
3/14/2008,2.303105,4.135339,123.4193364,5.47714,115.7715454,108.5824378,123.4193364,104.5515416
3/13/2008,2.507707,4.260241,121.2002743,5.5453,113.9182857,107.0202972,121.2002743,103.077455
3/12/2008,2.543379,4.233848,119.945805,5.50334,112.9438716,106.3814448,119.945805,102.520512
3/11/2008,2.659608,4.384466,121.218462,5.77938,114.2044504,107.682704,121.218462,103.860342
3/10/2008,2.497148,4.310269,124.9716474,5.76087,117.575559,110.3422375,124.9716474,106.4079648
3/7/2008,2.539073,4.413123,124.9105388,5.79413,117.764794,110.26638,124.9105388,106.3176
3/6/2008,2.660398,4.515177,123.7903182,5.94293,116.7067188,109.9510776,123.7903182,106.010046
3/5/2008,2.679179,4.491726,120.2116104,5.81134,113.629444,107.5254202,120.2116104,103.664988
3/4/2008,2.572318,4.321483,120.1122675,5.63182,114.4024131,109.0096854,120.1122675,105.4558901
3/3/2008,2.518842,4.237195,117.5606038,5.43774,111.610389,106.0035819,117.5606038,102.2634546
2/29/2008,2.509859,4.222486,117.6125906,5.35969,111.7482245,105.6070614,117.6125906,101.982825
2/28/2008,2.729151,4.418135,114.7201187,5.4989,109.229585,103.564582,114.7201187,100.0734825
2/27/2008,2.818922,4.538189,115.6057963,5.69071,110.0391187,104.3030016,115.6057963,100.467648
2/26/2008,2.887025,4.572318,116.9369376,5.78509,111.1713755,105.4880532,116.9369376,101.9538652
2/25/2008,2.980926,4.648047,118.8685218,5.86195,112.8181026,106.8699675,118.8685218,103.2031781
2/22/2008,2.89021,4.550267,118.3904022,5.71944,112.346923,105.8953365,118.3904022,102.3359325
2/21/2008,2.843935,4.495922,118.1162205,5.5927,112.050432,105.6653087,118.1162205,102.1808736
2/20/2008,2.999518,4.64947,116.115445,5.76701,110.3940507,104.4623898,116.115445,100.7037654
2/19/2008,2.91888,4.638679,115.6879348,5.73451,110.260488,104.3864087,115.6879348,100.8043915
2/15/2008,2.745398,4.514123,115.3092402,5.50329,109.9775423,104.4883962,115.3092402,100.7409234
2/14/2008,2.728074,4.563086,114.7294176,5.51998,108.5448404,103.2716796,114.7294176,99.6804809
2/13/2008,2.678327,4.381793,111.1295262,5.32945,105.592032,100.599318,111.1295262,97.085912
2/12/2008,2.711477,4.363474,109.8741255,5.25661,104.2800486,99.3290584,109.8741255,95.9516452
2/11/2008,2.685413,4.292372,109.8959885,5.19384,104.7475464,99.9350253,109.8959885,96.6149625
2/8/2008,2.687984,4.322804,108.25174,5.20211,103.3257829,99.0628288,108.25174,95.6911572
2/7/2008,2.739419,4.393182,108.1938494,5.26285,103.3082175,99.049367,108.1938494,95.5730475
2/6/2008,2.696698,4.252357,107.2058425,5.11977,102.494836,98.5302829,107.2058425,95.2057728
2/5/2008,2.701009,4.220917,106.7782848,5.04078,102.2363538,98.1875737,106.7782848,94.7879796
2/4/2008,2.801951,4.27915,105.9806464,5.14855,101.883911,97.5856032,105.9806464,94.1327544
2/1/2008,2.812227,4.23166,106.4829213,5.07129,102.223684,97.9311466,106.4829213,94.4050433
1/31/2008,2.84064,4.269607,107.433243,5.12147,102.6967604,98.7341838,107.433243,95.2835407
1/30/2008,2.913954,4.361765,105.7574898,5.18726,101.4211233,97.4115895,105.7574898,94.1087565
1/29/2008,2.923807,4.252815,108.3732937,5.11346,103.4911038,99.0660704,108.3732937,95.8282305
1/28/2008,2.851867,4.186096,109.2320853,5.03004,104.231162,99.662888,109.2320853,96.368408
1/25/2008,2.874154,4.184616,110.3138943,5.08433,105.506658,101.1848704,110.3138943,97.633298
1/24/2008,2.898935,4.272919,109.457744,5.20552,104.5028824,100.232704,109.457744,96.78082
1/23/2008,2.622789,4.041958,108.107948,4.86534,103.6022481,99.3646044,108.107948,95.9808573
1/22/2008,2.690013,4.10347,104.542659,4.82456,100.5468498,96.926148,104.542659,93.7690418
1/18/2008,3.014823,4.263824,102.4124018,5.07507,99.0710105,96.236888,102.4124018,92.9942428
1/17/2008,3.073175,4.248323,101.514075,5.04624,98.3050536,95.5515962,101.514075,92.341072
1/16/2008,3.151293,4.320059,101.488079,5.12728,98.185328,95.2925544,101.488079,92.083101
1/15/2008,3.168174,4.281089,101.6532232,5.04364,98.3600379,95.496507,101.6532232,92.3638968
1/14/2008,3.207309,4.381292,101.214106,5.13481,97.867484,95.060295,101.214106,92.0121804
1/11/2008,3.252178,4.415348,100.443196,5.17318,97.330453,94.4208462,100.443196,91.3107
1/10/2008,3.413653,4.497616,101.0707392,5.28583,97.378735,94.427454,101.0707392,91.3255582
1/9/2008,3.430568,4.404045,101.6336773,5.2107,98.4229092,95.3932392,101.6336773,92.2771192
1/8/2008,3.493086,4.4409,100.342015,5.25517,97.024278,93.9909468,100.342015,90.8668728
1/7/2008,3.505908,4.448545,102.2128845,5.23878,98.8403346,95.67239,102.2128845,92.5075087
1/4/2008,3.499182,4.476275,104.1815788,5.28617,100.383637,97.001041,104.1815788,93.7827228
1/3/2008,3.6144,4.544945,104.018802,5.3789,100.341598,97.25256,104.018802,93.882884
1/2/2008,3.642464,4.533161,104.5267752,5.39414,100.862424,97.7804368,104.5267752,94.417575
12/31/2007,3.805578,4.66485,103.8579102,5.5067,100.344573,97.2854128,103.8579102,93.9451162
12/28/2007,3.866619,4.738818,102.3433565,5.59539,99.2674624,96.532499,102.3433565,93.2653856
12/27/2007,4.006181,4.865214,100.6064806,5.73511,97.948235,95.4261468,100.6064806,92.2102653
12/26/2007,4.070035,4.932634,100.3341474,5.79908,97.5014173,95.0729794,100.3341474,91.900664
12/24/2007,4.026746,4.868513,100.427472,5.74257,97.636084,95.004129,100.427472,92.0041655
12/21/2007,3.998596,4.813985,100.3495864,5.68464,97.6364148,95.0170434,100.3495864,91.9287138
12/20/2007,3.886924,4.667901,101.160115,5.52723,97.9412139,95.2058624,101.160115,92.1125016
12/19/2007,3.95708,4.702814,99.5637785,5.53357,96.7643328,94.033734,99.5637785,90.91862
12/18/2007,4.025608,4.751578,98.5861748,5.61771,96.0346688,93.6605219,98.5861748,90.603576
12/17/2007,4.124524,4.867226,98.208682,5.73971,95.7874144,93.442525,98.208682,90.3974072
12/14/2007,4.167844,4.914754,97.484412,5.75288,95.200853,93.0744438,97.484412,89.9846598
12/13/2007,4.079886,4.825163,98.588208,5.66802,95.858016,93.5133261,98.588208,90.4534528
12/12/2007,4.010858,4.764425,99.4308952,5.59488,96.6050921,93.822318,99.4308952,90.7674089
12/11/2007,4.022599,4.722414,100.8563177,5.54528,97.7416343,94.9521305,100.8563177,91.8931027
12/10/2007,4.112195,4.871672,99.6441108,5.7185,96.9876935,94.4298565,99.6441108,91.278168
12/7/2007,4.078122,4.833047,100.2221044,5.68009,97.8379053,95.655662,100.2221044,92.314395
12/6/2007,3.938473,4.68008,99.991135,5.49202,97.394479,95.2482336,99.991135,92.036061
12/5/2007,3.842277,4.586696,101.357136,5.40073,98.812483,96.4071792,101.357136,93.2538668
12/4/2007,3.845951,4.565352,102.3322624,5.39349,99.7371348,97.2860499,102.3322624,94.0836996
12/3/2007,3.855475,4.557226,101.976506,5.39401,99.879,97.899314,101.976506,94.5797724
11/30/2007,3.897846,4.617988,102.1312182,5.43923,100.0017003,97.936986,102.1312182,94.597674
11/29/2007,3.921169,4.614591,104.7205788,5.48448,102.5730696,100.550423,104.7205788,97.0742498
11/28/2007,4.012199,4.697692,104.2739888,5.58194,102.489372,100.5702174,104.2739888,97.00098
11/27/2007,3.958051,4.644742,106.7289716,5.62014,104.4489135,102.34773,106.7289716,98.7465162
11/26/2007,3.858886,4.555618,104.1243552,5.47701,102.1821618,100.226522,104.1243552,96.6113482
11/23/2007,4.009083,4.772267,101.4943518,5.66973,99.604172,97.9167792,101.4943518,94.3008768
11/21/2007,4.011899,4.828244,101.248872,5.72955,99.562788,97.8158142,101.248872,94.4157904
11/20/2007,4.115681,4.861419,99.326304,5.80547,97.9853942,96.22541,99.326304,92.8942336
11/19/2007,4.124412,4.849424,98.14441,5.74195,96.8295792,95.313174,98.14441,92.0199987
11/16/2007,4.168403,4.883687,96.2837128,5.77368,95.1979424,93.8733516,96.2837128,90.6489337
11/15/2007,4.171907,4.896927,96.5122898,5.74313,95.494878,94.4787164,96.5122898,91.293798
11/14/2007,4.309476,4.982883,94.098186,5.81237,93.4465792,92.5631232,94.098186,89.4827997
11/13/2007,4.29005,4.986095,95.282719,5.83079,94.4354334,93.3885164,95.282719,90.1510714
11/9/2007,4.23619,4.970192,97.310448,5.81494,96.1616236,94.8318009,97.310448,91.6455456
11/8/2007,4.263443,5.031551,97.9955704,5.85192,96.4362462,94.9916916,97.9955704,91.6706696
11/7/2007,4.37806,5.06583,94.7932887,5.87137,93.5873853,92.2206816,94.7932887,88.989059
11/6/2007,4.432597,5.071731,92.0156094,5.86598,91.0202562,89.831493,92.0156094,86.6777563
11/5/2007,4.408338,5.017792,92.0339315,5.81429,90.9978128,89.7896314,92.0339315,86.6258526
11/2/2007,4.345219,4.96616,91.7123529,5.72404,90.623953,89.571895,91.7123529,86.617782
11/1/2007,4.449503,5.008707,91.0256906,5.76173,89.9312484,89.069214,91.0256906,85.9311376
10/31/2007,4.550296,5.103372,88.7487488,5.82636,88.17254,87.3368495,88.7487488,84.2847568
10/30/2007,4.432982,5.023561,90.6358075,5.74383,89.70311,88.671534,90.6358075,85.6122608
10/29/2007,4.426513,5.014441,92.4082803,5.74053,91.300438,90.07856,92.4082803,87.002335
10/26/2007,4.388658,5.028971,92.5936115,5.7513,91.47488,90.200847,92.5936115,87.0782496
10/25/2007,4.360311,4.977182,93.8578186,5.69814,92.348753,90.887214,93.8578186,87.8377102
10/24/2007,4.361573,4.953038,93.3655632,5.68865,91.8561096,90.3363864,93.3655632,87.1895262
10/23/2007,4.457751,5.023165,92.1436334,5.77363,90.8156009,89.474001,92.1436334,86.3133392
10/22/2007,4.472044,5.026975,92.1658266,5.79053,91.0483307,89.7711482,92.1658266,86.7420771
10/19/2007,4.474771,5.040335,91.6959654,5.78826,90.471492,89.0165353,91.6959654,86.0078296
10/18/2007,4.587449,5.137977,90.99981,5.85501,89.725776,88.438308,90.99981,85.3598928
10/17/2007,4.646112,5.178852,90.2113127,5.90414,89.2244024,88.1186712,90.2113127,85.1073846
10/16/2007,4.756783,5.281386,88.1034408,5.9741,87.246159,86.3262582,88.1034408,83.503599
10/15/2007,4.818187,5.297706,86.2537819,5.98213,85.5372085,84.8493877,86.2537819,82.080807
10/12/2007,4.842136,5.302878,86.7255795,5.98161,85.8681906,85.0721711,86.7255795,82.375098
10/11/2007,4.783481,5.264612,87.9765964,5.9681,86.8775027,85.9799448,87.9765964,83.2402818
10/10/2007,4.826304,5.267328,89.0376914,5.98497,87.7331829,86.701283,89.0376914,83.8949068
10/9/2007,4.831396,5.278328,90.6965598,5.98408,89.3760266,88.0417872,90.6965598,85.0416055
10/5/2007,4.786189,5.271611,91.9648048,5.98487,90.6478195,89.3997867,91.9648048,86.4703775
10/4/2007,4.673243,5.145143,92.191947,5.88909,90.5691042,89.3492289,92.191947,86.5385919
10/3/2007,4.689386,5.157383,91.9404556,5.90551,90.49164,89.0150768,91.9404556,85.7777499
10/2/2007,4.65352,5.147423,93.1569582,5.91811,91.4707326,89.858313,93.1569582,86.5039212
10/1/2007,4.679962,5.182934,94.22128,5.93729,92.400886,90.6575257,94.22128,87.4492416
9/28/2007,4.631845,5.197956,94.2142014,5.95066,92.552383,90.9142656,94.2142014,87.7732408
9/27/2007,4.588085,5.19431,94.312408,5.92373,92.7270932,91.2665088,94.312408,88.046568
9/26/2007,4.646165,5.260746,94.3359245,5.98048,92.714193,91.0344659,94.3359245,87.7496004
9/25/2007,4.675371,5.269888,94.5600234,5.97037,92.912394,91.3007046,94.5600234,88.187724
9/24/2007,4.691427,5.273227,93.155432,5.97496,91.785904,90.39936,93.155432,87.3804224
9/21/2007,4.67362,5.274556,93.1941885,5.95164,91.9941573,90.6842684,93.1941885,87.6180906
9/20/2007,4.707633,5.311759,92.5622704,5.96554,91.38852,90.2232444,92.5622704,87.117092
9/19/2007,4.583496,5.130114,91.0855132,5.795,90.2074392,89.2188284,91.0855132,86.0716636
9/18/2007,4.601736,5.106903,92.6370404,5.79823,91.262952,89.9817201,92.6370404,86.8811096
9/17/2007,4.759565,5.145389,93.5533872,5.894,92.1541632,90.6176125,93.5533872,87.4065615
9/14/2007,4.723571,5.125616,93.711276,5.89106,92.4001358,91.0380208,93.711276,87.8280495
9/13/2007,4.761126,5.129897,94.9414944,5.9126,93.2201389,91.6741318,94.9414944,88.3404386
9/12/2007,4.720825,5.052106,95.933602,5.87022,94.304028,92.5940091,95.933602,89.2244139
9/11/2007,4.704314,5.013967,94.5770616,5.80365,93.0972944,91.6904754,94.5770616,88.3423723
9/10/2007,4.609121,4.971444,93.638128,5.73113,92.03292,90.4132719,93.638128,87.1414668
9/7/2007,4.627926,5.018228,92.1428095,5.76133,90.4901998,88.9096253,92.1428095,85.682637
9/6/2007,4.819791,5.169164,90.4037848,5.9335,88.8022369,87.3426276,90.4037848,84.2035655
9/5/2007,4.785951,5.167186,91.0204614,5.92707,89.5196,88.1583179,91.0204614,85.0108046
9/4/2007,4.898402,5.253553,90.1393896,6.01567,88.892585,87.6818136,90.1393896,84.5316394
8/31/2007,4.885797,5.236278,90.7073151,5.99344,89.1883852,87.9550371,90.7073151,84.7769315
8/30/2007,4.812131,5.207176,91.015083,5.97114,89.4015168,88.0828379,91.015083,84.92264
8/29/2007,4.853405,5.263883,90.7228141,5.97927,89.274906,87.8697841,90.7228141,84.8809752
8/28/2007,4.820081,5.23626,90.6322976,5.9438,88.948358,87.5865012,90.6322976,84.5271856
8/27/2007,4.911834,5.262887,89.100273,5.97041,87.5058244,86.3136459,89.100273,83.380104
8/24/2007,4.976138,5.291174,89.4875419,5.98703,87.8964705,86.5644192,89.4875419,83.6592786
8/23/2007,4.912646,5.321203,92.2367652,6.02021,90.1351488,88.2812952,92.2367652,85.3274028
8/22/2007,4.857572,5.333462,93.8394747,6.02985,92.2510736,90.2299728,93.8394747,87.125787
8/21/2007,4.762584,5.32905,95.3297073,6.01298,93.5758782,91.3363968,95.3297073,87.918068
8/20/2007,4.792758,5.387039,94.7327634,6.07633,93.185073,91.0309568,94.7327634,87.8972924
8/17/2007,4.810857,5.424123,95.4594111,6.11128,93.5691932,91.3147072,95.4594111,88.0431496
8/16/2007,4.776454,5.381753,96.7775364,6.14169,95.1443198,93.6909312,96.7775364,90.1673472
8/15/2007,4.924399,5.44479,93.1674752,6.20664,91.971789,90.7552539,93.1674752,87.743061
8/14/2007,4.986722,5.467113,92.2034498,6.1677,91.395035,90.2724516,92.2034498,87.156233
8/13/2007,5.019678,5.494989,91.7666859,6.16927,91.0970901,90.077547,91.7666859,87.0805188
8/10/2007,5.004557,5.490977,92.5024569,6.15063,91.7665976,90.6927168,92.5024569,87.6453816
8/9/2007,5.012259,5.479889,92.1959016,6.12613,91.3931795,90.5562141,92.1959016,87.425178
8/8/2007,5.140942,5.525621,88.7588496,6.16603,88.532208,87.8255583,88.7588496,84.8267615
8/7/2007,5.064055,5.453438,89.2345844,6.10728,88.9657713,88.2804135,89.2345844,85.3374912
8/6/2007,5.031658,5.461183,91.4230012,6.12133,91.222527,90.5969452,91.4230012,87.5625154
8/3/2007,5.004627,5.43562,91.15364,6.10397,90.9092918,90.3386658,91.15364,87.270516
8/2/2007,5.092705,5.478663,90.524225,6.17056,90.116603,89.526978,90.524225,86.5518514
8/1/2007,5.079709,5.497167,91.9135602,6.20234,91.5214818,90.952068,91.9135602,87.8732118
7/31/2007,5.092254,5.509511,92.964256,6.22355,93.0705696,92.373579,92.964256,89.2008936
7/30/2007,5.103875,5.554261,93.7403658,6.24717,93.7045788,92.96441,93.7403658,89.63178
7/27/2007,5.094665,5.545116,94.790724,6.21896,94.5078755,93.7937286,94.790724,90.6292772
7/26/2007,5.114517,5.518214,92.6263302,6.2137,92.663532,92.1541008,92.6263302,89.4808782
7/25/2007,5.259489,5.603347,87.4330875,6.27441,87.6462304,88.270312,87.4330875,85.8703994
7/24/2007,5.294363,5.640637,86.0796558,6.28258,86.1389118,86.6471738,86.0796558,84.234272
7/23/2007,5.317373,5.648194,83.9961932,6.28112,84.1737852,84.6800515,83.9961932,82.3246088
7/20/2007,5.296981,5.638954,84.229008,6.265,84.419439,84.7891765,84.229008,82.456794
7/19/2007,5.347485,5.688709,82.559169,6.30406,83.0015158,83.395639,82.559169,81.071555
7/18/2007,5.339515,5.679953,82.7496645,6.28572,83.308257,83.420041,82.7496645,81.085851
7/17/2007,5.399168,5.741053,82.6644244,6.33529,83.2056315,83.2851942,82.6644244,80.9440752
7/16/2007,5.358092,5.697245,82.975776,6.30073,83.3177336,83.2462965,82.975776,80.8822155
7/13/2007,5.410811,5.753644,83.431117,6.33145,83.745962,83.533852,83.431117,81.0610227
7/12/2007,5.411592,5.765746,83.4153001,6.33541,83.764037,83.4426045,83.4153001,81.0256824
7/11/2007,5.377091,5.74631,83.6714592,6.3107,84.0231168,83.66785,83.6714592,81.2177344
7/10/2007,5.36132,5.704646,83.6769074,6.28291,83.9862272,83.618408,83.6769074,81.1278915
7/9/2007,5.453532,5.793004,81.843684,6.35041,82.2583806,81.921444,81.843684,79.6424672
7/6/2007,5.467088,5.828172,82.5837708,6.3727,82.9422411,82.8014348,82.5837708,80.4954
7/5/2007,5.444689,5.76946,81.9721728,6.3398,82.4500804,82.4620106,81.9721728,80.1451065
7/3/2007,5.367422,5.669269,82.1048454,6.25963,82.4953728,82.47426,82.1048454,80.0710281
7/2/2007,5.333744,5.623643,82.2090966,6.22665,82.4731215,82.4429606,82.2090966,80.128893
6/29/2007,5.357356,5.665121,81.6676432,6.25387,82.077428,81.8623428,81.6676432,79.482388
6/28/2007,5.418946,5.735967,80.7719198,6.2982,81.3120544,81.2333585,80.7719198,78.8640732
6/27/2007,5.357097,5.694191,81.0197872,6.26639,81.549875,81.4423809,81.0197872,79.1455203
6/26/2007,5.372061,5.723432,80.5394844,6.28234,81.1009725,81.0238275,80.5394844,78.6453668
6/25/2007,5.353483,5.704673,80.5041966,6.2647,80.9869632,80.8885876,80.5041966,78.5303415
6/22/2007,5.3998,5.759571,80.2914602,6.30384,81.165968,80.9798348,80.2914602,78.6344075
6/21/2007,5.438125,5.778462,80.050658,6.32487,80.8760302,80.6554792,80.050658,78.3069025
6/20/2007,5.430008,5.725878,78.9051082,6.28873,80.1589505,80.1598651,78.9051082,77.8351658
6/19/2007,5.398444,5.663631,78.2521065,6.22539,79.4427903,79.4026623,78.2521065,77.095235
6/18/2007,5.451174,5.72738,77.485469,6.27743,78.8056096,78.620256,77.485469,76.3109145
6/15/2007,5.479802,5.758758,78.615008,6.29718,79.8415205,79.8299418,78.615008,77.438689
6/14/2007,5.519245,5.811184,80.2232928,6.35536,81.16056,81.0097548,80.2232928,78.6080162
6/13/2007,5.509094,5.806042,80.4529236,6.36267,81.231414,81.1198608,80.4529236,78.8034582
6/12/2007,5.504931,5.87089,81.6881472,6.38983,81.9355368,81.6254333,81.6881472,79.2723351
6/11/2007,5.443408,5.739612,78.3643119,6.28557,78.5202,78.5383605,78.3643119,76.098906
6/8/2007,5.444528,5.726921,78.5820882,6.28132,78.8355128,78.764708,78.5820882,76.1334132
6/7/2007,5.440865,5.695752,77.7073227,6.26442,77.8781101,77.7353226,77.7073227,75.178741
6/6/2007,5.377538,5.546856,75.3576555,6.12429,75.8405851,75.7999128,75.3576555,73.0930337
6/5/2007,5.409105,5.551495,74.718774,6.11896,75.156348,75.1329226,74.718774,72.5773536
6/4/2007,5.383676,5.500278,75.0746724,6.06,75.43262,75.4373048,75.0746724,72.9115653
6/1/2007,5.391805,5.530928,75.0928731,6.07372,75.5259132,75.486762,75.0928731,72.9618077
5/31/2007,5.330533,5.455872,75.5702625,6.00727,75.8574963,75.8179132,75.5702625,73.25056
5/30/2007,5.295966,5.437971,75.4222314,5.99207,75.75263,75.90373,75.4222314,73.3782452
5/29/2007,5.295488,5.441457,75.201966,5.99219,75.407202,75.5427288,75.201966,73.0183728
5/25/2007,5.260799,5.417465,75.1751466,5.96443,75.3848013,75.319134,75.1751466,72.7587144
5/24/2007,5.256552,5.412243,75.1956615,5.98156,75.533536,75.5571488,75.1956615,73.0575315
5/23/2007,5.251538,5.418176,75.0066176,5.97429,75.2756446,75.270153,75.0066176,72.779365
5/22/2007,5.237176,5.383851,74.5339414,5.94901,74.995646,74.9886162,74.5339414,72.4481856
5/21/2007,5.209025,5.341733,75.2615667,5.91467,75.6530812,75.454245,75.2615667,72.9063712
5/18/2007,5.225107,5.367987,75.8312544,5.92507,76.334448,76.1142173,75.8312544,73.391798
5/17/2007,5.183752,5.30292,75.219214,5.8856,75.70072,75.6690792,75.219214,73.152694
5/16/2007,5.13857,5.251597,75.99508,5.84391,76.2202395,76.3678096,75.99508,73.824426
5/15/2007,5.146366,5.255004,75.920757,5.84727,76.2232448,76.15363,75.920757,73.4867524
5/14/2007,5.130714,5.228228,76.0627287,5.83042,76.0988988,76.241232,76.0627287,73.7048116
5/11/2007,5.108108,5.209931,76.6972764,5.80676,76.7984535,76.9179686,76.6972764,74.3575672
5/10/2007,5.09252,5.187008,76.6353714,5.78653,76.8944578,77.0058064,76.6353714,74.418484
5/9/2007,5.120976,5.210095,76.522859,5.79797,76.7945232,76.8901796,76.522859,74.2916592
5/8/2007,5.078147,5.170681,76.9424262,5.76477,77.050491,76.966965,76.9424262,74.3889262
5/7/2007,5.085287,5.175492,76.3744644,5.76324,76.6655,76.6533812,76.3744644,74.0819244
5/4/2007,5.073588,5.178939,76.1389024,5.77033,76.460694,76.2407772,76.1389024,73.6402356
5/3/2007,5.098847,5.212444,76.2239014,5.80799,76.5467928,76.3390936,76.2239014,73.7244612
5/2/2007,5.057045,5.186366,76.50697,5.77791,76.6388826,76.2459327,76.50697,73.657688
5/1/2007,5.049105,5.183759,76.686487,5.78013,76.7813625,76.3554622,76.686487,73.77115
4/30/2007,5.014565,5.170461,76.7806884,5.769,76.9068135,76.4593212,76.7806884,73.842208
4/27/2007,5.07579,5.243922,76.1965398,5.82011,76.484793,76.0260528,76.1965398,73.2531846
4/26/2007,5.067703,5.225833,76.2182784,5.80346,76.4750548,76.0697028,76.2182784,73.452613
4/25/2007,5.014025,5.176379,76.615353,5.76223,77.003152,76.5580599,76.615353,73.9238472
4/24/2007,4.982902,5.147639,76.695785,5.73675,77.0982093,76.6161792,76.695785,74.0227122
4/23/2007,5.016755,5.177552,76.7994392,5.76361,76.9555644,76.6142198,76.7994392,74.013238
4/20/2007,5.038385,5.198432,77.0829289,5.77947,76.966934,76.6982566,77.0829289,73.9568826
4/19/2007,5.02723,5.194344,76.4597614,5.767,76.323025,76.04968,76.4597614,73.464688
4/18/2007,5.026452,5.176583,76.096084,5.76155,76.1405415,75.8909294,76.096084,73.3165596
4/17/2007,5.067386,5.213169,75.4772768,5.79239,75.5228516,75.4424208,75.4772768,72.8949492
4/16/2007,5.130911,5.267224,74.7362682,5.83698,74.6579169,74.5519437,74.7362682,72.0442048
4/13/2007,5.15191,5.297078,74.415834,5.85428,74.4286788,74.3753469,74.415834,71.8906944
4/12/2007,5.12256,5.274292,75.091612,5.83404,75.1481549,75.0813774,75.091612,72.5853759
4/11/2007,5.120387,5.276475,75.608775,5.82867,75.627703,75.5779716,75.608775,73.05557
4/10/2007,5.10737,5.265527,75.976017,5.816,75.9845354,75.8554146,75.976017,73.2974748
4/9/2007,5.133791,5.287775,75.8572616,5.83389,75.7889664,75.680575,75.8572616,73.152694
4/5/2007,5.026483,5.209862,77.0584936,5.76985,76.9913478,76.8614616,77.0584936,74.30583
4/4/2007,5.013616,5.191786,77.610372,5.75562,77.5853752,77.3452132,77.610372,74.7573232
4/3/2007,5.029414,5.198663,77.4098649,5.76023,77.4913645,76.9105616,77.4098649,74.3705534
4/2/2007,4.99521,5.175459,77.338952,5.75504,77.4409871,77.1525367,77.338952,74.79329
3/30/2007,4.994921,5.176463,77.6110544,5.76151,77.6994972,77.4408446,77.6110544,75.0547182
3/29/2007,4.985497,5.167638,77.4512718,5.74611,77.25675,77.27881,77.4512718,74.8577854
3/28/2007,4.962701,5.156473,78.268833,5.73479,77.8435368,77.9274996,78.268833,75.50634
3/27/2007,4.975453,5.14118,77.8984587,5.72023,77.663502,77.764833,77.8984587,75.362588
3/26/2007,4.97042,5.124338,77.5438356,5.69346,77.2343388,77.3079784,77.5438356,74.9019969
3/23/2007,4.994666,5.142617,77.0446116,5.70792,76.867686,77.1483496,77.0446116,74.7393472
3/22/2007,4.968059,5.112389,77.2355172,5.67216,77.038983,77.2840376,77.2355172,74.85786
3/21/2007,4.906608,5.040077,76.6682862,5.61128,76.4678442,76.7194376,76.6682862,74.371577
3/20/2007,4.994405,5.08315,76.753964,5.65758,76.6707214,76.9327186,76.753964,74.5250232
3/19/2007,5.017189,5.107701,76.9995413,5.68532,76.9366492,77.213152,76.9995413,74.79451
3/16/2007,4.990569,5.082758,77.7061197,5.67116,77.6437289,77.4357692,77.7061197,75.0269568
3/15/2007,4.972841,5.068086,78.3936736,5.66107,78.7868136,78.5658923,78.3936736,76.1336225
3/14/2007,4.94843,5.060321,79.141962,5.64978,79.073648,78.54064,79.141962,76.0588677
3/13/2007,4.931233,5.040662,78.6898144,5.62499,78.875716,78.3306293,78.6898144,75.8728308
3/12/2007,5.029022,5.097406,77.6470695,5.6818,77.959024,77.4752034,77.6470695,75.0597104
3/9/2007,5.06201,5.130621,77.7693492,5.70828,77.8773606,77.733808,77.7693492,75.2910426
3/8/2007,4.956079,5.046364,78.622441,5.63625,78.6749537,78.33377,78.622441,75.9184239
3/7/2007,4.944664,5.039244,79.5684192,5.64065,79.5716532,79.1885134,79.5684192,76.7123252
3/6/2007,4.983462,5.075527,79.067541,5.68031,79.1422408,78.8116839,79.067541,76.3497696
3/5/2007,4.972002,5.074432,81.0375713,5.69602,80.7133886,80.4070125,81.0375713,77.9310504
3/2/2007,4.973921,5.079891,81.136872,5.6857,80.7416064,80.419186,81.136872,78.0034706
3/1/2007,5.020218,5.099994,79.5484746,5.70088,79.3715532,79.2162598,79.5484746,76.7965063
2/28/2007,5.024682,5.094378,78.2241012,5.69793,78.1869728,78.1753832,78.2241012,75.9021116
2/27/2007,4.976604,5.049509,79.4295124,5.666,79.4122986,79.4783322,79.4295124,77.0033632
2/26/2007,5.136877,5.154857,76.7424294,5.73856,76.93673,76.981548,76.7424294,74.5938368
2/23/2007,5.181461,5.195572,75.7224724,5.76857,76.0374198,75.9812625,75.7224724,73.7527446
2/22/2007,5.220505,5.241405,74.7939957,5.79825,75.2105196,75.2130732,74.7939957,72.9739716
2/21/2007,5.186697,5.199695,75.397953,5.76648,75.8069876,75.7362816,75.397953,73.398843
2/20/2007,5.162918,5.184154,76.6110715,5.75967,76.950192,76.9036564,76.6110715,74.5998691
2/16/2007,5.181063,5.198989,75.7080444,5.76704,76.0079388,75.9426932,75.7080444,73.6151637
2/15/2007,5.174006,5.204611,74.8360026,5.76575,75.0710415,75.0631266,74.8360026,72.831135
2/14/2007,5.214227,5.228089,73.9632456,5.78171,74.301714,74.2388868,73.9632456,72.0114611
2/13/2007,5.294015,5.323077,73.271182,5.874,73.6077244,73.5555507,73.271182,71.36829
2/12/2007,5.288326,5.325552,73.2766125,5.8661,73.5353694,73.4790853,73.2766125,71.276544
2/9/2007,5.269509,5.302346,73.6800684,5.83455,74.007674,73.9675706,73.6800684,71.738541
2/8/2007,5.219549,5.227818,73.86432,5.77907,74.1972416,74.0900832,73.86432,71.8616992
2/7/2007,5.219895,5.233173,74.2948875,5.7765,74.47068,74.4080915,74.2948875,72.1868238
2/6/2007,5.241354,5.252815,73.4775828,5.78845,73.646574,73.557967,73.4775828,71.364588
2/5/2007,5.267906,5.29597,73.3328216,5.8258,73.5074316,73.3789272,73.3328216,71.0144076
2/2/2007,5.291898,5.327517,73.5667458,5.86395,73.7163063,73.629975,73.5667458,71.426124
2/1/2007,5.315148,5.350711,74.7502601,5.89772,74.858784,74.754382,74.7502601,72.400269
1/31/2007,5.30679,5.349031,74.9231586,5.89771,74.918724,74.8163808,74.9231586,72.470268
1/30/2007,5.338677,5.402899,75.9365955,5.95304,75.952517,76.0450124,75.9365955,73.6631896
1/29/2007,5.359021,5.419801,76.2708319,5.96445,76.2614718,76.5076632,76.2708319,74.1169914
1/26/2007,5.33289,5.389673,76.8154364,5.94379,76.9243039,76.9951468,76.8154364,74.5927732
1/25/2007,5.320414,5.371869,76.9333431,5.93337,77.0780406,77.2213392,76.9333431,74.7743648
1/24/2007,5.275008,5.296232,76.148436,5.86891,76.5342,77.0506572,76.148436,74.632769
1/23/2007,5.274704,5.286564,76.2274464,5.85716,76.883906,77.021679,76.2274464,74.5815092
1/22/2007,5.252448,5.241002,76.7508768,5.81193,77.2429154,77.4794053,76.7508768,75.0763335
1/19/2007,5.263107,5.259271,76.5391808,5.82398,77.1703644,77.218191,76.5391808,74.685708
1/18/2007,5.240016,5.247133,75.903567,5.80081,76.5646448,76.5717722,75.903567,74.1784764
1/17/2007,5.268299,5.288937,75.7584544,5.82895,76.4125896,76.4156809,75.7584544,73.9738512
1/16/2007,5.224751,5.243701,76.5903792,5.79288,77.0787044,76.854096,76.5903792,74.2701305
1/12/2007,5.23087,5.259229,77.2825075,5.79949,77.827287,77.734325,77.2825075,75.3190776
1/11/2007,5.204368,5.225242,78.2990748,5.78313,78.7641305,78.607872,78.2990748,76.1601447
1/10/2007,5.156871,5.16482,78.2300694,5.73098,78.6667104,78.4765584,78.2300694,76.0169672
1/9/2007,5.131438,5.128414,78.1860424,5.69234,78.8204093,78.5226574,78.1860424,76.0494008
1/8/2007,5.119691,5.11773,79.3000832,5.68939,79.4995248,79.2193296,79.3000832,76.789212
1/5/2007,5.093038,5.107694,79.3752139,5.6641,79.7409028,79.4790711,79.3752139,76.983174
1/4/2007,5.053595,5.083341,80.9346638,5.64398,81.2248328,81.0766021,80.9346638,78.541356
1/3/2007,5.106461,5.135224,81.1991528,5.70619,81.5086071,81.335592,81.1991528,78.5922532
1/2/2007,5.143599,5.171688,81.7488522,5.75132,82.0824522,81.9285376,81.7488522,79.3318799
12/29/2006,5.165908,5.188624,82.2716967,5.78466,82.5275484,82.4377824,82.2716967,79.842191
12/28/2006,5.151131,5.173271,82.5982768,5.77848,82.6888593,82.604829,82.5982768,80.0003412
12/27/2006,5.125334,5.141605,82.6065204,5.74329,83.0573415,83.104217,82.6065204,80.477481
12/26/2006,5.071457,5.095178,82.7332025,5.6947,83.3500497,83.2890728,82.7332025,80.6399199
12/22/2006,5.077694,5.117019,82.8948696,5.70687,83.4773072,83.3882385,82.8948696,80.7713172
12/21/2006,5.020459,5.041184,82.565392,5.63329,83.1478852,83.0599402,82.565392,80.452361
12/20/2006,5.073515,5.091753,82.4435586,5.69257,83.0604688,82.7706558,82.4435586,80.1649011
12/19/2006,5.06859,5.092244,82.9339238,5.70048,83.5503588,83.263275,82.9339238,80.64208
12/18/2006,5.066909,5.078232,83.0970855,5.69459,83.5492993,83.2615948,83.0970855,80.638208
12/15/2006,5.064883,5.070234,83.5878285,5.68714,83.8781207,83.428596,83.5878285,80.797644
12/14/2006,5.068093,5.062796,83.9172852,5.68114,84.203221,83.7516186,83.9172852,81.1145082
12/13/2006,5.042584,5.046454,84.2459592,5.65971,84.5327582,84.0824679,84.2459592,81.435627
12/12/2006,4.961528,4.969481,84.8968098,5.57128,85.1863089,84.7345953,84.8968098,82.06678
12/11/2006,5.010626,5.00863,85.2272775,5.63028,85.509554,85.0668208,85.2272775,82.3859163
12/8/2006,5.021362,5.043376,85.3885065,5.66464,85.6749023,85.2320259,85.3885065,82.5420036
12/7/2006,4.926722,4.972617,86.3773621,5.59388,86.32427,85.8813472,86.3773621,83.1804009
12/6/2006,4.904517,4.937431,85.721368,5.56671,85.6776324,85.396054,85.721368,82.7028772
12/5/2006,4.844627,4.893828,86.3743116,5.50829,86.1680729,85.8834528,86.3743116,83.1794168
12/4/2006,4.846017,4.889373,86.8640472,5.50335,86.8193388,86.7013499,86.8640472,83.974893
12/1/2006,4.844019,4.888314,86.6544972,5.51164,87.0309048,86.8658148,86.6544972,84.1305762
11/30/2006,4.95205,4.932883,86.1678944,5.57153,86.70136,86.5401056,86.1678944,83.815815
11/29/2006,5.009922,4.999889,85.6779286,5.65536,86.3788026,86.3769984,85.6779286,83.656898
11/28/2006,5.006238,4.981876,86.012784,5.65634,86.7123306,86.716789,86.012784,83.9825094
11/27/2006,5.04218,5.020665,85.3518161,5.68837,86.049368,86.0464924,85.3518161,83.3424592
11/24/2006,5.053433,5.035151,85.1847228,5.70001,85.8775826,85.8844116,85.1847228,83.1832992
11/22/2006,5.072663,5.062631,84.6961668,5.70866,85.3888902,85.2225147,84.6961668,82.5468576
11/21/2006,5.084967,5.071256,84.6920777,5.71028,85.3893348,85.2189387,84.6920777,82.5415384
11/20/2006,5.087979,5.089847,84.6867456,5.71107,85.3873111,85.3914176,84.6867456,82.703868
11/17/2006,5.088859,5.099429,84.9351816,5.72502,85.5533602,85.5561564,84.9351816,82.8623727
11/16/2006,5.162617,5.16212,85.0223408,5.79681,85.716279,85.7987676,85.0223408,83.0957478
11/15/2006,5.134455,5.132881,85.5105606,5.77565,86.210267,86.4597124,85.5105606,83.738148
11/14/2006,5.072004,5.087237,86.3267061,5.74146,87.032946,87.3584208,86.3267061,84.6086775
11/13/2006,5.10692,5.131951,85.6715822,5.77515,86.5370247,86.94882,85.6715822,84.2134502
11/10/2006,5.085147,5.115216,86.0668886,5.74642,86.7321684,87.1607952,86.0668886,84.4468572
11/9/2006,5.113146,5.154788,85.5605454,5.78174,86.2073385,86.5371036,85.5605454,83.81827
11/8/2006,5.118609,5.159526,86.3739544,5.79337,87.0309759,87.3181056,86.3739544,84.56476
11/7/2006,5.144131,5.188311,86.697438,5.82192,87.3532647,87.5204775,86.697438,84.7673863
11/6/2006,5.199321,5.242872,86.3280288,5.87026,86.9803249,87.1449477,86.3280288,84.607929
11/3/2006,5.204412,5.253519,86.9779794,5.88299,87.631747,87.8000228,86.9779794,85.2435304
11/2/2006,5.051333,5.121421,87.6393144,5.78378,88.1235368,88.4552238,87.6393144,85.8793026
11/1/2006,5.021572,5.084781,88.4563889,5.75928,88.948245,89.106966,88.4563889,86.5106406
10/31/2006,5.078224,5.135066,87.1468161,5.80171,87.797209,88.1264254,87.1468161,85.557447
10/30/2006,5.14032,5.204796,86.6497088,5.8671,87.3098884,87.6377146,86.6497088,85.0832532
10/27/2006,5.135177,5.207755,86.8294545,5.86557,87.5612712,87.8077584,86.8294545,85.2693138
10/26/2006,5.189169,5.252704,86.335677,5.89961,87.0202451,87.1807648,86.335677,84.6312697
10/25/2006,5.258513,5.310074,86.198364,5.95115,86.783606,86.950264,86.198364,84.4417348
10/24/2006,5.299774,5.366124,86.328384,5.9672,86.9848378,87.149783,86.328384,84.6066664
10/23/2006,5.297258,5.369582,86.657698,5.96406,87.3125176,87.8029305,86.657698,85.246028
10/20/2006,5.256386,5.326865,86.8201152,5.95696,87.4732144,87.9668262,86.8201152,85.404357
10/19/2006,5.25089,5.329425,87.1519264,5.96276,87.7985056,88.1304225,87.1519264,85.55888
10/18/2006,5.234046,5.3039,87.1458112,5.93335,87.8072976,88.130913,87.1458112,85.56324
10/17/2006,5.239013,5.321215,87.6363282,5.94472,88.290326,88.621827,87.6363282,86.0366023
10/16/2006,5.253614,5.335944,87.4713568,5.95948,88.1295701,88.4519324,87.4713568,85.8764294
10/13/2006,5.267105,5.359928,87.6366745,5.98671,88.2918181,88.4565825,87.6366745,85.8792896
10/12/2006,5.249676,5.336485,88.1342451,5.97705,88.7838607,88.9472592,88.1342451,86.354397
10/11/2006,5.261699,5.34509,88.2933458,5.96583,88.9455104,89.1142911,88.2933458,86.5125595
10/10/2006,5.219038,5.306653,88.9409456,5.95749,89.5974144,89.762697,88.9409456,87.1459938
10/6/2006,5.146279,5.234562,89.7591366,5.90327,90.4119864,90.7406461,89.7591366,88.0976335
10/5/2006,5.055149,5.146514,90.5772861,5.81752,91.0690128,91.394664,90.5772861,88.7305
10/4/2006,5.005626,5.1041,90.7482528,5.77873,91.233035,91.5656706,90.7482528,88.8921061
10/3/2006,5.07309,5.157111,90.0919175,5.83864,90.5823178,90.907803,90.0919175,88.2620838
10/2/2006,5.072545,5.161936,90.4148441,5.84966,90.9109895,91.233805,90.4148441,88.57949
9/29/2006,5.107258,5.173205,90.088362,5.86441,90.5809792,90.7450432,90.088362,88.1032641
9/28/2006,5.095469,5.159235,89.7652112,5.84481,90.254136,90.4195656,89.7652112,87.78642
9/27/2006,5.085344,5.129136,90.2623998,5.82374,90.5925235,90.755334,90.2623998,88.1154067
9/26/2006,5.087086,5.114762,90.2567815,5.81463,90.5810175,90.7486272,90.2567815,88.1043856
9/25/2006,5.052628,5.083214,91.3931634,5.78502,91.7274916,91.7279136,91.3931634,89.053816
9/22/2006,5.082743,5.1337,90.2545488,5.82063,90.7455042,91.0713267,90.2545488,88.422491
9/21/2006,5.112973,5.18934,88.1339585,5.85597,88.619152,88.783128,88.1339585,86.2003053
9/20/2006,5.224336,5.277784,87.6392702,5.93042,88.1307392,88.2940032,87.6392702,85.7223582
9/19/2006,5.230239,5.283815,88.1377986,5.93924,88.6288312,88.621987,88.1377986,86.0375583
9/18/2006,5.304705,5.359152,87.7975758,5.97548,88.2914277,88.2928244,87.7975758,85.723209
9/15/2006,5.291287,5.341345,87.9621372,5.95972,88.4511712,88.4535652,87.9621372,85.8783525
9/14/2006,5.251654,5.322629,88.2954358,5.97232,88.9446034,88.9438956,88.2954358,86.3560357
9/13/2006,5.219373,5.296674,88.2906885,5.94056,88.9498159,88.947816,88.2906885,86.358654
9/12/2006,5.23745,5.3008,87.718248,5.94017,88.5347902,88.7033329,87.718248,86.1183066
9/11/2006,5.250549,5.333641,87.305702,5.95898,88.1192724,88.2860742,87.305702,85.711786
9/8/2006,5.213019,5.299372,87.303879,5.93338,88.1162818,88.2815048,87.303879,85.7145692
9/7/2006,5.229417,5.319587,87.227448,5.95526,88.0411087,88.20117,87.227448,85.633367
9/6/2006,5.228118,5.324071,87.06412,5.96864,88.043992,88.2049168,87.06412,85.63626
9/5/2006,5.211621,5.31503,87.0120462,5.96084,88.202499,88.368544,87.0120462,85.791392
9/1/2006,5.183239,5.277086,87.119342,5.92844,88.310784,88.4752056,87.119342,86.1059322
8/31/2006,5.197307,5.290599,87.6062317,5.94217,88.7964867,89.1255056,87.6062317,86.7369354
8/30/2006,5.241281,5.321186,87.9413898,5.97019,89.1253968,89.2879363,87.9413898,86.8966164
8/29/2006,5.27814,5.346809,87.31169,5.95256,88.381986,88.5528171,87.31169,86.1745071
8/28/2006,5.292813,5.357721,86.946424,5.96424,87.9347592,88.1333376,86.946424,85.7768785
8/25/2006,5.27631,5.346742,87.0748374,5.98067,88.1044892,88.1027688,87.0748374,85.7860052
8/24/2006,5.301695,5.357037,86.9608576,5.96254,88.1042727,88.1048511,86.9608576,85.7830754
8/23/2006,5.296035,5.362842,86.4273426,5.96807,87.8213886,87.8282496,86.4273426,85.4742504
8/22/2006,5.289476,5.350747,85.9466608,5.96177,87.339504,87.340442,85.9466608,85.001313
8/21/2006,5.293713,5.355942,85.4558172,5.97864,86.6889672,86.688448,85.4558172,84.3643827
8/18/2006,5.301601,5.361741,85.457562,5.95802,86.311864,86.523723,85.457562,84.2109798
8/17/2006,5.327105,5.396652,85.4585708,5.98775,86.3184408,86.5245175,85.4585708,84.2104928
8/16/2006,5.319434,5.413772,85.619391,5.96852,86.4776662,86.694432,85.619391,84.363687
8/15/2006,5.388159,5.479365,85.6220056,6.05662,86.4796986,86.5263077,85.6220056,84.2119011
8/14/2006,5.464596,5.55462,86.0993112,6.15487,86.9588245,87.012296,86.0993112,84.6814353
8/11/2006,5.407829,5.517522,86.5873594,6.1083,87.2843608,87.1752319,86.5873594,84.8389536
8/10/2006,5.363996,5.475672,86.4273277,6.06588,87.1260795,87.0148892,86.4273277,84.6826305
8/9/2006,5.354238,5.472505,86.1051744,6.06042,86.8053768,86.8524858,86.1051744,84.5266742
8/8/2006,5.347567,5.466139,86.9641086,6.06446,87.451152,87.5023149,86.9641086,85.1582565
8/7/2006,5.380651,5.475293,87.7709184,6.09028,88.2593988,88.3132441,87.7709184,85.9477891
8/4/2006,5.349975,5.455,88.0942282,6.052,88.5786375,88.635331,88.0942282,86.265796
8/3/2006,5.423292,5.518312,88.5850004,6.14072,89.0655179,89.1236856,88.5850004,86.7395716
8/2/2006,5.400416,5.51977,88.907877,6.1257,89.2303153,89.1257856,88.907877,86.739525
8/1/2006,5.402959,5.543781,89.174459,6.14776,89.4994768,89.3958275,89.174459,87.213775
7/31/2006,5.406222,5.542393,88.954544,6.157,89.4930552,89.3920544,88.954544,87.210942
7/28/2006,5.421913,5.555129,89.1167404,6.16396,89.4953535,89.3918795,89.1167404,87.2130456
7/27/2006,5.496291,5.614049,88.6803984,6.23661,89.02425,89.1607416,88.6803984,86.934144
7/26/2006,5.499239,5.609563,88.4772113,6.24659,89.019513,89.0753105,88.4772113,86.9003766
7/25/2006,5.539593,5.644318,88.4758182,6.28745,88.8540681,89.069376,88.4758182,86.899865
7/24/2006,5.51904,5.621967,88.793721,6.26827,89.1753334,89.3903902,88.793721,87.2113515
7/21/2006,5.51709,5.627648,89.2784508,6.26926,89.98286,90.041081,89.2784508,87.8440475
7/20/2006,5.503567,5.61528,89.285514,6.26198,89.981549,90.0428152,89.285514,87.8423909
7/19/2006,5.561231,5.65875,89.0601525,6.30891,89.7661833,89.8230144,89.0601525,87.846862
7/18/2006,5.646198,5.738798,89.8678517,6.38524,90.4100256,90.6282303,89.8678517,88.6382661
7/17/2006,5.573841,5.672309,89.860706,6.33844,90.4046886,90.464093,89.860706,88.475157
7/14/2006,5.56037,5.667092,89.8617636,6.33093,90.40632,90.467928,89.8617636,88.4745624
7/13/2006,5.58567,5.674352,89.386143,6.33821,89.9231739,89.9825126,89.386143,88.0040645
7/12/2006,5.626755,5.697058,88.741989,6.35306,89.440738,89.499006,88.741989,87.5305026
7/11/2006,5.623735,5.700791,88.9049304,6.35726,89.6030552,89.660601,88.9049304,87.69
7/10/2006,5.649331,5.73435,88.7419596,6.37626,89.2812613,88.9569501,88.7419596,87.2139925
7/7/2006,5.646514,5.73613,88.9017762,6.37728,89.2817175,88.9607228,88.9017762,87.2129024
7/6/2006,5.695657,5.79298,89.0677812,6.42768,89.4434158,89.117458,89.0677812,87.3710456
7/5/2006,5.720035,5.83104,89.5449542,6.46164,89.9242152,89.4438015,89.5449542,87.6873224
7/3/2006,5.642163,5.750484,89.5456989,6.3934,89.6051862,89.1204336,89.5456989,87.3733952
6/30/2006,5.627472,5.728899,89.5419882,6.37105,89.60364,89.1197279,89.5419882,87.372469
6/29/2006,5.670506,5.789012,89.672928,6.41651,89.5966026,89.1146384,89.672928,87.3720615
6/28/2006,5.73961,5.838129,89.9126787,6.46466,89.82764,89.3508208,89.9126787,87.6052936
6/27/2006,5.709649,5.797977,89.8706997,6.44877,89.766522,89.28479,89.8706997,87.5370188
6/26/2006,5.728463,5.822629,90.3490068,6.48238,90.0843736,89.9276295,90.3490068,88.1644822
6/23/2006,5.719109,5.81187,90.68808,6.45996,90.4283704,90.2634753,90.68808,88.4958189
6/22/2006,5.694247,5.782351,89.8903677,6.41959,89.624292,89.4638619,89.8903677,87.7090863
6/21/2006,5.650452,5.734211,90.1354203,6.37557,89.871366,89.7030456,90.1354203,87.94758
6/20/2006,5.647583,5.733318,89.4958995,6.36772,89.0711288,88.9121691,89.4958995,87.1641612
6/19/2006,5.632291,5.723803,89.3333278,6.34836,88.9083055,88.749327,89.3333278,87.0105108
6/16/2006,5.607958,5.701452,89.4959567,6.33511,89.0713912,88.9077696,89.4959567,87.1663624
6/15/2006,5.584295,5.66679,89.1768745,6.31432,88.7469196,88.5862318,89.1768745,86.8481991
6/14/2006,5.538767,5.618844,88.5332584,6.27295,88.5892117,88.5902912,88.5332584,86.8495508
6/13/2006,5.438836,5.520367,88.256999,6.18622,88.3109139,88.4745147,88.256999,86.7400508
6/12/2006,5.45667,5.542807,88.354959,6.20035,88.896628,88.8944925,88.354959,87.1494806
6/9/2006,5.443711,5.540627,88.9965492,6.17939,89.538887,89.3775997,88.9965492,87.627264
6/8/2006,5.43645,5.551453,89.4870666,6.18785,90.0272823,89.868693,89.4870666,88.106572
6/7/2006,5.457297,5.580686,89.3239654,6.21197,89.8691079,89.708866,89.3239654,87.9449166
6/6/2006,5.430854,5.556987,89.9712,6.18614,90.1877108,90.029082,89.9712,88.2609918
6/5/2006,5.412409,5.575928,90.12756,6.19509,90.0282296,89.8673174,90.12756,88.1025234
6/2/2006,5.347978,5.543714,90.6145476,6.16329,90.5152422,89.867151,90.6145476,88.104274
6/1/2006,5.479046,5.667163,90.6163104,6.28186,90.5154546,90.0285,90.6163104,88.2623238
5/31/2006,5.48068,5.667793,91.9092864,6.28572,91.8141444,91.326081,91.9092864,89.537558
5/30/2006,5.421271,5.636375,91.9099272,6.25047,91.64644,90.9992352,91.9099272,89.213304
5/26/2006,5.386077,5.598276,92.488704,6.21195,92.271894,91.3310346,92.488704,89.5555464
5/25/2006,5.402066,5.618494,92.4870885,6.23265,92.221675,91.3601232,92.4870885,89.553872
5/24/2006,5.37616,5.580696,92.5445982,6.21225,92.252332,91.448653,92.5445982,89.6737314
5/23/2006,5.406304,5.609441,92.2260552,6.22234,91.9670642,91.159065,92.2260552,89.369202
5/22/2006,5.389526,5.583781,92.5454158,6.20311,92.4526421,91.8024,92.5454158,90.0028506
5/19/2006,5.405437,5.589089,92.2243128,6.19903,92.1258855,91.4809544,92.2243128,89.6868864
5/18/2006,5.373209,5.594045,91.425138,6.18733,91.314968,90.6712572,91.425138,88.8918569
5/17/2006,5.419857,5.673858,90.7777044,6.24194,90.6762934,89.8710576,90.7777044,88.104527
5/16/2006,5.373108,5.616444,90.294108,6.19369,90.1911408,89.3816543,90.294108,87.6299931
5/15/2006,5.416142,5.66877,90.7722088,6.24133,90.510824,89.8633936,90.7722088,88.1032572
5/12/2006,5.436056,5.701698,90.9334594,6.26368,90.672525,90.0286052,90.9334594,88.263765
5/11/2006,5.429394,5.652256,90.1338932,6.22021,89.8626096,89.2179945,90.1338932,87.4707848
5/10/2006,5.430583,5.628027,89.482252,6.19707,89.219346,88.7375112,89.482252,86.9928588
5/9/2006,5.415306,5.627529,89.315956,6.18872,89.045833,88.4017728,89.315956,86.6677354
5/8/2006,5.416409,5.630321,88.9924335,6.18394,88.5662514,87.9196945,88.9924335,86.1935661
5/5/2006,5.385728,5.625876,88.8305289,6.1718,88.565451,87.757065,88.8305289,86.0356224
5/4/2006,5.418668,5.672013,88.5143454,6.21857,88.404992,87.7589174,88.5143454,86.0366592
5/3/2006,5.396545,5.664453,88.5149338,6.21175,88.5705881,87.9238188,88.5149338,86.1992536
5/2/2006,5.368569,5.620541,87.5073619,6.17078,87.5993248,86.9511868,87.5073619,85.245138
5/1/2006,5.366639,5.636603,87.0159384,6.16765,87.0726592,86.4652344,87.0159384,84.7652302
4/28/2006,5.305762,5.569611,87.1798113,6.10033,87.2355312,86.5857728,87.1798113,84.9274676
4/27/2006,5.341415,5.589553,87.5487894,6.13335,87.5565504,86.7468888,87.5487894,85.08455
4/26/2006,5.413487,5.622144,88.3642703,6.17592,88.4213248,87.6117372,88.3642703,85.890024
4/25/2006,5.364477,5.58791,87.8665116,6.14044,88.0827402,87.2786088,87.8665116,85.562004
4/24/2006,5.307997,5.502188,88.1929806,6.06864,88.4095908,87.2757276,88.1929806,85.5657938
4/21/2006,5.324334,5.53599,88.0273926,6.08935,88.242427,86.914863,88.0273926,85.2494506
4/20/2006,5.307671,5.568513,88.8968898,6.11105,88.8929801,87.5620976,88.8968898,85.88114
4/19/2006,5.28524,5.555697,89.3851024,6.09526,89.0602749,87.767526,89.3851024,86.044806
4/18/2006,5.266612,5.503709,90.35187,6.06145,90.03159,88.7370712,90.35187,86.9940768
4/17/2006,5.340611,5.549003,90.6781112,6.11546,90.3546125,89.0552848,90.6781112,87.311243
4/13/2006,5.376113,5.582374,91.907792,6.14222,91.646794,90.5139508,91.907792,88.7409642
4/12/2006,5.337193,5.517768,91.4288024,6.09232,91.160129,90.1923618,91.4288024,88.4233014
4/11/2006,5.310899,5.466648,91.0552832,6.06233,90.673815,89.7034623,91.0552832,87.9459424
4/10/2006,5.333063,5.508361,91.216128,6.09392,90.9974926,89.860816,91.216128,88.0996312
4/7/2006,5.32451,5.511541,91.6983619,6.08549,91.4824135,90.1898121,91.6983619,88.4182614
4/6/2006,5.267224,5.433077,92.3931873,6.01797,92.2908925,91.4830963,92.3931873,89.6903865
4/5/2006,5.239269,5.376274,92.0750625,5.99685,92.2991336,91.6505236,92.0750625,89.8538825
4/4/2006,5.275611,5.410283,92.6159129,6.02555,92.8424763,92.1950076,92.6159129,90.1639935
4/3/2006,5.306324,5.41914,93.0732681,6.03045,93.0318396,92.585177,93.0732681,90.328485
3/31/2006,5.277009,5.392395,92.9916635,6.00641,93.0325,92.7484686,92.9916635,90.4880168
3/30/2006,5.280056,5.397939,93.4006059,6.00824,93.5149875,93.231776,93.4006059,90.9589872
3/29/2006,5.24006,5.343669,92.9166215,5.9759,93.0166832,92.9801691,92.9166215,90.6548439
3/28/2006,5.214692,5.313692,91.80748,5.94486,92.3550265,92.4511342,91.80748,90.1675322
3/27/2006,5.137347,5.232498,91.4888205,5.87878,92.0389344,92.1325334,91.4888205,89.8596268
3/24/2006,5.127923,5.202758,91.1608749,5.86241,91.7115826,91.610772,91.1608749,89.377392
3/23/2006,5.195353,5.267861,91.1656014,5.92181,91.710311,91.7732224,91.1656014,89.5343352
3/22/2006,5.162515,5.23522,90.9398406,5.89887,91.4861212,91.5560145,90.9398406,89.53705
3/21/2006,5.147262,5.24501,91.09746,5.908,91.8086174,91.7117274,91.09746,89.6946136
3/20/2006,5.070816,5.181157,91.099645,5.84727,91.8096016,91.7102744,91.099645,89.6887887
3/17/2006,5.078975,5.203201,91.5840705,5.85862,92.1318282,92.0361897,91.5840705,90.007904
3/16/2006,5.054768,5.172104,91.7455136,5.83067,92.1303882,91.8715035,91.7455136,89.8479842
3/15/2006,5.149323,5.263482,92.2326012,5.90812,92.6196336,92.3618808,92.2326012,90.3280602
3/14/2006,5.135653,5.229228,91.746241,5.87236,92.1314365,91.872144,91.746241,89.8510548
3/13/2006,5.232633,5.311629,92.8738025,5.95766,93.1067634,92.8438099,92.8738025,90.8040456
3/10/2006,5.214996,5.285289,92.3924592,5.93554,92.6174195,92.1977616,92.3924592,90.1667718
3/9/2006,5.194728,5.271772,92.3927793,5.9135,92.6174628,92.1996992,92.3927793,90.170521
3/8/2006,5.191943,5.275453,93.7509,5.94583,93.822247,93.2369796,93.7509,90.964149
3/7/2006,5.205996,5.284668,93.2705904,5.95092,93.3323222,92.7454658,93.2705904,90.4874748
3/6/2006,5.198351,5.288616,92.7806292,5.94346,93.3310521,92.9082796,92.7806292,90.6449568
3/3/2006,5.168094,5.224912,91.6487118,5.88613,92.198405,91.7734018,91.6487118,89.5355133
3/2/2006,5.136679,5.180294,92.3612154,5.85392,92.5879296,92.645032,92.3612154,90.170145
3/1/2006,5.117794,5.119301,90.08793,5.80004,90.953955,91.0191466,90.08793,88.5777256
2/28/2006,5.088719,5.07234,89.4386988,5.73453,90.1453278,90.5285035,89.4386988,88.104653
2/27/2006,5.131714,5.110385,89.2743984,5.77249,89.653534,89.5463004,89.2743984,87.1481133
2/24/2006,5.126506,5.089731,89.5334448,5.76417,89.9319744,89.7365007,89.5334448,87.3357111
2/23/2006,5.130274,5.097988,91.186305,5.79537,91.5736178,91.3409849,91.186305,88.8584178
2/22/2006,5.089714,5.062636,91.2239312,5.77416,91.5301692,91.18326,91.2239312,88.7006064
2/21/2006,5.103374,5.097737,92.682932,5.80752,92.5859832,92.1596225,92.682932,89.6896049
2/17/2006,5.070615,5.071325,92.8437147,5.78083,92.7479104,92.3193177,92.8437147,89.8490658
2/16/2006,5.099664,5.126541,93.002271,5.84815,92.7469935,92.3217856,93.002271,89.845812
2/15/2006,5.10054,5.133256,94.470987,5.86838,94.2134445,93.7896008,94.470987,91.27816
2/14/2006,5.093053,5.142465,95.27745,5.87946,94.859088,94.4380125,95.27745,91.9110015
2/13/2006,5.079426,5.115051,95.60214,5.84977,95.5125377,94.767528,95.60214,92.226638
2/10/2006,5.085201,5.115187,95.9269356,5.8435,95.8359201,95.0920464,95.9269356,92.54873
2/9/2006,5.057661,5.078205,96.257792,5.81487,96.3940464,95.6529652,96.257792,92.8659064
2/8/2006,5.04755,5.107527,96.5838172,5.82338,96.729714,95.982726,96.5838172,93.181536
2/7/2006,5.018627,5.084869,96.7392234,5.80179,96.8875312,96.140044,96.7392234,93.339732
2/6/2006,5.029253,5.060848,96.3804885,5.80186,96.520768,95.6031683,96.3804885,92.8310279
2/3/2006,5.00129,5.056539,96.0899922,5.79888,96.2356343,95.3231545,96.0899922,92.5498431
2/2/2006,4.99955,5.081284,96.7443159,5.80672,96.884118,96.140604,96.7443159,93.3409026
2/1/2006,4.994108,5.091749,96.6559284,5.80873,96.5671473,95.8207069,96.6559284,93.0239184
1/31/2006,4.940616,5.046125,96.1596636,5.76373,96.0723558,95.1613834,96.1596636,92.3861092
1/30/2006,4.931897,5.053409,96.1571833,5.75539,96.0703934,95.1596296,96.1571833,92.387519
1/27/2006,4.904178,5.026141,96.1711461,5.73348,96.0108935,94.679926,96.1711461,91.9478444
1/26/2006,4.899022,5.045792,96.5780288,5.75541,96.288764,94.96207,96.5780288,92.1832496
1/25/2006,4.861024,4.995648,95.876195,5.7074,95.7080733,94.7970441,95.876195,92.0652096
1/24/2006,4.788565,4.89856,95.18688,5.61489,94.93322,94.0197387,95.18688,91.278173
1/23/2006,4.771243,4.856013,95.183742,5.58096,94.9296588,93.856686,95.183742,91.1206296
1/20/2006,4.776326,4.860973,94.693098,5.58423,94.4394723,93.365529,94.693098,90.64185
1/19/2006,4.790193,4.883777,94.2125724,5.62211,93.789908,93.0338937,94.2125724,90.3264624
1/18/2006,4.747857,4.843864,94.3789542,5.58661,93.9566448,93.2036913,94.3789542,90.486693
1/17/2006,4.746889,4.837821,95.0188608,5.57624,94.440325,93.5251296,95.0188608,90.8002975
1/13/2006,4.759091,4.859578,94.53312,5.5807,94.1154328,93.1995072,94.53312,90.484745
1/12/2006,4.807964,4.921362,94.6967224,5.64441,94.2753735,93.3590365,94.6967224,90.6399693
1/11/2006,4.857311,4.976328,94.3819215,5.707,93.9603864,92.935198,94.3819215,90.009972
1/10/2006,4.825302,4.947202,94.8617579,5.68246,94.116148,92.609426,94.8617579,89.693275
1/9/2006,4.777852,4.889969,93.8813589,5.62104,93.461342,91.78869,93.8813589,88.900092
1/6/2006,4.78552,4.900548,95.1854882,5.63322,94.7648124,93.2632272,95.1854882,90.3298616
1/5/2006,4.762916,4.893236,96.1684196,5.63968,95.4213782,93.9177406,96.1684196,90.962619
1/4/2006,4.762251,4.900562,97.1431047,5.65324,96.4011468,94.739664,97.1431047,91.7593272
1/3/2006,4.795037,4.927954,97.6248424,5.70253,96.8859684,95.0651424,97.6248424,92.0737994
