asOfDate,4y7y_ATM,5y7y_ATM,3y7y_ATM,5y10y_ATM
12/31/2014,91.28924816,91.09663299,91.16847492,87.84007775
12/30/2014,91.35669384,91.09922026,91.25590065,87.81705544
12/29/2014,91.59111769,91.31164459,91.54157166,88.11034949
12/26/2014,92.02259196,91.75443274,92.05104142,88.25851053
12/24/2014,92.03297094,91.80888656,92.05271335,88.43982589
12/23/2014,92.3066949,92.23011583,92.26921698,88.96369014
12/22/2014,92.77407987,92.72454293,92.66934576,89.18504403
12/19/2014,92.9132654,92.81964572,92.92863191,89.38259298
12/18/2014,93.66545635,93.50377117,93.673743,89.89937276
12/17/2014,93.46818346,93.37546781,93.30474643,89.41496934
12/16/2014,94.00822877,93.94444463,93.95951857,90.33226452
12/15/2014,92.84546328,92.6940101,92.97539064,89.2240595
12/12/2014,92.5633478,92.3505975,92.6612003,88.85427291
12/11/2014,91.4509786,91.31849948,91.46422659,87.817104
12/10/2014,90.6625231,90.72710064,90.48331682,87.24794907
12/9/2014,90.50891414,90.47042274,90.43495871,86.80394072
12/8/2014,90.61633,90.51120029,90.62702222,86.82218025
12/5/2014,90.96069094,90.80074987,90.97713935,87.10195356
12/4/2014,90.77050762,90.74346257,90.6357695,87.03514539
12/3/2014,91.332951,91.17072842,91.3052114,87.43999693
12/2/2014,91.68361969,91.55513516,91.67986253,87.97417941
12/1/2014,91.55437344,91.37502528,91.51983253,87.89062832
11/28/2014,91.07664458,90.87887806,91.032908,87.39934509
11/26/2014,91.394454,91.12705655,91.42152963,87.50947068
11/25/2014,91.39382962,91.03005371,91.48045487,87.35619417
11/24/2014,91.25660478,90.83808523,91.42237963,87.13918609
11/21/2014,91.20854434,90.79644714,91.37377595,87.14782177
11/20/2014,91.36049634,90.9334755,91.5891056,87.36277522
11/19/2014,91.16977647,90.70637423,91.45490613,87.40878592
11/18/2014,90.48288804,89.9758634,90.85427878,86.9742889
11/17/2014,90.44635408,89.96293786,90.79673904,87.05972385
11/14/2014,90.10035694,89.85147075,90.17391802,86.93760236
11/13/2014,89.9228323,89.80619259,89.99002022,86.76807157
11/12/2014,90.47147309,90.26888493,90.58290808,87.30200246
11/10/2014,90.77420564,90.52435047,90.9360074,87.5613589
11/7/2014,90.74562967,90.47025613,90.87958475,87.39300261
11/6/2014,91.47184218,91.30598748,91.50929475,88.52806889
11/5/2014,91.51691423,91.3323699,91.53934639,88.34586768
11/4/2014,91.63396452,91.40600885,91.73078861,88.50197161
11/3/2014,91.64071077,91.35981488,91.85074381,88.52814272
10/31/2014,92.28710392,92.15948347,92.2276765,88.96421216
10/30/2014,92.41398065,92.17253354,92.36778748,88.98677338
10/29/2014,92.93674064,92.9019942,92.67996175,89.86150173
10/28/2014,94.6147109,94.33258752,94.60134138,91.65789397
10/27/2014,95.02067207,94.68619088,95.06767433,91.8171952
10/24/2014,95.43193837,94.87616569,95.74843236,91.9721885
10/23/2014,95.42569896,94.61462229,95.86456437,92.05517541
10/22/2014,94.93424499,94.18467082,95.26728211,91.43601328
10/21/2014,94.79234329,94.14087056,95.05768382,91.05655437
10/20/2014,93.75838229,93.497263,93.63983902,90.23159639
10/17/2014,93.73234325,93.07448639,94.01917578,90.16410302
10/16/2014,95.69839231,95.00767024,96.02013307,92.08669425
10/15/2014,96.78343534,95.98246529,97.42775272,93.41039246
10/14/2014,93.22591647,92.98817164,93.13194065,90.15318377
10/10/2014,92.46381795,92.33619471,92.25825249,89.55583021
10/9/2014,92.24953196,92.16437696,91.99925532,89.15191423
10/8/2014,92.10981202,92.03799191,91.76814287,89.06611022
10/7/2014,92.27253218,92.18344069,92.08650787,89.02575755
10/6/2014,92.01969636,91.94819571,91.81568981,88.87714125
10/3/2014,92.15353397,92.01145208,92.01967205,88.94031564
10/2/2014,92.37199167,92.22779481,92.23607933,89.12579845
10/1/2014,91.54657295,91.21218545,91.66136131,88.1532469
9/30/2014,91.4330854,90.98325708,91.73880175,88.01186405
9/29/2014,91.26815298,90.87646403,91.48258568,87.87296404
9/26/2014,90.74793111,90.32839867,91.01291479,87.31341988
9/25/2014,89.94668636,89.44331029,90.31433533,86.65935923
9/24/2014,89.67432555,89.17251202,90.0055679,86.47970033
9/23/2014,89.55571333,89.17558916,89.77424485,86.43292734
9/22/2014,89.53789764,89.13296716,89.77031208,86.4449658
9/19/2014,90.11369403,89.85232732,90.17556984,87.42418251
9/18/2014,90.33559025,89.99756609,90.51305245,87.65028418
9/17/2014,90.27034335,89.83873825,90.43603722,87.66782238
9/16/2014,90.03947225,89.66737175,90.17614113,87.46674243
9/15/2014,89.99748776,89.51587703,90.2879081,87.12067339
9/12/2014,89.97172008,89.4789918,90.2570946,87.07912133
9/11/2014,90.74149767,90.78551608,90.42268208,88.3854541
9/10/2014,91.53989869,91.97045696,90.81808308,89.1805815
9/9/2014,91.55763836,92.16359255,90.70408692,89.62625657
9/8/2014,91.51036545,92.12469393,90.6002386,89.68828119
9/5/2014,91.39529162,92.00112163,90.48842567,89.42026876
9/4/2014,91.53078396,92.15348101,90.6562162,89.55392157
9/3/2014,91.38116816,92.01059044,90.44652148,89.34445898
9/2/2014,91.65380297,92.25927424,90.773926,89.74248842
8/29/2014,91.55022426,92.15476192,90.61695382,89.42856088
8/28/2014,91.49616231,92.08007097,90.54966552,89.30187218
8/27/2014,91.56868365,92.38016543,90.37493283,89.14166686
8/26/2014,91.527345,92.40619683,90.27606357,89.21029766
8/25/2014,91.88133157,92.5856666,90.74064723,89.54485204
8/22/2014,92.99947874,93.46494539,92.11283005,90.47276617
8/21/2014,94.23133345,94.34821131,93.66576376,91.1064586
8/20/2014,94.49708299,94.49402189,94.07430613,91.41651028
8/19/2014,94.74319883,94.65312054,94.4824278,91.67927107
8/18/2014,94.89183521,94.72668042,94.72125019,91.80380093
8/15/2014,94.60235565,94.3301033,94.5405213,91.61801877
8/14/2014,93.76600459,93.69258686,93.5191339,90.93659275
8/13/2014,93.18952294,93.32779617,92.67630215,90.56676387
8/12/2014,93.37164928,93.48029075,92.91703418,90.53312237
8/11/2014,93.19604182,93.2614207,92.79286538,90.37385218
8/8/2014,93.49613406,93.52853312,93.12897598,90.62990811
8/7/2014,93.26382517,93.31550116,92.88458715,90.38216198
8/6/2014,92.96921007,93.06980023,92.49327292,89.94313603
8/5/2014,92.96780201,92.98895702,92.60615309,89.8630034
8/4/2014,93.22634014,93.17193598,92.94516491,90.02857597
8/1/2014,93.35645038,93.23369084,93.1383727,90.04560232
7/31/2014,93.30701832,93.14648607,93.14466516,89.96621525
7/30/2014,93.12113518,93.05123681,92.8370012,89.928954
7/29/2014,91.89490298,92.10411684,91.39940856,89.16560211
7/28/2014,91.18240175,91.38949349,90.68108185,88.43485413
7/25/2014,90.86653253,91.11600999,90.27280961,88.18921008
7/24/2014,90.85916287,91.022793,90.3444528,88.06573152
7/23/2014,90.38355584,90.69038564,89.70978026,87.78302902
7/22/2014,90.36892448,90.67832465,89.72109082,87.75388205
7/21/2014,90.18588088,90.51925208,89.52450942,87.63637905
7/18/2014,89.50975888,89.99806316,88.69458272,87.3596045
7/17/2014,89.54967087,89.93595301,88.84228398,87.2051277
7/16/2014,89.4053263,89.77111255,88.672476,87.00604965
7/15/2014,89.54479316,89.9261702,88.83393151,87.12965292
7/14/2014,89.54670961,89.89813512,88.87925602,87.06874538
7/11/2014,89.18704181,89.60874328,88.44930038,86.81262621
7/10/2014,89.24720922,89.64134794,88.53889624,86.83957712
7/9/2014,89.19546001,89.58149966,88.43992841,86.79172181
7/8/2014,89.12001719,89.48928697,88.41455074,86.65506079
7/7/2014,89.99774439,90.1729734,89.49465103,87.25447433
7/3/2014,90.26730948,90.33262536,89.89224527,87.34459428
7/2/2014,90.64188327,90.60899926,90.35663632,87.63349258
7/1/2014,90.15981627,90.23397358,89.72099053,87.33522838
6/30/2014,89.72603858,89.87223031,89.22784603,87.04528072
6/27/2014,89.77513689,89.91748133,89.31194694,87.05380404
6/26/2014,89.73797054,89.83557537,89.3043106,86.99523686
6/25/2014,90.01801128,90.03528492,89.62564381,87.16535134
6/24/2014,90.51212092,90.46077075,90.22980352,87.54532449
6/23/2014,90.92270979,90.87023427,90.65148102,87.94403221
6/20/2014,90.93805152,90.76738085,90.77981696,87.80916338
6/19/2014,90.9002641,90.86093291,90.61544036,87.85549107
6/18/2014,90.31026513,90.1595125,90.08910291,87.18660717
6/17/2014,90.87959494,90.60036947,90.81858756,87.54232436
6/16/2014,90.58141531,90.39282809,90.44503644,87.40502034
6/13/2014,91.60049718,91.66292548,91.20994155,88.62254097
6/12/2014,91.80259178,92.00368517,91.28695286,88.60005763
6/11/2014,92.62286501,92.56264704,92.30644074,89.09182357
6/10/2014,93.51818062,93.47171494,93.2261312,89.9617325
6/9/2014,93.84287616,93.76041,93.61076684,90.25984511
6/6/2014,94.14478809,94.0405167,93.92625377,90.47111901
6/5/2014,94.81307214,94.58312845,94.73801788,90.99650611
6/4/2014,95.02925639,94.71828917,94.96371865,91.09668618
6/3/2014,94.82086664,94.5563161,94.74068655,90.96451562
6/2/2014,94.65056283,94.54579184,94.43184669,90.79195047
5/30/2014,93.85731533,93.92158721,93.4687121,90.29493734
5/29/2014,93.75413623,93.90577587,93.25373373,90.25125705
5/28/2014,92.86605882,93.14097313,92.19239702,89.49632384
5/27/2014,92.70809827,93.00361006,92.06348059,89.25264907
5/23/2014,92.77400233,92.98685239,92.24105793,89.25629031
5/22/2014,93.02662431,93.12609042,92.60330625,89.36884366
5/21/2014,92.95498397,93.04072746,92.53185263,89.26040358
5/20/2014,92.79658149,92.93704731,92.31579173,89.20673016
5/19/2014,92.90679747,93.01378908,92.48222399,89.41565631
5/16/2014,92.82635093,92.97476886,92.3581365,89.40360544
5/15/2014,92.69137216,92.81700226,92.25288387,89.36913048
5/14/2014,92.36138477,92.49369816,91.85090972,89.04884661
5/13/2014,92.42109206,92.5401149,91.9634424,89.00532367
5/12/2014,92.54631562,92.68225897,92.08693688,89.25363589
5/9/2014,92.24787024,92.44150267,91.73565708,89.06085885
5/8/2014,92.08515421,92.30436466,91.55391697,88.99988491
5/7/2014,92.27887424,92.43565991,91.7644045,89.10500222
5/6/2014,92.2134512,92.33962135,91.75338987,89.00777446
5/5/2014,92.22165022,92.33097485,91.79954331,88.97569596
5/2/2014,92.14421902,92.2445915,91.73484855,88.86108768
5/1/2014,92.55362482,92.59069389,92.18824346,89.16902574
4/30/2014,92.72145979,92.7402037,92.32884049,89.27474485
4/29/2014,92.999364,92.84695253,92.81943025,89.24850029
4/28/2014,92.99514422,92.90653662,92.74765217,89.35518977
4/25/2014,92.45075418,92.50942301,92.29890726,89.01776416
4/24/2014,92.59603386,92.59356887,92.49633893,89.05918685
4/23/2014,92.66634884,92.69871728,92.47748246,89.19510102
4/22/2014,92.81130161,92.80174888,92.68676899,89.24881038
4/21/2014,92.77373662,92.7847734,92.6477234,89.23360992
4/17/2014,93.05047091,93.02972112,92.95973449,89.51300089
4/16/2014,92.37651483,92.39542585,92.21337792,88.94592289
4/15/2014,92.08637905,92.12326398,91.87812976,88.56414536
4/14/2014,92.32789422,92.42709923,92.06964638,88.84283697
4/11/2014,92.0691324,92.27125782,91.76143037,88.72967154
4/10/2014,91.535332,91.87289458,91.2965107,88.34830076
4/9/2014,91.53852018,91.85173008,91.31524164,88.35869292
4/8/2014,91.47100971,91.69753519,91.31523721,88.21898623
4/7/2014,91.92171535,92.06120792,91.87350365,88.53836254
4/4/2014,92.71576472,92.68316115,92.84227017,89.12000119
4/3/2014,93.93748762,93.78952427,94.18390892,90.00316874
4/2/2014,94.15503113,93.966977,94.40694324,90.16168312
4/1/2014,94.67531724,94.50777224,94.6761885,90.35326523
3/31/2014,94.82749393,94.47457187,94.66750299,90.35363377
3/28/2014,95.12960769,94.55924983,95.10924726,90.61147849
3/27/2014,95.38907246,94.56844753,95.6432026,90.53889732
3/26/2014,95.87335113,95.03770943,96.05740571,90.92657327
3/25/2014,96.23410245,95.4734275,96.38697927,91.34470238
3/24/2014,96.15855727,95.32973208,96.40043771,91.22145124
3/21/2014,96.31271941,95.72623297,96.31474944,91.56605827
3/20/2014,96.97080677,96.66354385,96.70851164,92.42336312
3/19/2014,97.3814657,97.07663676,97.03629031,92.84369532
3/18/2014,96.49248756,96.58512565,95.80093426,92.46043286
3/17/2014,96.51197977,96.39869294,96.06539802,92.3990877
3/14/2014,96.53006902,96.4593264,96.02568214,92.50766463
3/13/2014,96.12165293,96.06882496,95.61643108,92.10606229
3/12/2014,96.07706856,96.05802302,95.44905758,92.059968
3/11/2014,96.2620084,96.1748668,95.7459139,92.25074609
3/10/2014,96.55217302,96.38841599,96.14376719,92.57382208
3/7/2014,97.13386436,96.76298775,96.93047414,92.92312973
3/6/2014,97.17347111,96.89616346,96.88480934,93.06295747
3/5/2014,97.01380715,96.75344958,96.62355657,92.95073909
3/4/2014,97.5615103,97.22095615,97.3021544,93.43377439
3/3/2014,95.9405763,96.05519456,95.25720543,92.3795285
2/28/2014,96.07145235,96.1811352,95.42474747,92.46131078
2/27/2014,96.16644221,96.32561955,95.47891995,92.60971343
2/26/2014,96.080013,96.31681316,95.24415456,92.64128729
2/25/2014,96.41009773,96.68812493,95.47612611,93.00510625
2/24/2014,97.0223835,97.33347618,95.98822493,93.68042891
2/21/2014,97.41646939,97.77953914,96.33244843,94.13273118
2/20/2014,97.83310083,98.11921791,96.82352775,94.37928073
2/19/2014,97.99743544,98.26174746,96.95049368,94.54273183
2/18/2014,97.76148915,98.07668669,96.6844575,94.36117614
2/14/2014,97.9668741,98.24251293,96.97219184,94.49511301
2/13/2014,98.54866735,98.68440835,97.68894215,94.92526462
2/12/2014,99.34019705,99.18210118,98.75704066,95.36659507
2/11/2014,99.29814533,99.19800387,98.6398615,95.38964438
2/10/2014,99.07212674,99.04999923,98.36542413,95.34515462
2/7/2014,99.58427545,99.55471205,98.88337766,95.75455676
2/6/2014,100.4951944,100.1197832,100.1515583,96.20014705
2/5/2014,100.6845254,100.2917506,100.2659892,96.41844925
2/4/2014,100.6636909,100.290463,100.2709894,96.38363982
2/3/2014,99.8061066,99.42960802,99.44303441,95.59608078
1/31/2014,99.93675301,99.45456258,99.71424959,95.44397868
1/30/2014,99.87035609,99.26338826,99.73192364,95.11765171
1/29/2014,99.10330448,98.74472181,98.60460521,94.63756648
1/28/2014,99.01828508,98.56029875,98.63552026,94.40780859
1/27/2014,98.08728896,97.61753248,97.73650373,93.55108728
1/24/2014,97.70259239,97.28435333,97.35443754,93.25499718
1/23/2014,98.07820787,97.5185491,97.87579402,93.43444765
1/22/2014,98.78983103,97.97737863,98.77481496,93.82018193
1/21/2014,98.59060554,97.83822418,98.53586568,93.69701412
1/17/2014,98.46137921,97.72612771,98.41866707,93.54717055
1/16/2014,98.76839713,98.01968162,98.73870534,93.74137407
1/15/2014,99.17948063,98.31774274,99.27902732,94.063556
1/14/2014,99.11637892,98.22092614,99.22897106,93.98956952
1/13/2014,98.39427093,97.69880992,98.38440722,93.55359013
1/10/2014,99.37756105,98.57610403,99.4262846,94.34327718
1/9/2014,101.8923996,100.6234612,102.4219279,96.27368069
1/8/2014,102.763012,101.4686615,103.1991197,97.0523041
1/7/2014,102.5328631,101.4581906,102.8189476,96.90021376
1/6/2014,103.7257146,102.6205952,104.0788271,97.90715808
1/3/2014,104.4170578,103.1975665,104.8841367,98.43939547
1/2/2014,105.1410351,103.943659,105.5856034,99.14378905
12/31/2013,105.6709437,104.3101131,106.2263435,99.50547281
12/30/2013,105.0355466,103.7730975,105.5250363,98.9182112
12/27/2013,105.174184,103.8483924,105.7313352,98.91892791
12/26/2013,105.6743344,104.2180435,106.355097,99.33223603
12/24/2013,105.3688124,103.7435028,106.2527737,99.321478
12/23/2013,105.2436616,103.5551133,106.2333955,99.06392789
12/20/2013,105.132393,103.3872254,106.1383274,98.93709126
12/19/2013,105.5276924,103.899046,106.4505528,99.51841656
12/18/2013,105.0065462,103.2729536,105.8697536,99.06636406
12/17/2013,104.7643216,103.077836,105.6567432,98.97048152
12/16/2013,105.1937,103.5087584,106.1442463,99.35791142
12/13/2013,105.3300129,103.5905134,106.3131688,99.44329661
12/12/2013,105.6351723,103.8681665,106.6612932,99.69366398
12/11/2013,105.4306143,103.7118046,106.2971908,99.56051675
12/10/2013,105.0286061,103.4716437,105.7933734,99.3918823
12/9/2013,105.587475,103.9733773,106.4647658,99.8073116
12/6/2013,106.0407716,104.312511,107.018246,100.0891002
12/5/2013,106.5472602,104.7687356,107.5949453,100.5387929
12/4/2013,106.5410116,104.6338633,107.6008712,100.3630719
12/3/2013,105.7400868,104.2307274,106.4583696,100.0957558
11/22/2013,103.5682947,102.9591951,103.4434927,99.03904904
11/21/2013,103.6194913,103.0449173,103.4948713,99.10544706
11/20/2013,103.5544469,103.0197771,103.26178,99.07930639
11/19/2013,102.5275273,102.1190075,102.1797328,98.3201834
11/18/2013,102.1894937,101.8158044,101.8369149,98.02768236
11/15/2013,103.23697,102.5243426,103.2201182,98.66403777
11/14/2013,103.6823025,102.8507491,103.7957423,98.92853452
11/13/2013,105.1484378,103.8979457,105.5620027,99.92011445
11/12/2013,105.7021114,104.3392991,106.2685381,100.2945936
11/8/2013,105.4632596,104.1035085,106.0549171,100.1034389
11/7/2013,103.5263565,102.841443,103.4790155,99.00532622
11/6/2013,103.7915917,103.1519284,103.6748658,99.30163422
11/5/2013,104.0953425,103.4493047,103.9590621,99.58281077
11/4/2013,102.7116419,102.318561,102.3582938,98.70237228
11/1/2013,103.075942,102.6606209,102.7472278,98.99583026
10/31/2013,101.9856259,102.0511506,101.2342477,98.49017481
10/30/2013,101.0968405,101.196089,100.1438745,97.70643414
10/29/2013,100.510065,100.8633727,99.56486618,97.37115804
10/28/2013,100.7205511,100.9794863,99.81079176,97.48739964
10/25/2013,101.2514314,101.4735891,100.3589302,97.99770596
10/24/2013,101.6537501,101.8407424,100.7929428,98.17386999
10/23/2013,101.4196453,101.6756813,100.4325371,98.07964989
10/22/2013,102.0435842,102.0691883,101.3351996,98.41668306
10/21/2013,103.5759358,103.1327886,103.3627631,99.32898742
10/18/2013,103.5895444,103.1103563,103.4147275,99.41255345
10/17/2013,103.5993515,102.999181,103.5592867,99.3051879
10/16/2013,104.4342909,103.4543032,104.663914,99.63374688
10/15/2013,104.9868194,103.8576299,105.4212731,99.97480227
10/11/2013,104.5383857,103.3972569,105.0003266,99.5726586
10/10/2013,104.4719533,103.3334141,104.9304556,99.51187654
10/9/2013,104.3654104,103.373812,104.6763792,99.6519119
10/8/2013,103.8079594,102.7697306,104.1337012,99.41528979
10/7/2013,103.9121296,102.8691086,104.3295419,99.4856926
10/4/2013,104.2532938,103.0546865,104.7891954,99.63605264
10/3/2013,103.8146025,102.7245529,104.272286,99.38111127
10/2/2013,104.6917767,103.4368049,105.1878482,100.0510538
10/1/2013,105.1180974,103.7877185,105.7484736,100.3720708
9/30/2013,104.8428431,103.6417787,105.3475922,100.2693436
9/27/2013,104.8098864,103.6748862,105.2741911,100.1442105
9/26/2013,103.9104969,102.8114056,104.342518,99.61537978
9/25/2013,103.2684177,102.3183544,103.4730383,99.21061764
9/24/2013,103.694737,102.6682783,104.0306286,99.51498211
9/23/2013,104.040778,102.9517076,104.4934888,99.68918364
9/20/2013,104.5504645,103.3742363,105.0654763,100.1062839
9/19/2013,105.006201,103.6441997,105.7171136,100.232883
9/18/2013,105.1766818,103.6628929,105.9248625,100.2837351
9/17/2013,107.550976,105.5018116,108.8736789,101.8351475
9/16/2013,108.4985941,106.4816513,109.846201,102.8027756
9/13/2013,109.2752694,106.8779331,110.9741208,103.140562
9/12/2013,109.9750974,107.2737779,111.9994902,103.5137011
9/11/2013,110.964753,108.193068,112.9548015,104.3530003
9/10/2013,111.6775545,108.9071359,113.7196348,105.0376267
9/9/2013,111.3332188,108.6731348,113.323846,104.8586567
9/6/2013,111.3136621,108.6188612,113.3080973,104.8051518
9/5/2013,111.6525997,108.8505977,113.7383027,104.915733
9/4/2013,110.9881614,108.2772398,112.7286492,104.1560503
9/3/2013,110.546705,107.9667557,112.1748124,103.9014917
8/30/2013,109.5953619,107.2529166,111.0375964,103.3595607
8/29/2013,109.0079005,106.8602808,110.2317301,102.9864424
8/28/2013,109.078981,106.8304826,110.4228107,102.903515
8/27/2013,107.7241921,105.7223974,108.82867,101.9774577
8/26/2013,107.7857846,105.7083478,108.9742248,102.0813825
8/23/2013,107.9504303,105.8789245,109.1254897,102.3312397
8/22/2013,108.6745589,106.3844458,110.0781511,102.6261089
8/21/2013,108.9334334,106.635304,110.149376,102.9544104
8/20/2013,107.6970858,105.7324234,108.6281086,102.0652839
8/19/2013,108.1777576,106.0899812,109.2888234,102.3151079
8/16/2013,107.4382642,105.505659,108.3750133,101.7818585
8/15/2013,106.9318339,105.3600866,107.5237676,101.7447777
8/14/2013,106.3805728,104.8959123,106.7914496,101.2934951
8/13/2013,106.3762771,104.9364029,106.793037,101.235272
8/12/2013,105.6731553,104.368797,105.9952146,100.7770432
8/9/2013,105.2920019,103.9885759,105.6105966,100.4910445
8/8/2013,105.4890975,104.1448019,105.8589314,100.6053665
8/7/2013,106.2511538,104.6931025,106.7290805,101.0703721
8/6/2013,107.3303914,105.499643,108.1306814,101.758093
8/5/2013,107.1605307,105.3159901,108.0287276,101.6779625
8/2/2013,107.0103851,105.3133269,107.7154284,101.5452189
8/1/2013,108.5084154,106.1590653,109.8833794,102.1497006
7/31/2013,107.0569986,105.0660731,107.9964457,101.2540673
7/30/2013,106.9133155,104.9889367,107.8149272,101.1994928
7/29/2013,106.842988,104.8965499,107.7601691,101.1709539
7/26/2013,106.528705,104.655309,107.4084951,101.0689298
7/25/2013,106.1772117,104.2461516,107.2094514,100.709982
7/24/2013,105.9687071,104.0448877,106.9500516,100.7094516
7/23/2013,104.0028985,102.2545677,104.7328066,98.95552632
7/22/2013,103.5033231,101.8830378,104.1580784,98.67562188
7/19/2013,103.3001758,101.6917767,103.9288604,98.47321026
7/18/2013,103.6074129,101.8864488,104.3626586,98.64107461
7/17/2013,103.6739254,101.7173603,104.5561431,98.54724592
7/16/2013,104.6572817,102.4988917,105.7926272,99.25487911
7/15/2013,105.0320744,102.8094935,106.2778306,99.50599565
7/12/2013,105.7562888,103.2445191,107.2850911,99.7734253
7/11/2013,105.346849,102.9638389,106.7598277,99.52983401
7/10/2013,106.5749758,103.5999386,108.4625446,99.96477626
7/9/2013,106.083147,103.1934878,107.9366476,99.67533781
7/8/2013,106.733292,103.7918886,108.7013726,100.297854
7/5/2013,107.7498844,104.614249,109.8882839,100.9979708
7/3/2013,105.1824678,103.2615829,106.0639028,99.6563544
7/2/2013,104.4614949,102.759098,105.087523,99.24986555
7/1/2013,104.6449691,102.7967068,105.2522802,99.21332635
6/28/2013,105.1386145,103.2362511,105.7965427,99.52356667
6/27/2013,104.0098875,102.2175655,104.5801064,98.61555813
6/26/2013,106.346978,103.5220156,107.8215258,99.63391228
6/25/2013,106.8569021,103.8292312,108.5741067,99.78544127
6/24/2013,107.0953236,104.3021803,108.6281357,100.3757348
6/21/2013,106.0163044,103.8874838,106.8776837,99.92526588
6/20/2013,105.8694641,104.3476394,106.1529343,100.1479924
6/19/2013,104.0948557,103.5996815,102.8832541,99.66106448
6/18/2013,101.6185275,101.5846032,100.0014881,97.66497476
6/17/2013,101.4736202,101.4436043,99.87834151,97.6042467
6/14/2013,100.7236699,100.8248981,98.98745914,97.24112125
6/13/2013,101.5090028,101.009996,100.394685,97.56216442
6/12/2013,103.1053519,102.337067,102.1269137,98.57765412
6/11/2013,103.5201324,102.6193063,102.7408695,98.90163374
6/10/2013,103.6681436,102.7545,102.9392451,98.88708689
6/7/2013,102.942479,102.2708023,101.9633255,98.52729072
6/6/2013,101.8906744,101.4410795,100.7189228,97.75754586
6/5/2013,102.3687665,101.8096516,101.1927859,98.12000678
6/4/2013,102.2791372,101.6318994,101.2576583,97.99873385
6/3/2013,100.9107596,100.5002605,99.62236088,96.94143576
5/31/2013,99.17120294,98.77434438,97.88555913,95.56566638
5/30/2013,98.0565292,97.90611447,96.50392355,94.9731717
5/29/2013,97.30130871,97.30473212,95.57096801,94.27142621
5/28/2013,95.99842917,96.39187116,93.91079724,93.75146771
5/24/2013,93.6119623,94.62413174,90.88714732,92.27424621
5/23/2013,93.58788441,94.51139089,90.74980616,91.94323709
5/22/2013,93.29921492,94.45971402,90.19679702,91.93554373
5/21/2013,92.55023018,94.10475921,89.09081785,91.74301682
5/20/2013,92.72426017,94.20963721,89.35324156,91.77128542
5/17/2013,92.67675135,94.17054599,89.2927025,91.7440628
5/16/2013,92.27919384,94.14147886,88.53461397,91.67209349
5/15/2013,92.28709456,94.14623925,88.46265077,91.70550867
5/14/2013,92.36007658,94.38845825,88.43316409,91.90189588
5/13/2013,92.20864432,94.44492511,88.08516599,91.70480547
5/10/2013,91.89492752,94.271447,87.64039543,91.59223706
5/9/2013,91.97147115,94.82125221,87.26108625,92.42284978
5/8/2013,92.55622594,95.48353115,87.67797305,93.11893436
5/7/2013,92.55690063,95.50466264,87.70121666,93.09989013
5/6/2013,92.51458827,95.45251506,87.67708925,93.10447388
5/3/2013,92.51100232,95.56539776,87.57165004,93.26582835
5/2/2013,91.9029166,95.2024711,86.70263563,93.02313855
5/1/2013,91.78185326,95.13076201,86.48204562,93.0222029
4/30/2013,91.76654269,95.13840342,86.59287796,93.01104918
4/29/2013,91.66637362,95.06516105,86.45243671,92.99861458
4/26/2013,91.68874726,95.05701819,86.44262022,92.94014146
4/25/2013,92.02885748,95.34327764,86.85637967,93.19294508
4/24/2013,92.2965511,95.64847914,86.98706185,93.52755299
4/23/2013,92.25982351,95.6633112,86.96218836,93.48926346
4/22/2013,92.4746541,95.91761193,87.14039174,93.52910623
4/19/2013,92.56459041,95.95432072,87.28690625,93.61070173
4/18/2013,91.79263076,95.43091041,86.59880384,93.1967615
4/17/2013,92.07222773,95.67883752,86.86087389,93.3261655
4/16/2013,92.18841801,95.85785353,86.97240353,93.41925714
4/15/2013,91.88168044,95.5758685,86.67536327,93.02050103
4/12/2013,92.19748773,95.86058328,86.98941,93.1064934
4/11/2013,92.03186382,95.12575557,87.40365172,92.47915622
4/10/2013,93.05122509,96.3081961,88.1591502,93.42916689
4/9/2013,92.48335155,95.67256534,87.72115321,92.97865392
4/8/2013,92.53369808,95.60858562,87.88646136,92.99641371
4/5/2013,92.07420004,95.19052617,87.40130751,92.74606002
4/4/2013,92.49768439,95.21263849,88.23329268,92.79620319
4/3/2013,92.96661996,95.57568612,88.70037768,93.04258927
4/2/2013,93.66437724,96.0684508,89.64798183,93.34233943
4/1/2013,93.54128661,95.97984556,89.50847246,93.37480046
3/28/2013,93.73352886,96.08801675,89.80841688,93.3936147
3/27/2013,93.77689656,96.02530247,89.92183971,93.35258619
3/26/2013,94.23328005,96.39599895,90.40354991,93.48019709
3/25/2013,94.48464485,96.5537821,90.78457002,93.65691819
3/22/2013,95.2189922,97.22766522,91.63849229,94.35266108
3/21/2013,95.54694308,97.5186463,92.00741462,94.53627464
3/20/2013,95.50104832,97.54604728,91.87571507,94.63279305
3/19/2013,95.39998337,97.3823473,91.82291719,94.50719336
3/18/2013,95.75048078,97.66117116,92.26642784,94.59737866
3/15/2013,95.02465349,96.78028961,91.69276721,93.64510897
3/14/2013,95.0380641,96.48715408,92.03184877,93.36553163
3/13/2013,94.59550913,96.1071993,91.42505514,93.0997687
3/12/2013,94.31267729,95.91443002,91.1194422,92.83945519
3/11/2013,94.50750582,96.1840945,91.26517489,93.36721284
3/8/2013,94.70323167,96.38104644,91.45358112,93.67574328
3/7/2013,94.37867779,96.21840239,90.9882663,93.65549198
3/6/2013,94.16430188,96.3147782,90.35153506,93.8024947
3/5/2013,93.99490688,96.27614226,90.12036239,93.77533787
3/4/2013,94.06936002,96.2931118,90.26336099,93.76716021
3/1/2013,94.64534772,96.75503504,90.95049941,94.21914942
2/28/2013,94.50599253,96.371398,90.99126141,93.73826
2/27/2013,94.44415907,96.35885435,90.80440649,93.61541889
2/26/2013,93.89694618,95.80990333,90.30249622,93.11871545
2/25/2013,93.60202954,95.33316446,90.29081934,92.57703099
2/22/2013,93.62928888,95.27453453,90.42584868,92.34427272
2/21/2013,93.70246405,95.23036396,90.53423331,92.29081016
2/20/2013,93.34018663,94.89125853,90.11551629,91.91286846
2/19/2013,93.43142484,95.11176146,90.17855664,92.16186502
2/15/2013,93.41210384,95.13044218,90.10017937,92.22701611
2/14/2013,93.55495059,95.29551189,90.21492944,92.1433543
2/13/2013,94.43592561,96.15920259,90.99528471,92.94867403
2/12/2013,93.96482418,95.9567241,90.41733228,92.53355118
2/11/2013,93.72026092,95.93187555,90.21567414,92.6609362
2/8/2013,93.77383155,95.63421334,90.54080642,92.31875645
2/7/2013,93.8596789,95.82200158,90.59013466,92.54791644
2/6/2013,93.50464956,95.37667623,90.1280339,92.3655915
2/5/2013,93.58963264,95.66625203,90.33174182,92.78077996
2/4/2013,91.53600534,93.51150089,88.31297873,90.77265308
2/1/2013,92.21770635,94.01649094,89.4634134,91.16355955
1/31/2013,91.85958285,93.57018671,89.02098687,90.87358873
1/30/2013,92.20622418,93.61586837,89.5098913,90.63169271
1/29/2013,91.78445689,93.39013214,89.22586694,90.58038263
1/28/2013,91.133871,92.53609144,88.60778354,89.83137807
1/25/2013,90.28563972,91.98273441,87.41376684,89.42754016
1/24/2013,88.7494227,91.12691197,85.3476888,88.64882659
1/23/2013,88.25922442,90.51844603,84.73932974,87.85886822
1/22/2013,87.61845102,89.93727893,84.16057183,87.26138295
1/18/2013,87.54013728,89.74638746,84.17518656,87.06555626
1/17/2013,87.78387308,90.01666208,84.34212801,87.29371676
1/16/2013,86.94753595,89.51805307,83.08517178,86.99074379
1/15/2013,86.72255325,89.41500084,83.02219002,86.90910931
1/14/2013,87.5753284,90.1643152,83.89095851,87.59350181
1/11/2013,87.8017031,90.18765833,84.22884634,87.69037025
1/10/2013,88.18880028,90.88004307,84.39539348,88.55460208
1/9/2013,87.7399614,90.61871696,83.77855915,88.46233701
1/8/2013,87.92545642,90.66953395,83.98371882,88.43272067
1/7/2013,87.93273552,90.69676201,84.06244189,88.3375446
1/4/2013,88.3064299,90.91343972,84.5290302,88.46060317
1/3/2013,88.2175711,91.35860127,84.53346297,88.93993444
1/2/2013,89.0950725,92.0905183,84.68597922,89.78632865
12/31/2012,88.46175348,92.04771593,84.15883512,89.93194476
12/28/2012,87.47220426,90.82523993,82.75954333,88.94565309
12/27/2012,87.64030604,90.98451673,83.18910867,89.2293118
12/26/2012,87.92791967,90.91773712,83.38301059,89.04615737
12/24/2012,88.11401384,91.27659122,83.58874235,89.32270278
12/21/2012,87.8432205,91.17958949,83.34336248,89.29994535
12/20/2012,88.16324096,91.39203591,83.64041512,89.47121006
12/19/2012,89.2851116,92.36534743,84.81510376,90.44755368
12/18/2012,90.33525984,93.2343148,86.01065295,91.11385987
12/17/2012,89.39413436,92.74786708,84.8551236,90.88331964
12/14/2012,88.49482829,91.97940299,83.96408546,90.24318557
12/13/2012,88.3754331,91.84936615,83.81269562,90.0562689
12/12/2012,87.94276653,91.69263032,83.23134421,90.04276221
12/11/2012,86.947636,90.97593786,82.06317454,89.45742681
12/10/2012,86.70096742,90.62116963,81.77309803,89.19948523
12/7/2012,86.79623775,90.70956393,81.99981676,89.37049199
12/6/2012,86.39860905,90.34453566,81.51900923,89.25983035
12/5/2012,86.3978475,90.26314993,81.51197074,89.2906221
12/4/2012,86.33285591,90.19399686,81.51479201,89.28825091
12/3/2012,86.63363072,90.45570544,81.83556722,89.4990805
11/30/2012,86.86360083,90.71964614,82.17215913,89.80871132
11/29/2012,86.74791168,90.39463712,82.11578839,89.56651795
11/28/2012,86.70791504,90.03718385,82.23183535,89.38846092
11/27/2012,87.09745748,90.44574358,82.72696186,89.71109384
11/26/2012,87.78301614,90.97587325,83.59535982,90.25959813
11/23/2012,88.187463,91.3036967,84.15859689,90.51997002
11/21/2012,88.50253704,91.47787372,84.30202143,90.58111864
11/20/2012,88.5885336,91.77249791,84.30545654,91.01266193
11/19/2012,88.30669841,91.27305247,84.17170785,90.50405614
11/16/2012,87.6938208,90.662479,83.68256614,90.01835155
11/15/2012,87.6959076,90.58948514,83.72426954,89.91240291
11/14/2012,87.17155369,90.07539696,83.48795293,89.60227559
11/13/2012,86.84479512,89.87778258,82.99791616,89.30835116
11/9/2012,87.0761754,90.25136205,83.30810406,89.18410944
11/8/2012,86.16247632,89.28699871,82.25219955,88.3067467
11/7/2012,86.5999021,89.48891249,82.82671856,88.46375881
11/6/2012,88.65218208,91.38924428,85.0575546,89.7416086
11/5/2012,88.2507531,91.09192876,84.53494201,89.63784878
11/2/2012,88.2735392,90.94345495,84.83473326,89.73895739
11/1/2012,88.15586065,90.85193591,84.65177705,89.62250669
10/31/2012,87.72346143,90.24927346,84.23566256,89.24805076
10/29/2012,87.7283905,90.35364177,84.12315841,89.24654917
10/26/2012,88.12430002,90.70687963,84.6825391,89.56909095
10/25/2012,88.84807954,91.35610242,85.53998219,90.19579609
10/24/2012,88.49396575,91.29143707,84.88176102,90.6402396
10/23/2012,88.56726546,91.27392581,84.92317873,90.37163952
10/22/2012,89.29646505,92.43398109,85.4846888,92.37102731
10/19/2012,88.23079356,90.88799993,84.5387503,90.38452754
10/18/2012,88.93394064,91.5588856,85.55501364,90.98256135
10/17/2012,89.27044002,91.74120982,85.78360806,91.22710913
10/16/2012,88.52391675,91.04057813,83.44625097,90.62077323
10/15/2012,87.720896,90.87012339,83.07812837,90.67883385
10/12/2012,86.89629925,90.37084208,82.51700889,90.0955102
10/11/2012,87.24174375,90.68631565,82.85561608,90.46056128
10/10/2012,87.47612874,90.94293951,82.95856662,90.55319325
10/9/2012,88.1938842,91.63869927,83.78549508,91.16425367
10/5/2012,88.69343025,92.04496705,84.49875203,91.53182332
10/4/2012,88.66564761,92.09821995,84.42337153,91.79947097
10/3/2012,88.55988652,91.95057329,84.10932407,91.6481942
10/2/2012,88.71072507,92.00255722,84.46452447,91.68529814
10/1/2012,88.99481295,91.95639108,84.49971394,91.5751505
9/28/2012,89.09407808,92.06076017,84.74443847,91.71091329
9/27/2012,88.9129864,91.84333462,84.60916994,91.52560232
9/26/2012,88.84875321,91.57171122,84.60905445,91.34369269
9/25/2012,89.66591049,92.21649481,85.53840367,91.88072462
9/24/2012,89.74988568,92.48089144,85.41404625,92.32401114
9/21/2012,90.36923994,92.95442963,86.3442313,92.55656508
9/20/2012,90.38772417,92.90746063,86.44968716,92.65104326
9/19/2012,90.83325753,93.47134115,86.7105775,92.8692634
9/18/2012,91.27917185,93.62402328,87.5594104,92.97318488
9/17/2012,91.93695816,94.91312285,88.60370133,94.29073345
9/14/2012,92.72702044,95.57285549,89.59494831,95.05295844
9/13/2012,91.5146406,94.61500552,88.02880433,94.07877988
9/12/2012,93.5189535,96.25349345,90.32176757,95.82921934
9/11/2012,92.0270134,94.85798467,88.88339768,94.29043468
9/10/2012,92.12068323,94.91157043,88.90690174,94.29055579
9/7/2012,92.000419,94.94477608,88.79505174,94.5147866
9/6/2012,92.83502079,95.57607267,89.75776865,94.98623974
9/5/2012,92.1223263,94.99413884,88.77269969,94.412899
9/4/2012,92.77864929,95.54090898,89.63739288,94.8366714
8/31/2012,93.46940568,96.05386747,90.59858669,95.40408486
8/30/2012,93.86718786,96.3202954,91.24766634,95.6944245
8/29/2012,93.76816413,96.24996795,90.86747097,95.48190532
8/28/2012,93.27460512,95.78895774,90.47461783,95.23148021
8/27/2012,93.0092625,95.46180592,90.20902914,94.95994001
8/24/2012,92.9858076,95.42277075,90.22508835,94.94032178
8/23/2012,92.7472562,95.07066879,90.01327633,94.52091404
8/22/2012,92.9701635,95.42101078,89.98104226,94.48265585
8/21/2012,94.80632425,94.49266923,90.59980992,93.22152637
8/20/2012,94.7501132,96.78722722,92.39635075,96.07717505
8/17/2012,94.84697457,96.90727157,92.56034742,96.16103671
8/16/2012,95.80791738,97.64854164,93.71786959,96.94909974
8/15/2012,94.92199912,96.82306911,92.61993835,96.1838526
8/14/2012,93.62746206,96.01371654,90.99837572,95.11927315
8/13/2012,92.28616112,94.83261378,89.45431578,94.1687237
8/10/2012,91.74378048,94.18155179,89.12768657,93.5528255
8/9/2012,92.08898149,94.32441916,89.59566231,93.63949644
8/8/2012,92.22465605,94.45834902,89.6561494,93.58409861
8/7/2012,91.79606475,94.22865451,89.10637461,93.56974834
8/6/2012,90.77957308,93.46197669,87.84592698,92.94300465
8/3/2012,91.43814148,93.71380957,88.93201977,93.28702942
8/2/2012,90.38961504,93.1494458,87.43054236,92.69995534
8/1/2012,90.80471329,93.27277836,87.92465528,92.62095469
7/31/2012,90.01008856,92.73527592,87.1362258,92.19170157
7/30/2012,90.1510897,92.83274515,87.33421353,92.30484712
7/27/2012,90.70388715,92.81193327,88.43819484,92.27321057
7/26/2012,89.34664065,92.15966662,86.34780517,91.69751802
7/25/2012,89.12110292,91.92902502,85.97266234,91.66108997
7/24/2012,89.33968745,92.0238228,86.40796628,91.67252086
7/23/2012,89.39148012,92.05170845,86.491923,91.50235452
7/20/2012,89.6515,92.12982802,86.96104316,91.60960165
7/19/2012,89.93411407,92.3167013,87.24581687,91.79347066
7/18/2012,90.49016627,92.98621913,87.66020547,92.47164378
7/17/2012,90.7340196,93.22957816,87.96049189,92.89354822
7/16/2012,90.6555226,93.03095028,87.98796591,92.81025089
7/13/2012,90.57232664,92.93712989,87.95480713,92.68616732
7/12/2012,90.44602336,92.76320577,87.77914527,92.50142907
7/11/2012,90.59456385,92.82102574,87.98207359,92.65155504
7/10/2012,91.208156,93.55089572,88.57874985,93.34160264
7/9/2012,90.7212813,92.97624372,88.1153416,93.07088801
7/6/2012,91.31427508,93.48661733,88.89631458,93.35591212
7/5/2012,91.795314,93.66095884,89.57958834,93.69287646
7/3/2012,92.02972338,93.88321432,89.7871079,93.98490397
7/2/2012,92.04146948,93.98774928,89.85979215,94.07592624
6/29/2012,91.95316848,93.76170866,89.88920199,93.86962525
6/28/2012,91.65844527,93.58594371,89.52856171,93.66201115
6/27/2012,91.834834,93.69033818,89.60312919,93.65412134
6/26/2012,91.87165872,93.72827216,89.72954831,93.74252397
6/25/2012,91.59786374,93.39600234,89.49299413,93.23878759
6/22/2012,91.83509335,93.67736831,89.75138604,93.66723555
6/21/2012,91.58227832,93.37045218,89.4928045,93.31627389
6/20/2012,91.60253119,93.04964387,89.65484789,92.84501617
6/19/2012,92.82062889,93.89874012,91.29885581,93.67772433
6/18/2012,92.73786952,93.64697023,91.55236399,93.54009933
6/15/2012,93.49215008,94.43803698,92.35705607,94.28545775
6/14/2012,93.74144964,94.58544063,92.76522527,94.25500778
6/13/2012,93.75080125,94.52022896,92.62556867,94.1257904
6/12/2012,93.44881161,94.73317666,92.54016644,94.52638463
6/11/2012,93.52893398,94.52412743,92.24863155,94.36662322
6/8/2012,92.88347248,94.27852188,91.24315927,94.08249754
6/7/2012,92.99073075,94.87572076,91.36135895,94.61914726
6/6/2012,92.89543105,94.09573435,90.59692674,94.1504564
6/5/2012,92.49307742,94.12715405,89.91889496,94.24904623
6/4/2012,92.17314667,94.19856668,89.92846971,94.46608523
6/1/2012,91.306365,93.2082937,89.3579211,93.94256742
5/31/2012,91.96497156,93.71927012,90.1111029,94.13879753
5/30/2012,92.37604588,94.21968301,90.45248103,94.27604091
5/29/2012,94.75525,96.12784944,92.12914479,96.06826045
5/25/2012,94.87828952,96.70079147,92.81845924,96.68797789
5/24/2012,95.41758568,96.99964798,93.15188213,96.83076185
5/23/2012,96.1161861,97.99927927,93.8042855,97.382095
5/22/2012,96.36516296,98.6594061,94.6119003,98.10516334
5/21/2012,95.7912302,97.3949884,93.05243743,97.0077649
5/18/2012,95.48736572,97.42515959,92.86366232,96.83263356
5/17/2012,95.46048075,97.62630897,92.91594509,97.06432896
5/16/2012,95.70900192,97.8006168,93.50619153,97.34291212
5/15/2012,96.8332708,98.62384739,94.9000001,98.1248234
5/14/2012,96.86047096,98.57456688,94.97679446,98.11298671
5/11/2012,96.68983632,98.26295609,94.63880418,97.64126078
5/10/2012,96.6704719,98.34919192,94.55583854,97.5922249
5/9/2012,96.63470856,98.53630798,94.44651173,97.92915761
5/8/2012,96.7448835,98.33596225,94.38775281,97.60192984
5/7/2012,96.52326732,98.35262756,94.3749221,97.79958432
5/4/2012,96.00448767,97.90800194,93.77000217,97.27226981
5/3/2012,97.9249104,99.75382105,95.8098772,98.87264206
5/2/2012,97.94680857,99.95930744,95.51167455,99.0301851
5/1/2012,98.93884602,101.1871345,96.74150171,100.2918152
4/30/2012,97.48713786,99.26677777,94.80958496,98.5331534
4/27/2012,98.3634586,100.5394066,95.87488768,99.60269862
4/26/2012,99.49072609,102.0360351,97.01847584,101.33244
4/25/2012,100.7570737,102.7603236,98.06313229,101.7635356
4/24/2012,101.1986035,103.1659712,98.51334561,102.0895301
4/23/2012,101.1709878,103.229441,98.67905798,102.1883689
4/20/2012,101.6532718,103.5326915,99.29202898,102.4316423
4/19/2012,101.7950742,103.3840636,98.92928309,102.2656059
4/18/2012,101.8472202,103.6908687,99.71495481,102.6853209
4/17/2012,101.8111109,103.6585564,99.85254156,102.7625718
4/16/2012,101.6007091,103.2549008,99.47791871,102.1602404
4/13/2012,101.27655,103.0009858,99.48389784,101.9926736
4/12/2012,101.5025986,102.7051337,99.40117924,101.6947712
4/11/2012,100.925671,102.3152191,98.69382036,101.433552
4/10/2012,100.3025991,102.0736156,98.35952976,101.3739835
4/9/2012,100.230857,101.3763092,98.04159955,100.4665408
4/6/2012,98.0379806,102.5604032,98.9587522,101.4878013
4/5/2012,103.5302429,104.2725708,102.2011951,102.8166466
4/4/2012,103.0925456,103.9241337,102.1903253,102.4883768
4/3/2012,103.0059104,103.2713754,101.668036,101.7927489
4/2/2012,101.0396397,102.2612135,99.6600856,101.0563847
3/30/2012,102.1260878,102.9281622,100.868191,101.6889565
3/29/2012,101.1497198,102.2144076,99.85982971,100.9712113
3/28/2012,102.197355,102.9701139,101.0927323,101.7749168
3/27/2012,103.0694805,103.9223765,102.0915293,102.5800002
3/26/2012,104.553579,104.6252564,103.9849279,102.9539679
3/23/2012,104.3588994,104.7423581,103.7853003,103.229675
3/22/2012,104.9782533,104.9031607,104.4945837,103.2047691
3/21/2012,105.7121463,105.482417,105.4207373,103.7098063
3/20/2012,106.3346949,106.1278936,106.6578543,104.1128323
3/19/2012,106.1941884,106.3534152,106.3690085,104.4196583
3/16/2012,104.4275582,104.8046256,103.8871251,103.5297307
3/15/2012,105.1207312,105.6115294,104.0744598,104.5682614
3/14/2012,106.5795116,106.7586872,105.6756762,105.5527378
3/13/2012,104.1403493,105.3393742,101.2190245,104.69201
3/12/2012,102.3772688,104.5388587,99.88284747,104.0943324
3/9/2012,102.3319963,104.5568342,100.1084745,103.8159829
3/8/2012,102.4195501,104.600885,99.89020438,103.9198974
3/7/2012,103.0903977,105.2194536,100.0596723,104.285661
3/6/2012,103.8975112,106.0161368,100.9256455,105.1747567
3/5/2012,103.7828292,106.2783594,101.3156326,105.1947413
3/2/2012,103.2365646,105.8091002,100.5079482,104.8595157
3/1/2012,103.8723978,106.0312073,101.4870807,104.897876
2/29/2012,103.0271722,105.341874,100.0191825,104.268557
2/28/2012,101.4950522,103.868451,98.40179571,102.9615126
2/27/2012,101.6784669,103.9862831,98.58705355,102.9860473
2/24/2012,101.690334,104.4662224,98.68315153,103.184874
2/23/2012,101.3449584,103.3491461,98.56531344,102.5946489
2/22/2012,101.1716263,103.5704251,98.38356318,102.7156559
2/21/2012,100.7313274,102.808172,98.10531272,102.4228081
2/17/2012,100.4477292,102.983512,97.5140702,102.3184387
2/16/2012,99.88336176,102.8079236,96.84686274,102.4106978
2/15/2012,99.51551802,102.6160381,95.80577987,102.3937908
2/14/2012,101.2012274,103.6108388,97.57114323,103.1259531
2/13/2012,101.1929166,104.4488709,98.4697623,103.9621009
2/10/2012,99.95987205,102.3289425,97.09878372,102.4374004
2/9/2012,99.6098182,101.5996796,97.60867952,102.0463152
2/8/2012,98.56556522,100.9950292,95.67150507,101.8089381
2/7/2012,98.8443972,100.8376629,95.90544553,101.6228193
2/6/2012,97.49092016,100.3781944,94.45413205,101.4290636
2/3/2012,98.14211322,101.2647854,95.77273176,102.1725366
2/2/2012,96.66612184,100.1816876,93.19160338,101.6382437
2/1/2012,96.91273368,99.92874635,93.61256152,101.4092886
1/31/2012,97.21543536,100.0064816,93.81648941,101.0077933
1/30/2012,97.35587008,99.62452171,93.98608377,100.5758411
1/27/2012,97.13964656,99.69196298,94.03194544,100.454829
1/26/2012,97.01768862,99.62091325,93.95137474,100.3095796
1/25/2012,99.4850625,102.0241957,97.46013046,102.1664242
1/24/2012,102.2340173,103.6708362,100.2735434,103.2514703
1/23/2012,102.4785944,103.9860114,100.553808,103.7632865
1/20/2012,102.2851886,104.0499344,100.2210237,103.8328019
1/19/2012,101.5833782,103.6993584,98.78374724,103.701369
1/18/2012,100.030848,102.8671235,96.54309469,103.0151525
1/17/2012,100.5307985,103.2839848,97.21421854,103.3409097
1/13/2012,100.4922086,103.0137315,97.43723105,103.0421896
1/12/2012,101.2513457,103.741693,98.73497509,103.7546874
1/11/2012,100.8325577,103.4665945,97.60681559,103.1312408
1/10/2012,101.5949236,104.0924246,98.55070178,103.9406883
1/9/2012,100.9342662,103.6175971,97.73272042,103.2852318
1/6/2012,102.4632687,105.3104647,99.1282092,104.7448826
1/5/2012,103.6025823,106.4440699,100.4250781,105.7609107
1/4/2012,103.895605,106.8410632,100.8755269,106.1204201
1/3/2012,105.4202864,108.0240238,102.7437353,107.4943858
12/30/2011,105.6703728,107.954653,102.6386977,106.9481254
12/29/2011,106.9997479,109.0521278,104.6479009,108.0153953
12/28/2011,107.0468524,108.6546323,104.4126295,107.6880469
12/27/2011,106.9213032,109.1686752,104.8937886,108.19823
12/23/2011,106.8533915,108.4848398,104.6789032,107.7914735
12/22/2011,105.696588,107.5103831,103.2793616,106.651354
12/21/2011,106.2619287,107.7419046,104.002096,107.0609423
12/20/2011,106.3209302,108.2237302,104.350569,107.4157834
12/19/2011,106.3254435,106.3330229,103.3693139,105.5353674
12/16/2011,106.4174447,108.0348086,104.9128934,107.0761541
12/15/2011,106.0740855,107.544579,104.3366955,106.6372634
12/14/2011,107.381624,108.6124833,105.5692794,107.6910859
12/13/2011,107.908209,109.0869538,106.11016,108.3451549
12/12/2011,108.8654532,109.8465365,106.8317501,109.0235448
12/9/2011,108.8691157,109.9513019,107.0191094,109.0858289
12/8/2011,107.5695704,109.069859,105.9955092,108.1745666
12/7/2011,106.6948167,107.5900903,104.8249491,106.815581
12/6/2011,107.304845,108.435712,105.9135081,107.8136345
12/5/2011,107.8249153,109.5847326,106.8664545,108.6615026
12/2/2011,108.5226734,109.6174609,107.7173483,108.8329335
12/1/2011,108.8755133,109.3498732,108.1850203,108.6807982
11/30/2011,109.758996,109.9605744,108.2598044,109.4107168
11/29/2011,110.3743667,110.3323254,109.5251034,109.9578825
11/28/2011,110.4135652,110.5860012,109.7544311,110.1452302
11/25/2011,110.1885781,110.4098865,109.4374311,109.9191503
11/23/2011,110.4702548,110.6459167,109.8084127,110.1285258
11/22/2011,110.014715,110.6404409,109.8744394,110.221319
11/21/2011,110.4482876,110.5744836,109.7760218,109.9595259
11/18/2011,110.1095273,109.9629121,109.6121266,109.6484765
11/17/2011,110.0681723,109.9140949,109.3874484,109.1649862
11/16/2011,109.4814169,109.9878522,109.22822,109.2480644
11/15/2011,109.182929,109.6235301,108.4921151,108.8943894
11/14/2011,109.3121398,109.9747108,108.7705818,109.3274007
11/10/2011,109.3915293,110.019446,108.9157764,109.3475364
11/9/2011,109.3413431,109.7221272,108.3899176,109.1270552
11/8/2011,108.8670605,108.6226708,107.1994372,108.3203265
11/7/2011,108.8790553,109.3669157,107.7595844,108.9704945
11/4/2011,108.5773962,109.2009837,108.0565884,108.7511199
11/3/2011,108.4182653,108.9053264,107.6373732,108.5528802
11/2/2011,108.7576222,109.5929106,108.2505788,109.1256315
11/1/2011,110.0695274,111.2916004,110.6201424,110.5617643
10/31/2011,108.4592577,108.3428199,107.8183966,107.6031446
10/28/2011,108.3786788,107.8520864,108.2883092,106.9181672
10/27/2011,107.8058466,108.0485275,108.0896499,107.0884268
10/26/2011,108.5397427,108.3884022,108.1454855,107.4503051
10/25/2011,107.7373257,108.095507,107.843673,107.3991027
10/24/2011,108.8003565,108.8800377,108.7749882,107.8083927
10/21/2011,108.4110041,108.2316977,108.046333,107.2875429
10/20/2011,108.5474774,108.6065211,108.1955872,107.5412192
10/19/2011,108.6784213,108.8883573,108.1734336,107.8332774
10/18/2011,108.723319,108.4869184,107.4013721,107.5069047
10/17/2011,108.2789008,108.394046,107.7869284,107.4163104
10/14/2011,107.181761,107.1932376,106.5998454,106.4309628
10/13/2011,106.4723068,106.7845569,105.7115453,106.1654732
10/12/2011,106.0604496,106.6182217,105.7927201,105.870352
10/11/2011,105.8527099,106.4054302,105.0685872,105.4160355
10/7/2011,105.4755256,105.8244411,104.5352186,105.0123432
10/6/2011,105.0938603,105.7977873,104.1277857,105.3335174
10/5/2011,104.7096922,105.9724934,103.7489729,105.8158753
10/4/2011,105.5257233,106.4918556,103.8042743,106.1952751
10/3/2011,105.6159613,107.1940068,104.2544957,106.8777692
9/30/2011,104.9841233,106.5833829,103.9099534,106.1510619
9/29/2011,105.8931006,106.6312969,103.9480171,106.2615424
9/28/2011,106.2517138,107.4267236,104.6808986,107.1298061
9/27/2011,106.5664448,108.3742108,105.8001613,108.0854321
9/26/2011,105.99484,108.2005883,103.8452543,107.8439638
9/23/2011,105.8728928,107.6326834,102.5219268,107.3051921
9/22/2011,107.2538928,109.4338032,104.0605513,109.3493037
9/21/2011,106.2046034,108.1037572,104.6568225,108.2246375
9/20/2011,107.2254546,108.5529292,106.0626121,108.7455785
9/19/2011,106.8808636,107.5409217,105.1915999,107.5512407
9/16/2011,106.7287229,108.4355152,105.8475316,108.482985
9/15/2011,106.5991773,108.0532962,104.9296339,108.124885
9/14/2011,106.2826185,107.7600548,104.1681923,107.9797
9/13/2011,105.8626995,107.4989477,103.7718331,107.666219
9/12/2011,105.3520528,106.6488975,102.6377132,106.9351578
9/9/2011,105.3440813,106.9445573,103.2825588,107.1354071
9/8/2011,105.598131,107.1355584,103.7146946,107.3526582
9/7/2011,106.3844439,107.9085401,104.3161263,108.0832523
9/6/2011,106.3035095,108.4620641,104.2137771,108.7130854
9/2/2011,106.0285411,107.6722996,104.0398942,108.0074886
9/1/2011,106.2862818,107.6489103,104.6209742,107.684686
8/31/2011,106.504647,107.3300674,104.4503524,107.4955104
8/30/2011,106.571098,107.6596253,104.5649713,107.8759937
8/29/2011,106.6963445,107.8538428,104.8344819,108.0800069
8/26/2011,106.2550652,107.7896451,104.4626873,107.9878441
8/25/2011,106.4766899,107.9648427,104.4817046,108.5159975
8/24/2011,106.2552546,106.7733374,103.261261,107.440149
8/23/2011,106.5073273,108.1308134,103.9365473,108.9167764
8/22/2011,105.9952426,107.6902623,103.2233151,108.3391654
8/19/2011,105.9872758,108.1479651,103.4914896,108.701004
8/18/2011,104.9612376,107.5078173,102.0504654,108.1391817
8/17/2011,104.3585376,106.4884756,102.2916538,106.9657779
8/16/2011,104.7467493,105.9683601,102.4461437,106.653257
8/15/2011,105.6141776,107.4149709,103.4207544,107.9546569
8/12/2011,106.5219191,108.5629816,103.7517024,108.6605949
8/11/2011,106.9671525,109.099294,104.4639454,108.89973
8/10/2011,105.8622151,109.2455418,104.185084,108.8274367
8/9/2011,108.2982451,107.4583598,104.2962572,105.9572487
8/8/2011,114.8853875,114.4551567,114.7946709,112.7185215
8/5/2011,112.4740955,111.6322672,112.2979336,110.2905849
8/4/2011,111.6369624,112.5962097,112.0835219,111.2172224
8/3/2011,113.3963783,113.240976,113.1451128,111.6218609
8/2/2011,114.5133209,114.6666404,114.0711259,112.7205216
8/1/2011,114.0543802,113.4997979,114.152791,111.5364343
7/29/2011,114.7304118,113.9310181,115.143453,112.1433257
7/28/2011,114.78721,113.5746632,115.4298747,111.4942267
7/27/2011,115.7347695,114.4714194,116.5557612,112.172348
7/26/2011,115.7115522,114.7672495,116.1568118,112.432676
7/25/2011,115.5743825,114.6461122,116.1119909,112.4390951
7/22/2011,114.6458973,113.7956535,115.1346356,111.6615669
7/21/2011,115.4781081,114.4315676,116.5042985,112.2053097
7/20/2011,116.2923035,114.9364035,117.1064795,112.6359628
7/19/2011,117.6041591,116.6616541,118.6277292,114.1222685
7/18/2011,119.2000185,118.3324595,119.514864,115.8486524
7/15/2011,117.0776707,115.8966646,117.9610208,113.659475
7/14/2011,116.5762488,115.053393,117.7323462,112.643252
7/13/2011,115.562485,113.9421267,117.2960783,111.3573098
7/12/2011,115.3645088,113.8917129,117.3168662,111.1724773
7/11/2011,115.338094,113.3271094,116.8526268,110.7732703
7/8/2011,114.4693639,112.6060504,116.0909339,109.8153688
7/7/2011,114.8963789,112.6856409,116.9290875,110.234419
7/6/2011,114.2489086,112.1044216,116.0768393,109.780773
7/5/2011,113.9743007,111.5457268,115.1436925,108.7556392
7/1/2011,113.6948392,111.7721165,115.3910183,109.1416603
6/30/2011,113.8440692,112.1414155,115.3408955,109.6012366
6/29/2011,113.5853046,112.1821154,114.7180755,109.4861994
6/28/2011,114.1091204,112.7936279,115.1307267,109.9613001
6/27/2011,112.9594903,111.9313424,113.7082412,109.2771252
6/24/2011,112.6538238,111.7453627,113.2921088,109.1839571
6/23/2011,112.8384674,111.3869024,113.6298504,108.6646813
6/22/2011,112.3788315,111.2676449,113.1301566,108.587944
6/21/2011,112.2607823,111.0390016,113.1298659,108.3097927
6/20/2011,112.3026165,111.1251403,113.2406388,108.3848484
6/17/2011,111.8258163,110.4732279,112.9176981,107.6708092
6/16/2011,111.8174803,110.5288037,112.8871603,107.7345475
6/15/2011,111.278545,110.013397,112.2420037,107.3409373
6/14/2011,111.8463541,110.7606916,112.6232412,107.9123882
6/13/2011,110.9360755,110.3642589,111.2330328,107.6865708
6/10/2011,110.6419151,110.1610711,110.8449292,107.669165
6/9/2011,110.6307642,110.1890576,110.8222669,107.6415106
6/8/2011,110.6621751,110.2172348,110.7236045,107.7450541
6/7/2011,111.3454867,110.8344955,111.5362659,108.0396254
6/6/2011,111.7683904,111.2327681,112.0485973,108.3748074
6/3/2011,111.2105419,110.9169,111.2071495,108.1768015
6/2/2011,111.1610173,110.8847134,111.1802188,107.9319033
6/1/2011,110.0904906,109.8286479,109.9980837,107.0213888
5/31/2011,111.1873052,110.8986828,111.1919586,108.0658363
5/27/2011,111.550888,111.1857224,111.627448,108.2600157
5/26/2011,111.7190589,111.365139,111.7970072,108.3087212
5/25/2011,112.4811925,111.8802035,112.8049783,108.7232755
5/24/2011,112.9657877,112.2722128,113.3824782,108.9823545
5/23/2011,113.0650776,112.3394949,113.6376837,109.1141768
5/20/2011,113.2147631,112.3519006,113.8510186,109.0980357
5/19/2011,113.2996974,112.2765231,114.1400077,109.1862017
5/18/2011,113.0967218,112.0356414,113.8262094,108.8458525
5/17/2011,111.9728372,110.861421,112.8486507,107.4949034
5/16/2011,111.8845665,110.632007,112.982289,107.0864555
5/13/2011,111.9245289,110.4961961,113.1550007,106.8457804
5/12/2011,112.1317735,110.6588973,113.4112644,107.060629
5/11/2011,112.0082477,110.547415,113.1624489,107.0301947
5/10/2011,111.9755997,110.5851441,113.1160822,106.9939406
5/9/2011,111.5607526,110.2196752,112.7287347,106.7659082
5/6/2011,110.9258556,109.5946953,112.0644031,106.203231
5/5/2011,111.4270963,109.9617405,112.7255368,106.5011495
5/4/2011,111.4952199,110.0730444,112.6362451,106.6126089
5/3/2011,112.0021893,110.6542143,113.1132453,107.1763887
5/2/2011,111.6257349,110.2397202,112.8541622,106.771435
4/29/2011,111.1680528,109.7394994,112.4038935,106.3250186
4/28/2011,110.8739606,109.4317079,112.1026464,106.0467004
4/27/2011,111.9065996,110.3028877,113.2624038,106.8937942
4/26/2011,112.1697794,110.3860117,113.7690055,106.9711041
4/25/2011,111.2866425,109.5701851,112.8780036,106.1890437
4/21/2011,111.5685559,109.7912882,113.1643616,106.3604065
4/20/2011,112.4210173,110.4577722,114.1340777,106.7820035
4/19/2011,112.7309148,110.6532168,114.5066731,107.2418558
4/18/2011,112.7046091,110.6721834,114.4904101,107.319115
4/15/2011,112.3042171,110.2657968,114.1513146,106.9187506
4/14/2011,112.9161497,110.8096047,114.8302537,107.3407623
4/13/2011,113.143497,110.8926173,115.1930659,107.5036486
4/12/2011,113.54423,111.2791948,115.5908282,107.8519929
4/11/2011,113.9872042,111.7999393,116.0403444,108.120798
4/8/2011,113.99533,111.7981219,116.0070012,108.3263792
4/7/2011,113.5991106,111.469241,115.5641519,107.9758516
4/6/2011,113.5411996,111.4824238,115.3493129,107.7861969
4/5/2011,113.1352025,111.1406749,114.9410049,107.3474463
4/4/2011,112.411772,110.5482442,114.1660228,106.9821568
4/1/2011,112.6016761,110.6108304,114.4504401,107.2086294
3/31/2011,114.3099384,112.0320002,116.1415884,108.5635676
3/30/2011,113.7164238,111.6203545,115.5788341,108.0916646
3/29/2011,113.8422669,111.8231218,115.6721144,108.4087503
3/28/2011,113.7781134,111.7660556,115.6601614,108.3815909
3/25/2011,113.6103836,111.517336,115.4148235,108.1426091
3/24/2011,112.6759822,110.8984659,114.2658664,107.5523049
3/23/2011,113.0544722,111.1044453,114.7634409,107.5535193
3/22/2011,113.0863145,111.26419,114.7602238,107.4546471
3/21/2011,113.6696394,111.7221434,115.516385,108.134671
3/18/2011,114.2722928,112.4147837,115.9834409,108.9664513
3/17/2011,114.9693653,113.0921925,116.7311586,109.6148775
3/16/2011,115.9012808,113.9765997,117.6074214,110.6441824
3/15/2011,115.1238532,113.7960918,116.257599,109.7406744
3/14/2011,113.5187006,112.1073088,114.7914438,108.3204153
3/11/2011,113.1569079,111.6700519,114.4471606,108.0246117
3/10/2011,113.0559818,111.2716222,114.6940149,107.6546622
3/9/2011,113.030402,111.1110096,114.6955124,107.5170738
3/8/2011,113.7818154,111.782982,115.6217999,108.2515282
3/7/2011,112.409136,110.4040254,114.3288363,107.1708622
3/4/2011,112.2777594,110.1649734,114.2018869,107.0668339
3/3/2011,112.9142646,110.2838168,115.4648423,107.0435067
3/2/2011,112.4999279,110.1733505,114.6199073,107.0516069
3/1/2011,112.2692308,109.9600764,114.4269311,106.8577439
2/28/2011,112.4370773,110.0906927,114.6059375,106.6889987
2/25/2011,112.6173955,110.1912338,114.8960866,106.74713
2/24/2011,114.3321212,111.5637621,116.997132,108.0428871
2/23/2011,114.6501139,111.8372745,117.0049251,108.2233926
2/22/2011,113.8445253,111.299014,116.2785361,107.8485147
2/18/2011,113.616005,111.1544274,115.9715381,107.5588276
2/17/2011,112.6921273,110.0874792,115.172621,106.9821279
2/16/2011,112.7451215,110.1445422,115.2008523,106.7190074
2/15/2011,111.3990926,108.6309549,114.0210796,105.3222136
2/14/2011,111.8609233,109.1771151,114.5028729,105.7644652
2/11/2011,112.7130162,110.0117317,115.3157228,106.2797182
2/10/2011,114.7879645,111.7836741,117.73078,107.7890993
2/9/2011,115.6205505,112.5538411,118.4811595,109.0861134
2/8/2011,117.3365091,114.1855815,120.3653844,110.4986205
2/7/2011,117.3358019,114.2775883,120.3401394,111.1109209
2/4/2011,117.927069,115.244167,120.5119744,111.9321741
2/3/2011,117.2018765,114.8876711,119.4231672,111.8854315
2/2/2011,117.4268688,115.2045446,119.4375279,112.2022039
2/1/2011,117.1378022,115.00359,119.1025458,112.2921719
1/31/2011,116.3186546,114.3571575,118.2740802,111.6280865
1/28/2011,115.3936202,113.5024016,117.1531246,110.7589992
1/27/2011,114.4487453,112.4587315,116.3722973,109.6101311
1/26/2011,115.328353,113.0403157,117.3940912,110.3409752
1/25/2011,114.5273653,112.470949,116.4103333,109.6732122
1/24/2011,114.90336,112.7424145,116.9586535,109.8087909
1/21/2011,115.2056703,112.9326494,117.3371834,110.2512196
1/20/2011,115.27848,113.2225676,117.1930975,110.3451389
1/19/2011,115.9335821,114.001556,117.626493,111.2734822
1/18/2011,115.8938991,113.901805,117.6744072,111.1237556
1/14/2011,115.2795114,113.3697518,117.0352735,110.2201693
1/13/2011,114.0851803,112.06294,115.9795286,108.7674153
1/12/2011,112.588247,110.2583706,114.8098499,107.2362049
1/11/2011,112.8196424,110.3745343,115.1603991,107.0384062
1/10/2011,112.1544012,109.5782742,114.7113533,106.3251857
1/7/2011,112.2643586,109.5361747,114.9463287,106.3421653
1/6/2011,114.4806643,111.5428568,117.3983682,108.1114519
1/5/2011,114.8404398,111.9107155,117.6546017,108.4426711
1/4/2011,112.6678691,109.9904514,115.2677279,106.7767608
1/3/2011,114.9285626,112.1292969,117.7443213,108.8848221
12/31/2010,116.5121903,113.6418827,119.3798066,110.1467684
12/30/2010,116.5742675,113.7464326,119.3651724,110.1635279
12/29/2010,116.4411761,113.935674,118.8415859,110.3240044
12/28/2010,117.1242337,114.635164,119.5407085,110.8798515
12/27/2010,115.8703074,113.5239406,118.1548389,109.5419347
12/23/2010,115.7657285,113.4553499,118.0638092,110.0895109
12/22/2010,114.488005,112.5995388,116.2741825,109.2651379
12/21/2010,114.7041636,112.9316462,116.3363757,109.1112343
12/20/2010,115.7454979,113.7169085,117.747551,110.1288263
12/17/2010,116.7218332,114.4520722,118.9294046,110.9118545
12/16/2010,118.6037748,115.6137865,121.5614023,112.090808
12/15/2010,119.9586688,116.3127304,123.462343,112.5766845
12/14/2010,117.7340161,115.0925027,120.2842615,111.6559227
12/13/2010,116.1229819,114.1503977,118.0698803,110.9629199
12/10/2010,117.0151002,115.1124278,118.8674871,111.9143569
12/9/2010,115.4752954,113.8723494,117.036117,110.8337491
12/8/2010,116.1707952,114.5750387,117.6008943,111.7220347
12/7/2010,116.1095171,114.6391195,117.4610393,111.9623429
12/6/2010,112.5228813,111.9855407,112.9415994,109.4694164
12/3/2010,111.897774,111.441228,112.2209816,108.5729435
12/2/2010,111.6512003,110.4269167,112.7994089,107.7875488
12/1/2010,111.4683101,110.2330349,112.515937,107.5701205
11/30/2010,109.6553421,109.0408233,110.1039991,106.4709637
11/29/2010,108.2455576,107.4921442,108.8260493,104.9963994
11/26/2010,107.7673084,106.7198169,108.6895751,104.2263449
11/24/2010,107.6381397,106.6203661,108.5251241,104.2087726
11/23/2010,105.8922774,105.2503968,106.3331281,102.7483759
11/22/2010,105.7180944,105.1412715,106.2095239,102.475519
11/19/2010,106.4122796,105.4025441,107.3086704,102.7637584
11/18/2010,106.6459836,105.4817643,107.7208702,102.8703948
11/17/2010,105.1597515,104.4310556,105.3340929,101.8235026
11/16/2010,104.5272534,103.263411,105.5715491,100.7459933
11/15/2010,104.9537235,103.8737374,105.878353,101.3170288
11/12/2010,102.6380296,102.2905804,102.6634758,99.61554929
11/10/2010,101.757166,102.1348922,101.2262622,100.0111067
11/9/2010,101.5592453,102.0582249,100.9289896,99.91749371
11/8/2010,99.77282432,100.5351413,99.16242416,98.49424413
11/5/2010,99.45656604,100.3478398,98.88840163,98.25692601
11/4/2010,98.5130724,99.33345988,97.97998687,97.13573092
11/3/2010,99.41434426,99.89804611,98.73961711,97.64060822
11/2/2010,100.884167,101.3940126,100.2878856,99.37098465
11/1/2010,100.0721019,100.225161,99.9673344,98.08936375
10/29/2010,99.0456404,99.33431486,98.83832065,97.09026917
10/28/2010,99.08773632,99.19244891,99.02161916,97.23411863
10/27/2010,98.23666014,97.88639625,98.64617413,96.56327209
10/26/2010,97.85273715,97.93424242,98.02689882,96.96805011
10/25/2010,97.12116125,97.46701599,96.96310356,97.02876062
10/22/2010,97.665237,97.79152484,97.71988175,97.30028485
10/21/2010,96.12216448,96.57070226,95.80629476,96.11309768
10/20/2010,94.65364628,95.20745453,94.14212077,94.82844515
10/19/2010,94.58075494,94.89203529,94.39952678,94.40845265
10/18/2010,94.76348469,94.69409563,94.98976493,94.26943814
10/15/2010,95.33134702,95.05428091,95.76914169,94.62000937
10/14/2010,96.39406576,96.33180152,96.3313155,96.31989972
10/13/2010,95.56863342,96.26282813,94.91315533,96.28434746
10/12/2010,97.98756799,99.10333842,96.79479641,98.95168188
10/8/2010,98.6078323,99.47224492,97.72060663,99.17190482
10/7/2010,100.9861007,101.3503246,100.6401933,100.8968138
10/6/2010,101.4377946,101.4443559,101.3846645,101.0136423
10/5/2010,103.6689903,103.2102308,104.3265639,102.2414803
10/4/2010,103.9741438,103.1402719,104.9680942,102.0717048
10/1/2010,103.7902026,103.066643,104.6629081,101.8783249
9/30/2010,105.4401214,104.8638065,106.128553,103.5464953
9/29/2010,106.9646914,106.3179774,107.6034369,105.143422
9/28/2010,105.0754843,104.0547693,106.1935524,102.9635773
9/27/2010,104.9970088,103.8691841,106.0722801,102.1142439
9/24/2010,103.6329505,102.0876887,105.0962956,100.4583854
9/23/2010,101.9915897,100.1337231,104.1993948,98.89452623
9/22/2010,101.0969164,99.41529066,102.9106414,97.93914651
9/21/2010,101.5828336,99.76213834,103.7265697,98.26127857
9/20/2010,102.5171925,100.6402594,104.8063599,99.10694281
9/17/2010,101.4338323,99.68100226,103.5792995,98.06071504
9/16/2010,101.766959,99.87453121,103.8931857,98.45380704
9/15/2010,100.3413305,98.51356395,102.5099268,97.10898979
9/14/2010,98.71531436,96.69875441,101.1320889,95.73914413
9/13/2010,98.4247129,95.95371007,101.426217,95.17497641
9/10/2010,98.950404,96.39891756,101.9632592,95.80761808
9/9/2010,97.79483214,95.51082951,100.5364244,94.66708218
9/8/2010,96.8235516,95.01030353,98.98812494,94.13316718
9/7/2010,95.5209347,93.86498188,97.58481117,93.24070266
9/3/2010,94.3114172,92.77138262,96.30162448,92.42997346
9/2/2010,95.98463916,94.34805697,98.04920973,93.92356116
9/1/2010,97.32535488,96.05196997,99.06075438,95.57573634
8/31/2010,95.29453807,94.75869936,96.65630479,94.54170561
8/30/2010,95.74382064,95.17692543,96.77449134,94.90397107
8/27/2010,94.13484968,93.84643534,94.79049281,93.27713327
8/26/2010,95.13173882,95.03148673,95.98060174,94.59231
8/25/2010,94.57962584,94.81551717,94.56410989,94.42893059
8/24/2010,94.73649016,95.15821856,94.42297743,94.71358027
8/23/2010,95.66709628,96.34605273,95.12774006,95.56336265
8/20/2010,95.26279752,95.81867723,94.85559503,95.06689329
8/19/2010,95.19401175,95.72178819,94.84612102,94.89799705
8/18/2010,95.04814242,95.43761938,94.79330946,94.34510408
8/17/2010,96.38731102,96.52555858,96.28449554,95.24957914
8/16/2010,98.51350382,98.52558308,98.6240108,97.25098081
8/13/2010,96.09606812,95.88968541,96.55372263,94.54399342
8/12/2010,94.3170855,94.14417014,94.40567163,92.80642006
8/11/2010,93.4619532,93.22191269,93.54867834,91.8081197
8/10/2010,95.37387948,94.72361112,95.81412425,93.00217142
8/9/2010,97.78928397,97.00399804,98.38759052,95.22892964
8/6/2010,98.16369087,97.52689412,98.65217264,95.48842469
8/5/2010,99.96612332,99.28300798,100.5078462,97.16588498
8/4/2010,101.688011,101.1433333,101.9237131,98.79794831
8/3/2010,102.082264,101.5207868,102.3522289,99.07693847
8/2/2010,102.2518536,101.8367346,102.3511603,99.19888792
7/30/2010,101.4968785,101.0337031,101.6510458,98.49613131
7/29/2010,101.6497917,101.1697412,101.8728368,98.45643778
7/28/2010,101.1142016,100.6646799,101.3579714,97.84623325
7/27/2010,102.5883264,102.0834138,102.9580305,99.4230826
7/26/2010,101.3823123,100.8134887,101.9437874,98.01759514
7/23/2010,101.9877788,101.0989475,102.9043271,98.43680981
7/22/2010,103.5205968,102.4729555,104.6233017,99.80354429
7/21/2010,103.8401137,102.7104747,105.1195148,100.159253
7/20/2010,103.4828303,102.4598449,104.6399453,99.54301067
7/19/2010,103.9074274,102.8314956,105.1121232,99.62921635
7/16/2010,103.6392746,102.3940347,105.0246634,99.13631199
7/15/2010,104.7072888,103.2487809,106.3286874,99.92110848
7/14/2010,105.0982056,103.6987255,106.5751737,100.4547583
7/13/2010,105.5291621,104.1991115,106.9708489,100.9220584
7/12/2010,105.3151859,103.7605023,106.5840924,100.3926705
7/9/2010,105.9400285,104.3148392,107.2634567,101.0093165
7/8/2010,106.4862436,104.8235468,107.8295368,101.6851923
7/7/2010,105.87505,104.2603227,107.0496891,101.0481209
7/6/2010,106.4532282,104.6417688,107.8567963,101.2091427
7/2/2010,107.4620689,105.4829165,109.0055029,101.952298
7/1/2010,109.3816733,107.3649744,111.0579487,103.7107789
6/30/2010,109.893186,107.8572618,111.4734536,104.2798145
6/29/2010,110.6216745,108.6652826,112.0826893,105.0563239
6/28/2010,110.8721468,108.9404678,112.2733447,105.0952446
6/25/2010,112.9173677,110.7899588,114.5041236,107.0520428
6/24/2010,114.2790059,112.0155044,115.9609884,108.122498
6/23/2010,114.0429477,111.6369615,115.7722724,107.6455806
6/22/2010,115.458096,112.7785564,117.5314386,108.8430167
6/21/2010,114.9013037,111.9862085,117.3806084,108.4541656
6/18/2010,115.4517855,112.4346774,117.9889785,108.9030105
6/17/2010,115.2299004,112.1139885,117.9512753,108.685627
6/16/2010,115.3455648,112.1656915,118.0764509,108.6891131
6/15/2010,115.7462815,112.4409971,118.6966003,108.9846103
6/14/2010,116.0831795,112.7198065,119.2045786,109.1561557
6/11/2010,116.8075771,113.3076995,119.9897113,109.7996504
6/10/2010,117.1570859,113.6485866,120.3836805,110.1230155
6/9/2010,117.9247172,114.3502823,121.0609212,110.9152366
6/8/2010,119.6846665,115.977794,123.0273249,112.4722882
6/7/2010,118.2089155,114.448919,121.7046219,111.0861021
6/4/2010,117.8821832,114.0239195,121.3974471,110.6949636
6/3/2010,116.6394775,112.9485924,120.009273,109.5681766
6/2/2010,117.5386458,114.082533,120.5418929,110.4374186
6/1/2010,118.4781893,114.9844761,121.5143531,111.3373166
5/28/2010,118.019646,114.4243549,121.1490443,110.7326777
5/27/2010,118.4830525,115.1769466,121.2644077,111.202703
5/26/2010,119.2891411,116.1582739,121.8087888,112.1147123
5/25/2010,121.1173181,118.0336253,123.4899724,113.8694834
5/24/2010,120.5269912,117.4417094,122.8842415,113.0804145
5/21/2010,122.6387858,119.1797677,125.2707629,114.813154
5/20/2010,125.454011,122.2812506,127.8574243,118.030254
5/19/2010,124.0566146,121.0331872,126.3066249,116.9675339
5/18/2010,122.9922774,119.8960513,125.3968611,115.6301518
5/17/2010,122.2064107,118.9836925,124.7955645,114.7778903
5/14/2010,122.4194846,119.2286413,124.943431,114.9818921
5/13/2010,118.7963999,115.454046,121.4514661,111.3148076
5/12/2010,120.1354297,116.6644109,122.8152032,112.711359
5/11/2010,120.8687842,117.1750364,123.9107517,113.221608
5/10/2010,123.2092321,119.413153,126.5480457,115.0978981
5/7/2010,124.8536464,120.8174242,128.3961083,116.4927348
5/6/2010,131.2509938,126.9384695,135.1389311,122.0703942
5/5/2010,127.6781638,123.9876102,130.7810918,119.4090865
5/4/2010,125.4485748,122.3856132,127.7914547,118.0708932
5/3/2010,119.982654,117.051805,122.2777261,113.0300893
4/30/2010,119.6095891,116.9357358,121.6806127,112.9182919
4/29/2010,115.6405115,113.1238242,117.6487571,109.3950395
4/28/2010,117.0985143,114.3958189,119.3301889,110.3311725
4/27/2010,118.048252,115.3131507,120.3828053,111.0743968
4/26/2010,114.7550596,112.2175182,116.8719354,108.1244989
4/23/2010,114.4762865,111.9156064,116.5895644,107.8973643
4/22/2010,113.341627,110.9434264,115.256492,107.0255905
4/21/2010,112.4948673,110.119381,114.3824579,106.2753082
4/20/2010,111.0301154,108.6552221,113.0490642,104.792394
4/19/2010,109.9359464,107.5919495,111.9392655,104.0684408
4/16/2010,109.5481191,107.1020956,111.6093563,103.5070717
4/15/2010,110.5183313,107.9297507,112.74172,104.2511208
4/14/2010,111.3448551,108.618258,113.649668,104.8187232
4/13/2010,112.129479,109.2222339,114.7388435,105.2266587
4/12/2010,112.0410073,109.1054735,114.7436622,105.2473446
4/9/2010,111.8671013,108.8700671,114.6069119,104.9758262
4/8/2010,112.3408438,109.3090859,115.0514903,105.438896
4/7/2010,110.4716671,107.5141152,113.073562,103.869326
4/6/2010,109.7824093,106.7880317,112.4768367,103.1107853
4/5/2010,110.81229,107.6459327,113.8392351,103.5174242
4/1/2010,111.4632445,108.7203093,113.951902,105.0269695
3/31/2010,110.0733361,107.4163813,112.5440615,103.8509984
3/30/2010,110.3761349,107.5651657,112.9792635,103.9290348
3/29/2010,111.8326519,108.8893149,114.6336496,105.3333021
3/26/2010,111.5555417,108.5977596,114.3774613,105.0292299
3/25/2010,113.255148,110.1829966,116.3174632,106.2202329
3/24/2010,114.4055686,111.0907912,117.6712097,107.3316794
3/23/2010,113.0827144,109.9269692,115.9923768,106.057806
3/22/2010,111.8793065,109.0471934,114.4566858,105.3353184
3/19/2010,112.0573932,109.097158,114.6993646,105.2951316
3/18/2010,111.5308761,108.7866858,113.8414914,105.2566238
3/17/2010,110.9195177,108.2586648,113.0000545,104.6525198
3/16/2010,112.2219975,109.7730672,113.9404453,105.9086661
3/15/2010,113.5664791,110.8521005,115.3821834,106.9298892
3/12/2010,113.9915075,111.3845918,115.8052507,107.5401048
3/11/2010,114.8261496,112.1997473,116.600049,108.2399961
3/10/2010,114.753865,110.9125301,116.294662,107.1636745
3/9/2010,115.0155944,112.3797008,116.7200299,108.4804539
3/8/2010,116.194332,113.434245,118.093595,109.5299611
3/5/2010,116.7182655,113.9509467,118.5566315,110.0577235
3/4/2010,116.8223624,114.0874835,118.6400302,110.1295134
3/3/2010,118.3625068,115.3187691,120.5919036,111.2809056
3/2/2010,117.9958294,114.9318467,120.40466,111.0015932
3/1/2010,118.1865071,115.0464085,120.7595503,111.207143
2/26/2010,118.1396502,114.9915959,120.6782082,111.2152829
2/25/2010,117.7494791,114.428445,120.2993655,110.6802753
2/24/2010,117.6716626,114.476536,120.2782477,110.7904929
2/23/2010,117.4932739,114.3871208,120.0210627,110.8415574
2/22/2010,117.6040045,114.4966109,120.1859203,110.8495403
2/19/2010,119.5269966,116.3546605,122.1281058,112.4259785
2/18/2010,120.3203631,116.9955282,123.0321944,113.458911
2/17/2010,120.4596624,117.1222923,123.1431197,113.4440159
2/16/2010,120.6836835,117.3666209,123.4043638,113.6594608
2/12/2010,121.5891654,118.1393252,124.4255001,114.3585891
2/11/2010,123.6766639,120.2079975,126.5446837,116.079027
2/10/2010,125.1538635,121.2635471,128.3955805,117.2002526
2/9/2010,124.5391219,120.658627,127.8191744,116.6362464
2/8/2010,122.5357096,118.7015891,125.8949536,114.7905451
2/5/2010,122.4719514,118.6714956,125.714753,114.728263
2/4/2010,122.8774905,118.8814965,126.3986621,114.8216771
2/3/2010,123.8550246,119.8250784,127.2995847,115.8594208
2/2/2010,123.1171575,119.3410417,126.3412558,115.3590512
2/1/2010,124.4037184,120.5555742,127.8023489,116.4790584
1/29/2010,125.6449444,121.2001807,129.5395694,116.9901919
1/28/2010,126.9855174,122.3197626,131.1429368,118.0614146
1/27/2010,127.0519878,122.5369678,130.9901829,118.0904527
1/26/2010,127.7036056,123.1185162,131.8978748,118.8614725
1/25/2010,129.4525431,124.6760307,133.8588451,120.1803778
1/22/2010,129.2769975,124.4114839,133.6753877,120.0631813
1/21/2010,128.8110632,123.8344461,133.2795104,119.5459468
1/20/2010,129.3503726,124.2414841,133.9183502,119.9423159
1/19/2010,130.0066346,124.5813553,134.9151099,120.361523
1/15/2010,129.1854222,123.8788368,133.9910631,119.6703302
1/14/2010,128.746401,123.2719857,133.8477441,118.946245
1/13/2010,128.1701212,122.8235249,133.16012,118.6322803
1/12/2010,125.6582621,120.2150406,130.8272051,116.0254456
1/11/2010,125.9557026,120.2628025,131.4612883,116.0791538
1/8/2010,126.8575386,120.8505736,132.7260121,117.040249
1/7/2010,128.4377284,122.0945245,134.6560006,118.1775507
1/6/2010,129.031052,122.6489918,135.1834373,118.643904
1/5/2010,128.3318978,122.0876103,134.4272295,117.949067
1/4/2010,129.8356092,123.3747099,136.3139396,119.2479495
12/31/2009,129.673245,123.1301437,136.2144418,119.1310143
12/30/2009,128.9322562,122.7150145,135.0668526,118.5386008
12/29/2009,131.5317146,125.1378444,137.8530764,120.7727571
12/28/2009,133.7725602,127.6667247,139.7416115,123.2911877
12/24/2009,133.7596827,127.7246251,139.4244871,123.2063723
12/23/2009,133.4857115,127.4763134,139.0560856,123.1803473
12/22/2009,135.9204848,130.0069382,141.4140436,125.653901
12/21/2009,135.868362,130.2911779,141.1636759,125.6226298
12/18/2009,133.1431548,127.9389392,137.9731073,123.1634033
12/17/2009,132.5151472,127.5950762,137.5877806,123.0737824
12/16/2009,132.4837343,127.5123872,136.9982553,123.2682352
12/15/2009,132.9927903,127.923098,137.6966177,123.6148282
12/14/2009,130.5097618,125.4014332,135.3360791,120.9000739
12/11/2009,130.7770848,125.9203839,135.1938766,121.5051556
12/10/2009,130.8027254,125.1448779,133.9762398,120.9299907
12/9/2009,128.7131904,124.1615091,132.7021172,120.1665251
12/8/2009,128.1296464,123.7172806,132.0899445,119.8502571
12/7/2009,129.6427056,125.1229036,133.8124994,120.958852
12/4/2009,131.8114293,127.1721547,136.0647413,123.177928
12/3/2009,131.1652618,126.8906217,134.956412,122.9799834
12/2/2009,129.2767616,125.4552429,132.6073343,121.4839042
12/1/2009,128.5634948,124.6226661,132.082722,120.6013454
11/30/2009,126.9370685,123.0283175,130.4215188,119.0695924
11/27/2009,126.9157766,123.1115275,130.3252681,119.06605
11/25/2009,125.7373564,122.267415,128.8342833,118.3127882
11/24/2009,125.3447474,121.8380148,128.4506057,117.922394
11/23/2009,125.2386567,122.7238834,130.1576923,118.8331571
11/20/2009,125.6942475,121.867239,129.229251,118.0119476
11/19/2009,129.3480691,121.2457252,128.8636931,117.3627083
11/18/2009,128.5456027,122.5104695,130.2950925,118.5975573
11/17/2009,126.4206047,122.2901519,130.3099634,118.5421872
11/16/2009,126.3411063,121.9702244,130.6080296,118.2394981
11/13/2009,127.4417175,123.1778339,131.6008715,119.1706874
11/12/2009,126.1087857,122.0425611,129.9940282,118.0582984
11/10/2009,126.5228627,122.2954749,130.5725047,118.6991742
11/9/2009,127.5389226,123.0670652,131.9753618,119.4603629
11/6/2009,129.279515,124.540441,133.894256,121.00536
11/5/2009,131.3345487,126.2369993,136.4622737,122.4910323
11/4/2009,131.9817809,127.0142518,136.9075984,123.0996578
11/3/2009,130.6656319,126.1406857,135.1678573,122.1213238
11/2/2009,130.9287834,126.4086275,135.5248547,122.3880629
10/30/2009,130.7807722,126.4600785,135.1238062,122.4337429
10/29/2009,132.3079093,128.0887279,137.127885,123.9394897
10/28/2009,131.5411036,127.1844567,135.8277077,123.0725437
10/27/2009,132.3567244,127.9432984,136.7714547,123.8680565
10/26/2009,133.3550722,128.7499656,137.9787173,124.6683114
10/23/2009,131.9874948,127.6809384,136.1937349,123.7546263
10/22/2009,130.317584,125.8982256,134.5136327,122.2809603
10/21/2009,129.9861962,125.3749937,134.4764178,122.2249139
10/20/2009,128.1661722,123.8468505,132.4209963,120.4565844
10/19/2009,129.0301728,124.5873885,133.462232,121.0269241
10/16/2009,129.2956876,124.6912399,133.8894808,121.0772577
10/15/2009,130.4070618,125.6553415,135.1845797,122.1341561
10/14/2009,129.0251447,124.0556909,133.9061177,121.0676897
10/13/2009,131.0399354,122.9925651,131.6583603,119.3184111
10/9/2009,132.8490558,124.5286134,133.2399382,120.8685541
10/8/2009,127.9390038,120.8220771,129.5273153,117.0814976
10/7/2009,125.5044363,121.3601627,130.3425863,117.6620086
10/6/2009,127.7022691,122.6055471,131.757519,118.8992251
10/5/2009,126.8722365,122.3515525,131.6397156,118.6535179
10/2/2009,126.0120218,121.3352966,130.9024669,117.650162
10/1/2009,127.4339555,122.7326549,132.2476178,119.0085105
9/30/2009,127.6335519,122.8942966,132.3928675,119.1960284
9/29/2009,127.2486902,122.6779658,131.9163396,118.9485094
9/28/2009,125.7384592,121.3390113,130.1944436,117.6171271
9/25/2009,126.2634866,121.8271895,130.6823025,118.1021391
9/24/2009,127.2333147,123.0418497,131.4006781,119.3091544
9/23/2009,128.9514895,124.1155149,133.6293097,120.0718553
9/22/2009,131.2420185,126.4252254,135.8750238,122.3935182
9/21/2009,132.1636341,126.1842543,135.9188826,122.1129641
9/18/2009,132.7337893,127.512024,137.7095503,123.4398959
9/17/2009,133.6130711,128.7115317,138.3526269,124.5479813
9/16/2009,135.2854357,130.3562873,140.3437515,126.207611
9/15/2009,134.0023849,129.0554509,138.7312793,125.237504
9/14/2009,132.5354769,127.7727078,137.0278612,123.9536248
9/11/2009,131.6409708,126.8528822,136.0801777,123.0171719
9/10/2009,131.0352749,126.2493972,135.5410945,122.4534215
9/9/2009,130.4769574,126.0602639,134.4252837,122.084671
9/8/2009,131.8420265,126.8927572,136.575922,122.9989076
9/4/2009,130.7723737,126.4078892,134.9654445,122.501036
9/3/2009,131.2997872,126.7143156,135.6990743,122.8855707
9/2/2009,131.4889541,126.6926868,136.1785355,122.890615
9/1/2009,131.3889287,126.8784592,135.7853831,123.1631973
8/31/2009,131.391254,127.2524092,135.4854318,123.5262563
8/28/2009,131.7056525,127.3077833,135.9040715,123.458522
8/27/2009,131.5449574,126.7663814,136.1323415,122.9074844
8/26/2009,132.6077805,127.4266253,137.6419085,123.8439142
8/25/2009,131.6085471,126.01516,137.2593559,122.2275549
8/24/2009,133.4022797,127.3511401,139.7686218,123.985624
8/21/2009,134.8225313,128.9901044,140.8158664,125.0202114
8/20/2009,133.6544266,127.8158451,139.6779466,123.8338044
8/19/2009,133.5054527,127.3395145,139.8980052,123.2621719
8/18/2009,132.7545071,126.6209064,139.1818728,122.4339094
8/17/2009,133.5081537,126.891068,140.6064615,122.719953
8/14/2009,134.2567096,127.5947778,141.3028982,123.3249433
8/13/2009,135.250133,128.6356151,142.2610093,124.3444934
8/12/2009,135.9556895,129.3312689,142.8458059,125.1580687
8/11/2009,136.5300012,129.6804509,143.7358123,125.8408372
8/10/2009,137.7523228,130.9586674,144.9665168,127.0249772
8/7/2009,138.7116195,131.4403611,146.4659176,127.2588448
8/6/2009,136.6614203,130.3513614,143.3456315,126.167834
8/5/2009,137.3949302,130.8540805,144.274312,126.6941806
8/4/2009,135.7720415,129.3514953,142.1806609,124.9571863
8/3/2009,134.9249149,129.3768694,142.3092735,125.7349736
7/31/2009,131.0153124,124.785687,137.7380463,120.989829
7/30/2009,130.4552228,124.2304175,137.205855,120.455653
7/29/2009,130.8373771,124.6031171,137.4796194,120.8442598
7/28/2009,132.0623741,126.672916,137.7438273,122.8628275
7/27/2009,134.6950673,129.6034091,140.1068716,126.0375759
7/24/2009,133.5281331,128.1341735,139.2001356,124.5575469
7/23/2009,133.261128,127.8810459,138.9695119,124.2987009
7/22/2009,131.7477585,126.4560617,137.2631647,122.8450297
7/21/2009,130.7142306,127.3857324,139.5986358,123.9176303
7/20/2009,133.4798288,127.3959307,139.7218021,123.9253034
7/17/2009,135.2757829,128.6838245,142.0261969,125.21264
7/16/2009,138.6223146,127.530608,140.3534695,123.7589245
7/15/2009,140.767956,128.8553413,141.5587545,125.131243
7/14/2009,134.8891299,125.7061636,137.7121932,122.2427601
7/13/2009,130.7192985,123.4854704,135.3681107,120.1194076
7/10/2009,128.2382199,122.8170045,134.1899511,119.4416951
7/9/2009,128.688576,122.7848075,134.8290202,119.3595686
7/8/2009,127.9262544,121.6916348,134.4937426,118.3760479
7/7/2009,128.691216,122.200732,135.6993284,119.0229649
7/6/2009,129.373666,121.8345907,137.5843972,118.6577838
7/2/2009,130.4585212,122.6867031,138.6825071,119.5045757
7/1/2009,132.3881306,124.7474876,140.6645488,121.5721185
6/30/2009,131.9599512,124.0884902,140.8647541,120.8361376
6/29/2009,132.2358044,124.2590942,140.7890151,120.5883389
6/26/2009,131.8234032,123.9808228,140.4427783,120.3101574
6/25/2009,131.9176316,123.3459213,140.6808959,119.7890279
6/24/2009,130.6947194,122.3376231,139.6362112,118.8947016
6/23/2009,133.6791924,125.3640026,142.7009805,121.7743292
6/22/2009,134.0136838,125.8006916,143.2897406,122.2040211
6/19/2009,137.103727,126.3103096,143.7731852,122.7185534
6/18/2009,137.6616345,129.1089646,147.0420902,125.5454004
6/17/2009,131.5871604,124.0900628,139.8808065,120.4763334
6/16/2009,131.176448,124.0081354,139.4012484,120.2236913
6/15/2009,131.009928,123.5993668,139.1673978,119.8351084
6/12/2009,133.3283812,125.9053298,141.6932846,122.1498458
6/11/2009,135.670758,129.0193886,146.433308,124.9136533
6/10/2009,139.3291347,130.7602005,148.8248049,126.6635188
6/9/2009,136.0771412,127.4490141,145.8142488,123.3979115
6/8/2009,137.1944756,128.0984021,147.6891205,124.1040682
6/5/2009,135.4716594,126.6441546,147.3179246,124.1295326
6/4/2009,132.0489456,123.9815366,141.2128849,121.8450042
6/3/2009,126.0438616,118.2763797,133.6167382,115.232157
6/2/2009,127.3507488,119.3447423,136.2447695,115.9521466
6/1/2009,131.092116,122.8828756,140.5809027,119.4950458
5/29/2009,123.9169072,116.7170293,131.8790539,113.3254369
5/28/2009,129.4867125,121.3990308,138.640614,118.0338371
5/27/2009,133.5129927,125.4404128,142.286057,122.074198
5/26/2009,125.31147,118.7625248,133.1171706,115.2475012
5/22/2009,121.4086761,115.541909,128.3198628,112.7758296
5/21/2009,120.2727624,111.7512634,124.2822799,108.9690724
5/20/2009,113.9802612,108.7879458,119.9986652,105.9881238
5/19/2009,113.7293568,108.6733105,119.7832369,105.6263535
5/18/2009,112.9506094,108.2105953,118.9478406,105.1092857
5/15/2009,113.5912375,108.8490355,119.315667,105.7261469
5/14/2009,112.4077944,107.595994,118.0863229,104.4466236
5/13/2009,109.3840764,104.7705486,115.0293983,101.5905905
5/12/2009,107.0528734,102.848488,112.5096721,100.2433544
5/11/2009,107.109926,102.8137056,112.6626835,100.2122642
5/8/2009,108.893484,104.5843512,114.4387999,101.9974492
5/7/2009,109.8623008,105.5353351,115.3884592,103.0179219
5/6/2009,108.889639,104.6219484,114.1368756,102.105589
5/5/2009,109.3753317,105.1100624,114.5983015,102.5807764
5/4/2009,109.012864,104.8391619,114.4058206,102.3087475
5/1/2009,109.1294981,104.8841585,114.2234795,102.3395719
4/30/2009,106.8801018,102.9465825,111.8284352,100.389094
4/29/2009,106.0412976,102.1626207,110.7505381,99.64069294
4/28/2009,105.5342225,101.4584881,110.527071,98.61438227
4/27/2009,107.396338,103.3084208,112.400721,100.4566408
4/24/2009,108.9294375,103.9376261,113.6677493,101.2217726
4/23/2009,106.0623525,101.9462239,110.8932825,99.73012255
4/22/2009,106.2825571,102.1908092,111.0680388,99.98250882
4/21/2009,104.5087512,100.5018571,109.1035553,98.40067477
4/20/2009,103.957298,100.0259456,108.751912,98.12050328
4/17/2009,104.9989836,100.7896501,110.0169403,98.88791364
4/16/2009,101.7353004,97.76840302,106.5135986,95.84336846
4/15/2009,99.6553413,95.96187477,104.1223425,94.04664671
4/14/2009,99.22024,95.67469569,103.5152074,93.77597265
4/13/2009,100.9595664,97.40104898,105.3114435,95.50225323
4/9/2009,102.5974312,99.17253164,106.727214,96.79972298
4/8/2009,102.4035005,98.96799711,106.5026188,96.59063537
4/7/2009,103.15903,99.92636199,107.2616925,97.56511148
4/6/2009,105.7608972,102.7753266,109.5388008,100.3915225
4/3/2009,103.4740338,100.7830661,106.4473602,98.40032506
4/2/2009,101.4851385,99.17586307,103.9794897,96.68428148
4/1/2009,100.7352035,98.69650514,103.1474407,95.81582703
3/31/2009,101.6605884,100.0977517,103.9424707,97.22584159
3/30/2009,100.1601872,98.48175485,102.4255845,95.63785478
3/27/2009,98.4439614,96.86053296,100.8043072,94.45844588
3/26/2009,97.1797792,95.03523434,100.2470515,92.62937853
3/25/2009,95.6675401,92.60339475,99.65595686,90.49675996
3/24/2009,93.2185223,90.00217374,97.30779233,87.70246598
3/23/2009,95.8752528,92.55390927,100.1866651,90.24891616
3/20/2009,97.9235985,94.38376777,102.2572335,92.07931992
3/19/2009,96.7039447,92.91239447,100.7973078,90.59897472
3/18/2009,106.5222852,98.4626273,110.2676686,96.12296748
3/17/2009,111.5306328,105.8678333,118.0353763,103.6735335
3/16/2009,113.5949628,107.9719846,120.2230386,105.7762699
3/13/2009,114.7415532,108.8392596,121.0770334,106.6456631
3/12/2009,117.6722347,111.7536459,124.0992394,109.5397625
3/11/2009,117.9876096,112.5017585,124.7571287,110.2927536
3/10/2009,119.929675,114.3369088,126.3933888,112.007817
3/9/2009,121.120443,115.52898,127.9195044,113.1892856
3/6/2009,120.3611628,114.8146935,127.1770431,112.4752948
3/5/2009,114.0301138,115.5934737,128.2031638,112.9390424
3/4/2009,123.5923172,117.7106743,129.411663,115.0980122
3/3/2009,123.170391,117.9925609,129.1559546,115.3778086
3/2/2009,122.5172512,117.715794,128.4181585,115.0954068
2/27/2009,123.5411376,118.6634641,128.9662699,115.9615294
2/26/2009,121.4760675,116.3674016,125.8643992,113.6446243
2/25/2009,122.6803956,118.227124,127.5916907,115.4075703
2/24/2009,117.430604,113.1095878,122.2017052,110.2968969
2/23/2009,116.418512,112.6031404,121.6569879,109.6861157
2/20/2009,117.35152,113.3929344,122.6805138,110.4651602
2/19/2009,117.287182,113.0121776,122.0170505,110.0823517
2/18/2009,115.9971895,111.8134385,120.589829,108.8772935
2/17/2009,116.733177,112.4236635,121.5538886,109.4586751
2/13/2009,117.2537907,113.0429331,121.8873246,109.7956926
2/12/2009,114.7080389,110.8436055,118.6488399,107.5756548
2/11/2009,114.4778986,111.0558288,118.68871,108.3505401
2/10/2009,120.136586,116.7087015,125.4189396,114.0120566
2/9/2009,120.9308991,116.9990059,125.7570779,114.3249279
2/6/2009,124.7774801,118.662912,128.1246243,115.9573753
2/5/2009,121.0882746,117.2089152,126.0967969,114.4738058
2/4/2009,121.869384,117.4892684,126.8611921,114.2111221
2/3/2009,121.0837475,113.1115283,122.2558755,109.8111513
2/2/2009,116.211905,112.3878697,121.1707165,109.2682274
1/30/2009,113.0497488,109.8580045,118.0551593,106.7826959
1/29/2009,112.284072,108.7489828,116.6406095,105.6716226
1/28/2009,111.5314497,107.9970067,115.6347402,104.862872
1/27/2009,111.1054224,107.9138344,115.4048667,104.8845374
1/26/2009,111.733665,108.2245641,115.8685778,105.2505382
1/23/2009,108.6009012,104.5896383,112.3528326,101.9616752
1/22/2009,106.1903223,102.536726,110.5237232,99.90470687
1/21/2009,104.9926995,100.7851444,109.0679679,98.4959744
1/20/2009,103.3466592,99.9584585,108.1695762,97.62451517
1/16/2009,101.91369,98.72771337,106.2029604,96.42700583
1/15/2009,102.530513,99.00519021,106.4655512,96.62166727
1/14/2009,99.0624851,95.31813644,102.5200963,93.70896207
1/13/2009,96.5529801,93.69710658,100.4194605,92.10550047
1/12/2009,98.6645444,94.86432358,102.2392192,93.12591948
1/9/2009,98.228422,94.75520819,102.204132,93.01688655
1/8/2009,100.6937514,96.59783166,105.6539599,93.92008781
1/7/2009,102.7961922,98.0469665,108.3545172,95.40690336
1/6/2009,105.2781312,99.32343264,111.6735796,97.38444415
1/5/2009,106.0303002,100.3720097,114.11298,98.32470944
1/2/2009,107.625592,101.6330614,115.011436,99.60566401
12/31/2008,108.3741625,102.2583075,115.9772992,100.1843007
12/30/2008,108.4043233,102.4926351,116.1994803,100.3339409
12/29/2008,109.794996,103.5653638,117.7212126,99.95561569
12/26/2008,106.6068032,102.9783015,117.1307273,100.3374393
12/24/2008,108.3737069,102.0093086,115.8575563,99.99661164
12/23/2008,108.9279845,102.089925,116.1339246,100.016826
12/22/2008,107.6544508,101.9584392,114.3649791,99.88414603
12/19/2008,107.8424629,100.8839992,113.0682003,99.3398494
12/18/2008,106.8772656,100.7505262,113.2147571,99.53947305
12/17/2008,106.6864392,99.28217356,113.6991953,97.52952688
12/16/2008,115.5363552,106.7439406,121.677843,105.3128231
12/15/2008,125.0420315,116.9269555,133.8045357,115.5752681
12/12/2008,129.3179052,121.144578,139.1992311,118.7350898
12/11/2008,129.5099088,121.4136164,138.3556571,119.0720094
12/10/2008,127.8784576,119.1914103,135.9841547,117.6889244
12/9/2008,127.530009,118.5123134,135.6594591,116.4206162
12/8/2008,125.533227,117.7690133,134.2745197,115.9737164
12/5/2008,127.3883317,118.445625,135.1840221,116.8483175
12/4/2008,123.7497022,116.48183,133.4149059,114.4972709
12/3/2008,121.5433275,113.6250393,130.4806763,112.1388608
12/2/2008,132.78408,116.0885882,133.484844,114.0849281
12/1/2008,131.736165,123.7058765,140.6632396,121.3392596
11/28/2008,133.7755032,126.3395013,143.2218586,124.7666644
11/26/2008,133.2939966,126.112245,142.9991413,123.7924027
11/25/2008,133.0324452,125.5788617,143.2783544,123.3709168
11/24/2008,133.3972946,125.9607257,142.2477071,123.1480568
11/21/2008,145.8423744,137.9457088,155.3879239,134.2653329
11/20/2008,154.0519344,145.7155138,162.1866225,141.2940642
11/19/2008,146.583835,138.556182,155.8544747,135.5193958
11/18/2008,140.3135359,131.9866699,149.4680693,127.5415376
11/17/2008,135.1071216,126.8011624,144.516288,122.3686689
11/14/2008,130.427946,123.1590672,140.4938912,119.8254536
11/13/2008,125.287246,117.556464,133.326258,115.11292
11/12/2008,123.007357,116.0343048,131.016431,113.3461862
11/10/2008,124.5027288,117.1483222,132.3507757,113.9592428
11/7/2008,123.1666044,115.689581,131.5646241,112.9404744
11/6/2008,121.269302,114.4144197,129.5210559,111.5139525
11/5/2008,120.4709402,113.7158528,128.5342136,110.7303966
11/4/2008,117.298015,110.898892,124.9602816,108.1442634
11/3/2008,118.6638336,111.924384,126.4818303,108.6472988
10/31/2008,119.0566464,112.1839492,126.503792,108.5371434
10/30/2008,118.7958,111.719643,126.3655764,108.0292796
10/29/2008,121.7636994,113.9737824,129.8916108,110.1389606
10/28/2008,126.0125312,118.1110492,132.7376592,114.142819
10/27/2008,128.0752506,119.703045,135.0239884,115.6778408
10/24/2008,127.8417552,120.2031136,134.6791238,116.1031522
10/23/2008,129.1628745,120.7702584,136.8039384,116.4514833
10/22/2008,120.8814321,114.7960944,127.27616,110.5803821
10/21/2008,120.3418535,114.2489348,126.6791056,109.8014379
10/20/2008,120.081146,114.7810952,126.612465,110.3969783
10/17/2008,124.6436814,118.243238,132.2392552,113.7531486
10/16/2008,127.5028224,121.567312,134.7118033,116.9884788
10/15/2008,126.3265092,120.335211,133.34805,115.825836
10/14/2008,138.2325734,131.717856,145.6347622,126.2970033
10/10/2008,138.143965,131.6950089,145.3879888,126.2862916
10/9/2008,128.1599496,122.101716,134.90989,117.3535488
10/8/2008,121.363415,115.796324,127.6978584,111.3307073
10/7/2008,122.3271852,116.9791536,128.287705,112.5854124
10/6/2008,115.7992206,110.694948,121.7138064,106.6215384
10/3/2008,115.6771896,110.3495582,121.668156,106.133144
10/2/2008,115.6773772,110.358577,121.68996,106.1341744
10/1/2008,114.6955452,109.4983132,120.4879914,105.423027
9/30/2008,114.763142,109.4972204,120.6004954,105.4217115
9/29/2008,114.2061492,108.9183406,120.3836284,104.9885508
9/26/2008,108.7157414,104.1490932,113.791212,100.3414751
9/25/2008,109.5740032,104.773428,114.9787989,100.943808
9/24/2008,109.1409576,104.2965915,114.5279615,100.4897022
9/23/2008,104.9790429,100.365941,109.3913547,96.6684818
9/22/2008,104.992717,100.37572,109.3927128,96.675481
9/19/2008,107.6272925,102.7011606,112.1470105,98.9148672
9/18/2008,112.4655048,107.1198018,118.0321736,102.802509
9/17/2008,112.5576,106.9616664,118.615119,103.1989992
9/16/2008,113.0306655,107.4466128,119.0027564,103.494096
9/15/2008,107.4216192,102.1629408,113.1604034,98.5726032
9/12/2008,102.2188869,97.9341168,106.8655819,94.401003
9/11/2008,102.5595832,98.225253,107.1139564,94.588812
9/10/2008,102.6648144,98.3771208,107.2360494,94.8187436
9/9/2008,102.7372803,98.5431851,107.320572,94.8195542
9/8/2008,102.4463682,98.1157962,107.0385773,94.254516
9/5/2008,103.8823232,99.6874736,108.32613,95.7279807
9/4/2008,104.4759584,100.2266261,108.95054,96.4015749
9/3/2008,102.9410736,98.8013312,106.9272425,95.0116608
9/2/2008,102.7535975,98.64318,106.6470656,94.5146384
8/29/2008,102.5231854,98.284725,106.526667,94.383142
8/28/2008,102.6569292,98.4659377,106.9512084,94.4244957
8/27/2008,102.1525156,98.1542886,106.622304,94.289629
8/26/2008,102.977143,98.893755,107.6383508,94.8788772
8/25/2008,103.448565,99.122556,107.9563576,95.1977085
8/22/2008,102.7024024,98.537439,107.1163387,94.7241099
8/21/2008,103.1586701,99.1469685,107.4629552,95.4242664
8/20/2008,102.3748952,98.4664359,106.6031343,94.6601379
8/19/2008,100.60843,96.7037775,104.8720617,92.897948
8/18/2008,99.7876746,96.27384,103.7453544,92.456912
8/15/2008,99.2925072,95.6686815,103.302381,91.9867731
8/14/2008,99.0118404,95.5489832,102.7319616,91.8490416
8/13/2008,99.319599,95.719666,103.2610416,92.023227
8/12/2008,98.3606462,94.9763799,102.0121856,91.3609532
8/11/2008,97.7080615,94.526481,101.2614025,90.8894222
8/8/2008,98.245912,95.023104,101.5990885,91.407899
8/7/2008,98.5310736,95.1104908,102.2469008,91.4387993
8/6/2008,98.974462,95.628764,102.643623,91.9705536
8/5/2008,98.6468418,95.5720066,102.1645152,91.758843
8/4/2008,98.621809,95.1747357,102.5039752,91.2529585
8/1/2008,98.7970764,95.3012352,102.6022449,91.586592
7/31/2008,99.6431405,96.2431744,103.5814656,92.5002498
7/30/2008,100.2134875,96.6638439,104.0728104,92.8692202
7/29/2008,101.5087045,98.0124055,105.4052274,94.1356857
7/28/2008,101.46238,97.8568363,105.4072545,94.0033115
7/25/2008,101.6027028,97.8580608,105.790014,94.2001814
7/24/2008,102.8363508,97.945904,107.3176803,94.2055672
7/23/2008,102.3333903,98.3821254,106.5955894,94.4865864
7/22/2008,102.5068902,98.476433,106.7547338,94.6146684
7/21/2008,104.066056,99.818496,108.7369704,95.8123888
7/18/2008,104.5354576,100.4527964,108.9369135,96.386624
7/17/2008,104.524825,100.2088045,109.166125,96.232928
7/16/2008,104.5350196,100.5872932,108.753404,96.5127306
7/15/2008,106.278308,102.1469487,110.357356,97.827066
7/14/2008,106.805664,102.6974065,111.2126918,98.663695
7/11/2008,106.5591675,102.5862736,110.82757,98.5009592
7/10/2008,105.4629333,101.570232,109.4695784,97.4891645
7/9/2008,105.129237,101.3783259,109.1297772,97.4437816
7/8/2008,105.3010416,101.338904,109.6641653,97.363884
7/7/2008,105.1996023,101.337969,109.5677472,97.2496465
7/3/2008,105.800098,101.5783766,110.251701,97.6024518
7/2/2008,106.5889281,102.3311703,111.2558944,98.3422362
7/1/2008,106.8976062,102.6576484,111.670416,98.5820052
6/30/2008,106.8080896,102.4739768,111.5012688,98.3480816
6/27/2008,106.945866,102.1452222,112.2664921,98.138592
6/26/2008,106.6933509,102.076407,111.9454092,97.752068
6/25/2008,104.741021,100.030659,109.6743865,95.7455106
6/24/2008,104.4167166,99.5606452,109.3842533,95.7366405
6/23/2008,103.635376,99.030599,108.2189988,95.0995472
6/20/2008,102.6258363,97.98316,107.885008,94.2234026
6/19/2008,101.216997,96.6620292,106.509204,92.9208348
6/18/2008,101.102966,96.3852624,106.498175,92.6137186
6/17/2008,101.8737345,97.185306,107.4651039,93.3303884
6/16/2008,102.44448,97.3522542,108.2080944,93.62949
6/13/2008,103.1736024,98.1103192,109.275156,94.293132
6/12/2008,102.726855,97.2632512,109.041218,93.4284844
6/11/2008,102.8637134,97.3175591,109.15981,93.4894912
6/10/2008,105.352896,99.5682607,111.8710188,95.8316499
6/9/2008,107.1498252,101.745386,113.4853952,98.405028
6/6/2008,104.8293608,99.6074992,110.5572736,96.2143804
6/5/2008,100.494636,95.1949104,106.2836331,91.9433064
6/4/2008,99.8661342,94.9615224,105.2899976,91.7791824
6/3/2008,99.503628,94.5523493,104.7866967,91.4852826
6/2/2008,99.3420432,94.5167817,104.9167148,91.346266
5/30/2008,98.625261,93.820628,103.962955,90.6842976
5/29/2008,99.2728548,94.3394912,104.8211844,91.141272
5/28/2008,98.612504,94.02096,103.5624879,90.8662924
5/27/2008,99.2273216,94.9125814,103.973323,91.691268
5/23/2008,98.791602,94.4157632,103.586099,91.304375
5/22/2008,99.1017716,94.7011422,103.94002,91.652789
5/21/2008,98.32072,94.129147,102.912057,91.0278327
5/20/2008,98.7189802,94.043724,103.700575,90.9579528
5/19/2008,98.0099673,93.6167808,103.1564387,90.5113055
5/16/2008,99.8116588,95.2233915,105.197427,92.0780321
5/15/2008,101.1851208,96.2390706,106.2926522,92.946994
5/14/2008,102.7473846,98.1127985,107.938986,94.9220624
5/13/2008,103.6197798,99.16423,108.67464,96.0513652
5/12/2008,103.7260165,99.374526,108.3478968,95.9713733
5/9/2008,103.516294,99.1792982,108.1219327,95.8299768
5/8/2008,102.17612,97.5029298,106.6758881,94.0784992
5/7/2008,99.5831217,95.4317988,103.865839,92.5151315
5/6/2008,99.0355116,94.9359208,103.3819188,92.04111
5/5/2008,98.127018,93.8639394,102.5777,91.0380336
5/2/2008,97.927788,93.8890688,102.188271,91.1276268
5/1/2008,100.3823564,96.1713156,104.9716672,93.1388418
4/30/2008,103.0840965,98.2905884,108.3040896,95.2509936
4/29/2008,104.5253682,99.6369108,109.76049,96.557074
4/28/2008,104.8402432,99.8457598,110.1317668,96.6823936
4/25/2008,105.042744,100.0626454,110.3284875,96.9827456
4/24/2008,105.6618752,100.4539899,111.1724509,97.3498581
4/23/2008,104.8581375,99.7281812,110.2897402,96.620529
4/22/2008,105.0606528,99.817866,110.63179,96.6405588
4/21/2008,104.932359,99.8640114,110.5833387,96.6299756
4/18/2008,106.0881036,101.4617722,111.209625,98.0987326
4/17/2008,108.5208948,103.1204655,114.3659972,99.6552888
4/16/2008,108.2853884,102.9759471,113.9370139,99.4525389
4/15/2008,105.479748,100.209832,110.9464668,98.0929719
4/14/2008,105.3703014,100.3211432,110.5829334,98.0526771
4/11/2008,106.241368,101.2901751,111.4826544,98.0849433
4/10/2008,104.600295,99.6959138,109.7401544,96.571332
4/9/2008,102.6923205,97.9349699,107.6239726,94.707675
4/8/2008,102.876377,98.2895848,107.55154,95.10948
4/7/2008,104.2995465,99.299457,109.244485,96.0510691
4/4/2008,103.4690766,98.46144,108.75141,95.3292132
4/3/2008,102.561182,98.0082159,107.3596349,94.8456078
4/2/2008,103.376076,98.5465572,108.049004,95.2638757
4/1/2008,104.5931744,99.5096187,109.479168,96.1772715
3/31/2008,106.9765011,100.9599914,112.885028,97.6189067
3/28/2008,106.9616474,101.1878382,112.548409,97.752758
3/27/2008,109.755261,103.4438353,116.4969168,99.9435236
3/26/2008,109.8940234,103.4037078,116.8972948,99.8273269
3/25/2008,110.7499284,104.224076,117.7556813,100.4083992
3/24/2008,110.3446204,103.7988994,117.5763975,100.0237392
3/20/2008,109.6552471,103.229724,116.6139361,99.4196242
3/19/2008,108.733354,102.4170938,115.600124,98.6945065
3/18/2008,111.536108,105.2701949,118.3618332,101.3320054
3/17/2008,115.436562,108.5755824,122.856555,104.6038425
3/14/2008,115.7715454,108.5824378,123.4193364,104.5515416
3/13/2008,113.9182857,107.0202972,121.2002743,103.077455
3/12/2008,112.9438716,106.3814448,119.945805,102.520512
3/11/2008,114.2044504,107.682704,121.218462,103.860342
3/10/2008,117.575559,110.3422375,124.9716474,106.4079648
3/7/2008,117.764794,110.26638,124.9105388,106.3176
3/6/2008,116.7067188,109.9510776,123.7903182,106.010046
3/5/2008,113.629444,107.5254202,120.2116104,103.664988
3/4/2008,114.4024131,109.0096854,120.1122675,105.4558901
3/3/2008,111.610389,106.0035819,117.5606038,102.2634546
2/29/2008,111.7482245,105.6070614,117.6125906,101.982825
2/28/2008,109.229585,103.564582,114.7201187,100.0734825
2/27/2008,110.0391187,104.3030016,115.6057963,100.467648
2/26/2008,111.1713755,105.4880532,116.9369376,101.9538652
2/25/2008,112.8181026,106.8699675,118.8685218,103.2031781
2/22/2008,112.346923,105.8953365,118.3904022,102.3359325
2/21/2008,112.050432,105.6653087,118.1162205,102.1808736
2/20/2008,110.3940507,104.4623898,116.115445,100.7037654
2/19/2008,110.260488,104.3864087,115.6879348,100.8043915
2/15/2008,109.9775423,104.4883962,115.3092402,100.7409234
2/14/2008,108.5448404,103.2716796,114.7294176,99.6804809
2/13/2008,105.592032,100.599318,111.1295262,97.085912
2/12/2008,104.2800486,99.3290584,109.8741255,95.9516452
2/11/2008,104.7475464,99.9350253,109.8959885,96.6149625
2/8/2008,103.3257829,99.0628288,108.25174,95.6911572
2/7/2008,103.3082175,99.049367,108.1938494,95.5730475
2/6/2008,102.494836,98.5302829,107.2058425,95.2057728
2/5/2008,102.2363538,98.1875737,106.7782848,94.7879796
2/4/2008,101.883911,97.5856032,105.9806464,94.1327544
2/1/2008,102.223684,97.9311466,106.4829213,94.4050433
1/31/2008,102.6967604,98.7341838,107.433243,95.2835407
1/30/2008,101.4211233,97.4115895,105.7574898,94.1087565
1/29/2008,103.4911038,99.0660704,108.3732937,95.8282305
1/28/2008,104.231162,99.662888,109.2320853,96.368408
1/25/2008,105.506658,101.1848704,110.3138943,97.633298
1/24/2008,104.5028824,100.232704,109.457744,96.78082
1/23/2008,103.6022481,99.3646044,108.107948,95.9808573
1/22/2008,100.5468498,96.926148,104.542659,93.7690418
1/18/2008,99.0710105,96.236888,102.4124018,92.9942428
1/17/2008,98.3050536,95.5515962,101.514075,92.341072
1/16/2008,98.185328,95.2925544,101.488079,92.083101
1/15/2008,98.3600379,95.496507,101.6532232,92.3638968
1/14/2008,97.867484,95.060295,101.214106,92.0121804
1/11/2008,97.330453,94.4208462,100.443196,91.3107
1/10/2008,97.378735,94.427454,101.0707392,91.3255582
1/9/2008,98.4229092,95.3932392,101.6336773,92.2771192
1/8/2008,97.024278,93.9909468,100.342015,90.8668728
1/7/2008,98.8403346,95.67239,102.2128845,92.5075087
1/4/2008,100.383637,97.001041,104.1815788,93.7827228
1/3/2008,100.341598,97.25256,104.018802,93.882884
1/2/2008,100.862424,97.7804368,104.5267752,94.417575
12/31/2007,100.344573,97.2854128,103.8579102,93.9451162
12/28/2007,99.2674624,96.532499,102.3433565,93.2653856
12/27/2007,97.948235,95.4261468,100.6064806,92.2102653
12/26/2007,97.5014173,95.0729794,100.3341474,91.900664
12/24/2007,97.636084,95.004129,100.427472,92.0041655
12/21/2007,97.6364148,95.0170434,100.3495864,91.9287138
12/20/2007,97.9412139,95.2058624,101.160115,92.1125016
12/19/2007,96.7643328,94.033734,99.5637785,90.91862
12/18/2007,96.0346688,93.6605219,98.5861748,90.603576
12/17/2007,95.7874144,93.442525,98.208682,90.3974072
12/14/2007,95.200853,93.0744438,97.484412,89.9846598
12/13/2007,95.858016,93.5133261,98.588208,90.4534528
12/12/2007,96.6050921,93.822318,99.4308952,90.7674089
12/11/2007,97.7416343,94.9521305,100.8563177,91.8931027
12/10/2007,96.9876935,94.4298565,99.6441108,91.278168
12/7/2007,97.8379053,95.655662,100.2221044,92.314395
12/6/2007,97.394479,95.2482336,99.991135,92.036061
12/5/2007,98.812483,96.4071792,101.357136,93.2538668
12/4/2007,99.7371348,97.2860499,102.3322624,94.0836996
12/3/2007,99.879,97.899314,101.976506,94.5797724
11/30/2007,100.0017003,97.936986,102.1312182,94.597674
11/29/2007,102.5730696,100.550423,104.7205788,97.0742498
11/28/2007,102.489372,100.5702174,104.2739888,97.00098
11/27/2007,104.4489135,102.34773,106.7289716,98.7465162
11/26/2007,102.1821618,100.226522,104.1243552,96.6113482
11/23/2007,99.604172,97.9167792,101.4943518,94.3008768
11/21/2007,99.562788,97.8158142,101.248872,94.4157904
11/20/2007,97.9853942,96.22541,99.326304,92.8942336
11/19/2007,96.8295792,95.313174,98.14441,92.0199987
11/16/2007,95.1979424,93.8733516,96.2837128,90.6489337
11/15/2007,95.494878,94.4787164,96.5122898,91.293798
11/14/2007,93.4465792,92.5631232,94.098186,89.4827997
11/13/2007,94.4354334,93.3885164,95.282719,90.1510714
11/9/2007,96.1616236,94.8318009,97.310448,91.6455456
11/8/2007,96.4362462,94.9916916,97.9955704,91.6706696
11/7/2007,93.5873853,92.2206816,94.7932887,88.989059
11/6/2007,91.0202562,89.831493,92.0156094,86.6777563
11/5/2007,90.9978128,89.7896314,92.0339315,86.6258526
11/2/2007,90.623953,89.571895,91.7123529,86.617782
11/1/2007,89.9312484,89.069214,91.0256906,85.9311376
10/31/2007,88.17254,87.3368495,88.7487488,84.2847568
10/30/2007,89.70311,88.671534,90.6358075,85.6122608
10/29/2007,91.300438,90.07856,92.4082803,87.002335
10/26/2007,91.47488,90.200847,92.5936115,87.0782496
10/25/2007,92.348753,90.887214,93.8578186,87.8377102
10/24/2007,91.8561096,90.3363864,93.3655632,87.1895262
10/23/2007,90.8156009,89.474001,92.1436334,86.3133392
10/22/2007,91.0483307,89.7711482,92.1658266,86.7420771
10/19/2007,90.471492,89.0165353,91.6959654,86.0078296
10/18/2007,89.725776,88.438308,90.99981,85.3598928
10/17/2007,89.2244024,88.1186712,90.2113127,85.1073846
10/16/2007,87.246159,86.3262582,88.1034408,83.503599
10/15/2007,85.5372085,84.8493877,86.2537819,82.080807
10/12/2007,85.8681906,85.0721711,86.7255795,82.375098
10/11/2007,86.8775027,85.9799448,87.9765964,83.2402818
10/10/2007,87.7331829,86.701283,89.0376914,83.8949068
10/9/2007,89.3760266,88.0417872,90.6965598,85.0416055
10/5/2007,90.6478195,89.3997867,91.9648048,86.4703775
10/4/2007,90.5691042,89.3492289,92.191947,86.5385919
10/3/2007,90.49164,89.0150768,91.9404556,85.7777499
10/2/2007,91.4707326,89.858313,93.1569582,86.5039212
10/1/2007,92.400886,90.6575257,94.22128,87.4492416
9/28/2007,92.552383,90.9142656,94.2142014,87.7732408
9/27/2007,92.7270932,91.2665088,94.312408,88.046568
9/26/2007,92.714193,91.0344659,94.3359245,87.7496004
9/25/2007,92.912394,91.3007046,94.5600234,88.187724
9/24/2007,91.785904,90.39936,93.155432,87.3804224
9/21/2007,91.9941573,90.6842684,93.1941885,87.6180906
9/20/2007,91.38852,90.2232444,92.5622704,87.117092
9/19/2007,90.2074392,89.2188284,91.0855132,86.0716636
9/18/2007,91.262952,89.9817201,92.6370404,86.8811096
9/17/2007,92.1541632,90.6176125,93.5533872,87.4065615
9/14/2007,92.4001358,91.0380208,93.711276,87.8280495
9/13/2007,93.2201389,91.6741318,94.9414944,88.3404386
9/12/2007,94.304028,92.5940091,95.933602,89.2244139
9/11/2007,93.0972944,91.6904754,94.5770616,88.3423723
9/10/2007,92.03292,90.4132719,93.638128,87.1414668
9/7/2007,90.4901998,88.9096253,92.1428095,85.682637
9/6/2007,88.8022369,87.3426276,90.4037848,84.2035655
9/5/2007,89.5196,88.1583179,91.0204614,85.0108046
9/4/2007,88.892585,87.6818136,90.1393896,84.5316394
8/31/2007,89.1883852,87.9550371,90.7073151,84.7769315
8/30/2007,89.4015168,88.0828379,91.015083,84.92264
8/29/2007,89.274906,87.8697841,90.7228141,84.8809752
8/28/2007,88.948358,87.5865012,90.6322976,84.5271856
8/27/2007,87.5058244,86.3136459,89.100273,83.380104
8/24/2007,87.8964705,86.5644192,89.4875419,83.6592786
8/23/2007,90.1351488,88.2812952,92.2367652,85.3274028
8/22/2007,92.2510736,90.2299728,93.8394747,87.125787
8/21/2007,93.5758782,91.3363968,95.3297073,87.918068
8/20/2007,93.185073,91.0309568,94.7327634,87.8972924
8/17/2007,93.5691932,91.3147072,95.4594111,88.0431496
8/16/2007,95.1443198,93.6909312,96.7775364,90.1673472
8/15/2007,91.971789,90.7552539,93.1674752,87.743061
8/14/2007,91.395035,90.2724516,92.2034498,87.156233
8/13/2007,91.0970901,90.077547,91.7666859,87.0805188
8/10/2007,91.7665976,90.6927168,92.5024569,87.6453816
8/9/2007,91.3931795,90.5562141,92.1959016,87.425178
8/8/2007,88.532208,87.8255583,88.7588496,84.8267615
8/7/2007,88.9657713,88.2804135,89.2345844,85.3374912
8/6/2007,91.222527,90.5969452,91.4230012,87.5625154
8/3/2007,90.9092918,90.3386658,91.15364,87.270516
8/2/2007,90.116603,89.526978,90.524225,86.5518514
8/1/2007,91.5214818,90.952068,91.9135602,87.8732118
7/31/2007,93.0705696,92.373579,92.964256,89.2008936
7/30/2007,93.7045788,92.96441,93.7403658,89.63178
7/27/2007,94.5078755,93.7937286,94.790724,90.6292772
7/26/2007,92.663532,92.1541008,92.6263302,89.4808782
7/25/2007,87.6462304,88.270312,87.4330875,85.8703994
7/24/2007,86.1389118,86.6471738,86.0796558,84.234272
7/23/2007,84.1737852,84.6800515,83.9961932,82.3246088
7/20/2007,84.419439,84.7891765,84.229008,82.456794
7/19/2007,83.0015158,83.395639,82.559169,81.071555
7/18/2007,83.308257,83.420041,82.7496645,81.085851
7/17/2007,83.2056315,83.2851942,82.6644244,80.9440752
7/16/2007,83.3177336,83.2462965,82.975776,80.8822155
7/13/2007,83.745962,83.533852,83.431117,81.0610227
7/12/2007,83.764037,83.4426045,83.4153001,81.0256824
7/11/2007,84.0231168,83.66785,83.6714592,81.2177344
7/10/2007,83.9862272,83.618408,83.6769074,81.1278915
7/9/2007,82.2583806,81.921444,81.843684,79.6424672
7/6/2007,82.9422411,82.8014348,82.5837708,80.4954
7/5/2007,82.4500804,82.4620106,81.9721728,80.1451065
7/3/2007,82.4953728,82.47426,82.1048454,80.0710281
7/2/2007,82.4731215,82.4429606,82.2090966,80.128893
6/29/2007,82.077428,81.8623428,81.6676432,79.482388
6/28/2007,81.3120544,81.2333585,80.7719198,78.8640732
6/27/2007,81.549875,81.4423809,81.0197872,79.1455203
6/26/2007,81.1009725,81.0238275,80.5394844,78.6453668
6/25/2007,80.9869632,80.8885876,80.5041966,78.5303415
6/22/2007,81.165968,80.9798348,80.2914602,78.6344075
6/21/2007,80.8760302,80.6554792,80.050658,78.3069025
6/20/2007,80.1589505,80.1598651,78.9051082,77.8351658
6/19/2007,79.4427903,79.4026623,78.2521065,77.095235
6/18/2007,78.8056096,78.620256,77.485469,76.3109145
6/15/2007,79.8415205,79.8299418,78.615008,77.438689
6/14/2007,81.16056,81.0097548,80.2232928,78.6080162
6/13/2007,81.231414,81.1198608,80.4529236,78.8034582
6/12/2007,81.9355368,81.6254333,81.6881472,79.2723351
6/11/2007,78.5202,78.5383605,78.3643119,76.098906
6/8/2007,78.8355128,78.764708,78.5820882,76.1334132
6/7/2007,77.8781101,77.7353226,77.7073227,75.178741
6/6/2007,75.8405851,75.7999128,75.3576555,73.0930337
6/5/2007,75.156348,75.1329226,74.718774,72.5773536
6/4/2007,75.43262,75.4373048,75.0746724,72.9115653
6/1/2007,75.5259132,75.486762,75.0928731,72.9618077
5/31/2007,75.8574963,75.8179132,75.5702625,73.25056
5/30/2007,75.75263,75.90373,75.4222314,73.3782452
5/29/2007,75.407202,75.5427288,75.201966,73.0183728
5/25/2007,75.3848013,75.319134,75.1751466,72.7587144
5/24/2007,75.533536,75.5571488,75.1956615,73.0575315
5/23/2007,75.2756446,75.270153,75.0066176,72.779365
5/22/2007,74.995646,74.9886162,74.5339414,72.4481856
5/21/2007,75.6530812,75.454245,75.2615667,72.9063712
5/18/2007,76.334448,76.1142173,75.8312544,73.391798
5/17/2007,75.70072,75.6690792,75.219214,73.152694
5/16/2007,76.2202395,76.3678096,75.99508,73.824426
5/15/2007,76.2232448,76.15363,75.920757,73.4867524
5/14/2007,76.0988988,76.241232,76.0627287,73.7048116
5/11/2007,76.7984535,76.9179686,76.6972764,74.3575672
5/10/2007,76.8944578,77.0058064,76.6353714,74.418484
5/9/2007,76.7945232,76.8901796,76.522859,74.2916592
5/8/2007,77.050491,76.966965,76.9424262,74.3889262
5/7/2007,76.6655,76.6533812,76.3744644,74.0819244
5/4/2007,76.460694,76.2407772,76.1389024,73.6402356
5/3/2007,76.5467928,76.3390936,76.2239014,73.7244612
5/2/2007,76.6388826,76.2459327,76.50697,73.657688
5/1/2007,76.7813625,76.3554622,76.686487,73.77115
4/30/2007,76.9068135,76.4593212,76.7806884,73.842208
4/27/2007,76.484793,76.0260528,76.1965398,73.2531846
4/26/2007,76.4750548,76.0697028,76.2182784,73.452613
4/25/2007,77.003152,76.5580599,76.615353,73.9238472
4/24/2007,77.0982093,76.6161792,76.695785,74.0227122
4/23/2007,76.9555644,76.6142198,76.7994392,74.013238
4/20/2007,76.966934,76.6982566,77.0829289,73.9568826
4/19/2007,76.323025,76.04968,76.4597614,73.464688
4/18/2007,76.1405415,75.8909294,76.096084,73.3165596
4/17/2007,75.5228516,75.4424208,75.4772768,72.8949492
4/16/2007,74.6579169,74.5519437,74.7362682,72.0442048
4/13/2007,74.4286788,74.3753469,74.415834,71.8906944
4/12/2007,75.1481549,75.0813774,75.091612,72.5853759
4/11/2007,75.627703,75.5779716,75.608775,73.05557
4/10/2007,75.9845354,75.8554146,75.976017,73.2974748
4/9/2007,75.7889664,75.680575,75.8572616,73.152694
4/5/2007,76.9913478,76.8614616,77.0584936,74.30583
4/4/2007,77.5853752,77.3452132,77.610372,74.7573232
4/3/2007,77.4913645,76.9105616,77.4098649,74.3705534
4/2/2007,77.4409871,77.1525367,77.338952,74.79329
3/30/2007,77.6994972,77.4408446,77.6110544,75.0547182
3/29/2007,77.25675,77.27881,77.4512718,74.8577854
3/28/2007,77.8435368,77.9274996,78.268833,75.50634
3/27/2007,77.663502,77.764833,77.8984587,75.362588
3/26/2007,77.2343388,77.3079784,77.5438356,74.9019969
3/23/2007,76.867686,77.1483496,77.0446116,74.7393472
3/22/2007,77.038983,77.2840376,77.2355172,74.85786
3/21/2007,76.4678442,76.7194376,76.6682862,74.371577
3/20/2007,76.6707214,76.9327186,76.753964,74.5250232
3/19/2007,76.9366492,77.213152,76.9995413,74.79451
3/16/2007,77.6437289,77.4357692,77.7061197,75.0269568
3/15/2007,78.7868136,78.5658923,78.3936736,76.1336225
3/14/2007,79.073648,78.54064,79.141962,76.0588677
3/13/2007,78.875716,78.3306293,78.6898144,75.8728308
3/12/2007,77.959024,77.4752034,77.6470695,75.0597104
3/9/2007,77.8773606,77.733808,77.7693492,75.2910426
3/8/2007,78.6749537,78.33377,78.622441,75.9184239
3/7/2007,79.5716532,79.1885134,79.5684192,76.7123252
3/6/2007,79.1422408,78.8116839,79.067541,76.3497696
3/5/2007,80.7133886,80.4070125,81.0375713,77.9310504
3/2/2007,80.7416064,80.419186,81.136872,78.0034706
3/1/2007,79.3715532,79.2162598,79.5484746,76.7965063
2/28/2007,78.1869728,78.1753832,78.2241012,75.9021116
2/27/2007,79.4122986,79.4783322,79.4295124,77.0033632
2/26/2007,76.93673,76.981548,76.7424294,74.5938368
2/23/2007,76.0374198,75.9812625,75.7224724,73.7527446
2/22/2007,75.2105196,75.2130732,74.7939957,72.9739716
2/21/2007,75.8069876,75.7362816,75.397953,73.398843
2/20/2007,76.950192,76.9036564,76.6110715,74.5998691
2/16/2007,76.0079388,75.9426932,75.7080444,73.6151637
2/15/2007,75.0710415,75.0631266,74.8360026,72.831135
2/14/2007,74.301714,74.2388868,73.9632456,72.0114611
2/13/2007,73.6077244,73.5555507,73.271182,71.36829
2/12/2007,73.5353694,73.4790853,73.2766125,71.276544
2/9/2007,74.007674,73.9675706,73.6800684,71.738541
2/8/2007,74.1972416,74.0900832,73.86432,71.8616992
2/7/2007,74.47068,74.4080915,74.2948875,72.1868238
2/6/2007,73.646574,73.557967,73.4775828,71.364588
2/5/2007,73.5074316,73.3789272,73.3328216,71.0144076
2/2/2007,73.7163063,73.629975,73.5667458,71.426124
2/1/2007,74.858784,74.754382,74.7502601,72.400269
1/31/2007,74.918724,74.8163808,74.9231586,72.470268
1/30/2007,75.952517,76.0450124,75.9365955,73.6631896
1/29/2007,76.2614718,76.5076632,76.2708319,74.1169914
1/26/2007,76.9243039,76.9951468,76.8154364,74.5927732
1/25/2007,77.0780406,77.2213392,76.9333431,74.7743648
1/24/2007,76.5342,77.0506572,76.148436,74.632769
1/23/2007,76.883906,77.021679,76.2274464,74.5815092
1/22/2007,77.2429154,77.4794053,76.7508768,75.0763335
1/19/2007,77.1703644,77.218191,76.5391808,74.685708
1/18/2007,76.5646448,76.5717722,75.903567,74.1784764
1/17/2007,76.4125896,76.4156809,75.7584544,73.9738512
1/16/2007,77.0787044,76.854096,76.5903792,74.2701305
1/12/2007,77.827287,77.734325,77.2825075,75.3190776
1/11/2007,78.7641305,78.607872,78.2990748,76.1601447
1/10/2007,78.6667104,78.4765584,78.2300694,76.0169672
1/9/2007,78.8204093,78.5226574,78.1860424,76.0494008
1/8/2007,79.4995248,79.2193296,79.3000832,76.789212
1/5/2007,79.7409028,79.4790711,79.3752139,76.983174
1/4/2007,81.2248328,81.0766021,80.9346638,78.541356
1/3/2007,81.5086071,81.335592,81.1991528,78.5922532
1/2/2007,82.0824522,81.9285376,81.7488522,79.3318799
12/29/2006,82.5275484,82.4377824,82.2716967,79.842191
12/28/2006,82.6888593,82.604829,82.5982768,80.0003412
12/27/2006,83.0573415,83.104217,82.6065204,80.477481
12/26/2006,83.3500497,83.2890728,82.7332025,80.6399199
12/22/2006,83.4773072,83.3882385,82.8948696,80.7713172
12/21/2006,83.1478852,83.0599402,82.565392,80.452361
12/20/2006,83.0604688,82.7706558,82.4435586,80.1649011
12/19/2006,83.5503588,83.263275,82.9339238,80.64208
12/18/2006,83.5492993,83.2615948,83.0970855,80.638208
12/15/2006,83.8781207,83.428596,83.5878285,80.797644
12/14/2006,84.203221,83.7516186,83.9172852,81.1145082
12/13/2006,84.5327582,84.0824679,84.2459592,81.435627
12/12/2006,85.1863089,84.7345953,84.8968098,82.06678
12/11/2006,85.509554,85.0668208,85.2272775,82.3859163
12/8/2006,85.6749023,85.2320259,85.3885065,82.5420036
12/7/2006,86.32427,85.8813472,86.3773621,83.1804009
12/6/2006,85.6776324,85.396054,85.721368,82.7028772
12/5/2006,86.1680729,85.8834528,86.3743116,83.1794168
12/4/2006,86.8193388,86.7013499,86.8640472,83.974893
12/1/2006,87.0309048,86.8658148,86.6544972,84.1305762
11/30/2006,86.70136,86.5401056,86.1678944,83.815815
11/29/2006,86.3788026,86.3769984,85.6779286,83.656898
11/28/2006,86.7123306,86.716789,86.012784,83.9825094
11/27/2006,86.049368,86.0464924,85.3518161,83.3424592
11/24/2006,85.8775826,85.8844116,85.1847228,83.1832992
11/22/2006,85.3888902,85.2225147,84.6961668,82.5468576
11/21/2006,85.3893348,85.2189387,84.6920777,82.5415384
11/20/2006,85.3873111,85.3914176,84.6867456,82.703868
11/17/2006,85.5533602,85.5561564,84.9351816,82.8623727
11/16/2006,85.716279,85.7987676,85.0223408,83.0957478
11/15/2006,86.210267,86.4597124,85.5105606,83.738148
11/14/2006,87.032946,87.3584208,86.3267061,84.6086775
11/13/2006,86.5370247,86.94882,85.6715822,84.2134502
11/10/2006,86.7321684,87.1607952,86.0668886,84.4468572
11/9/2006,86.2073385,86.5371036,85.5605454,83.81827
11/8/2006,87.0309759,87.3181056,86.3739544,84.56476
11/7/2006,87.3532647,87.5204775,86.697438,84.7673863
11/6/2006,86.9803249,87.1449477,86.3280288,84.607929
11/3/2006,87.631747,87.8000228,86.9779794,85.2435304
11/2/2006,88.1235368,88.4552238,87.6393144,85.8793026
11/1/2006,88.948245,89.106966,88.4563889,86.5106406
10/31/2006,87.797209,88.1264254,87.1468161,85.557447
10/30/2006,87.3098884,87.6377146,86.6497088,85.0832532
10/27/2006,87.5612712,87.8077584,86.8294545,85.2693138
10/26/2006,87.0202451,87.1807648,86.335677,84.6312697
10/25/2006,86.783606,86.950264,86.198364,84.4417348
10/24/2006,86.9848378,87.149783,86.328384,84.6066664
10/23/2006,87.3125176,87.8029305,86.657698,85.246028
10/20/2006,87.4732144,87.9668262,86.8201152,85.404357
10/19/2006,87.7985056,88.1304225,87.1519264,85.55888
10/18/2006,87.8072976,88.130913,87.1458112,85.56324
10/17/2006,88.290326,88.621827,87.6363282,86.0366023
10/16/2006,88.1295701,88.4519324,87.4713568,85.8764294
10/13/2006,88.2918181,88.4565825,87.6366745,85.8792896
10/12/2006,88.7838607,88.9472592,88.1342451,86.354397
10/11/2006,88.9455104,89.1142911,88.2933458,86.5125595
10/10/2006,89.5974144,89.762697,88.9409456,87.1459938
10/6/2006,90.4119864,90.7406461,89.7591366,88.0976335
10/5/2006,91.0690128,91.394664,90.5772861,88.7305
10/4/2006,91.233035,91.5656706,90.7482528,88.8921061
10/3/2006,90.5823178,90.907803,90.0919175,88.2620838
10/2/2006,90.9109895,91.233805,90.4148441,88.57949
9/29/2006,90.5809792,90.7450432,90.088362,88.1032641
9/28/2006,90.254136,90.4195656,89.7652112,87.78642
9/27/2006,90.5925235,90.755334,90.2623998,88.1154067
9/26/2006,90.5810175,90.7486272,90.2567815,88.1043856
9/25/2006,91.7274916,91.7279136,91.3931634,89.053816
9/22/2006,90.7455042,91.0713267,90.2545488,88.422491
9/21/2006,88.619152,88.783128,88.1339585,86.2003053
9/20/2006,88.1307392,88.2940032,87.6392702,85.7223582
9/19/2006,88.6288312,88.621987,88.1377986,86.0375583
9/18/2006,88.2914277,88.2928244,87.7975758,85.723209
9/15/2006,88.4511712,88.4535652,87.9621372,85.8783525
9/14/2006,88.9446034,88.9438956,88.2954358,86.3560357
9/13/2006,88.9498159,88.947816,88.2906885,86.358654
9/12/2006,88.5347902,88.7033329,87.718248,86.1183066
9/11/2006,88.1192724,88.2860742,87.305702,85.711786
9/8/2006,88.1162818,88.2815048,87.303879,85.7145692
9/7/2006,88.0411087,88.20117,87.227448,85.633367
9/6/2006,88.043992,88.2049168,87.06412,85.63626
9/5/2006,88.202499,88.368544,87.0120462,85.791392
9/1/2006,88.310784,88.4752056,87.119342,86.1059322
8/31/2006,88.7964867,89.1255056,87.6062317,86.7369354
8/30/2006,89.1253968,89.2879363,87.9413898,86.8966164
8/29/2006,88.381986,88.5528171,87.31169,86.1745071
8/28/2006,87.9347592,88.1333376,86.946424,85.7768785
8/25/2006,88.1044892,88.1027688,87.0748374,85.7860052
8/24/2006,88.1042727,88.1048511,86.9608576,85.7830754
8/23/2006,87.8213886,87.8282496,86.4273426,85.4742504
8/22/2006,87.339504,87.340442,85.9466608,85.001313
8/21/2006,86.6889672,86.688448,85.4558172,84.3643827
8/18/2006,86.311864,86.523723,85.457562,84.2109798
8/17/2006,86.3184408,86.5245175,85.4585708,84.2104928
8/16/2006,86.4776662,86.694432,85.619391,84.363687
8/15/2006,86.4796986,86.5263077,85.6220056,84.2119011
8/14/2006,86.9588245,87.012296,86.0993112,84.6814353
8/11/2006,87.2843608,87.1752319,86.5873594,84.8389536
8/10/2006,87.1260795,87.0148892,86.4273277,84.6826305
8/9/2006,86.8053768,86.8524858,86.1051744,84.5266742
8/8/2006,87.451152,87.5023149,86.9641086,85.1582565
8/7/2006,88.2593988,88.3132441,87.7709184,85.9477891
8/4/2006,88.5786375,88.635331,88.0942282,86.265796
8/3/2006,89.0655179,89.1236856,88.5850004,86.7395716
8/2/2006,89.2303153,89.1257856,88.907877,86.739525
8/1/2006,89.4994768,89.3958275,89.174459,87.213775
7/31/2006,89.4930552,89.3920544,88.954544,87.210942
7/28/2006,89.4953535,89.3918795,89.1167404,87.2130456
7/27/2006,89.02425,89.1607416,88.6803984,86.934144
7/26/2006,89.019513,89.0753105,88.4772113,86.9003766
7/25/2006,88.8540681,89.069376,88.4758182,86.899865
7/24/2006,89.1753334,89.3903902,88.793721,87.2113515
7/21/2006,89.98286,90.041081,89.2784508,87.8440475
7/20/2006,89.981549,90.0428152,89.285514,87.8423909
7/19/2006,89.7661833,89.8230144,89.0601525,87.846862
7/18/2006,90.4100256,90.6282303,89.8678517,88.6382661
7/17/2006,90.4046886,90.464093,89.860706,88.475157
7/14/2006,90.40632,90.467928,89.8617636,88.4745624
7/13/2006,89.9231739,89.9825126,89.386143,88.0040645
7/12/2006,89.440738,89.499006,88.741989,87.5305026
7/11/2006,89.6030552,89.660601,88.9049304,87.69
7/10/2006,89.2812613,88.9569501,88.7419596,87.2139925
7/7/2006,89.2817175,88.9607228,88.9017762,87.2129024
7/6/2006,89.4434158,89.117458,89.0677812,87.3710456
7/5/2006,89.9242152,89.4438015,89.5449542,87.6873224
7/3/2006,89.6051862,89.1204336,89.5456989,87.3733952
6/30/2006,89.60364,89.1197279,89.5419882,87.372469
6/29/2006,89.5966026,89.1146384,89.672928,87.3720615
6/28/2006,89.82764,89.3508208,89.9126787,87.6052936
6/27/2006,89.766522,89.28479,89.8706997,87.5370188
6/26/2006,90.0843736,89.9276295,90.3490068,88.1644822
6/23/2006,90.4283704,90.2634753,90.68808,88.4958189
6/22/2006,89.624292,89.4638619,89.8903677,87.7090863
6/21/2006,89.871366,89.7030456,90.1354203,87.94758
6/20/2006,89.0711288,88.9121691,89.4958995,87.1641612
6/19/2006,88.9083055,88.749327,89.3333278,87.0105108
6/16/2006,89.0713912,88.9077696,89.4959567,87.1663624
6/15/2006,88.7469196,88.5862318,89.1768745,86.8481991
6/14/2006,88.5892117,88.5902912,88.5332584,86.8495508
6/13/2006,88.3109139,88.4745147,88.256999,86.7400508
6/12/2006,88.896628,88.8944925,88.354959,87.1494806
6/9/2006,89.538887,89.3775997,88.9965492,87.627264
6/8/2006,90.0272823,89.868693,89.4870666,88.106572
6/7/2006,89.8691079,89.708866,89.3239654,87.9449166
6/6/2006,90.1877108,90.029082,89.9712,88.2609918
6/5/2006,90.0282296,89.8673174,90.12756,88.1025234
6/2/2006,90.5152422,89.867151,90.6145476,88.104274
6/1/2006,90.5154546,90.0285,90.6163104,88.2623238
5/31/2006,91.8141444,91.326081,91.9092864,89.537558
5/30/2006,91.64644,90.9992352,91.9099272,89.213304
5/26/2006,92.271894,91.3310346,92.488704,89.5555464
5/25/2006,92.221675,91.3601232,92.4870885,89.553872
5/24/2006,92.252332,91.448653,92.5445982,89.6737314
5/23/2006,91.9670642,91.159065,92.2260552,89.369202
5/22/2006,92.4526421,91.8024,92.5454158,90.0028506
5/19/2006,92.1258855,91.4809544,92.2243128,89.6868864
5/18/2006,91.314968,90.6712572,91.425138,88.8918569
5/17/2006,90.6762934,89.8710576,90.7777044,88.104527
5/16/2006,90.1911408,89.3816543,90.294108,87.6299931
5/15/2006,90.510824,89.8633936,90.7722088,88.1032572
5/12/2006,90.672525,90.0286052,90.9334594,88.263765
5/11/2006,89.8626096,89.2179945,90.1338932,87.4707848
5/10/2006,89.219346,88.7375112,89.482252,86.9928588
5/9/2006,89.045833,88.4017728,89.315956,86.6677354
5/8/2006,88.5662514,87.9196945,88.9924335,86.1935661
5/5/2006,88.565451,87.757065,88.8305289,86.0356224
5/4/2006,88.404992,87.7589174,88.5143454,86.0366592
5/3/2006,88.5705881,87.9238188,88.5149338,86.1992536
5/2/2006,87.5993248,86.9511868,87.5073619,85.245138
5/1/2006,87.0726592,86.4652344,87.0159384,84.7652302
4/28/2006,87.2355312,86.5857728,87.1798113,84.9274676
4/27/2006,87.5565504,86.7468888,87.5487894,85.08455
4/26/2006,88.4213248,87.6117372,88.3642703,85.890024
4/25/2006,88.0827402,87.2786088,87.8665116,85.562004
4/24/2006,88.4095908,87.2757276,88.1929806,85.5657938
4/21/2006,88.242427,86.914863,88.0273926,85.2494506
4/20/2006,88.8929801,87.5620976,88.8968898,85.88114
4/19/2006,89.0602749,87.767526,89.3851024,86.044806
4/18/2006,90.03159,88.7370712,90.35187,86.9940768
4/17/2006,90.3546125,89.0552848,90.6781112,87.311243
4/13/2006,91.646794,90.5139508,91.907792,88.7409642
4/12/2006,91.160129,90.1923618,91.4288024,88.4233014
4/11/2006,90.673815,89.7034623,91.0552832,87.9459424
4/10/2006,90.9974926,89.860816,91.216128,88.0996312
4/7/2006,91.4824135,90.1898121,91.6983619,88.4182614
4/6/2006,92.2908925,91.4830963,92.3931873,89.6903865
4/5/2006,92.2991336,91.6505236,92.0750625,89.8538825
4/4/2006,92.8424763,92.1950076,92.6159129,90.1639935
4/3/2006,93.0318396,92.585177,93.0732681,90.328485
3/31/2006,93.0325,92.7484686,92.9916635,90.4880168
3/30/2006,93.5149875,93.231776,93.4006059,90.9589872
3/29/2006,93.0166832,92.9801691,92.9166215,90.6548439
3/28/2006,92.3550265,92.4511342,91.80748,90.1675322
3/27/2006,92.0389344,92.1325334,91.4888205,89.8596268
3/24/2006,91.7115826,91.610772,91.1608749,89.377392
3/23/2006,91.710311,91.7732224,91.1656014,89.5343352
3/22/2006,91.4861212,91.5560145,90.9398406,89.53705
3/21/2006,91.8086174,91.7117274,91.09746,89.6946136
3/20/2006,91.8096016,91.7102744,91.099645,89.6887887
3/17/2006,92.1318282,92.0361897,91.5840705,90.007904
3/16/2006,92.1303882,91.8715035,91.7455136,89.8479842
3/15/2006,92.6196336,92.3618808,92.2326012,90.3280602
3/14/2006,92.1314365,91.872144,91.746241,89.8510548
3/13/2006,93.1067634,92.8438099,92.8738025,90.8040456
3/10/2006,92.6174195,92.1977616,92.3924592,90.1667718
3/9/2006,92.6174628,92.1996992,92.3927793,90.170521
3/8/2006,93.822247,93.2369796,93.7509,90.964149
3/7/2006,93.3323222,92.7454658,93.2705904,90.4874748
3/6/2006,93.3310521,92.9082796,92.7806292,90.6449568
3/3/2006,92.198405,91.7734018,91.6487118,89.5355133
3/2/2006,92.5879296,92.645032,92.3612154,90.170145
3/1/2006,90.953955,91.0191466,90.08793,88.5777256
2/28/2006,90.1453278,90.5285035,89.4386988,88.104653
2/27/2006,89.653534,89.5463004,89.2743984,87.1481133
2/24/2006,89.9319744,89.7365007,89.5334448,87.3357111
2/23/2006,91.5736178,91.3409849,91.186305,88.8584178
2/22/2006,91.5301692,91.18326,91.2239312,88.7006064
2/21/2006,92.5859832,92.1596225,92.682932,89.6896049
2/17/2006,92.7479104,92.3193177,92.8437147,89.8490658
2/16/2006,92.7469935,92.3217856,93.002271,89.845812
2/15/2006,94.2134445,93.7896008,94.470987,91.27816
2/14/2006,94.859088,94.4380125,95.27745,91.9110015
2/13/2006,95.5125377,94.767528,95.60214,92.226638
2/10/2006,95.8359201,95.0920464,95.9269356,92.54873
2/9/2006,96.3940464,95.6529652,96.257792,92.8659064
2/8/2006,96.729714,95.982726,96.5838172,93.181536
2/7/2006,96.8875312,96.140044,96.7392234,93.339732
2/6/2006,96.520768,95.6031683,96.3804885,92.8310279
2/3/2006,96.2356343,95.3231545,96.0899922,92.5498431
2/2/2006,96.884118,96.140604,96.7443159,93.3409026
2/1/2006,96.5671473,95.8207069,96.6559284,93.0239184
1/31/2006,96.0723558,95.1613834,96.1596636,92.3861092
1/30/2006,96.0703934,95.1596296,96.1571833,92.387519
1/27/2006,96.0108935,94.679926,96.1711461,91.9478444
1/26/2006,96.288764,94.96207,96.5780288,92.1832496
1/25/2006,95.7080733,94.7970441,95.876195,92.0652096
1/24/2006,94.93322,94.0197387,95.18688,91.278173
1/23/2006,94.9296588,93.856686,95.183742,91.1206296
1/20/2006,94.4394723,93.365529,94.693098,90.64185
1/19/2006,93.789908,93.0338937,94.2125724,90.3264624
1/18/2006,93.9566448,93.2036913,94.3789542,90.486693
1/17/2006,94.440325,93.5251296,95.0188608,90.8002975
1/13/2006,94.1154328,93.1995072,94.53312,90.484745
1/12/2006,94.2753735,93.3590365,94.6967224,90.6399693
1/11/2006,93.9603864,92.935198,94.3819215,90.009972
1/10/2006,94.116148,92.609426,94.8617579,89.693275
1/9/2006,93.461342,91.78869,93.8813589,88.900092
1/6/2006,94.7648124,93.2632272,95.1854882,90.3298616
1/5/2006,95.4213782,93.9177406,96.1684196,90.962619
1/4/2006,96.4011468,94.739664,97.1431047,91.7593272
1/3/2006,96.8859684,95.0651424,97.6248424,92.0737994
12/30/2005,97.2058831,95.3858304,97.9473088,92.3820016
12/29/2005,96.7182825,95.1829445,97.2941242,92.222865
12/28/2005,96.7221608,95.2247244,97.3048174,92.2275072
12/27/2005,96.7291626,95.2653726,97.465704,92.2335804
12/23/2005,96.683468,95.1842722,97.6261172,92.2016774
12/22/2005,96.8478048,95.143993,97.9526727,92.2007303
12/21/2005,97.055142,95.3945755,98.2822905,92.3877402
12/20/2005,97.048499,95.395438,98.2799944,92.38728
12/19/2005,96.8900499,94.899587,97.785287,91.9119775
12/16/2005,97.5392892,95.7208755,98.5991168,92.7050748
12/15/2005,97.8673503,96.047865,98.8575588,93.0252528
12/14/2005,98.2002056,96.7053992,99.5868007,93.664305
12/13/2005,98.1910976,96.869055,99.417633,93.81528
12/12/2005,99.00924,97.5236595,100.3899555,94.453156
12/9/2005,99.0054736,97.358336,100.0649512,94.29524
12/8/2005,99.0064035,97.3606129,100.0695504,94.2916023
12/7/2005,99.661947,98.3449065,100.8848085,95.2477328
12/6/2005,99.3327645,98.0180525,100.7173273,94.9307931
12/5/2005,99.172476,98.0135052,100.5560486,94.9321216
12/2/2005,99.1684993,98.0143875,100.5573987,94.9309049
12/1/2005,99.985731,98.8336743,101.2135482,95.7199368
11/30/2005,99.505842,97.8535685,100.7219038,94.77636
11/29/2005,99.0077415,97.1968998,100.3955634,94.1358302
11/28/2005,98.365927,96.2246208,100.0162222,93.1959906
11/25/2005,98.3577672,96.2164297,100.1703675,93.1883865
11/23/2005,98.354601,96.2062932,100.0102701,93.1873748
11/22/2005,98.3587326,96.207384,100.06615,93.183844
11/21/2005,98.8421412,96.699976,100.7091974,93.6553608
11/18/2005,99.4898112,97.5928104,102.01356,94.293045
11/17/2005,99.9831922,98.0838274,102.5102476,94.767084
11/16/2005,99.9911001,98.093086,102.514624,94.7763123
11/15/2005,100.2295506,98.0877354,102.759804,94.7720004
11/14/2005,100.2288912,98.0886366,102.5955,94.7712414
11/10/2005,99.8998986,97.7592777,102.26433,94.4543496
11/9/2005,99.73647,97.922054,102.11244,94.6097856
11/8/2005,96.4509045,94.3980752,98.717983,91.2785235
11/7/2005,98.3416317,96.1145328,100.745876,92.8619178
11/4/2005,98.173249,95.9500914,100.581108,92.7060072
11/3/2005,97.682377,95.454192,99.9344272,92.225497
11/2/2005,95.889395,93.9816148,97.9684798,90.8042177
11/1/2005,95.2270448,93.4877396,97.3100088,90.3231411
10/31/2005,95.388642,93.4866272,97.469189,90.3234782
10/28/2005,94.7344455,92.8282948,96.6504384,89.688447
10/27/2005,94.7434432,92.923819,96.7031592,89.7204906
10/26/2005,94.7345616,92.8286966,96.6541884,89.687346
10/25/2005,94.5700275,92.4999547,96.165341,89.3695318
10/24/2005,94.2434376,92.16999,95.8794464,89.0546391
10/21/2005,94.2432624,92.1724309,95.8784992,89.0542181
10/20/2005,94.963598,92.6652897,96.212189,89.5326777
10/19/2005,95.1368704,92.6691315,96.54232,89.534562
10/18/2005,95.1290994,92.67027,96.7079296,89.53203
10/17/2005,95.2931166,92.9968171,96.8675006,89.8504548
10/14/2005,94.7980342,92.5030314,96.3750552,89.3714679
10/13/2005,94.4721288,92.1767165,96.0550396,89.0552832
10/12/2005,94.3112156,92.0123744,95.7208392,88.901551
10/11/2005,93.8132118,91.517184,95.0602374,88.4198484
10/7/2005,93.8128229,91.5116868,95.0587725,88.41666
10/6/2005,94.3045913,92.0036675,95.548824,88.8921398
10/5/2005,93.8196803,91.6789571,95.0755851,88.5812018
10/4/2005,94.468826,92.1733263,95.7170672,89.0527248
10/3/2005,94.9651614,92.502592,96.374532,89.3713725
9/30/2005,94.9635232,92.500056,96.371088,89.3741475
9/29/2005,94.963197,92.6612416,96.3814608,89.5303125
9/28/2005,94.982752,92.6784225,96.39178,89.54468
9/27/2005,94.9721652,92.5093386,96.3814843,89.381546
9/26/2005,94.6375353,92.1748074,96.0457608,89.0586312
9/23/2005,94.63254,92.1752232,96.044832,89.0547719
9/22/2005,94.1438043,91.6776297,95.7229023,88.5756098
9/21/2005,94.4778157,92.174564,96.055944,89.0597826
9/20/2005,94.3071844,92.1757959,96.0486862,89.0543711
9/19/2005,95.1260488,92.9937771,96.862596,89.8492696
9/16/2005,95.122968,92.9957824,96.8632258,89.8481892
9/15/2005,95.1264036,93.319578,96.460375,90.1663308
9/14/2005,95.6276476,93.656531,96.7102376,90.4876995
9/13/2005,95.9526324,93.816697,97.0313568,90.6422286
9/12/2005,95.2920052,93.3217791,96.3698128,90.1665232
9/9/2005,95.62086,93.6506683,96.7787128,90.4840125
9/8/2005,95.7843998,93.9778917,96.5416208,90.8001822
9/7/2005,95.1378013,93.1588,96.2171862,90.0135775
9/6/2005,94.4732544,92.501163,95.5528971,89.3703756
9/2/2005,94.6354526,92.4991392,95.8764573,89.3739572
9/1/2005,95.122378,92.824443,96.3682478,94.5362
8/31/2005,94.8047007,92.6655096,95.8236444,89.5341499
8/30/2005,93.8149806,91.679526,94.8284253,88.5769176
8/29/2005,93.6964431,91.4333456,94.5203994,88.3382115
8/26/2005,93.3106657,90.969613,94.3548233,88.151473
8/25/2005,93.1132348,90.4818923,94.1912928,87.696884
8/24/2005,92.9491365,90.5306935,93.879305,87.4837602
8/23/2005,93.6470328,91.022036,94.629258,87.9400512
8/22/2005,93.6530385,91.5109932,94.7905101,88.4187426
8/19/2005,93.6479502,91.3479444,94.7866571,88.2608669
8/18/2005,93.320115,91.3488678,94.6765314,88.2565922
8/17/2005,92.67016,90.6958668,94.1839884,87.6283875
8/16/2005,92.5002768,90.364133,94.0169359,87.3084656
8/15/2005,92.3351652,90.2025135,93.851075,87.147034
8/12/2005,92.332984,90.032101,94.014248,86.991642
8/11/2005,91.5128085,89.0460279,93.2015126,86.0363188
8/10/2005,91.8480321,89.3824704,93.5317368,86.3600958
8/9/2005,91.8429204,89.2143504,93.5245584,86.200646
8/8/2005,92.0104049,89.3803857,93.6887198,86.35737
8/5/2005,91.676739,89.046681,93.3619347,86.0389632
8/4/2005,91.6766896,89.0500545,93.2026259,86.0366688
8/3/2005,92.501352,89.8742536,94.182732,86.8366926
8/2/2005,93.157248,90.5286256,95.2253437,87.4679806
8/1/2005,93.1558528,90.5285262,95.0608545,87.4660276
7/29/2005,92.6606761,90.360842,94.570311,87.3105318
7/28/2005,92.6617928,89.8669474,94.2461616,86.8304292
7/27/2005,92.9980167,90.3715525,94.905216,87.31164
7/26/2005,93.3234663,90.89254,95.2269948,87.7842126
7/25/2005,93.321991,90.6962433,95.0654916,87.6261043
7/22/2005,93.320521,90.6933456,95.0604176,87.6250973
7/21/2005,93.3181239,91.0202714,95.0686569,87.939864
7/20/2005,92.671384,90.2021406,94.413032,87.1574064
7/19/2005,92.9486016,90.8532692,94.4725296,87.1508872
7/18/2005,93.113831,91.0188136,95.0304216,87.3098292
7/15/2005,93.1115631,91.018422,95.0274342,87.3095784
7/14/2005,93.6643438,91.1820003,95.6782036,87.4657533
7/13/2005,94.3352755,91.6813152,96.1676511,87.947265
7/12/2005,94.327074,91.344091,95.912232,87.641528
7/11/2005,95.5511106,93.0631403,97.1422312,89.0558988
7/8/2005,95.38327,93.0598206,96.8074056,89.0540104
7/7/2005,96.2116496,93.8908342,97.81317,89.8482375
7/6/2005,96.2226265,93.7311,97.644729,89.6927967
7/5/2005,95.8848,93.393248,97.3098944,89.3697447
7/1/2005,95.718834,93.2307264,97.139735,89.214909
6/30/2005,96.0455343,93.5567619,97.635141,89.5269562
6/29/2005,96.0430449,93.5580228,97.6402328,89.5300968
6/28/2005,96.0601356,93.741867,97.6514735,89.700534
6/27/2005,96.218496,93.8964705,97.642623,89.850417
6/24/2005,96.212578,94.0611096,97.472691,90.0125127
6/23/2005,95.7104512,93.226732,96.985654,89.2119634
6/22/2005,95.7203833,93.229488,96.9781616,89.2174234
6/21/2005,94.2263828,92.0705687,95.4873668,88.101777
6/20/2005,93.889665,91.7346692,95.1550312,87.7841907
6/17/2005,94.22226,92.23104,95.6486424,88.2608461
6/16/2005,95.21696,92.7269952,95.9869775,88.732701
6/15/2005,95.2272377,92.7302304,95.9899486,88.7410604
6/14/2005,96.233116,93.722952,96.956202,89.68257
6/13/2005,97.0441505,95.0509314,98.1312192,90.959051
6/10/2005,97.527075,95.400936,98.642124,91.25443
6/9/2005,95.385696,93.73628,96.49965,89.688256
6/8/2005,95.0595272,93.231039,95.9921025,89.2218875
6/7/2005,94.8857006,93.068036,95.8196764,89.0534838
6/6/2005,94.3906773,92.5632288,95.3180484,88.5748575
6/3/2005,94.053316,92.2358316,94.9852679,88.260102
6/2/2005,94.2198208,92.0643689,95.1599418,88.098786
6/1/2005,93.901465,91.9062432,95.1619464,87.949762
5/31/2005,93.392832,91.408702,94.98603,87.44715
5/27/2005,92.5647868,90.737568,94.1610894,86.832361
5/26/2005,92.7723198,90.8266293,94.1738756,87.0223683
5/25/2005,93.1628412,91.3498838,94.661136,87.6217176
5/24/2005,93.826194,91.8453478,95.151626,88.098879
5/23/2005,93.8258811,91.843235,94.9823462,88.097314
5/20/2005,93.842424,91.690621,94.980587,87.918759
5/19/2005,94.323114,92.3376744,95.4946688,88.570608
5/18/2005,96.3237796,93.9970603,97.147232,90.170452
5/17/2005,96.2949,93.848524,97.123264,90.007842
5/16/2005,95.338926,92.650985,96.473158,88.883388
5/13/2005,94.9844808,92.1188436,95.977434,88.5804348
5/12/2005,94.4935774,91.7871504,95.4919721,88.2600016
5/11/2005,94.6641267,91.960212,95.653628,88.4229336
5/10/2005,93.66226,90.9678606,94.6607382,87.4666748
5/9/2005,92.7733911,90.2975625,93.7609372,86.822899
5/6/2005,93.437072,90.6330574,94.4216907,87.140628
5/5/2005,93.563097,91.08438,95.37456,87.746576
5/4/2005,94.0443057,91.4043414,95.8553904,88.108924
5/3/2005,94.547778,91.718196,95.797108,88.432205
5/2/2005,94.656208,91.8984098,96.3036306,88.578588
4/29/2005,94.3254,91.17906,96.14781,87.961494
4/28/2005,93.844954,90.86275,95.374395,87.636452
4/27/2005,93.3988988,90.4301307,95.2066248,87.1620215
4/26/2005,93.055742,90.0939072,95.1999336,86.8340022
4/25/2005,93.380796,90.5808356,95.3573368,87.3095968
4/22/2005,93.546291,90.5820608,95.681489,87.3092848
4/21/2005,93.5448989,90.577479,95.693011,87.3059958
4/20/2005,94.3782421,91.4102588,96.8452232,88.1079653
4/19/2005,94.209456,91.247233,96.8448551,87.9452217
4/18/2005,94.8673952,91.9021827,97.8255376,88.580896
4/15/2005,93.7096641,90.9148945,96.3417708,87.6257244
4/14/2005,92.8877046,90.2505472,95.5335888,86.991936
4/13/2005,91.4135616,88.774455,94.0482668,85.5707565
4/12/2005,91.2414264,88.6044744,93.8793974,85.4050914
4/11/2005,92.3533375,89.762127,95.0213558,86.5156032
4/8/2005,92.5128384,89.7550912,95.3520768,86.5130976
4/7/2005,92.0214912,89.26224,94.5442432,86.0355604
4/6/2005,90.6991743,87.9458023,93.1600944,84.768869
4/5/2005,90.6939736,87.7397537,92.9358528,84.7673299
4/4/2005,90.711309,87.711632,92.919475,84.753904
4/1/2005,89.54596,86.9927625,92.046564,83.7358
3/31/2005,90.85276,87.8482671,93.364748,84.8379852
3/30/2005,91.9132621,88.9130736,94.55859,86.01949
3/29/2005,93.0153168,89.5789605,95.689664,86.714575
3/28/2005,92.8753175,89.363781,95.5012015,86.741422
3/24/2005,92.7381785,89.273018,95.377284,86.461596
3/23/2005,93.924778,90.4135041,96.533262,87.4863115
3/22/2005,94.4956819,91.0428925,97.0560325,87.905705
3/21/2005,93.694645,90.314076,95.976893,87.3549
3/18/2005,93.0887663,89.6060805,95.2816515,86.748078
3/17/2005,92.9135739,89.5017669,95.040002,86.6675936
3/16/2005,93.1688347,89.6885052,95.529625,86.7402888
3/15/2005,92.2268763,89.0469675,94.593704,86.0795056
3/14/2005,91.9434915,88.922256,94.3362779,85.819624
3/11/2005,91.721877,88.6874725,94.21896,85.8235
3/10/2005,91.117067,88.4359652,93.2490762,85.712697
3/9/2005,91.7294464,89.3534109,94.0435652,86.494338
3/8/2005,89.838943,87.4432592,91.5089175,84.6178632
3/7/2005,88.7168341,86.7129867,90.3418035,83.763008
3/4/2005,89.0148132,87.0782301,90.5454675,84.25743
3/3/2005,90.437496,88.1262747,92.363661,85.154048
3/2/2005,91.15024,89.0968032,92.9759512,86.152488
3/1/2005,91.5759216,89.6274088,92.8715568,86.7442615
2/28/2005,91.9525684,90.0566619,93.1492936,87.2395075
2/25/2005,90.832781,89.2371222,91.9766583,86.0463
2/24/2005,91.4759426,89.8265904,92.3985061,86.7591
2/23/2005,92.024576,90.2816185,93.0537976,87.079698
2/22/2005,92.0110528,90.4936978,93.3392505,87.294092
2/18/2005,91.299403,89.8673254,92.6387,87.002895
2/17/2005,91.401447,89.8083018,92.6675685,86.8833329
2/16/2005,91.685282,89.9100958,92.9914456,86.8486235
2/15/2005,93.3139348,91.3207512,94.7045869,88.125055
2/14/2005,92.914896,91.0987758,94.422528,87.9055065
2/11/2005,93.08257,91.243481,94.541888,88.0546248
2/10/2005,93.7302874,91.9931532,94.9475376,88.5387921
2/9/2005,92.0016,90.3830191,93.2653381,87.2761576
2/8/2005,90.6137825,89.255536,91.7011425,86.10672
2/7/2005,90.278823,88.85555,91.31136,85.565724
2/4/2005,90.438381,89.0575803,91.49473,85.9363521
2/3/2005,90.651534,89.2741236,91.68049,85.8783552
2/2/2005,91.659722,90.2445507,92.63051,86.762452
2/1/2005,92.628591,91.211148,93.76989,87.535878
1/31/2005,92.396877,90.947881,93.666537,87.363617
1/28/2005,92.985168,91.3713372,94.2793929,87.8577006
1/27/2005,93.382352,91.5719916,94.6598998,88.178544
1/26/2005,94.309437,92.9748774,95.6042325,89.4469686
1/25/2005,94.2504728,92.661954,95.537478,89.3666019
1/24/2005,92.9460972,91.249647,94.1772163,87.9136
1/21/2005,91.896288,90.3582765,93.460464,86.9914682
1/20/2005,90.904905,89.5118892,92.4139425,86.01195
1/19/2005,92.483864,90.707232,93.9660945,87.1659414
1/18/2005,93.4468162,91.6578368,94.926683,88.0616513
1/14/2005,94.1016805,92.1851224,95.525618,88.5674075
1/13/2005,93.815826,91.91508,95.2362684,88.2738
1/12/2005,94.7416635,92.691,96.34524,89.0251445
1/11/2005,95.719544,93.76081,97.271055,89.73074
1/10/2005,95.88442,93.74225,97.356644,89.84737
1/7/2005,97.152368,94.9870495,98.789145,90.84306
1/6/2005,98.742252,96.637497,100.30382,92.51404
1/5/2005,99.471372,97.563544,100.973372,93.58748
1/4/2005,99.804328,97.633362,101.007172,93.452427
1/3/2005,101.4106,99.1386,102.52704,94.877295
12/31/2004,101.91382,99.353884,103.210706,94.8635
12/30/2004,102.45879,99.92184,103.72676,95.210076
12/29/2004,102.564408,100.275483,103.98448,95.498304
12/28/2004,103.160155,100.74266,104.64832,95.88824
12/27/2004,103.148397,100.80318,104.27984,96.140052
12/23/2004,103.022702,100.678812,104.245844,95.761306
12/22/2004,102.710637,100.538295,104.084423,95.436715
12/21/2004,103.302122,101.123769,105.009888,95.843452
12/20/2004,104.60088,102.2832375,106.7286155,97.44917
12/17/2004,104.945906,102.594485,107.036832,97.421866
12/16/2004,104.650005,102.4302,106.660309,97.05254
12/15/2004,104.555229,102.0262,106.582528,96.679452
12/14/2004,102.6776336,100.137276,104.5748537,94.8097832
12/13/2004,101.9517504,99.3531,103.809125,94.010192
12/10/2004,101.94633,99.419004,104.139354,94.387925
12/9/2004,100.9045044,98.174355,103.0196025,92.809986
12/8/2004,100.9141119,98.1758635,103.3891752,92.9963025
12/7/2004,99.8901592,97.0488356,102.0047712,91.6420343
12/6/2004,100.191465,97.3100225,102.0458865,91.757016
12/3/2004,101.130723,98.461686,102.969878,92.77189
12/2/2004,101.456208,98.756928,103.645696,93.120305
12/1/2004,102.0946275,99.252979,104.30089,93.624752
11/30/2004,99.9482665,96.818322,102.80298,91.99383
11/29/2004,100.172585,97.1542,102.830205,91.66608
11/26/2004,99.753322,97.067295,102.8233,91.67343
11/24/2004,99.95445,97.133918,103.02899,91.71416
11/23/2004,99.934395,97.2565635,103.1984695,91.5082
11/22/2004,100.639404,97.90194,103.8819375,92.17053
11/19/2004,101.748235,98.500887,104.7183475,92.921955
11/18/2004,102.598142,99.340594,105.412052,93.72618
11/17/2004,102.521055,99.222552,105.2356765,93.812709
11/16/2004,102.698405,99.573216,105.4758055,94.021624
11/15/2004,103.26442,99.9002125,105.947332,94.48317
11/12/2004,103.3676295,100.1073254,105.97635,94.630943
11/10/2004,103.3455825,100.055043,106.2010825,94.40557
11/9/2004,102.894558,99.61875,105.616278,94.0555125
11/8/2004,103.980005,100.7307,106.634756,95.03552
11/5/2004,103.784499,100.599642,106.755759,94.495032
11/4/2004,105.42252,102.1021145,108.612592,96.514377
11/3/2004,105.384852,102.321725,108.535665,96.4184155
11/2/2004,106.0593875,103.2458875,109.0863075,97.2864945
11/1/2004,106.6209,103.4091568,109.375074,97.9098
10/29/2004,108.2589494,105.091015,110.9742183,99.469248
10/28/2004,110.2206,106.6511394,113.03604,101.1339462
10/27/2004,110.3960955,106.679754,113.7088465,101.08912
10/26/2004,110.614639,107.29168,113.572994,101.84482
10/25/2004,110.864825,107.5698495,113.926995,101.78238
10/22/2004,110.3528985,107.1121975,113.47168,101.5798875
10/21/2004,109.70172,106.790225,113.011794,101.494183
10/20/2004,110.00601,106.9929,113.33203,101.33906
10/19/2004,108.77469,105.3904015,112.061961,100.1160825
10/18/2004,108.61656,105.38025,111.938552,100.089904
10/15/2004,109.22544,106.18443,112.95016,100.63375
10/14/2004,108.12594,105.51681,111.891432,99.971312
10/13/2004,108.0783,105.154335,111.83854,99.83052
10/12/2004,106.9068,102.8184445,110.838495,97.76256
10/8/2004,106.0675,102.770067,110.680464,97.6832116
10/7/2004,107.123676,103.44114,111.004222,97.91231
10/6/2004,105.9953805,101.9006751,109.9703204,96.720684
10/5/2004,105.956088,101.355095,110.07225,96.0958
10/4/2004,106.6184,101.28117,110.943792,96.484185
10/1/2004,107.671404,102.21116,112.0917,97.44309
9/30/2004,109.1513799,104.3880071,113.7450384,98.8998516
9/29/2004,109.9207424,104.8002725,113.956458,99.7818966
9/28/2004,110.3367195,105.6092048,114.4791872,99.9353983
9/27/2004,108.166191,103.8310896,112.383765,98.3152716
9/24/2004,107.877258,103.5985276,111.793064,97.9327976
9/23/2004,107.9570282,103.2516132,111.7722564,97.706452
9/22/2004,106.3547864,100.9760766,110.4819884,96.0624742
9/21/2004,103.5289144,98.896545,106.7005584,93.5808464
9/20/2004,103.8650472,99.527925,107.4529075,94.2693297
9/17/2004,103.9030531,99.6786856,108.1275498,94.2529016
9/16/2004,103.355195,98.799156,107.455623,93.67332
9/15/2004,103.0544528,98.47773,107.2065225,93.1695754
9/14/2004,102.2662336,97.7697425,106.60035,92.5092
9/13/2004,102.4529748,97.7669219,106.753891,92.542492
9/10/2004,102.4955072,97.7125008,106.7871117,92.5825348
9/9/2004,103.0123524,98.0510706,107.5039622,92.713248
9/8/2004,103.298804,98.4843055,107.631174,92.9885814
9/7/2004,102.4758756,97.8579789,107.2764198,92.3656216
9/3/2004,103.0982394,98.472342,108.0454086,93.1836133
9/2/2004,105.5675682,100.46005,110.227065,95.0798725
9/1/2004,105.6818178,100.4703986,110.107,94.8538239
8/31/2004,104.692562,100.0852125,109.1068008,94.32192
8/30/2004,103.2871686,98.6579174,107.8677054,93.3135051
8/27/2004,103.3375975,98.51688,107.7884799,93.2540175
8/26/2004,103.9216612,99.4574616,108.483585,94.1554865
8/25/2004,104.02392,99.2886346,108.993024,94.0184875
8/24/2004,104.5989425,99.8882632,109.7007496,94.63993
8/23/2004,105.0504912,101.076063,109.7754531,95.5608018
8/20/2004,105.8903796,101.5613625,111.3660025,95.9318536
8/19/2004,106.3109909,102.1580949,111.1905192,96.7056699
8/18/2004,106.43256,102.0168381,111.4596128,96.657915
8/17/2004,105.7108328,101.1427248,110.451873,96.2125744
8/16/2004,104.0981655,100.0150065,108.3057442,94.9271544
8/13/2004,104.0608856,99.8534436,108.1989214,94.7387035
8/12/2004,102.1095327,97.9268508,105.9967964,92.893822
8/11/2004,102.9909349,98.9860112,106.8651429,93.7312476
8/10/2004,104.8630983,100.9581911,109.0075416,95.800166
8/9/2004,105.2638374,101.3353209,109.5768375,95.881405
8/6/2004,104.7901757,101.0145021,108.9998325,95.5623718
8/5/2004,101.894806,98.155695,106.0693953,92.6530965
8/4/2004,101.7841965,98.386317,105.7852234,92.889973
8/3/2004,101.6524044,97.7528568,105.0585996,92.6602468
8/2/2004,101.2151736,97.61931,104.7053955,92.126825
7/30/2004,100.6836902,97.2358695,104.0488028,91.913019
7/29/2004,100.6363545,97.2636286,103.7270598,92.1384992
7/28/2004,100.9298092,97.4145522,104.1411707,92.34938
7/27/2004,101.8988936,97.9801357,104.3797456,92.6263364
7/26/2004,100.9042994,97.207917,103.41978,92.131875
7/23/2004,100.5520299,97.305672,103.3197052,91.845325
7/22/2004,102.1717548,98.7250891,105.03724,93.594707
7/21/2004,103.070918,99.6699222,106.275132,94.2805428
7/20/2004,104.32949,100.7889036,107.54892,95.57061
7/19/2004,104.0338208,100.1940804,107.40503,95.0084324
7/16/2004,103.7313444,99.4544166,106.9904758,94.3819483
7/15/2004,103.160175,98.85549,106.2471645,93.855762
7/14/2004,103.821795,100.206656,107.321025,94.8776786
7/13/2004,105.3349165,101.3754976,108.4940428,96.4231866
7/12/2004,104.0687029,99.9585072,107.3036776,94.988775
7/9/2004,104.3508655,100.2370005,107.3345264,95.119935
7/8/2004,103.6551648,99.6661868,106.563341,94.7097036
7/7/2004,103.11574,99.6513984,105.903558,94.5002916
7/6/2004,101.7587394,98.0356782,104.4015238,93.0660546
7/2/2004,101.0911042,97.7205573,103.926293,92.4417728
7/1/2004,99.925525,96.309963,102.8617548,91.088556
6/30/2004,100.99803,97.0324092,104.02656,91.82686
6/29/2004,101.27164,97.4445336,104.484094,92.0195458
6/28/2004,102.0078072,98.089068,105.128504,92.9990656
6/25/2004,101.356374,97.8794,104.6811612,92.6160777
6/24/2004,103.6243125,99.9924205,107.237935,94.45605
6/23/2004,103.394835,99.50625,106.806978,93.8179288
6/22/2004,101.4861312,97.4648025,105.4899741,91.4500523
6/21/2004,103.2996888,98.982,107.0395106,92.838523
6/18/2004,104.1460388,99.927405,108.197964,93.7597674
6/17/2004,104.7789987,100.275025,108.707184,94.0803745
6/16/2004,106.7725182,102.6240666,111.242064,96.5422881
6/15/2004,106.9493494,102.7426558,111.364804,96.6352498
6/14/2004,108.995535,104.3971872,113.5705904,97.99524
6/10/2004,108.576915,104.0134054,112.7460125,97.723985
6/9/2004,108.6069792,104.03355,113.154629,97.8787971
6/8/2004,108.0229671,103.4089997,112.2326772,97.310565
6/7/2004,107.150153,102.6754808,111.7352961,96.2299359
6/4/2004,107.9133942,103.1252018,112.8234355,96.6112616
6/3/2004,109.60694,104.69164,114.4843175,98.269098
6/2/2004,111.0687675,106.1081532,116.0495012,99.5276464
6/1/2004,111.2619173,106.22205,116.5112538,99.5897376
5/28/2004,111.29991,106.27734,116.746,100.0282704
5/27/2004,112.84062,107.7470548,117.8666649,101.3664079
5/26/2004,113.9001588,108.8352304,119.2601564,102.570243
5/25/2004,113.654409,108.5908005,119.2615,101.9872224
5/24/2004,113.448274,108.2054535,118.8691488,101.443013
5/21/2004,113.409198,108.50825,118.8684303,101.8599456
5/20/2004,112.1922984,107.9297211,118.4594355,101.244528
5/19/2004,112.7645955,107.738505,118.736745,101.4398959
5/18/2004,111.419685,106.540335,117.2992674,100.2816028
5/17/2004,112.380575,107.2556656,118.1291748,101.0533656
5/14/2004,110.7580749,105.7507523,116.6026262,99.5560412
5/13/2004,110.6759655,105.47742,116.2553483,99.26804
5/12/2004,109.074686,104.5720728,114.9124776,98.3445484
5/11/2004,109.4905887,104.7556774,115.1012,98.5075916
5/10/2004,109.5245901,104.8078589,114.937848,98.5735888
5/7/2004,113.5335084,107.8447517,119.453766,101.6405888
5/6/2004,114.92025,109.1302065,120.9596967,103.2953053
5/5/2004,113.914374,108.4777056,119.6981115,102.3802737
5/4/2004,113.9612628,108.887825,119.627568,103.3952
5/3/2004,112.4927456,107.1275715,118.2275,100.615608
4/30/2004,110.8073424,105.6512538,116.408703,99.6412782
4/29/2004,111.52315,106.0389954,117.051195,99.779103
4/28/2004,111.1014288,105.5878659,117.0153294,99.5602371
4/27/2004,111.804083,106.2053784,117.7308425,99.7378486
4/26/2004,112.7464338,107.1962131,119.074197,100.964892
4/23/2004,114.1187926,107.821575,120.6407718,101.441455
4/22/2004,113.2301824,107.4885039,119.4356735,100.7108908
4/21/2004,114.1103397,107.6013904,120.36472,101.1032568
4/20/2004,113.8264139,108.1684572,120.2753519,101.6493806
4/19/2004,115.54818,108.492867,121.9395856,101.7211588
4/16/2004,115.5460131,108.805715,122.1744114,101.9132184
4/15/2004,115.3956672,108.1239488,121.9492504,101.3703769
4/14/2004,116.1351595,108.9161225,123.15292,102.21335
4/13/2004,116.293775,109.568318,123.3434692,102.8816325
4/12/2004,117.32045,111.00015,124.1873175,104.22888
4/8/2004,118.1802555,111.4750778,125.2507816,104.8765891
4/7/2004,118.539992,112.170858,125.335413,105.091331
4/6/2004,118.5691584,112.0314146,125.3658568,105.510522
4/5/2004,120.6625194,113.811832,127.5566708,106.5893573
4/2/2004,120.1666456,113.7712896,127.4714105,106.3364918
4/1/2004,119.4821385,113.3838026,126.1858286,106.317342
3/31/2004,118.984176,113.2362,125.9009588,106.4189392
3/30/2004,120.4501998,114.3888108,126.4661188,107.4457634
3/29/2004,120.924455,114.88821,126.8988032,108.283248
3/26/2004,121.3199232,115.4867,127.007589,109.126745
3/25/2004,121.2920335,115.2487689,127.310214,108.763311
3/24/2004,120.2734768,114.540758,125.9300736,108.1315044
3/23/2004,120.6394436,114.3702064,126.426546,107.659809
3/22/2004,119.3255042,113.22306,125.2385135,106.894416
3/19/2004,119.1029576,113.2027,125.502091,106.7947375
3/18/2004,119.7991754,113.2889936,125.6057536,107.0284116
3/17/2004,119.4441608,113.5461824,124.964658,107.1875256
3/16/2004,118.587672,112.9102989,124.2283775,106.4941892
3/15/2004,119.27838,113.4243,125.1134166,106.9302155
3/12/2004,118.56208,112.5588861,124.3423314,106.007789
3/11/2004,118.5945078,112.5689495,124.627188,106.2404225
3/10/2004,118.33859,112.5540692,123.9448608,105.8763414
3/9/2004,116.506385,111.0470175,122.0211363,104.5531025
3/8/2004,116.2660092,110.53518,121.330744,104.1961985
3/5/2004,116.0153072,110.157573,121.069113,103.9011028
3/4/2004,118.1510407,112.3482425,122.636425,105.689965
3/3/2004,119.069164,113.264739,124.1734388,106.63542
3/2/2004,119.2515388,113.5305945,124.5113034,107.10378
3/1/2004,118.0676112,112.095438,122.8919056,106.0647966
2/27/2004,117.6828532,112.153808,122.8974272,105.7462203
2/26/2004,118.126166,112.73916,123.3903405,106.2676888
2/25/2004,117.4822836,111.9913035,122.649075,105.6702932
2/24/2004,117.47782,112.0017662,122.729997,105.7179714
2/23/2004,117.6829899,112.2396976,122.8927809,105.5373705
2/20/2004,117.7740828,112.24796,122.9978824,105.70005
2/19/2004,117.4980625,111.7402044,122.3540736,105.5443932
2/18/2004,117.4029875,111.6219383,121.7605386,105.3917934
2/17/2004,117.823343,112.2613944,122.4511812,105.6914196
2/13/2004,117.4133471,112.0288932,122.532685,105.6405515
2/12/2004,118.0262054,112.3211544,123.0647328,105.72275
2/11/2004,117.98416,112.335135,123.2619974,105.772968
2/10/2004,120.8474795,114.760548,126.195093,108.1589476
2/9/2004,121.632958,115.6552189,127.284705,109.0348721
2/6/2004,122.20898,115.9113487,127.6764768,109.577568
2/5/2004,122.8475502,116.5378353,128.5579768,110.1556119
2/4/2004,121.4319024,115.801185,127.130306,109.6253536
2/3/2004,121.2383067,115.317342,126.7927935,109.270836
2/2/2004,120.607422,114.7191864,126.2117715,108.676243
1/30/2004,119.6058314,114.2887865,125.7425424,108.1878882
1/29/2004,121.377555,115.9019732,127.56387,109.5739764
1/28/2004,121.8373158,116.4950051,127.334772,110.022539
1/27/2004,121.1091,115.7240952,126.3480096,109.6037754
1/26/2004,121.7451675,116.8611132,127.25456,110.2254912
1/23/2004,121.6757885,116.61408,127.1590923,110.0926773
1/22/2004,121.1498064,115.9202766,126.4622004,109.5635274
1/21/2004,120.8825236,115.9354476,126.208849,109.17452
1/20/2004,121.4304336,116.6504696,126.5890368,110.00496
1/16/2004,120.7850697,115.530948,125.764629,108.899158
1/15/2004,120.5858181,115.8588475,125.7205508,109.0893969
1/14/2004,119.0553868,113.902137,123.840956,107.2423275
1/13/2004,118.98762,113.9906768,123.833016,107.154612
1/12/2004,117.6648874,113.0835465,123.373789,106.4280369
1/9/2004,117.5757,112.5184284,123.4694251,105.6101492
1/8/2004,119.2369765,113.7697055,125.154145,106.98753
1/7/2004,119.9060444,114.590872,125.71625,107.6118265
1/6/2004,120.5844,114.9429036,126.3780345,108.13926
1/5/2004,122.52471,116.52804,128.3272125,109.8549
1/2/2004,123.7498416,118.0209393,129.6963744,110.9320641
12/31/2003,122.9462785,117.2182479,128.935961,110.1335466
12/30/2003,123.0090925,117.23405,128.9783375,110.3383125
12/29/2003,122.5895024,117.0408363,129.3185768,110.475264
12/26/2003,121.313335,116.1175596,128.040335,109.2383463
12/24/2003,121.0646798,115.6339096,127.911015,109.2122493
12/23/2003,122.0773038,116.765375,129.0206257,110.013966
12/22/2003,121.7307,116.0676528,127.7300492,109.1035924
12/19/2003,121.19192,115.6265302,127.7306,109.044096
12/18/2003,121.791648,115.98019,128.156582,109.0820918
12/17/2003,122.7697737,117.2786286,128.81336,109.867896
12/16/2003,122.6563104,117.0677228,129.0553,109.7488656
12/15/2003,122.9776928,117.088146,129.62712,110.2590748
12/12/2003,122.6696625,117.031162,129.6043984,110.090112
12/11/2003,122.8822172,117.0655005,129.143441,109.9989315
12/10/2003,124.058803,117.8004296,130.51626,111.038307
12/9/2003,125.8774643,119.7844011,132.2074608,113.0616
12/8/2003,125.2168875,118.7006715,131.4076767,111.870438
12/5/2003,125.11925,118.930805,131.5425336,111.75346
12/4/2003,125.398971,119.2317087,131.9214672,112.518
12/3/2003,126.0726425,119.9795805,132.4054827,113.2755568
12/2/2003,126.2532804,120.0615378,132.627395,113.2376868
12/1/2003,126.400376,120.112416,132.7011406,113.3110962
11/28/2003,124.16132,118.27545,130.6841832,111.7272075
11/26/2003,123.9045885,117.8798744,130.2823968,111.29862
11/25/2003,123.52722,117.5203875,129.9071741,110.7654075
11/24/2003,123.3296151,117.1537838,129.4413298,110.3893
11/21/2003,122.75403,116.854254,128.931825,109.6488
11/20/2003,122.401395,116.367405,128.5759225,109.12062
11/19/2003,121.5494055,115.5159112,127.578672,108.827915
11/18/2003,120.5271489,114.515265,126.71784,107.6052809
11/17/2003,119.6304976,113.54448,125.4920623,106.8103575
11/14/2003,118.8756,113.27338,124.56274,106.3481782
11/13/2003,119.0861651,113.4517968,124.858185,106.7300235
11/12/2003,120.7666152,114.9165354,126.515745,107.717174
11/10/2003,121.32453,115.9634304,127.3144,109.4001
11/7/2003,122.757116,116.9367067,128.657775,110.20247
11/6/2003,122.2934518,117.2049732,128.9059177,110.7171648
11/5/2003,122.14334,116.446283,128.76579,109.9127736
11/4/2003,122.7540123,116.7951316,129.2175911,110.482208
11/3/2003,123.5797894,117.4962375,130.9423136,111.03225
10/31/2003,122.6308635,117.09276,130.036515,110.7947505
10/30/2003,123.8569731,117.562125,131.198155,111.5904375
10/29/2003,122.58764,116.1634704,129.4437903,110.2845196
10/28/2003,124.0760002,117.7047144,130.9210037,111.182368
10/27/2003,125.174859,118.7762916,132.3988482,112.0896282
10/24/2003,124.3816,117.2337,131.055385,110.9936975
10/23/2003,125.290206,118.4979159,132.339025,111.9814875
10/22/2003,124.5988888,117.897425,131.70477,111.2487
10/21/2003,124.8886057,118.44564,132.5180821,112.2366825
10/20/2003,125.064136,118.870341,132.7582562,112.659863
10/17/2003,125.49031,118.6452684,133.0934675,112.4847108
10/16/2003,126.0224992,119.2025744,133.7755683,112.98336
10/15/2003,125.7437775,118.788714,133.0889613,112.4989912
10/14/2003,124.6980873,117.80416,131.891325,111.5361422
10/10/2003,124.8566378,117.861744,132.8398904,111.7322558
10/9/2003,126.5523574,118.9289976,133.9525125,112.404113
10/8/2003,126.8346639,119.3523464,134.367637,112.963368
10/7/2003,126.988008,119.5803126,133.8270775,113.7033352
10/6/2003,125.1186343,117.9171,132.563655,111.8243025
10/3/2003,125.8986435,118.667216,133.49727,112.8344166
10/2/2003,123.3643992,116.9765875,130.8290472,110.8656318
10/1/2003,122.367264,115.8554925,129.657353,109.9273599
9/30/2003,122.5602885,115.4907,129.207125,109.87243
9/29/2003,121.4544834,114.24105,128.3472575,108.55728
9/26/2003,120.8929568,114.0785184,128.3836411,107.8084947
9/25/2003,121.2722514,114.1007175,128.8061023,108.24091
9/24/2003,120.4885185,113.6436168,127.51497,107.8318251
9/23/2003,120.2959529,113.8423231,127.2022591,107.7426522
9/22/2003,120.1141675,113.7485046,126.69588,107.5464192
9/19/2003,118.5019425,112.3050716,125.295905,106.0833456
9/18/2003,118.5504,112.0107075,125.90149,106.0361975
9/17/2003,118.3819382,111.7197744,125.3354598,105.7252653
9/16/2003,120.0235386,113.3689968,126.9297666,107.028339
9/15/2003,118.8970884,112.3358223,125.726736,106.3847979
9/12/2003,119.2434775,112.43001,126.0029,106.7622192
9/11/2003,118.39524,112.01976,125.062065,106.05294
9/10/2003,116.83661,110.4922675,123.4516268,104.704303
9/9/2003,119.1779312,112.64568,126.4515336,106.960932
9/8/2003,119.4021632,112.693582,126.9472836,106.71972
9/5/2003,120.530025,113.4204975,127.92,107.6771448
9/4/2003,122.5185885,115.4742065,130.274992,109.8297375
9/3/2003,125.0815097,118.7339857,132.8912201,112.588611
9/2/2003,125.9205768,119.0450244,133.870086,113.1442732
8/29/2003,123.7580642,116.6673676,131.4786424,110.7892755
8/28/2003,123.8456324,117.2103675,131.55791,111.0916575
8/27/2003,123.5200416,117.4088286,131.7954956,111.4899552
8/26/2003,124.4580876,117.93055,132.2904975,111.8624175
8/25/2003,125.797335,118.9461,133.38,113.2977475
8/22/2003,124.0903,117.26078,131.7302892,111.7914048
8/21/2003,126.06066,119.089473,133.5939612,113.3000072
8/20/2003,125.1294345,118.331128,131.21136,112.6987944
8/19/2003,123.3972135,116.7449388,129.5541592,111.521848
8/18/2003,127.03067,119.7175732,133.4784,114.4213868
8/15/2003,129.44154,123.00032,136.66476,117.44105
8/14/2003,129.192265,123.15501,136.775097,117.2052075
8/13/2003,129.5383,123.356475,136.7815635,117.6308325
8/12/2003,124.60082,119.47152,131.07855,113.1797865
8/11/2003,126.13524,119.9141775,132.3882,114.26376
8/8/2003,123.6178706,117.8611782,129.93438,112.2711975
8/7/2003,120.979495,115.1296384,127.165725,109.6971825
8/6/2003,123.89973,117.1985052,130.4034375,111.74679
8/5/2003,128.71188,121.8468825,135.96381,116.109
8/4/2003,129.8733911,122.8056375,137.58251,117.31649
8/1/2003,134.3052855,125.596065,141.18525,120.0984232
7/31/2003,133.7486625,127.8691808,140.9806118,122.192175
7/30/2003,128.510015,122.6596608,134.927835,117.2263534
7/29/2003,126.8462975,121.209075,133.2253875,115.9235
7/28/2003,124.93155,118.69962,129.72962,113.48925
7/25/2003,123.8970154,118.14672,129.0651525,112.6886992
7/24/2003,123.2815512,117.54136,128.7104416,112.52952
7/23/2003,122.27225,116.8804,127.65968,111.4723575
7/22/2003,122.13663,116.45284,127.3694961,111.447945
7/21/2003,123.0455573,117.7607475,128.0980457,112.65976
7/18/2003,120.64943,114.8352,125.51032,109.52294
7/17/2003,122.2194762,116.995629,127.0426189,111.3011708
7/16/2003,124.9588086,119.6822235,129.5667639,113.6231208
7/15/2003,122.35269,118.00998,127.18905,112.27264
7/14/2003,120.3709553,115.1838,125.19386,109.8147589
7/11/2003,119.6244384,114.7024854,124.4059263,109.4496457
7/10/2003,121.08454,116.4209332,125.621496,111.0094
7/9/2003,122.49432,117.3891,126.86898,111.7966675
7/8/2003,123.661335,118.8928,128.0325987,113.14075
7/7/2003,124.2342335,119.5278,128.82331,113.5416942
7/3/2003,124.31727,119.28392,129.06327,113.1702
7/2/2003,122.3604875,117.56845,127.2226722,111.44758
7/1/2003,122.42842,117.5921,127.1691447,111.675746
6/30/2003,122.72334,117.777816,127.0160464,111.6716625
6/27/2003,122.4812081,117.939262,127.60062,112.16441
6/26/2003,122.12528,117.760275,126.76338,111.650295
6/25/2003,118.8800208,114.80637,123.5006,108.3942891
6/24/2003,119.988375,114.6388446,123.5218852,108.68106
6/23/2003,119.271,114.4325,123.2500458,108.06695
6/20/2003,119.4106432,114.774524,123.1894116,108.3416859
6/19/2003,118.9132104,114.11813,122.54211,107.839164
6/18/2003,117.8901254,113.5123044,121.45805,107.17535
6/17/2003,116.173989,111.9264588,119.9183705,105.812805
6/16/2003,115.083136,110.2931921,118.5664014,104.31057
6/13/2003,114.46515,110.047845,118.14612,103.716839
6/12/2003,114.3208275,109.61535,118.581045,103.187203
6/11/2003,113.14485,108.1096902,117.224481,101.7956394
6/10/2003,112.768705,108.3369695,116.98987,102.1376846
6/9/2003,112.0531875,107.64545,116.79416,101.784213
6/6/2003,112.9101625,108.2909745,117.7181688,102.2593798
6/5/2003,114.061685,109.301082,118.2512748,103.1896975
6/4/2003,113.35954,109.01123,117.8777325,103.063317
6/3/2003,112.97592,108.030475,116.93086,102.3119925
6/2/2003,113.1658024,108.8076704,117.465348,103.1162553
5/30/2003,112.6162497,107.935485,116.60456,102.313825
5/29/2003,113.1118854,108.3688788,117.2808,102.548736
5/28/2003,113.7746375,109.5886225,118.0206675,103.43572
5/27/2003,113.929365,109.44518,118.2091725,103.2739947
5/23/2003,112.8542886,108.0957582,117.4258905,102.056295
5/22/2003,113.17424,107.8508662,117.7031742,102.3873318
5/21/2003,114.675336,109.7206,119.07838,103.803075
5/20/2003,113.6285078,108.6092794,117.944928,102.4896688
5/19/2003,111.1654925,107.1867625,115.605715,101.74899
5/16/2003,111.5406075,106.7770515,116.1438125,101.0389527
5/15/2003,110.01152,104.7276675,114.087612,99.1821845
5/14/2003,108.929301,103.640145,112.934025,98.091825
5/13/2003,109.03112,103.7837,112.9737,98.32566
5/12/2003,108.842044,104.135935,113.1075,98.2390656
5/9/2003,109.9974448,104.8546671,114.6385625,98.94816
5/8/2003,111.0153375,106.59076,115.5294859,100.64223
5/7/2003,111.7179195,107.055025,116.52564,101.1114638
5/6/2003,112.22244,107.4928781,116.8936613,101.2401375
5/5/2003,113.1927014,108.369763,118.1918676,102.2282688
5/2/2003,113.2156609,108.2303781,117.993,102.1065135
5/1/2003,113.1249384,108.2343984,117.984626,102.031028
4/30/2003,113.1264288,108.0869509,117.8085272,102.021148
4/29/2003,113.8004875,109.26468,118.7759916,103.016375
4/28/2003,113.7218049,108.9294822,118.8765,102.7802325
4/25/2003,113.16084,108.144333,118.207125,102.09076
4/24/2003,112.2274263,107.3693327,117.1454188,101.3297211
4/23/2003,114.5121448,109.5880625,119.9453775,103.53105
4/22/2003,115.1249196,110.1441315,120.3669998,104.011027
4/21/2003,114.112619,109.6105605,119.539629,103.5254006
4/17/2003,113.489218,108.3472125,118.66641,102.58444
4/16/2003,113.33972,108.366687,118.57077,102.088038
4/15/2003,115.48664,110.053125,120.8524033,103.501965
4/14/2003,116.2728378,111.0463984,121.690305,104.1439946
4/11/2003,117.013248,111.5519898,122.9546263,104.6296944
4/10/2003,117.1907316,111.5975625,122.89656,104.504122
4/9/2003,117.3509575,111.4822008,123.0770436,104.4061286
4/8/2003,117.160472,111.4387118,123.159215,104.38993
4/7/2003,117.9431342,112.6635312,123.8948546,105.7621017
4/4/2003,118.49657,112.7631174,124.4750254,105.902665
4/3/2003,118.4510768,112.9380292,124.3357,105.7495698
4/2/2003,118.6042825,113.1495939,124.3890214,105.862544
4/1/2003,117.3396,112.10019,124.61345,106.0172
3/31/2003,119.4362284,113.157355,125.4342759,106.447386
3/28/2003,119.6335283,113.3702528,125.5715818,106.507227
3/27/2003,119.922026,113.7200217,126.2046864,107.011736
3/26/2003,120.58072,114.3850628,126.8226624,107.1780702
3/25/2003,121.1041316,114.770166,127.5438024,108.1648275
3/24/2003,122.8453275,116.117911,129.5372368,109.4640075
3/21/2003,122.5350239,116.298304,128.8689612,110.02358
3/20/2003,124.748332,118.32739,130.99351,111.437703
3/19/2003,122.9959315,117.241873,129.602268,110.0669002
3/18/2003,121.6614576,115.788555,128.0868225,108.9115416
3/17/2003,121.3916,115.389348,127.438479,108.8417292
3/14/2003,121.127292,114.8451912,126.70467,108.11218
3/13/2003,121.990405,116.14388,127.6331304,109.4462768
3/12/2003,121.45227,116.128152,127.4480196,109.211872
3/11/2003,121.665814,116.4032883,127.1471355,109.37092
3/10/2003,121.7247375,116.40046,127.28702,110.0951775
3/7/2003,121.07331,115.9931347,127.0836,109.3672016
3/6/2003,120.94782,115.59044,127.306785,109.0724424
3/5/2003,119.484,114.5138022,125.4328636,108.027105
3/4/2003,119.88675,114.778125,125.56836,108.0520025
3/3/2003,119.701775,114.5843484,125.2797425,107.7769587
2/28/2003,118.551858,113.581677,124.249356,106.416663
2/27/2003,118.99973,114.1267792,124.235325,106.4778
2/26/2003,119.486712,113.4354007,124.57368,106.807877
2/25/2003,118.319124,112.3226026,123.5457899,105.616225
2/24/2003,117.7637184,111.7428228,123.435675,104.82688
2/21/2003,118.9762254,112.37039,124.681905,105.4121024
2/20/2003,117.387125,111.202515,123.66576,104.570582
2/19/2003,118.3476799,111.44341,124.4160736,104.71648
2/18/2003,118.9174599,111.88125,125.3645137,105.42525
2/14/2003,121.70505,112.86144,127.27008,106.57328
2/13/2003,120.70944,112.0365,126.06504,105.22512
2/12/2003,119.6847,111.45041,125.89185,105.22575
2/11/2003,119.78,111.73882,125.7501,105.26775
2/10/2003,119.2086,110.4406,125.83216,104.97594
2/7/2003,118.92804,110.27205,124.85312,104.83725
2/6/2003,118.64741,110.5781,124.63736,105.27088
2/5/2003,119.5047,111.28131,125.62704,105.85925
2/4/2003,119.09524,111.10852,124.9579,105.81414
2/3/2003,119.1708,110.98458,125.23896,105.58275
1/31/2003,120.1722,112.26407,126.50508,106.4448
1/30/2003,120.11597,113.30688,128.09844,106.76864
1/29/2003,121.64361,114.83712,129.65604,108.04816
1/28/2003,121.82535,114.69604,129.50056,108.09213
1/27/2003,121.57188,114.42584,129.19116,107.33536
1/24/2003,119.68683,113.01694,126.96824,106.09984
1/23/2003,120.55161,113.75034,128.06542,106.8672
1/22/2003,120.15117,113.24854,127.59418,106.37088
1/21/2003,120.29532,113.69664,128.09136,106.5925
1/17/2003,121.3883,114.63744,129.88074,107.359
1/16/2003,121.02145,114.0684,129.2499,107.41194
1/15/2003,120.07449,113.67594,129.40668,107.6538
1/14/2003,120.8168,114.513,129.00511,108.58575
1/13/2003,122.19376,115.5181,130.75727,109.319
1/10/2003,123.15116,116.33428,131.90814,109.711
1/9/2003,122.63911,115.96374,131.24826,109.44675
1/8/2003,120.77852,114.73548,129.46391,108.50702
1/7/2003,121.15198,115.66862,128.78284,109.29022
1/6/2003,122.7255822,115.8785652,130.0656,109.6269774
1/3/2003,121.50646,116.07796,129.8286,108.37376
1/2/2003,122.1332,116.20406,130.29786,108.42128
12/31/2002,121.61727,115.36826,128.7181,108.05519
12/30/2002,120.50037,114.32152,127.04592,107.12666
12/27/2002,119.96845,113.54095,125.26229,106.9902
12/26/2002,121.60368,114.87756,127.14912,108.05693
12/24/2002,120.86292,113.96336,127.08414,107.60278
12/23/2002,121.34442,114.69474,127.54866,108.35216
12/20/2002,121.08334,114.53954,127.17894,108.1083
12/19/2002,121.1133,115.2333,127.71556,108.90897
12/18/2002,121.67526,115.95633,127.51158,109.41786
12/17/2002,121.54186,115.60275,127.743,108.9305
12/16/2002,120.64374,113.35566,126.5172,106.52616
12/13/2002,119.7768,112.66652,126.0216,105.94168
12/12/2002,120.39692,113.37408,126.9141,106.86896
12/11/2002,120.99132,114.67365,127.93928,108.8712
12/10/2002,122.74565,116.3652,129.86543,110.47516
12/9/2002,122.90475,117.05346,129.55768,111.3112
12/6/2002,124.02705,117.4824,130.85002,112.2212
12/5/2002,122.93444,116.78464,130.65962,111.65518
12/4/2002,122.59311,116.91798,129.98466,111.6
12/3/2002,122.9445,117.06608,130.00352,112.392
12/2/2002,121.3888,116.61253,128.6275,110.69998
11/29/2002,122.61184,115.9988,129.628,109.11018
11/27/2002,122.60768,116.2002,129.7522,109.46166
11/26/2002,119.13408,113.1469,125.7157,106.63068
11/25/2002,120.94803,114.76647,127.16928,110.41614
11/22/2002,121.17456,115.0108,127.9927,110.8317
11/21/2002,121.401,115.4304,129.12588,111.2796
11/20/2002,120.55485,115.11572,127.96455,110.65978
11/19/2002,119.20445,113.53611,126.2326,109.62265
11/18/2002,117.53536,112.28112,124.19128,108.7135
11/15/2002,117.69168,112.93724,125.61337,106.73754
11/14/2002,116.54839,112.1813,123.84212,106.37168
11/13/2002,114.12194,109.6389,120.7385,104.99825
11/12/2002,113.37935,108.92344,120.5798,104.39478
11/8/2002,116.49609,110.5118,123.45774,106.17564
11/7/2002,117.26568,111.55008,124.53112,107.29128
11/6/2002,119.2075,113.0508,125.1678,107.74596
11/5/2002,123.5169,116.87772,129.43767,110.98068
11/4/2002,123.24416,117.93677,129.75963,111.56464
11/1/2002,123.89709,118.93752,130.08294,113.6754
10/31/2002,126.00756,120.02958,131.8128,115.50968
10/30/2002,129.0718,121.34034,133.0392,116.61105
10/29/2002,128.40321,120.85071,132.53795,115.05888
10/28/2002,128.15935,121.056,131.91295,116.60028
10/25/2002,126.79038,120.04332,131.4164,116.15742
10/24/2002,127.41234,120.28194,132.46272,116.41911
10/23/2002,129.16736,121.72317,134.48127,117.55198
10/22/2002,129.68464,122.88154,135.00102,118.50165
10/21/2002,127.2579,121.20593,132.56352,114.99855
10/18/2002,126.48556,121.65735,132.70049,115.8756
10/17/2002,126.05984,120.41055,132.298,114.573
10/16/2002,124.79196,119.65338,130.7728,114.36336
10/15/2002,124.7731,119.28312,131.05863,113.84264
10/11/2002,125.60698,119.5236,132.01162,115.14244
10/10/2002,125.18592,118.85994,131.76496,114.62077
10/9/2002,128.03,122.08752,133.7544,118.49313
10/8/2002,129.04176,123.1692,134.91612,119.63784
10/7/2002,130.44142,125.2152,136.70448,121.08886
10/4/2002,132.72593,127.23042,139.11002,122.96752
10/3/2002,132.62953,127.16604,138.86264,122.92176
10/2/2002,134.02432,127.95104,139.2939,123.7131
10/1/2002,135.10525,129.08925,140.508735,124.80861
9/30/2002,136.32,130.18192,141.16557,125.9255
9/27/2002,136.46694,129.18116,141.70928,124.60074
9/26/2002,136.42057,130.38199,142.5189,124.68834
9/25/2002,135.82283,130.08689,141.63815,124.51532
9/24/2002,134.8225,130.08534,140.26608,125.4852
9/23/2002,134.6425,130.3724,140.1647,126.5817
9/20/2002,132.26752,127.56352,138.34926,123.3981
9/19/2002,130.2672,125.33232,135.82898,122.4048
9/18/2002,127.83079,123.08112,133.7344,119.66232
9/17/2002,126.017,121.78312,131.46588,118.19626
9/16/2002,125.31081,121.34032,130.3984,116.94633
9/13/2002,125.718666,121.629924,130.834805,117.446848
9/12/2002,125.92384,121.7216,131.02556,117.50262
9/11/2002,125.1538,121.21272,131.14169,117.97722
9/10/2002,125.91033,121.0279,132.23331,117.87555
9/9/2002,126.22065,121.01236,131.61969,117.63929
9/6/2002,127.3272,120.87478,137.61234,117.4848
9/5/2002,126.29568,120.35756,131.15732,116.57295
9/4/2002,125.87681,120.28752,131.04018,116.571
9/3/2002,127.07296,120.7881,131.78133,117.68232
8/30/2002,126.294,120.60402,131.58652,117.10401
8/29/2002,127.12294,121.13868,132.6084,117.73813
8/28/2002,126.3777,120.8328,132.14362,117.32742
8/27/2002,127.35909,122.0274,133.0868,118.26328
8/26/2002,126.1577,119.96118,132.46715,117.2034
8/23/2002,127.01985,119.43913,132.28575,116.69348
8/22/2002,128.05347,120.81048,133.56882,117.8661
8/21/2002,128.72601,122.0686,133.90974,118.7328
8/20/2002,127.02095,120.306,133.5258,116.9868
8/19/2002,128.0374,121.3044,134.48358,117.55014
8/16/2002,129.4486,123.65263,136.22076,120.02067
8/15/2002,129.25062,124.05303,135.55146,121.12939
8/14/2002,124.66356,120.93768,131.5152,118.51126
8/13/2002,123.55738,118.82055,128.63388,115.87455
8/12/2002,123.90976,119.5857,128.6775,116.3724
8/9/2002,123.03648,118.58999,127.4746,115.16306
8/8/2002,126.02174,121.149,130.02423,116.89953
8/7/2002,128.9496,123.78364,133.224,119.84472
8/6/2002,126.47826,121.41738,130.61881,117.19309
8/5/2002,126.13445,121.29216,129.9188,117.53014
8/2/2002,123.84014,119.5236,127.89112,115.634
8/1/2002,123.7599,119.69472,127.63884,114.8875
7/31/2002,124.13364,119.68575,128.17406,114.6921
7/30/2002,125.268,120.5238,127.8333,114.99404
7/29/2002,125.90861,120.87144,128.72728,115.70413
7/26/2002,125.134,120.5402,128.04921,116.41821
7/25/2002,123.706,119.13396,126.83085,115.13496
7/24/2002,122.63,118.74268,126.44404,114.9346
7/23/2002,121.87158,117.75577,125.19448,113.67294
7/22/2002,120.49899,115.53728,124.1352,111.3687
7/19/2002,122.25229,117.05528,124.32627,111.36484
7/18/2002,122.71364,117.42927,124.8669,111.68181
7/17/2002,123.83672,118.32597,125.5707,113.0212
7/16/2002,124.17776,119.278,126.06885,114.04679
7/15/2002,125.1,120.35948,126.71879,117.75498
7/12/2002,122.33306,118.31646,124.50222,115.71992
7/11/2002,123.46955,118.78053,125.69469,116.2296
7/10/2002,123.19789,118.5036,125.32815,115.53498
7/9/2002,122.25984,117.96675,125.28551,114.82529
7/8/2002,120.23539,117.06348,123.5322,113.8167
7/5/2002,120.8768,117.02001,124.95807,113.69813
7/3/2002,120.4562,117.47805,124.25626,113.75564
7/2/2002,119.928,117.02555,123.69066,113.42884
7/1/2002,118.15395,114.4745,121.51804,111.29715
6/28/2002,118.5657,114.91216,122.09075,111.9216
6/27/2002,120.593,115.70178,124.0773,112.7542
6/26/2002,121.41675,116.6625,125.28054,114.55136
6/25/2002,120.69918,115.57746,124.82904,112.8953
6/24/2002,120.8951,115.77832,125.01578,113.08914
6/21/2002,119.46286,114.62444,123.3834,112.24032
6/20/2002,119.80899,114.85884,123.81399,112.3513
6/19/2002,118.9818,113.9556,122.7958,111.27141
6/18/2002,118.94945,113.63159,121.79115,110.47466
6/17/2002,118.7515,113.52087,121.61175,110.46304
6/14/2002,118.53369,112.12822,120.7458,109.14168
6/13/2002,117.53924,111.47409,119.92317,108.32616
6/12/2002,116.15668,109.9999,118.64868,107.75328
6/11/2002,115.40931,109.16988,117.95004,107.14533
6/10/2002,115.6155,109.27872,118.17216,107.28281
6/7/2002,116.242,110.68026,118.74256,108.02071
6/6/2002,116.38352,111.01582,119.44768,107.97531
6/5/2002,116.8036,111.26482,120.00228,108.28695
6/4/2002,117.9396,112.554,121.00041,109.67076
6/3/2002,116.42624,110.84982,119.64132,108.4416
5/31/2002,116.1094,110.61742,119.36872,108.4064
5/30/2002,116.61313,111.18359,119.77119,108.88591
5/29/2002,114.39925,109.54872,117.73215,107.13822
5/28/2002,114.24401,109.28196,117.09516,106.71648
5/24/2002,115.40376,111.03128,118.23996,107.72555
5/23/2002,116.58675,112.22475,119.31296,108.80828
5/22/2002,116.13008,111.75784,119.57196,108.53976
5/21/2002,115.32546,111.51195,118.90264,108.85299
5/20/2002,115.56746,111.58068,118.58756,108.73402
5/17/2002,114.5749,109.8544,117.78916,107.7343
5/16/2002,115.19356,109.94046,118.34866,107.77416
5/15/2002,118.4365,112.90088,121.74176,110.59404
5/14/2002,121.33548,115.69593,124.76453,113.16024
5/13/2002,121.9122,116.29566,125.29566,113.80288
5/10/2002,120.1878,114.64115,123.45291,112.23176
5/9/2002,120.492,114.79156,123.98589,112.4876
5/8/2002,119.71746,114.59448,123.36203,112.26462
5/7/2002,117.60121,112.62498,121.13404,110.5114
5/6/2002,116.22705,111.12013,119.89188,109.05678
5/3/2002,115.73499,110.72935,119.32272,108.73764
5/2/2002,115.90128,110.89796,120.11322,108.78931
5/1/2002,115.9217,111.30336,120.96378,108.83925
4/30/2002,115.143,110.03355,119.86584,107.21847
4/29/2002,116.26125,111.2793,120.26295,108.21858
4/26/2002,114.14713,109.91444,118.23264,106.83012
4/25/2002,113.88464,109.68759,118.68099,106.60928
4/24/2002,112.1677,108.61614,117.09795,105.47316
4/23/2002,112.36344,108.5952,117.50276,105.20356
4/22/2002,112.1238,108.896,117.96279,105.42686
4/19/2002,112.94878,109.7584,118.84168,106.30312
4/18/2002,112.99786,109.07372,119.54157,106.23555
4/17/2002,112.27095,109.0358,118.85238,106.15905
4/16/2002,110.80168,106.75236,116.116,103.80042
4/15/2002,111.8093,107.78128,117.09966,105.03144
4/12/2002,112.83355,108.78621,118.09944,106.06596
4/11/2002,113.89392,109.9184,119.13166,107.04455
4/10/2002,114.6327,110.65691,119.8584,107.76948
4/9/2002,114.24231,109.5248,118.8739,106.6741
4/8/2002,114.75607,110.0128,119.40374,107.1515
4/5/2002,113.86544,109.1952,118.44072,106.38425
4/4/2002,114.77297,110.67462,119.54336,107.18715
4/3/2002,114.20462,109.97235,118.93869,106.36713
4/2/2002,115.19493,110.81823,120.18477,107.1459
4/1/2002,116.50087,112.8096,120.96832,109.08128
3/28/2002,115.5526,111.87717,119.99575,108.22608
3/27/2002,114.17148,110.49546,119.13792,107.5844
3/26/2002,113.8262,109.53666,119.45199,106.64253
3/25/2002,113.32728,109.00968,119.11375,106.79976
3/22/2002,113.95395,109.78225,119.62368,106.99128
3/21/2002,114.87864,109.98635,120.47505,107.07488
3/20/2002,114.32112,109.41295,119.9065,107.90632
3/19/2002,113.24856,109.10328,119.42832,106.21944
3/18/2002,112.67292,108.54324,118.84576,104.33874
3/15/2002,112.12523,107.84664,118.41158,104.1201
3/14/2002,114.49836,110.0099,120.10352,106.2122
3/13/2002,113.86356,109.68204,117.7611,105.867
3/12/2002,111.97872,108.4314,116.0641,104.50132
3/11/2002,111.6224,107.97975,115.12368,104.076
3/8/2002,112.80708,109.2347,117.11961,105.54564
3/7/2002,114.74403,111.344,118.63984,107.92628
3/6/2002,113.7742,109.45907,117.927,106.9458
3/5/2002,113.55597,111.3024,118.32366,108.7792
3/4/2002,114.5779,111.74788,119.3056,109.46551
3/1/2002,114.99834,112.812,119.68575,109.88946
2/28/2002,112.26143,110.03463,117.57305,107.25337
2/27/2002,112.00124,109.87042,116.62773,106.936
2/26/2002,115.70304,113.30424,120.5608,110.13084
2/25/2002,116.13501,113.89797,120.27092,110.8899
2/22/2002,117.5814,113.42772,121.6494,111.18514
2/21/2002,116.33679,112.67906,119.91234,110.33428
2/20/2002,115.36525,110.93448,119.6284,108.54137
2/19/2002,117.09612,112.6272,121.35365,110.15866
2/15/2002,116.29431,111.86448,121.2036,109.48384
2/14/2002,117.3568,112.87363,121.7091,109.67803
2/13/2002,120.73371,116.1049,124.45976,113.46885
2/12/2002,122.86456,116.94177,127.06176,115.06801
2/11/2002,121.19579,116.59708,126.77977,114.65664
2/8/2002,121.93272,117.33033,127.5259,115.39658
2/7/2002,121.75508,117.07008,127.49001,114.37997
2/6/2002,122.0128,117.27497,127.73736,114.51216
2/5/2002,121.63827,117.00978,127.32135,114.39441
2/4/2002,120.90261,116.914,125.40561,114.325
2/1/2002,118.99834,114.75,123.75288,112.068
1/31/2002,120.7152,116.53,124.86096,113.84056
1/30/2002,118.21744,116.69856,124.24356,114.62304
1/29/2002,122.98698,120.7997,127.68687,116.61858
1/28/2002,122.14966,117.71785,126.4089,114.302
1/25/2002,122.18224,117.90642,126.426,113.69008
1/24/2002,127.86113,123.95871,132.44895,120.14992
1/23/2002,131.0634,127.18805,135.464,123.3108
1/22/2002,132.59568,128.37504,136.81873,124.6419
1/18/2002,132.51327,127.6453,136.1451,124.6086
1/17/2002,134.08154,129.1584,137.74502,126.13032
1/16/2002,133.29972,128.52112,136.76304,125.78892
1/15/2002,131.66966,127.56721,134.98092,124.6729
1/14/2002,130.71116,127.21746,134.7005,124.1683
1/11/2002,130.10668,126.41076,133.46946,122.72529
1/10/2002,128.18688,124.31224,131.89017,120.58788
1/9/2002,129.37385,124.69002,133.23,121.60785
1/8/2002,128.90399,125.34518,133.46199,121.738375
1/7/2002,129.48288,124.97436,133.3032,120.5864
1/4/2002,129.9011,125.252,135.37953,120.93696
1/3/2002,130.63104,125.92962,135.57432,121.61072
1/2/2002,132.25152,128.09896,136.57347,123.70707
12/31/2001,127.26096,124.85746,132.65937,120.505
12/28/2001,128.98304,126.28252,134.65534,121.877
12/27/2001,127.8893,125.06195,133.6698,120.7038
12/26/2001,129.65832,126.0234,135.05138,121.28165
12/24/2001,129.00008,125.3916,134.23186,120.81974
12/21/2001,127.67425,124.2594,132.84301,119.84748
12/20/2001,125.87922,122.46106,131.12204,118.1898
12/19/2001,125.75274,121.92466,130.88488,117.58302
12/18/2001,124.317,121.49202,129.6674,117.05531
12/17/2001,126.00442,122.3334,130.8065,118.41885
12/14/2001,125.20155,121.22732,129.5602,116.69625
12/13/2001,121.22528,117.49049,124.64896,113.00634
12/12/2001,117.78025,114.57936,121.11306,110.18518
12/11/2001,119.712,116.37061,123.11026,112.0224
12/10/2001,123.03538,119.50677,127.486875,113.97024
12/7/2001,123.89993,120.47934,127.9973,116.60107
12/6/2001,122.544,120.02487,126.43756,116.85336
12/5/2001,122.60232,119.59937,125.57916,117.18
12/4/2001,120.56324,117.3862,123.88256,115.12862
12/3/2001,122.16768,119.5544,126.12678,116.99762
11/30/2001,124.1799,121.53636,128.4038,118.5624
11/29/2001,126.86012,124.1384,131.14899,120.72606
11/28/2001,130.90021,125.69634,135.56367,122.3222
11/27/2001,128.08992,124.10068,132.17375,120.91524
11/26/2001,126.26253,123.27708,131.07913,121.00936
11/23/2001,127.13489,123.47238,131.93173,119.64539
11/21/2001,126.69099,123.63234,131.23138,119.50398
11/20/2001,126.83748,123.71184,131.0984,119.9471
11/19/2001,125.51328,122.92556,129.72839,119.23158
11/16/2001,123.46049,119.3484,127.234,116.349475
11/15/2001,117.78952,115.13591,121.89474,111.05389
11/14/2001,115.22112,112.86665,119.43505,108.98976
11/13/2001,117.86,114.46439,120.50522,110.80706
11/9/2001,118.0648,114.25214,119.99781,111.82695
11/8/2001,118.2069,115.13124,120.23202,113.58006
11/7/2001,117.10212,114.02625,120.10322,112.59696
11/6/2001,116.43888,114.09792,120.903,112.12665
11/5/2001,116.2359,113.95824,120.7605,111.94376
11/2/2001,117.86346,115.4786,122.4321,113.71936
11/1/2001,119.48739,117.48118,123.167,116.47935
10/31/2001,118.7154,116.68215,122.21514,114.86612
10/30/2001,116.31136,113.62836,119.90316,111.19328
10/29/2001,115.57676,113.46347,119.21692,110.65008
10/26/2001,114.17275,112.51582,118.70038,109.94412
10/25/2001,114.2523,112.75568,118.6531,109.98712
10/24/2001,114.17004,112.57554,118.14794,109.6279
10/23/2001,114.00285,113.07648,117.91104,108.80718
10/22/2001,115.80075,114.6834,119.7854,111.16876
10/19/2001,116.26325,114.85893,120.65659,111.26799
10/18/2001,114.46272,112.98906,118.82892,110.06586
10/17/2001,112.62706,110.404405,115.88736,107.9148
10/16/2001,113.3132,111.03435,116.5152,108.5532
10/15/2001,113.2416,110.81745,116.5821,107.81994
10/12/2001,113.14214,110.697125,116.5694,107.721975
10/11/2001,113.43584,110.80795,116.81192,107.75304
10/10/2001,112.8924,109.96648,115.50168,107.15595
10/9/2001,114.51258,111.14558,117.01997,108.38306
10/5/2001,113.58075,110.35728,116.06632,108.01635
10/4/2001,112.6391,109.384,115.16616,107.20684
10/3/2001,112.22285,109.19392,114.5376,106.977
10/2/2001,112.98152,109.30506,115.25767,107.6376
10/1/2001,112.37115,109.37118,114.62976,107.35428
9/28/2001,111.49238,108.59392,114.28294,107.19118
9/27/2001,111.8502,109.0296,114.456,107.7153
9/26/2001,110.8695,108.24498,113.6677,106.3648
9/25/2001,112.04382,108.45484,114.421425,107.084185
9/24/2001,110.5084,107.9202,112.461216,106.625194
9/21/2001,111.385065,108.93096,113.246406,107.896322
9/20/2001,112.481688,109.63692,114.70914,108.128018
9/19/2001,112.291047,109.092465,114.694476,107.218933
9/18/2001,115.9884,109.06083,118.715415,107.051895
9/17/2001,117.6791,112.714665,121.7706,111.300695
9/14/2001,118.693325,114.00152,122.564,112.27008
9/13/2001,119.925075,115.27421,124.074,113.87552
9/12/2001,112.34484,109.690725,114.099465,107.6855
9/11/2001,111.42786,108.615375,113.64641,106.574
9/10/2001,111.40524,108.5467,113.66085,106.574
9/7/2001,110.6035,107.626005,112.938375,105.60465
9/6/2001,109.07743,106.01085,111.46716,103.8272
9/5/2001,109.23192,105.95692,111.75678,103.498145
9/4/2001,106.91652,103.743675,109.588875,101.34235
8/31/2001,109.33696,106.05902,111.75528,103.5936
8/30/2001,110.15375,107.096915,112.549965,104.97689
8/29/2001,109.865955,107.1221,112.2705,105.501
8/28/2001,109.1769,106.527385,111.63626,104.647605
8/27/2001,109.088585,106.328625,111.66575,104.244525
8/24/2001,109.535985,106.911015,112.10144,104.71144
8/23/2001,110.25716,107.66428,112.849485,105.53067
8/22/2001,110.95032,108.15398,113.55456,106.14569
8/21/2001,112.557735,109.494,115.11962,107.47242
8/20/2001,111.968225,110.603835,116.203225,108.55684
8/17/2001,110.826595,109.36479,114.987775,107.499105
8/16/2001,111.28056,108.50922,113.99367,106.808025
8/15/2001,110.495355,107.59281,113.22784,105.72705
8/14/2001,110.28009,107.47182,112.94624,105.63006
8/13/2001,110.522475,108.18836,112.49875,105.947875
8/10/2001,109.50691,107.15328,111.733425,104.78023
8/9/2001,112.1751,109.000545,115.0336,106.80825
8/8/2001,108.56469,106.14186,110.80287,104.12376
8/7/2001,110.608615,108.19947,112.86513,106.0098
8/6/2001,111.62088,109.29313,113.73193,107.75271
8/3/2001,111.9972,109.43168,114.05544,107.77974
8/2/2001,112.38867,110.068595,114.285285,108.428985
8/1/2001,113.22416,110.71933,114.88185,109.20674
7/31/2001,112.100975,109.928295,113.780725,108.437875
7/30/2001,111.46612,109.09047,113.23304,107.36902
7/27/2001,111.383555,108.882825,113.196605,107.24461
7/26/2001,110.993895,108.461785,112.883015,106.773975
7/25/2001,111.37564,108.62748,113.3824,107.0134
7/24/2001,111.98277,109.63304,113.9336,107.848085
7/23/2001,110.06016,107.63379,112.1559,105.832035
7/20/2001,111.8617,109.54845,113.87775,107.732415
7/19/2001,109.58697,107.1714,111.55732,105.24809
7/18/2001,111.78186,109.71015,113.31402,107.66019
7/17/2001,111.60525,109.45613,113.34972,107.328275
7/16/2001,110.8465,108.836465,112.2034,107.12835
7/13/2001,110.24805,108.21381,111.673925,106.02099
7/12/2001,110.55638,108.54397,112.270225,106.17222
7/11/2001,110.293195,108.20283,111.98858,106.20648
7/10/2001,109.0656,107.3124,110.779235,105.13536
7/9/2001,110.0576,108.3498,111.45604,106.04584
7/6/2001,109.11006,106.803765,110.959875,104.522925
7/5/2001,109.98538,107.617315,111.821125,105.23604
7/3/2001,109.60776,107.2965,111.39375,104.99983
7/2/2001,109.265145,107.08236,111.09102,104.603655
6/29/2001,108.02064,105.645495,109.960155,103.2675
6/28/2001,107.02409,104.83744,109.26121,102.56265
6/27/2001,109.99892,107.60274,112.03416,105.419195
6/26/2001,109.80036,107.094515,111.804575,104.89368
6/25/2001,109.4454,107.35203,111.10229,105.31029
6/22/2001,108.342,106.60102,109.968775,104.59183
6/21/2001,107.87623,106.03395,109.63596,103.873595
6/20/2001,109.844225,107.548365,111.56499,105.02283
6/19/2001,110.567745,108.362165,112.186035,105.806085
6/18/2001,113.584305,111.29712,115.13524,108.711605
6/15/2001,113.8263,111.78375,115.47495,109.429425
6/14/2001,110.06532,108.01983,111.73266,105.61474
6/13/2001,107.828715,105.719785,109.569275,103.319755
6/12/2001,106.32012,104.13326,108.1334,101.94431
6/11/2001,106.50148,103.850975,108.686625,101.14776
6/8/2001,107.4163,104.5906,109.683975,101.82984
6/7/2001,107.16918,104.59797,109.29051,101.8684
6/6/2001,107.712425,105.24228,109.40049,102.65605
6/5/2001,105.873245,103.7967,107.26541,100.99668
6/4/2001,104.37093,102.5355,106.18234,99.64142
6/1/2001,105.0203,102.16206,107.121795,99.47133
5/31/2001,104.58056,101.95814,106.6527,99.15754
5/30/2001,108.404925,105.64845,110.13794,102.52944
5/29/2001,109.28424,106.99558,111.02077,103.94616
5/25/2001,110.37722,107.834275,112.67292,104.882825
5/24/2001,110.86752,107.83899,113.461835,104.93052
5/23/2001,109.4848,107.10867,111.70804,104.451165
5/22/2001,108.7504,106.316085,111.07724,103.772435
5/21/2001,108.5616,105.81494,111.28194,103.28084
5/18/2001,108.4608,105.65016,111.270285,103.07373
5/17/2001,105.99974,102.86945,108.73233,99.9894
5/16/2001,105.063,101.86491,107.695475,98.865455
5/15/2001,105.28787,101.9844,107.75528,98.888625
5/14/2001,105.31193,101.74896,107.80245,98.88738
5/11/2001,102.779745,99.081515,105.36184,95.65493
5/10/2001,103.777775,100.2008,106.7056,97.6164
5/9/2001,98.47476,97.08349,101.6106,94.71461
5/8/2001,99.89298,96.883635,102.6714,94.36791
5/7/2001,99.404415,96.19453,102.25956,93.615795
5/4/2001,100.01628,96.56218,102.84378,94.06218
5/3/2001,100.264,96.823755,103.18667,94.330965
5/2/2001,101.7589,98.16261,104.7368,95.400185
5/1/2001,103.136655,99.39888,105.62757,96.60778
4/30/2001,102.8205,98.76952,106.03538,95.86712
4/27/2001,104.86926,100.8475,107.64093,98.2492
4/26/2001,103.74672,100.18082,106.346135,97.74402
4/25/2001,105.35046,101.88129,108.12528,99.4781
4/24/2001,106.80075,103.159485,109.69009,100.82632
4/23/2001,106.897155,103.337815,109.8567,101.144325
4/20/2001,107.559685,103.79082,110.690865,101.557545
4/19/2001,107.3057,103.569,110.687535,101.20275
4/18/2001,106.92972,103.42178,110.171985,101.35576
4/17/2001,107.91669,104.05989,111.414045,101.70856
4/16/2001,109.37857,105.45525,113.08023,102.8748
4/12/2001,109.6886,105.779915,113.10394,103.330575
4/11/2001,109.18523,105.51856,112.43789,103.26846
4/10/2001,110.6542,107.11512,113.73804,105.02954
4/9/2001,109.33089,105.887475,112.34826,104.04433
4/6/2001,107.619265,104.17413,110.67987,102.3812
4/5/2001,107.151,103.60744,110.458775,101.70016
4/4/2001,107.71166,104.2086,110.970405,102.29296
4/3/2001,106.63125,102.80831,110.042375,100.71976
4/2/2001,104.8545,100.99936,108.351045,98.77657
3/30/2001,104.08986,100.2771,107.63665,98.16269
3/29/2001,103.8992,99.52641,107.49289,97.256955
3/28/2001,105.69083,101.41071,109.01934,99.131955
3/27/2001,104.94575,100.5851,108.388555,98.28934
3/26/2001,106.298225,102.2416,109.44412,100.06645
3/23/2001,104.96539,100.9808,108.09919,98.90705
3/22/2001,107.70084,103.85563,110.696375,102.05352
3/21/2001,107.37714,103.83466,110.16687,102.03053
3/20/2001,108.334835,104.490405,109.9368,101.980095
3/19/2001,108.224095,104.37754,109.96865,101.74824
3/16/2001,106.947135,103.243865,109.63931,101.646255
3/15/2001,109.444655,105.522705,112.40502,103.38907
3/14/2001,107.916375,104.15804,110.80209,102.03189
3/13/2001,106.789625,102.7936,109.8303,100.4555
3/12/2001,105.133095,101.22735,108.51162,99.0143
3/9/2001,102.98865,99.11928,106.39449,96.83177
3/8/2001,102.949275,99.22242,106.27217,97.09686
3/7/2001,102.91778,99.09369,106.1842,97.04136
3/6/2001,102.802375,98.23198,106.37836,96.03795
3/5/2001,103.6827,99.538,107.23924,97.4168
3/2/2001,105.46752,101.47452,108.976395,99.521555
3/1/2001,105.0111,101.24093,108.771615,98.76242
2/28/2001,104.14815,100.7088,106.88125,98.62353
2/27/2001,103.85956,100.42819,106.44997,97.65774
2/26/2001,104.40204,100.91397,106.90338,98.18468
2/23/2001,105.790575,102.59605,108.149725,100.14
2/22/2001,104.74684,101.62566,107.020575,99.11412
2/21/2001,103.2387,100.0583,105.6924,97.678925
2/20/2001,102.46437,99.272925,104.636805,97.009275
2/16/2001,102.53274,99.556575,104.66148,97.301325
2/15/2001,100.85768,97.546175,103.21245,95.228475
2/14/2001,100.64028,97.436625,102.967555,95.21105
2/13/2001,102.07362,99.1287,104.19255,96.9178
2/12/2001,104.174025,101.32152,106.24692,99.29856
2/9/2001,98.64609,95.97601,100.2032,94.2964
2/8/2001,97.80288,94.89124,99.70756,92.99663
2/7/2001,96.760965,93.874425,98.613435,91.8358
2/6/2001,98.5188,95.32287,100.38266,92.753885
2/5/2001,97.49432,94.43241,99.3182,92.051385
2/2/2001,98.739405,95.89216,100.413225,93.63926
2/1/2001,101.742875,99.1458,103.41785,97.17001
1/31/2001,100.91302,98.07201,102.59546,95.45334
1/30/2001,101.648925,98.52901,103.608375,96.3381
1/29/2001,102.27235,99.06414,104.127585,96.732
1/26/2001,102.90735,99.9469,104.762125,97.53092
1/25/2001,103.063275,99.8865,105.04325,97.51632
1/24/2001,105.32001,101.96768,107.8407,99.47931
1/23/2001,104.67026,101.20171,107.489235,98.67118
1/22/2001,105.064905,101.51569,107.84359,99.00495
1/19/2001,108.3012,104.56896,111.043075,101.96675
1/18/2001,106.2553,103.145325,108.87876,100.4958
1/17/2001,104.759355,101.43704,107.183325,98.75702
1/16/2001,104.811,101.33816,107.24072,98.55648
1/12/2001,108.43477,101.18416,106.95682,98.341155
1/11/2001,108.63801,105.43724,110.9082,102.90454
1/10/2001,110.71808,107.46034,112.90916,104.85255
1/9/2001,114.8962,111.93764,116.9432,109.69452
1/8/2001,114.48736,111.90452,116.6802,109.625915
1/5/2001,111.962525,109.14351,114.190805,106.671285
1/4/2001,109.1816,105.969705,111.83172,103.34624
1/3/2001,108.11746,104.37616,111.27972,101.94921
1/2/2001,108.418775,105.78806,110.352275,103.37484
9/29/2000,101.011125,99.42809,101.8857,96.11552
9/28/2000,100.523015,98.90046,101.49408,95.58178
9/27/2000,100.1462,98.557095,101.37556,95.67096
9/26/2000,99.05557,97.328295,100.394,94.34489
9/25/2000,99.794115,98.15256,100.73196,94.85055
9/22/2000,100.92115,99.11402,101.5227,95.82804
9/21/2000,100.322475,98.56485,100.874785,95.1639
9/20/2000,101.139625,99.35325,101.636295,95.8815
9/19/2000,101.398365,99.98079,101.8234,96.467085
9/18/2000,102.93276,101.640995,102.555825,98.49804
9/15/2000,103.44048,101.9732,103.58916,98.48655
9/14/2000,103.63248,102.83782,104.28634,99.2565
9/13/2000,101.78883,100.2106,102.55995,96.61545
9/12/2000,102.26085,100.66041,103.05451,97.013505
9/11/2000,102.43948,100.702,102.931685,97.04475
9/8/2000,102.33652,100.6348,102.824755,97.00965
9/7/2000,101.15552,99.81034,101.69588,96.531995
9/6/2000,99.267,97.57551,99.47409,94.80639
9/5/2000,98.441,96.553275,98.980665,93.41904
9/1/2000,96.45625,94.49546,97.04563,92.43753
8/31/2000,97.34725,95.38254,98.04504,93.2458
8/30/2000,98.561375,96.39424,99.26685,93.173955
8/29/2000,99.3294,97.209055,99.6772,93.99774
8/28/2000,99.2264,97.19892,100.2804,94.06716
8/25/2000,98.4998,96.411315,99.51786,93.42828
8/24/2000,97.09128,94.977175,98.1764,91.8528
8/23/2000,95.664355,93.55236,96.754625,90.429375
8/22/2000,94.882455,92.7147,95.7015,89.27625
8/21/2000,94.473825,92.25822,95.31956,88.76788
8/18/2000,93.32964,91.47392,94.42202,88.330905
8/17/2000,93.094785,91.219875,94.25785,87.6561
8/16/2000,93.146985,91.32825,94.33735,87.804325
8/15/2000,92.893815,90.998025,94.057775,87.360875
8/14/2000,92.624985,90.38209,94.19858,87.150175
8/11/2000,92.948625,90.72372,94.50847,87.58505
8/10/2000,92.073205,90.2198,93.909375,86.53959
8/9/2000,92.736245,90.50958,94.579825,86.91793
8/8/2000,93.381885,91.19997,95.19885,87.57526
8/7/2000,94.45231,92.14935,96.3326,88.4156
8/4/2000,94.5222,92.2176,95.96544,88.56492
8/3/2000,95.32961,93.15968,96.78016,89.42592
8/2/2000,95.65227,93.4932,97.03047,89.7582
8/1/2000,97.0324,95.20063,98.46495,91.71
7/31/2000,97.555775,95.725105,98.9442,92.24125
7/28/2000,97.15068,95.28198,98.57774,91.717905
7/27/2000,96.45504,94.61376,97.893135,91.03689
7/26/2000,97.926255,95.35862,100.07713,91.8075
7/25/2000,98.15187,95.510135,100.29907,91.87625
7/24/2000,97.69515,95.315885,99.881145,91.396695
7/21/2000,96.99956,94.78882,99.212295,90.963435
7/20/2000,97.28946,95.0651,99.4894,91.2075
7/19/2000,98.644725,96.17792,100.462085,92.18235
7/18/2000,98.2305,95.8592,100.117765,91.83918
7/17/2000,98.81585,96.39912,101.03848,92.6031
7/14/2000,98.78078,96.83782,101.022625,93.322845
7/13/2000,96.8887,95.05884,99.132,91.76563
7/12/2000,97.00152,94.37568,98.80515,90.85154
7/11/2000,95.94833,93.825975,98.094885,89.975025
7/10/2000,94.388665,92.15766,96.56731,88.4389
7/7/2000,93.7839,91.57806,95.95817,87.94159
7/6/2000,94.7141,92.09088,96.99042,88.16503
7/5/2000,94.0056,91.53774,96.212115,87.609525
7/3/2000,94.5984,92.27358,96.75012,88.33614
6/30/2000,95.1379,92.71458,97.31349,88.792835
6/29/2000,95.3927,92.83806,97.63122,88.874775
6/28/2000,95.8341,92.85957,98.07385,88.84421
6/27/2000,96.27452,93.22291,98.649025,89.44078
6/26/2000,96.033645,93.11274,98.33322,89.248325
6/23/2000,98.247595,95.06585,100.6182,90.92331
6/22/2000,97.726855,94.57817,100.0782,90.50049
6/21/2000,97.28633,94.09938,99.61245,90.08253
6/20/2000,94.8181,91.38,97.895825,87.520605
6/19/2000,93.8054,90.5375,96.8669,86.77612
6/16/2000,92.400495,89.14477,95.41952,85.28214
6/15/2000,93.21728,89.88102,96.297025,86.029975
6/14/2000,93.71648,90.75768,96.731625,86.8126
6/13/2000,94.2976,91.25168,97.402075,87.23504
6/12/2000,94.19264,90.67929,97.34775,86.598675
6/9/2000,95.08096,91.43697,98.292475,87.360075
6/8/2000,95.1872,91.69281,98.32295,87.6315
6/7/2000,93.87459,90.341,96.70944,86.31718
6/6/2000,93.81617,90.31294,96.59416,86.316015
6/5/2000,93.46438,89.96524,96.1933,86.41035
6/2/2000,94.65056,91.15718,97.40636,87.48207
6/1/2000,93.27708,89.817075,96.100575,85.75796
5/31/2000,93.3606,89.845965,96.6231,85.63761
5/30/2000,92.888545,89.24817,96.15332,84.91209
5/26/2000,92.31853,88.699715,95.56804,84.39761
5/25/2000,92.78458,89.04665,96.0876,84.74096
5/24/2000,93.794355,90.076005,97.18872,85.7394
5/23/2000,94.3656,90.48775,97.31024,86.02977
5/22/2000,95.66667,91.78802,98.561425,87.38031
5/19/2000,96.802695,92.809725,99.76748,88.23279
5/18/2000,98.339325,94.217375,101.267045,89.42192
5/17/2000,96.913425,92.929575,99.817355,88.35344
5/16/2000,94.9401,90.96087,97.876195,86.56557
5/15/2000,98.44856,94.6169,101.39264,89.999825
5/12/2000,99.16425,95.323955,101.3013,90.61746
5/11/2000,98.9191,95.18295,100.889205,90.4981
5/10/2000,100.19919,96.5508,102.2645,91.82064
5/9/2000,100.35498,96.59736,102.487595,91.85228
5/8/2000,100.220535,97.181775,102.76527,92.38356
5/5/2000,101.22225,95.81678,103.315545,92.57742
5/4/2000,100.626825,95.2191,102.610845,92.06613
5/3/2000,99.930595,96.21391,101.97036,91.52788
5/2/2000,97.75509,94.47932,99.74538,89.51598
5/1/2000,96.54976,93.38812,98.597385,88.53304
4/28/2000,95.666965,92.42092,97.829425,88.210215
4/27/2000,97.01187,93.47988,98.660505,89.132145
4/26/2000,95.07072,92.35396,97.00288,88.14741
4/25/2000,95.981515,92.845,97.934725,88.62837
4/24/2000,95.053,92.0225,96.869425,87.85162
4/20/2000,94.64119,91.53875,96.530225,87.45488
4/19/2000,94.28377,91.2175,96.22945,87.24934
4/18/2000,96.276375,93.46832,98.07444,89.24839
4/17/2000,96.885255,94.2276,98.6423,89.99818
4/14/2000,95.62738,92.87383,97.39254,88.754535
4/13/2000,94.9286,92.40588,97.51448,88.238535
4/12/2000,97.11012,94.450725,99.64128,90.16166
4/11/2000,95.97133,93.4116,98.56541,89.30156
4/10/2000,97.04146,94.79781,98.88523,90.7775
4/7/2000,96.74934,94.49766,98.70576,90.42875
4/6/2000,99.08552,96.721025,100.97516,92.45346
4/5/2000,100.54404,98.29798,102.28845,94.03713
4/4/2000,98.390615,96.01152,99.80712,92.0369
4/3/2000,98.96107,96.5052,100.61028,92.56141
3/31/2000,99.184645,96.74676,100.93872,92.69349
3/30/2000,100.31878,97.81068,102.04134,93.65869
3/29/2000,101.49221,98.86668,103.2516,94.68104
3/28/2000,101.21664,98.660825,103.02738,94.652175
3/27/2000,100.53528,97.97315,102.3792,94.083525
3/24/2000,99.77407,97.1916,101.7336,93.28531
3/23/2000,97.174175,94.37769,99.1116,90.49272
3/22/2000,97.932075,95.26134,100.21851,91.3384
3/21/2000,97.722,94.53759,99.7832,90.76299
3/20/2000,98.390835,95.6488,100.75338,91.68125
3/17/2000,97.92492,95.2159,100.266075,91.32875
3/16/2000,99.53493,96.7954,101.805795,92.76125
3/15/2000,100.8015,98.205165,103.00071,93.965615
3/14/2000,101.06682,98.528805,103.2432,94.33082
3/13/2000,101.58674,98.83548,103.72818,94.605665
3/10/2000,101.5251,98.917695,103.68023,94.6019
3/9/2000,98.93008,96.3136,101.0095,92.11101
3/8/2000,99.262775,96.59136,101.37534,92.30658
3/7/2000,99.24831,96.59648,101.339025,92.30043
3/6/2000,99.11155,96.37248,101.71575,92.14422
3/3/2000,97.16126,94.49622,99.67685,90.23091
3/2/2000,98.00819,95.30388,100.47884,90.98837
3/1/2000,96.67072,94.06224,99.17204,89.905825
2/29/2000,98.55209,95.494205,100.97892,91.120895
2/28/2000,99.880785,96.831955,102.25942,92.54898
2/25/2000,100.89114,97.33248,102.76568,93.1479
2/24/2000,99.94418,96.56192,102.05712,92.46894
2/23/2000,100.54135,97.39371,102.65416,93.23932
2/22/2000,99.51592,96.55392,101.7076,92.66396
2/18/2000,100.59192,97.895155,102.77145,93.401815
2/17/2000,102.676,99.53898,104.8764,94.8104
2/16/2000,103.06569,100.330125,105.17152,95.57052
2/15/2000,103.71915,100.04652,106.325065,95.1875
2/14/2000,103.53013,100.53175,105.621485,95.61132
2/11/2000,104.48676,101.272095,106.68655,96.31062
2/10/2000,106.56525,103.3023,108.784935,98.30144
2/9/2000,104.553625,101.274435,106.964055,96.3648
2/8/2000,102.46778,99.00786,105.40591,94.287525
2/7/2000,104.11775,100.6323,107.37869,96.32768
2/4/2000,103.549525,100.11104,106.8636,95.91795
2/3/2000,102.85692,99.509565,106.1379,95.45856
2/2/2000,104.3418,100.844565,107.52382,96.864
2/1/2000,105.35366,102.03708,108.13374,98.00388
