asOfDate,2yrSwap,10yrSwap
1/3/2000,6.874298,7.335923
1/4/2000,6.83497,7.289334
1/5/2000,6.880348,7.386396
1/6/2000,6.855723,7.344128
1/7/2000,6.821449,7.267028
1/10/2000,6.862555,7.316514
1/11/2000,6.94135,7.435496
1/12/2000,6.964825,7.467913
1/13/2000,6.914206,7.390677
1/14/2000,6.943299,7.442716
1/18/2000,6.970642,7.503406
1/19/2000,6.954249,7.483899
1/20/2000,6.963011,7.511812
1/21/2000,6.948734,7.501605
1/24/2000,6.911061,7.399325
1/25/2000,6.920294,7.406813
1/26/2000,6.944928,7.396917
1/27/2000,6.986328,7.414016
1/28/2000,7.085547,7.449722
1/31/2000,7.152816,7.518461
2/1/2000,7.132767,7.45442
2/2/2000,7.184426,7.481067
2/3/2000,7.167159,7.413428
2/4/2000,7.195762,7.439783
2/7/2000,7.222648,7.507615
2/8/2000,7.191948,7.441784
2/9/2000,7.198047,7.513388
2/10/2000,7.182644,7.590968
2/11/2000,7.163501,7.558146
2/14/2000,7.121341,7.490575
2/15/2000,7.144056,7.533555
2/16/2000,7.163148,7.576384
2/17/2000,7.237153,7.586969
2/18/2000,7.232531,7.518884
2/22/2000,7.117362,7.388275
2/23/2000,7.173516,7.458018
2/24/2000,7.072576,7.386667
2/25/2000,6.996759,7.391095
2/28/2000,7.057871,7.463398
2/29/2000,7.078468,7.445325
3/1/2000,7.051151,7.403221
3/2/2000,7.060401,7.412479
3/3/2000,7.03753,7.365008
3/6/2000,7.089221,7.410408
3/7/2000,7.06147,7.399878
3/8/2000,7.073181,7.405555
3/9/2000,7.06394,7.382905
3/10/2000,7.107432,7.437451
3/13/2000,7.099747,7.43551
3/14/2000,7.094852,7.411209
3/15/2000,7.103408,7.402233
3/16/2000,7.097284,7.359133
3/17/2000,7.090556,7.281991
3/20/2000,7.106276,7.310393
3/21/2000,7.095303,7.278527
3/22/2000,7.087683,7.315017
3/23/2000,7.109491,7.283947
3/24/2000,7.235424,7.348305
3/27/2000,7.272605,7.371793
3/28/2000,7.263419,7.397904
3/29/2000,7.251297,7.422156
3/30/2000,7.186689,7.340937
3/31/2000,7.177692,7.282524
4/3/2000,7.13563,7.249152
4/4/2000,6.945665,7.14356
4/5/2000,7.022162,7.183056
4/6/2000,7.045047,7.200808
4/7/2000,7.043371,7.160995
4/10/2000,7.016569,7.1596
4/11/2000,7.054121,7.210353
4/12/2000,7.067881,7.266779
4/13/2000,7.044749,7.20895
4/14/2000,6.989392,7.182423
4/17/2000,6.981949,7.223132
4/18/2000,6.992713,7.236109
4/19/2000,7.003295,7.184664
4/20/2000,7.028363,7.206669
4/24/2000,7.022313,7.220792
4/25/2000,7.139166,7.315444
4/26/2000,7.146929,7.325852
4/27/2000,7.284254,7.436202
4/28/2000,7.340138,7.413637
5/1/2000,7.344256,7.451436
5/2/2000,7.360652,7.513574
5/3/2000,7.429789,7.649765
5/4/2000,7.499857,7.746413
5/5/2000,7.582487,7.814339
5/8/2000,7.610661,7.857557
5/9/2000,7.574514,7.810606
5/10/2000,7.539858,7.765531
5/11/2000,7.542979,7.755373
5/12/2000,7.628182,7.84778
5/15/2000,7.629274,7.833373
5/16/2000,7.62418,7.748256
5/17/2000,7.644465,7.811919
5/18/2000,7.678241,7.899696
5/19/2000,7.617998,7.842251
5/22/2000,7.562176,7.758545
5/23/2000,7.586319,7.763934
5/24/2000,7.604506,7.763869
5/25/2000,7.554474,7.686551
5/26/2000,7.539882,7.653081
5/30/2000,7.619754,7.714244
5/31/2000,7.581511,7.640572
6/1/2000,7.490005,7.520194
6/2/2000,7.348971,7.407625
6/5/2000,7.279437,7.321623
6/6/2000,7.309213,7.353464
6/7/2000,7.337162,7.370361
6/8/2000,7.360385,7.403092
6/9/2000,7.370897,7.404825
6/12/2000,7.334977,7.344475
6/13/2000,7.266325,7.322809
6/14/2000,7.219144,7.272371
6/15/2000,7.225899,7.253131
6/16/2000,7.164656,7.169289
6/19/2000,7.191481,7.197798
6/20/2000,7.232291,7.261034
6/21/2000,7.280147,7.344139
6/22/2000,7.295096,7.37335
6/23/2000,7.313815,7.407107
6/26/2000,7.271297,7.315421
6/27/2000,7.27055,7.31297
6/28/2000,7.266837,7.355314
6/29/2000,7.21674,7.278945
6/30/2000,7.213349,7.261055
7/3/2000,7.144144,7.210734
7/5/2000,7.096283,7.16801
7/6/2000,7.13985,7.22217
7/7/2000,7.066083,7.161621
7/10/2000,7.097149,7.203512
7/11/2000,7.114233,7.230687
7/12/2000,7.129403,7.252387
7/13/2000,7.089753,7.167023
7/14/2000,7.175465,7.287993
7/17/2000,7.205336,7.352949
7/18/2000,7.213453,7.365727
7/19/2000,7.223404,7.385325
7/20/2000,7.088772,7.201708
7/21/2000,7.086891,7.205771
7/24/2000,7.10853,7.244941
7/25/2000,7.095015,7.242344
7/26/2000,7.094173,7.231984
7/27/2000,7.075872,7.208345
7/28/2000,7.105493,7.251761
7/31/2000,7.114783,7.253887
8/1/2000,7.089588,7.221703
8/2/2000,7.05186,7.190978
8/3/2000,7.033242,7.155945
8/4/2000,6.958414,7.088799
8/7/2000,6.978559,7.114927
8/8/2000,6.942819,7.06434
8/9/2000,6.94206,7.069136
8/10/2000,6.916657,7.025937
8/11/2000,6.98947,7.066121
8/14/2000,6.983607,7.048338
8/15/2000,6.98959,7.059892
8/16/2000,7.006382,7.079781
8/17/2000,7.007129,7.075992
8/18/2000,6.974974,7.05476
8/21/2000,6.98501,7.068748
8/22/2000,6.992609,7.053907
8/23/2000,6.947281,7.001436
8/24/2000,6.926158,6.978898
8/25/2000,6.928651,6.979213
8/28/2000,6.970469,7.027886
8/29/2000,6.999273,7.077268
8/30/2000,6.99223,7.08969
8/31/2000,6.9307,7.009433
9/1/2000,6.831296,6.925677
9/5/2000,6.839136,6.936701
9/6/2000,6.868654,6.987025
9/7/2000,6.882738,7.029645
9/8/2000,6.856554,7.024194
9/11/2000,6.862685,7.031245
9/12/2000,6.854208,7.033624
9/13/2000,6.815509,6.979668
9/14/2000,6.812814,7.024535
9/15/2000,6.780265,7.028823
9/18/2000,6.741104,7.031898
9/19/2000,6.76309,7.04097
9/20/2000,6.792375,7.077891
9/21/2000,6.780431,7.039081
9/22/2000,6.753171,6.993626
9/25/2000,6.777585,6.981578
9/26/2000,6.749498,6.956464
9/27/2000,6.76332,6.969824
9/28/2000,6.76183,6.943422
9/29/2000,6.720258,6.912915
10/2/2000,6.712081,6.910655
10/3/2000,6.740987,6.951697
10/4/2000,6.764912,7.002969
10/5/2000,6.761865,6.996553
10/6/2000,6.767145,6.979147
10/10/2000,6.764666,6.992206
10/11/2000,6.731287,6.97342
10/12/2000,6.64468,6.940534
10/13/2000,6.648234,6.921961
10/16/2000,6.667935,6.92653
10/17/2000,6.613515,6.859632
10/18/2000,6.605558,6.849317
10/19/2000,6.612279,6.800825
10/20/2000,6.592708,6.769228
10/23/2000,6.566722,6.70965
10/24/2000,6.594236,6.746599
10/25/2000,6.621614,6.789966
10/26/2000,6.620385,6.808797
10/27/2000,6.677429,6.856856
10/30/2000,6.685743,6.859107
10/31/2000,6.66031,6.881315
11/1/2000,6.615889,6.838776
11/2/2000,6.600711,6.837653
11/3/2000,6.646897,6.916096
11/6/2000,6.683313,6.963949
11/7/2000,6.684139,6.967106
11/8/2000,6.684706,6.968121
11/9/2000,6.646289,6.92643
11/10/2000,6.623555,6.933265
11/13/2000,6.590704,6.897205
11/14/2000,6.61396,6.884498
11/15/2000,6.600509,6.838446
11/16/2000,6.570558,6.80469
11/17/2000,6.579627,6.837104
11/20/2000,6.5681,6.8336
11/21/2000,6.570784,6.835874
11/22/2000,6.541602,6.788821
11/24/2000,6.560923,6.804595
11/27/2000,6.559075,6.800542
11/28/2000,6.507006,6.746603
11/29/2000,6.449108,6.706261
11/30/2000,6.356721,6.625475
12/1/2000,6.391628,6.668271
12/4/2000,6.361475,6.655469
12/5/2000,6.245623,6.531905
12/6/2000,6.163315,6.396805
12/7/2000,6.146987,6.331142
12/8/2000,6.187215,6.350319
12/11/2000,6.21492,6.369936
12/12/2000,6.215273,6.364377
12/13/2000,6.123365,6.282673
12/14/2000,6.071367,6.192544
12/15/2000,6.022048,6.146822
12/18/2000,5.985649,6.103776
12/19/2000,6.000667,6.173705
12/20/2000,5.895808,6.074191
12/21/2000,5.821182,6.026423
12/22/2000,5.784789,6.017415
12/26/2000,5.8046,6.050268
12/27/2000,5.856705,6.13495
12/28/2000,5.903586,6.172414
12/29/2000,5.839179,6.158921
1/2/2001,5.610288,5.89859
1/3/2001,5.593863,6.079727
1/4/2001,5.462048,5.932286
1/5/2001,5.26855,5.785035
1/8/2001,5.214869,5.733628
1/9/2001,5.32764,5.803691
1/10/2001,5.418521,5.953017
1/11/2001,5.428298,6.002126
1/12/2001,5.55944,6.138461
1/16/2001,5.549594,6.147807
1/17/2001,5.49065,6.061835
1/18/2001,5.360755,5.977904
1/19/2001,5.395447,6.062908
1/22/2001,5.398555,6.12962
1/23/2001,5.465297,6.204524
1/24/2001,5.490042,6.210686
1/25/2001,5.478679,6.157537
1/26/2001,5.441367,6.137765
1/29/2001,5.422333,6.158365
1/30/2001,5.344271,6.06022
1/31/2001,5.239005,5.966688
2/1/2001,5.20343,5.873879
2/2/2001,5.315674,5.989865
2/5/2001,5.315352,6.01156
2/6/2001,5.354523,6.072151
2/7/2001,5.322659,6.027169
2/8/2001,5.343163,6.041718
2/9/2001,5.276613,5.959662
2/12/2001,5.291263,5.979914
2/13/2001,5.341933,6.014124
2/14/2001,5.42459,6.085155
2/15/2001,5.474014,6.165229
2/16/2001,5.350259,6.051694
2/20/2001,5.335077,6.045524
2/21/2001,5.313015,6.070063
2/22/2001,5.264934,6.094483
2/23/2001,5.168481,6.056717
2/26/2001,5.122984,6.010831
2/27/2001,5.08916,5.894884
2/28/2001,5.0594,5.802263
3/1/2001,5.04749,5.75525
3/2/2001,5.105851,5.851951
3/5/2001,5.109489,5.869581
3/6/2001,5.094176,5.892667
3/7/2001,5.056378,5.836519
3/8/2001,5.037354,5.810288
3/9/2001,5.086341,5.880225
3/12/2001,5.069814,5.885799
3/13/2001,5.073312,5.92679
3/14/2001,4.941387,5.828263
3/15/2001,4.852361,5.776988
3/16/2001,4.861951,5.713033
3/19/2001,4.908758,5.77436
3/20/2001,4.822023,5.721675
3/21/2001,4.766653,5.679602
3/22/2001,4.708164,5.635246
3/23/2001,4.797429,5.726745
3/26/2001,4.806784,5.781327
3/27/2001,4.955856,5.936799
3/28/2001,4.914209,5.935009
3/29/2001,4.870474,5.922858
3/30/2001,4.811698,5.862102
4/2/2001,4.832399,5.897327
4/3/2001,4.775936,5.871169
4/4/2001,4.727573,5.842872
4/5/2001,4.799913,5.895744
4/6/2001,4.691011,5.783704
4/9/2001,4.690574,5.823133
4/10/2001,4.805003,5.972722
4/11/2001,4.862206,6.003537
4/12/2001,4.917906,6.049971
4/16/2001,5.070228,6.190932
4/17/2001,4.974708,6.091792
4/18/2001,4.805891,5.965091
4/19/2001,4.810933,6.097163
4/20/2001,4.797117,6.09637
4/23/2001,4.716996,6.03627
4/24/2001,4.712282,6.051569
4/25/2001,4.795479,6.110354
4/26/2001,4.740236,6.030048
4/27/2001,4.839061,6.144522
4/30/2001,4.862911,6.157695
5/1/2001,4.820862,6.113749
5/2/2001,4.839127,6.083023
5/3/2001,4.794932,6.002935
5/4/2001,4.689145,5.971059
5/7/2001,4.663187,5.996567
5/8/2001,4.630766,6.004033
5/9/2001,4.6136,5.953657
5/10/2001,4.703793,6.088221
5/11/2001,4.885217,6.3273
5/14/2001,4.820659,6.248899
5/15/2001,4.779145,6.295741
5/16/2001,4.760758,6.259265
5/17/2001,4.849613,6.21727
5/18/2001,4.89857,6.171736
5/21/2001,4.915411,6.175908
5/22/2001,4.88467,6.170499
5/23/2001,4.844216,6.180659
5/24/2001,4.893384,6.282007
5/25/2001,4.867588,6.28596
5/29/2001,4.87052,6.306529
5/30/2001,4.87453,6.316377
5/31/2001,4.754532,6.187235
6/1/2001,4.762403,6.153056
6/4/2001,4.757006,6.113726
6/5/2001,4.698838,6.043266
6/6/2001,4.691232,6.033451
6/7/2001,4.698486,6.085478
6/8/2001,4.738793,6.146331
6/11/2001,4.694817,6.09027
6/12/2001,4.649556,6.036896
6/13/2001,4.632882,6.049482
6/14/2001,4.596398,6.030785
6/15/2001,4.572903,6.081087
6/18/2001,4.534032,6.109233
6/19/2001,4.534007,6.101015
6/20/2001,4.516438,6.070898
6/21/2001,4.53504,6.053017
6/22/2001,4.468966,5.96304
6/25/2001,4.478869,5.973065
6/26/2001,4.538394,6.060138
6/27/2001,4.652233,6.095425
6/28/2001,4.803257,6.209342
6/29/2001,4.833403,6.275681
7/2/2001,4.776091,6.233407
7/3/2001,4.803106,6.268467
7/5/2001,4.798767,6.286606
7/6/2001,4.714745,6.226034
7/9/2001,4.705926,6.200852
7/10/2001,4.649581,6.141435
7/11/2001,4.63763,6.146045
7/12/2001,4.642067,6.117694
7/13/2001,4.642067,6.117694
7/16/2001,4.627269,6.023686
7/17/2001,4.630429,6.036375
7/18/2001,4.464321,5.931178
7/19/2001,4.490719,5.936434
7/20/2001,4.49045,5.939556
7/23/2001,4.483651,5.920157
7/24/2001,4.463664,5.906109
7/25/2001,4.481579,5.985357
7/26/2001,4.448711,5.967637
7/27/2001,4.380141,5.906473
7/30/2001,4.359563,5.900863
7/31/2001,4.30607,5.82932
8/1/2001,4.324464,5.8648
8/2/2001,4.4119,5.935703
8/3/2001,4.413859,5.969185
8/6/2001,4.416181,5.958918
8/7/2001,4.400803,5.969165
8/8/2001,4.29927,5.854638
8/9/2001,4.291176,5.889896
8/10/2001,4.254895,5.840425
8/13/2001,4.213517,5.791095
8/14/2001,4.25993,5.8011
8/15/2001,4.338356,5.836593
8/16/2001,4.28815,5.791233
8/17/2001,4.206565,5.708451
8/20/2001,4.26612,5.772936
8/21/2001,4.213816,5.748416
8/22/2001,4.244323,5.760393
8/23/2001,4.230186,5.729242
8/24/2001,4.260524,5.769885
8/27/2001,4.273359,5.780946
8/28/2001,4.176634,5.676673
8/29/2001,4.139123,5.57326
8/30/2001,4.088666,5.600657
8/31/2001,4.112004,5.647555
9/4/2001,4.332268,5.83007
9/5/2001,4.26767,5.79214
9/6/2001,4.144103,5.65671
9/7/2001,4.022168,5.59488
9/10/2001,4.026918,5.646944
9/11/2001,4.026918,5.646944
9/12/2001,3.819708,5.60017
9/13/2001,3.689112,5.499332
9/14/2001,3.589806,5.401958
9/17/2001,3.596794,5.436603
9/18/2001,3.602891,5.525026
9/19/2001,3.475583,5.448685
9/20/2001,3.477606,5.447927
9/21/2001,3.452624,5.385319
9/24/2001,3.457237,5.418055
9/25/2001,3.388332,5.408014
9/26/2001,3.337322,5.33427
9/27/2001,3.291905,5.235437
9/28/2001,3.356393,5.233518
10/1/2001,3.34354,5.223489
10/2/2001,3.243448,5.196363
10/3/2001,3.247106,5.15433
10/4/2001,3.22859,5.171502
10/5/2001,3.166809,5.185202
10/9/2001,3.186105,5.287015
10/10/2001,3.217369,5.286361
10/11/2001,3.333572,5.391538
10/12/2001,3.298819,5.373023
10/15/2001,3.249104,5.313612
10/16/2001,3.246734,5.26706
10/17/2001,3.263383,5.250665
10/18/2001,3.21408,5.251655
10/19/2001,3.212188,5.292511
10/22/2001,3.225409,5.28853
10/23/2001,3.226911,5.314247
10/24/2001,3.16444,5.257919
10/25/2001,3.079874,5.189748
10/26/2001,3.079503,5.190933
10/29/2001,3.013592,5.146924
10/30/2001,2.916129,5.080132
10/31/2001,2.877321,4.931444
11/1/2001,2.92024,4.850818
11/2/2001,2.921609,5.011956
11/5/2001,2.888926,4.949738
11/6/2001,2.752116,4.890887
11/7/2001,2.699713,4.795924
11/8/2001,2.81005,4.894126
11/9/2001,2.844551,4.894581
11/13/2001,2.905061,4.967948
11/14/2001,3.084996,5.105475
11/15/2001,3.384667,5.385371
11/16/2001,3.48013,5.551652
11/19/2001,3.310112,5.396934
11/20/2001,3.36277,5.520011
11/21/2001,3.524131,5.641007
11/23/2001,3.597762,5.686799
11/26/2001,3.674346,5.688265
11/27/2001,3.53816,5.63942
11/28/2001,3.554199,5.672506
11/29/2001,3.373875,5.510134
11/30/2001,3.332344,5.448411
12/3/2001,3.312141,5.426244
12/4/2001,3.279321,5.339767
12/5/2001,3.542856,5.606964
12/6/2001,3.657197,5.719953
12/7/2001,3.649259,5.869763
12/10/2001,3.542355,5.885605
12/11/2001,3.444503,5.8325
12/12/2001,3.400452,5.724503
12/13/2001,3.536903,5.868375
12/14/2001,3.607095,5.972101
12/17/2001,3.664513,6.073099
12/18/2001,3.567639,5.927491
12/19/2001,3.530945,5.818621
12/20/2001,3.580385,5.843334
12/21/2001,3.620919,5.889621
12/24/2001,3.629851,5.939998
12/26/2001,3.688269,5.988898
12/27/2001,3.623681,5.895201
12/28/2001,3.641003,5.907052
12/31/2001,3.552462,5.811199
1/2/2002,3.655787,5.933094
1/3/2002,3.622605,5.867375
1/4/2002,3.59497,5.872041
1/7/2002,3.439836,5.750677
1/8/2002,3.449037,5.757943
1/9/2002,3.41928,5.758085
1/10/2002,3.358154,5.666932
1/11/2002,3.133259,5.542576
1/14/2002,3.152673,5.5276
1/15/2002,3.162171,5.500358
1/16/2002,3.221347,5.532609
1/17/2002,3.359456,5.649363
1/18/2002,3.312977,5.604279
1/22/2002,3.348724,5.613244
1/23/2002,3.424577,5.717209
1/24/2002,3.529872,5.738995
1/25/2002,3.554318,5.786832
1/28/2002,3.550745,5.783356
1/29/2002,3.423009,5.713016
1/30/2002,3.429228,5.706964
1/31/2002,3.558855,5.746715
2/1/2002,3.4713,5.70483
2/4/2002,3.387087,5.621931
2/5/2002,3.367012,5.635377
2/6/2002,3.346479,5.666336
2/7/2002,3.38146,5.689649
2/8/2002,3.323861,5.64569
2/11/2002,3.338418,5.646006
2/12/2002,3.417086,5.703252
2/13/2002,3.45587,5.717949
2/14/2002,3.465691,5.669054
2/15/2002,3.364114,5.572279
2/19/2002,3.36127,5.599501
2/20/2002,3.373732,5.58829
2/21/2002,3.384745,5.578331
2/22/2002,3.374342,5.544181
2/25/2002,3.401965,5.573061
2/26/2002,3.459321,5.644427
2/27/2002,3.364896,5.518637
2/28/2002,3.439087,5.527329
3/1/2002,3.586548,5.648301
3/4/2002,3.619127,5.669388
3/5/2002,3.637967,5.684217
3/6/2002,3.638507,5.718151
3/7/2002,3.833034,5.90286
3/8/2002,4.003215,6.032475
3/11/2002,3.984887,6.026127
3/12/2002,3.962517,6.000478
3/13/2002,3.869841,5.957079
3/14/2002,4.0175,6.097379
3/15/2002,4.033409,6.038717
3/18/2002,4.041785,5.982243
3/19/2002,4.025088,5.999287
3/20/2002,4.11452,6.070807
3/21/2002,4.140886,6.047956
3/22/2002,4.172503,6.052696
3/25/2002,4.194352,6.066057
3/26/2002,4.081606,5.989275
3/27/2002,4.073224,5.998409
3/28/2002,4.131731,6.075945
4/1/2002,4.139819,6.090597
4/2/2002,4.035074,5.999359
4/3/2002,3.952123,5.922337
4/4/2002,3.992529,5.909603
4/5/2002,3.897896,5.838263
4/8/2002,3.916443,5.882349
4/9/2002,3.881297,5.852626
4/10/2002,3.874752,5.860068
4/11/2002,3.879467,5.858536
4/12/2002,3.828579,5.829667
4/15/2002,3.794254,5.80784
4/16/2002,3.821798,5.829842
4/17/2002,3.797821,5.853155
4/18/2002,3.771552,5.844205
4/19/2002,3.782559,5.821729
4/22/2002,3.75729,5.780192
4/23/2002,3.780058,5.770211
4/24/2002,3.68262,5.674363
4/25/2002,3.656119,5.675198
4/26/2002,3.614404,5.645473
4/29/2002,3.620192,5.673353
4/30/2002,3.615411,5.633948
5/1/2002,3.59388,5.598569
5/2/2002,3.652789,5.655066
5/3/2002,3.578903,5.606356
5/6/2002,3.588335,5.631813
5/7/2002,3.525495,5.612808
5/8/2002,3.715452,5.772544
5/9/2002,3.657416,5.727415
5/10/2002,3.564879,5.67911
5/13/2002,3.646192,5.770403
5/14/2002,3.77044,5.835232
5/15/2002,3.723178,5.780597
5/16/2002,3.668989,5.711113
5/17/2002,3.753276,5.764996
5/20/2002,3.673492,5.6929
5/21/2002,3.623137,5.640748
5/22/2002,3.582897,5.606618
5/23/2002,3.64217,5.660417
5/24/2002,3.647401,5.648285
5/28/2002,3.649588,5.628772
5/29/2002,3.586941,5.560091
5/30/2002,3.543913,5.528259
5/31/2002,3.576627,5.546768
6/3/2002,3.55451,5.549595
6/4/2002,3.505593,5.515558
6/5/2002,3.531654,5.555433
6/6/2002,3.52183,5.529826
6/7/2002,3.55187,5.608426
6/10/2002,3.551912,5.589931
6/11/2002,3.48345,5.514953
6/12/2002,3.463118,5.489052
6/13/2002,3.42194,5.455001
6/14/2002,3.327113,5.347317
6/17/2002,3.347856,5.405894
6/18/2002,3.314519,5.402108
6/19/2002,3.178057,5.248309
6/20/2002,3.313191,5.347808
6/21/2002,3.237627,5.27046
6/24/2002,3.279309,5.359698
6/25/2002,3.263371,5.370082
6/26/2002,3.122011,5.223669
6/27/2002,3.231508,5.339618
6/28/2002,3.239843,5.35695
7/1/2002,3.209871,5.345978
7/2/2002,3.126682,5.266082
7/3/2002,3.127978,5.282463
7/5/2002,3.260939,5.411362
7/8/2002,3.182891,5.358435
7/9/2002,3.074745,5.278007
7/10/2002,2.957227,5.160718
7/11/2002,2.939173,5.128801
7/12/2002,2.885325,5.11435
7/15/2002,2.850363,5.139607
7/16/2002,2.997284,5.245713
7/17/2002,2.952656,5.210748
7/18/2002,2.912281,5.151779
7/19/2002,2.870122,5.101129
7/22/2002,2.77876,5.009421
7/23/2002,2.735644,4.990577
7/24/2002,2.748594,4.99533
7/25/2002,2.679857,5.006708
7/26/2002,2.633273,5.024944
7/29/2002,2.815942,5.18365
7/30/2002,2.853153,5.227876
7/31/2002,2.665976,5.078721
8/1/2002,2.585598,5.018275
8/2/2002,2.423412,4.885855
8/5/2002,2.345856,4.863339
8/6/2002,2.49409,4.987321
8/7/2002,2.364702,4.89464
8/8/2002,2.474461,4.95651
8/9/2002,2.458444,4.82104
8/12/2002,2.459794,4.767361
8/13/2002,2.33195,4.659487
8/14/2002,2.43145,4.598777
8/15/2002,2.540953,4.714929
8/16/2002,2.629058,4.888289
8/19/2002,2.612062,4.883898
8/20/2002,2.485999,4.716023
8/21/2002,2.487826,4.724093
8/22/2002,2.575676,4.835837
8/23/2002,2.52254,4.749288
8/26/2002,2.510311,4.717345
8/27/2002,2.579953,4.803243
8/28/2002,2.531578,4.742131
8/29/2002,2.471178,4.684826
8/30/2002,2.488588,4.659675
9/3/2002,2.313617,4.506893
9/4/2002,2.322812,4.490329
9/5/2002,2.25359,4.4555
9/6/2002,2.401096,4.603809
9/9/2002,2.476266,4.613386
9/10/2002,2.485365,4.571174
9/11/2002,2.552548,4.622107
9/12/2002,2.473072,4.515647
9/13/2002,2.422937,4.455873
9/16/2002,2.430161,4.421088
9/17/2002,2.428333,4.394534
9/18/2002,2.422887,4.398101
9/19/2002,2.337144,4.332697
9/20/2002,2.351453,4.365267
9/23/2002,2.320736,4.295325
9/24/2002,2.304005,4.29404
9/25/2002,2.361634,4.385709
9/26/2002,2.327955,4.397554
9/27/2002,2.18929,4.322797
9/30/2002,2.088369,4.263598
10/1/2002,2.17109,4.331935
10/2/2002,2.157027,4.318807
10/3/2002,2.155329,4.317243
10/4/2002,2.210776,4.338572
10/7/2002,2.190521,4.297297
10/8/2002,2.225718,4.300643
10/9/2002,2.139592,4.256029
10/10/2002,2.168424,4.333252
10/11/2002,2.254079,4.422395
10/15/2002,2.433074,4.6064
10/16/2002,2.434944,4.636208
10/17/2002,2.493205,4.748609
10/18/2002,2.508112,4.750096
10/21/2002,2.617888,4.849878
10/22/2002,2.61601,4.88696
10/23/2002,2.574766,4.861529
10/24/2002,2.480833,4.759404
10/25/2002,2.380691,4.693479
10/28/2002,2.286551,4.663358
10/29/2002,2.14469,4.509739
10/30/2002,2.10842,4.524481
10/31/2002,2.070608,4.474846
11/1/2002,2.107229,4.536456
11/4/2002,2.135624,4.590733
11/5/2002,2.159371,4.620792
11/6/2002,2.144952,4.526827
11/7/2002,2.156256,4.33935
11/8/2002,2.147399,4.307891
11/12/2002,2.120845,4.33525
11/13/2002,2.11079,4.334722
11/14/2002,2.257662,4.52021
11/15/2002,2.268377,4.54476
11/18/2002,2.241893,4.494159
11/19/2002,2.229347,4.45692
11/20/2002,2.328709,4.539897
11/21/2002,2.401461,4.61399
11/22/2002,2.437149,4.658871
11/25/2002,2.418453,4.663298
11/26/2002,2.330565,4.562163
11/27/2002,2.484425,4.730308
11/29/2002,2.416354,4.703974
12/2/2002,2.427415,4.685104
12/3/2002,2.418925,4.687805
12/4/2002,2.362462,4.635782
12/5/2002,2.318826,4.576075
12/6/2002,2.224909,4.548587
12/9/2002,2.201857,4.503362
12/10/2002,2.22227,4.500858
12/11/2002,2.172488,4.444638
12/12/2002,2.169294,4.460668
12/13/2002,2.195732,4.523982
12/16/2002,2.23908,4.585535
12/17/2002,2.200034,4.560095
12/18/2002,2.122443,4.496284
12/19/2002,2.071574,4.406532
12/20/2002,2.07967,4.40826
12/23/2002,2.092028,4.423361
12/24/2002,2.024973,4.387073
12/26/2002,2.005606,4.368621
12/27/2002,1.905101,4.267311
12/30/2002,1.894936,4.236153
12/31/2002,1.910239,4.273305
1/2/2003,2.097013,4.482884
1/3/2003,2.099535,4.488262
1/6/2003,2.131893,4.506722
1/7/2003,2.063057,4.459888
1/8/2003,2.007923,4.418454
1/9/2003,2.152243,4.598915
1/10/2003,2.105227,4.609026
1/13/2003,2.110599,4.592239
1/14/2003,2.063631,4.526219
1/15/2003,2.038668,4.511555
1/16/2003,2.047582,4.511674
1/17/2003,2.004039,4.467185
1/21/2003,1.969918,4.420623
1/22/2003,1.936972,4.36383
1/23/2003,1.982825,4.392024
1/24/2003,1.950297,4.349998
1/27/2003,1.981212,4.423028
1/28/2003,1.987495,4.43461
1/29/2003,2.045702,4.489819
1/30/2003,2.003793,4.432589
1/31/2003,1.997708,4.417899
2/3/2003,2.011595,4.434444
2/4/2003,1.963955,4.378838
2/5/2003,1.992437,4.441069
2/6/2003,1.960631,4.384512
2/7/2003,1.898913,4.37062
2/10/2003,1.944549,4.415516
2/11/2003,1.906656,4.385532
2/12/2003,1.866267,4.340193
2/13/2003,1.826883,4.298058
2/14/2003,1.884762,4.368797
2/18/2003,1.902756,4.356482
2/19/2003,1.84789,4.287635
2/20/2003,1.827668,4.24867
2/21/2003,1.858156,4.303135
2/24/2003,1.84255,4.250646
2/25/2003,1.829246,4.216517
2/26/2003,1.819315,4.191422
2/27/2003,1.830614,4.171541
2/28/2003,1.797595,4.110992
3/3/2003,1.762348,4.09185
3/4/2003,1.728454,4.062711
3/5/2003,1.68699,4.034441
3/6/2003,1.707568,4.078034
3/7/2003,1.646239,4.0472
3/10/2003,1.58478,4.005554
3/11/2003,1.628231,4.02074
3/12/2003,1.699034,4.027602
3/13/2003,1.86599,4.175012
3/14/2003,1.832504,4.150371
3/17/2003,1.915155,4.269536
3/18/2003,1.990587,4.347905
3/19/2003,2.00908,4.41935
3/20/2003,2.01552,4.469603
3/21/2003,2.092089,4.572872
3/24/2003,1.969787,4.431504
3/25/2003,1.965482,4.408332
3/26/2003,1.921873,4.391444
3/27/2003,1.880684,4.37089
3/28/2003,1.815483,4.344974
3/31/2003,1.771549,4.257512
4/1/2003,1.765933,4.265636
4/2/2003,1.862569,4.378379
4/3/2003,1.810587,4.348127
4/4/2003,1.81494,4.378346
4/7/2003,1.911941,4.437228
4/8/2003,1.843723,4.351854
4/9/2003,1.802652,4.313426
4/10/2003,1.843314,4.348764
4/11/2003,1.894272,4.39094
4/14/2003,1.966432,4.425774
4/15/2003,1.933008,4.370726
4/16/2003,1.917603,4.347698
4/17/2003,1.9419,4.359611
4/21/2003,1.952734,4.376774
4/22/2003,1.938936,4.380003
4/23/2003,1.928936,4.379642
4/24/2003,1.841787,4.28293
4/25/2003,1.785203,4.263367
4/28/2003,1.818992,4.274054
4/29/2003,1.830216,4.305115
4/30/2003,1.711056,4.205633
5/1/2003,1.715849,4.217871
5/2/2003,1.782541,4.281316
5/5/2003,1.755123,4.255312
5/6/2003,1.614095,4.160532
5/7/2003,1.587478,4.020911
5/8/2003,1.619266,4.001281
5/9/2003,1.628998,4.017299
5/12/2003,1.621757,3.966025
5/13/2003,1.642652,3.948455
5/14/2003,1.581591,3.84639
5/15/2003,1.628405,3.840303
5/16/2003,1.532474,3.778469
5/19/2003,1.508329,3.762743
5/20/2003,1.444882,3.697059
5/21/2003,1.523353,3.716876
5/22/2003,1.506756,3.678349
5/23/2003,1.536216,3.682983
5/27/2003,1.496127,3.767891
5/28/2003,1.497277,3.787584
5/29/2003,1.460304,3.69984
5/30/2003,1.488419,3.702812
6/2/2003,1.510133,3.776319
6/3/2003,1.394842,3.682512
6/4/2003,1.3865,3.643589
6/5/2003,1.426015,3.671502
6/6/2003,1.423626,3.689736
6/9/2003,1.360264,3.613586
6/10/2003,1.297025,3.523998
6/11/2003,1.315937,3.52396
6/12/2003,1.284153,3.503718
6/13/2003,1.257632,3.453258
6/16/2003,1.326151,3.528795
6/17/2003,1.417164,3.627927
6/18/2003,1.439703,3.728983
6/19/2003,1.34274,3.703363
6/20/2003,1.394589,3.765808
6/23/2003,1.341656,3.676465
6/24/2003,1.312393,3.624404
6/25/2003,1.485935,3.717966
6/26/2003,1.597188,3.888645
6/27/2003,1.572939,3.909494
6/30/2003,1.516442,3.869741
7/1/2003,1.519922,3.901596
7/2/2003,1.504553,3.893041
7/3/2003,1.518722,3.995256
7/7/2003,1.54952,4.061913
7/8/2003,1.580742,4.095189
7/9/2003,1.566355,4.077611
7/10/2003,1.528245,4.046828
7/11/2003,1.513632,4.012777
7/14/2003,1.544337,4.090083
7/15/2003,1.656994,4.295743
7/16/2003,1.695023,4.330409
7/17/2003,1.688651,4.340774
7/18/2003,1.7016,4.364743
7/21/2003,1.804717,4.569165
7/22/2003,1.776811,4.559113
7/23/2003,1.71511,4.512393
7/24/2003,1.728351,4.580217
7/25/2003,1.720991,4.6038
7/28/2003,1.806718,4.722462
7/29/2003,1.904856,4.888432
7/30/2003,1.875653,4.813343
7/31/2003,2.088808,5.06452
8/1/2003,2.19522,5.071915
8/4/2003,2.093035,4.990872
8/5/2003,2.162242,5.017326
8/6/2003,2.060038,4.798313
8/7/2003,1.986697,4.702036
8/8/2003,1.970708,4.699945
8/11/2003,2.061649,4.833067
8/12/2003,1.984416,4.823331
8/13/2003,2.122447,5.091336
8/14/2003,2.189987,5.114989
8/15/2003,2.129458,5.024782
8/18/2003,2.119951,4.957266
8/19/2003,2.04966,4.836882
8/20/2003,2.099122,4.90501
8/21/2003,2.272214,5.005521
8/22/2003,2.226811,4.945787
8/25/2003,2.276876,5.031325
8/26/2003,2.239598,5.000165
8/27/2003,2.30213,5.047507
8/28/2003,2.198665,4.933124
8/29/2003,2.240241,4.959071
9/2/2003,2.347706,5.123162
9/3/2003,2.318272,5.117411
9/4/2003,2.226081,5.019534
9/5/2003,1.998663,4.824557
9/8/2003,2.035799,4.855279
9/9/2003,2.005552,4.823895
9/10/2003,1.923522,4.708073
9/11/2003,1.990844,4.763008
9/12/2003,1.918744,4.698169
9/15/2003,1.888392,4.680702
9/16/2003,1.908554,4.732412
9/17/2003,1.894035,4.605878
9/18/2003,1.947006,4.594961
9/19/2003,1.958971,4.574358
9/22/2003,1.966851,4.663221
9/23/2003,1.940484,4.626901
9/24/2003,1.897051,4.536147
9/25/2003,1.899805,4.51011
9/26/2003,1.860039,4.439787
9/29/2003,1.880297,4.496138
9/30/2003,1.762436,4.363223
10/1/2003,1.760952,4.375288
10/2/2003,1.809777,4.4414
10/3/2003,1.986495,4.649459
10/6/2003,1.926443,4.594508
10/7/2003,1.969286,4.686417
10/8/2003,1.952939,4.676965
10/9/2003,1.997551,4.740927
10/10/2003,1.955843,4.675642
10/14/2003,2.037546,4.774254
10/15/2003,2.103119,4.833444
10/16/2003,2.280053,4.912622
10/17/2003,2.223928,4.823611
10/20/2003,2.22858,4.799142
10/21/2003,2.243526,4.784208
10/22/2003,2.171241,4.696406
10/23/2003,2.194296,4.747413
10/24/2003,2.098746,4.629041
10/27/2003,2.173975,4.684467
10/28/2003,2.069522,4.611823
10/29/2003,2.122612,4.691032
10/30/2003,2.207734,4.757407
10/31/2003,2.183737,4.714103
11/3/2003,2.240608,4.785384
11/4/2003,2.18779,4.720729
11/5/2003,2.254064,4.769869
11/6/2003,2.327149,4.838767
11/7/2003,2.363567,4.880382
11/10/2003,2.394582,4.897561
11/12/2003,2.349785,4.835967
11/13/2003,2.202575,4.674909
11/14/2003,2.145883,4.612743
11/17/2003,2.10084,4.574077
11/18/2003,2.124128,4.559827
11/19/2003,2.197266,4.622233
11/20/2003,2.14508,4.551278
11/21/2003,2.141171,4.53885
11/24/2003,2.225527,4.622384
11/25/2003,2.190014,4.581593
11/26/2003,2.283914,4.63376
11/28/2003,2.362015,4.710742
12/1/2003,2.430621,4.799378
12/2/2003,2.398349,4.782144
12/3/2003,2.428721,4.813089
12/4/2003,2.391392,4.757549
12/5/2003,2.199302,4.595884
12/8/2003,2.237448,4.661844
12/9/2003,2.299614,4.737355
12/10/2003,2.249577,4.698248
12/11/2003,2.132866,4.606268
12/12/2003,2.142258,4.612927
12/15/2003,2.166971,4.640223
12/16/2003,2.136152,4.6003
12/17/2003,2.128853,4.559525
12/18/2003,2.158432,4.516905
12/19/2003,2.141084,4.516551
12/22/2003,2.149699,4.552792
12/23/2003,2.250637,4.66548
12/24/2003,2.164547,4.58649
12/26/2003,2.113011,4.544508
12/29/2003,2.152156,4.623164
12/30/2003,2.16016,4.671961
12/31/2003,2.162956,4.650897
1/2/2004,2.274643,4.768114
1/5/2004,2.268376,4.769944
1/6/2004,2.159485,4.648301
1/7/2004,2.151068,4.621328
1/8/2004,2.160459,4.631679
1/9/2004,1.98038,4.462073
1/12/2004,1.977976,4.44925
1/13/2004,1.93043,4.392883
1/14/2004,1.941966,4.352071
1/15/2004,1.991684,4.346024
1/16/2004,2.008258,4.381395
1/20/2004,2.019424,4.421736
1/21/2004,2.007577,4.40047
1/22/2004,1.962945,4.334591
1/23/2004,2.01596,4.442754
1/26/2004,2.065738,4.521706
1/27/2004,2.016668,4.460308
1/28/2004,2.169231,4.584363
1/29/2004,2.20786,4.592602
1/30/2004,2.173557,4.533488
2/2/2004,2.165111,4.552607
2/3/2004,2.104114,4.491696
2/4/2004,2.106319,4.517987
2/5/2004,2.191369,4.581595
2/6/2004,2.097703,4.495786
2/9/2004,2.081352,4.470934
2/10/2004,2.132183,4.510571
2/11/2004,2.019811,4.420457
2/12/2004,2.04198,4.459848
2/13/2004,1.999842,4.426838
2/17/2004,2.002242,4.438416
2/18/2004,2.006079,4.430023
2/19/2004,2.009518,4.434879
2/20/2004,2.061635,4.487938
2/23/2004,2.019164,4.445497
2/24/2004,1.998918,4.424931
2/25/2004,1.976765,4.409408
2/26/2004,2.006593,4.445513
2/27/2004,1.982123,4.385158
3/1/2004,2.000982,4.398218
3/2/2004,2.0528,4.451352
3/3/2004,2.06298,4.464748
3/4/2004,2.048081,4.432068
3/5/2004,1.861444,4.22598
3/8/2004,1.814477,4.163418
3/9/2004,1.799023,4.102482
3/10/2004,1.81799,4.109795
3/11/2004,1.821743,4.117211
3/12/2004,1.827835,4.132298
3/15/2004,1.844433,4.146186
3/16/2004,1.784725,4.055225
3/17/2004,1.792738,4.055215
3/18/2004,1.83399,4.121538
3/19/2004,1.845675,4.162308
3/22/2004,1.800751,4.090014
3/23/2004,1.796494,4.084765
3/24/2004,1.788555,4.084977
3/25/2004,1.801673,4.117165
3/26/2004,1.879815,4.217447
3/29/2004,1.917274,4.280107
3/30/2004,1.929823,4.290835
3/31/2004,1.883192,4.229979
4/1/2004,1.944434,4.299426
4/2/2004,2.18637,4.56341
4/5/2004,2.217352,4.640852
4/6/2004,2.175456,4.592034
4/7/2004,2.187824,4.587748
4/8/2004,2.188726,4.610486
4/12/2004,2.210014,4.646325
4/13/2004,2.301319,4.761801
4/14/2004,2.411303,4.817511
4/15/2004,2.415466,4.843135
4/16/2004,2.341289,4.787701
4/19/2004,2.387865,4.811906
4/20/2004,2.435909,4.861329
4/21/2004,2.51361,4.867533
4/22/2004,2.475307,4.807912
4/23/2004,2.600463,4.903382
4/26/2004,2.603187,4.890283
4/27/2004,2.552466,4.863858
4/28/2004,2.62906,4.934138
4/29/2004,2.693734,5.017874
4/30/2004,2.662184,4.977495
5/3/2004,2.66949,4.991233
5/4/2004,2.666206,5.035635
5/5/2004,2.691285,5.086916
5/6/2004,2.755132,5.131903
5/7/2004,3.009347,5.315922
5/10/2004,2.985969,5.321952
5/11/2004,2.968379,5.30404
5/12/2004,2.961585,5.310902
5/13/2004,3.028674,5.380402
5/14/2004,2.953556,5.303857
5/17/2004,2.87141,5.197522
5/18/2004,2.927783,5.228491
5/19/2004,3.005803,5.295838
5/20/2004,2.950176,5.220196
5/21/2004,3.00924,5.26165
5/24/2004,2.993486,5.240041
5/25/2004,2.987596,5.230583
5/26/2004,2.909192,5.173766
5/27/2004,2.837726,5.074076
5/28/2004,2.945616,5.132037
6/1/2004,2.986816,5.197275
6/2/2004,3.037879,5.223548
6/3/2004,3.039684,5.20822
6/4/2004,3.109224,5.274799
6/7/2004,3.065607,5.24864
6/8/2004,3.102334,5.252631
6/9/2004,3.183808,5.301426
6/10/2004,3.206126,5.276994
6/11/2004,3.206126,5.276994
6/14/2004,3.348728,5.371513
6/15/2004,3.174114,5.17146
6/16/2004,3.228531,5.220959
6/17/2004,3.196575,5.180639
6/18/2004,3.20632,5.195059
6/21/2004,3.189938,5.181491
6/22/2004,3.199781,5.199623
6/23/2004,3.197361,5.192815
6/24/2004,3.162787,5.136726
6/25/2004,3.165637,5.145818
6/28/2004,3.279412,5.241361
6/29/2004,3.252247,5.189365
6/30/2004,3.128604,5.096182
7/1/2004,3.062607,5.049436
7/2/2004,2.936445,4.947303
7/6/2004,2.957133,4.95607
7/7/2004,2.953296,4.951448
7/8/2004,2.947361,4.949761
7/9/2004,2.943514,4.950749
7/12/2004,2.945246,4.929178
7/13/2004,2.991079,4.96861
7/14/2004,3.01993,4.974839
7/15/2004,3.046488,4.97712
7/16/2004,2.943669,4.841402
7/19/2004,2.955202,4.842289
7/20/2004,3.072797,4.935195
7/21/2004,3.124227,4.968731
7/22/2004,3.115478,4.946354
7/23/2004,3.106349,4.919358
7/26/2004,3.151991,4.96738
7/27/2004,3.231311,5.099991
7/28/2004,3.194706,5.084647
7/29/2004,3.156235,5.064256
7/30/2004,3.078981,4.965183
8/2/2004,3.050605,4.943098
8/3/2004,3.041504,4.910313
8/4/2004,3.051958,4.913808
8/5/2004,3.039542,4.886687
8/6/2004,2.773576,4.697559
8/9/2004,2.817598,4.722682
8/10/2004,2.906385,4.772812
8/11/2004,2.883144,4.756861
8/12/2004,2.878037,4.730252
8/13/2004,2.823027,4.681763
8/16/2004,2.855234,4.722988
8/17/2004,2.80218,4.661885
8/18/2004,2.806282,4.681704
8/19/2004,2.792704,4.666515
8/20/2004,2.81918,4.68378
8/23/2004,2.862532,4.738357
8/24/2004,2.865904,4.739628
8/25/2004,2.87055,4.717219
8/26/2004,2.86587,4.690171
8/27/2004,2.865174,4.693576
8/30/2004,2.835397,4.650995
8/31/2004,2.778035,4.58671
9/1/2004,2.756488,4.578182
9/2/2004,2.822226,4.660476
9/3/2004,2.990157,4.772534
9/7/2004,2.964052,4.716238
9/8/2004,2.857011,4.621175
9/9/2004,2.876067,4.657292
9/10/2004,2.864901,4.635179
9/13/2004,2.854197,4.601682
9/14/2004,2.821532,4.573443
9/15/2004,2.864992,4.612334
9/16/2004,2.780024,4.505046
9/17/2004,2.868285,4.565893
9/20/2004,2.799061,4.48186
9/21/2004,2.826587,4.460034
9/22/2004,2.822229,4.404458
9/23/2004,2.894128,4.442618
9/24/2004,2.932896,4.455105
9/27/2004,2.911281,4.424557
9/28/2004,2.898814,4.439052
9/29/2004,2.958132,4.516729
9/30/2004,2.953201,4.556135
10/1/2004,2.977458,4.63613
10/4/2004,3.004857,4.628364
10/5/2004,2.989514,4.627605
10/6/2004,3.042257,4.687485
10/7/2004,3.057354,4.71364
10/8/2004,2.932556,4.587223
10/12/2004,2.893786,4.554554
10/13/2004,2.856903,4.521289
10/14/2004,2.811234,4.452227
10/15/2004,2.860064,4.492567
10/18/2004,2.86574,4.48404
10/19/2004,2.876789,4.46939
10/20/2004,2.836708,4.421406
10/21/2004,2.88127,4.425296
10/22/2004,2.870575,4.41272
10/25/2004,2.856761,4.394914
10/26/2004,2.866182,4.410235
10/27/2004,2.95816,4.519873
10/28/2004,2.949507,4.512352
10/29/2004,2.918004,4.461541
11/1/2004,2.973494,4.528891
11/2/2004,2.966433,4.512768
11/3/2004,2.950336,4.509936
11/4/2004,2.989286,4.50244
11/5/2004,3.177876,4.632379
11/8/2004,3.191424,4.65638
11/9/2004,3.192321,4.655157
11/10/2004,3.233688,4.689348
11/12/2004,3.220395,4.627451
11/15/2004,3.257245,4.617845
11/16/2004,3.285862,4.634565
11/17/2004,3.22215,4.556581
11/18/2004,3.244083,4.533959
11/19/2004,3.312839,4.605368
11/22/2004,3.321367,4.562709
11/23/2004,3.336941,4.574728
11/24/2004,3.373895,4.586237
11/26/2004,3.398778,4.63601
11/29/2004,3.43165,4.730396
11/30/2004,3.400226,4.772223
12/1/2004,3.399301,4.79246
12/2/2004,3.421292,4.814991
12/3/2004,3.315109,4.682722
12/6/2004,3.295464,4.643009
12/7/2004,3.300157,4.612059
12/8/2004,3.271098,4.522399
12/9/2004,3.285537,4.552987
12/10/2004,3.300821,4.544507
12/13/2004,3.334764,4.544994
12/14/2004,3.341298,4.533689
12/15/2004,3.323781,4.468066
12/16/2004,3.38533,4.581471
12/17/2004,3.415216,4.603954
12/20/2004,3.447257,4.599289
12/21/2004,3.440639,4.567009
12/22/2004,3.437553,4.61277
12/23/2004,3.431134,4.632818
12/27/2004,3.466221,4.711254
12/28/2004,3.465648,4.711664
12/29/2004,3.503037,4.736395
12/30/2004,3.471257,4.681655
12/31/2004,3.448364,4.629513
1/3/2005,3.469389,4.632551
1/4/2005,3.551883,4.685652
1/5/2005,3.560554,4.676708
1/6/2005,3.533848,4.675675
1/7/2005,3.573589,4.688113
1/10/2005,3.592516,4.678618
1/11/2005,3.598343,4.647393
1/12/2005,3.593177,4.633002
1/13/2005,3.565338,4.584509
1/14/2005,3.607702,4.60881
1/18/2005,3.619513,4.582206
1/19/2005,3.617009,4.570088
1/20/2005,3.575471,4.543652
1/21/2005,3.529317,4.527471
1/24/2005,3.552771,4.509332
1/25/2005,3.583579,4.568018
1/26/2005,3.617324,4.570805
1/27/2005,3.637146,4.592371
1/28/2005,3.589338,4.522847
1/31/2005,3.631996,4.516261
2/1/2005,3.632871,4.52297
2/2/2005,3.669683,4.525033
2/3/2005,3.698811,4.548661
2/4/2005,3.64481,4.453752
2/7/2005,3.663627,4.436026
2/8/2005,3.67487,4.413277
2/9/2005,3.58839,4.34772
2/10/2005,3.632187,4.445432
2/11/2005,3.680741,4.473363
2/14/2005,3.70894,4.451836
2/15/2005,3.711382,4.479315
2/16/2005,3.770639,4.529128
2/17/2005,3.749863,4.555981
2/18/2005,3.809973,4.643585
2/22/2005,3.82358,4.670899
2/23/2005,3.835575,4.654684
2/24/2005,3.874051,4.678252
2/25/2005,3.891913,4.660641
2/28/2005,3.951627,4.765087
3/1/2005,3.956836,4.783908
3/2/2005,3.941781,4.794964
3/3/2005,3.959627,4.80691
3/4/2005,3.934304,4.716519
3/7/2005,3.960291,4.703139
3/8/2005,3.980347,4.780045
3/9/2005,4.030314,4.935646
3/10/2005,4.046324,4.873955
3/11/2005,4.103052,4.95352
3/14/2005,4.121722,4.942814
3/15/2005,4.140405,4.966389
3/16/2005,4.128128,4.957779
3/17/2005,4.100055,4.904854
3/18/2005,4.11361,4.942181
3/21/2005,4.129459,4.961063
3/22/2005,4.224022,5.058419
3/23/2005,4.272432,5.063963
3/24/2005,4.278659,5.037626
3/28/2005,4.301926,5.079422
3/29/2005,4.2754,5.043107
3/30/2005,4.275668,5.008682
3/31/2005,4.213248,4.946291
4/1/2005,4.155538,4.906338
4/4/2005,4.159124,4.923005
4/5/2005,4.165561,4.936213
4/6/2005,4.121382,4.905831
4/7/2005,4.145548,4.942856
4/8/2005,4.18798,4.958548
4/11/2005,4.175296,4.917741
4/12/2005,4.135593,4.830964
4/13/2005,4.084859,4.82531
4/14/2005,4.036901,4.810976
4/15/2005,3.961506,4.727819
4/18/2005,3.944315,4.696803
4/19/2005,3.89213,4.63339
4/20/2005,3.912903,4.648483
4/21/2005,4.030886,4.744418
4/22/2005,4.01496,4.693954
4/25/2005,4.034742,4.68872
4/26/2005,4.049467,4.703594
4/27/2005,4.020417,4.681577
4/28/2005,3.962022,4.607049
4/29/2005,4.026316,4.646512
5/2/2005,4.010025,4.639728
5/3/2005,4.048381,4.647998
5/4/2005,3.989229,4.622023
5/5/2005,3.931555,4.5956
5/6/2005,4.094695,4.700931
5/9/2005,4.123421,4.714411
5/10/2005,4.071512,4.658967
5/11/2005,4.062782,4.656864
5/12/2005,4.038101,4.624388
5/13/2005,3.985381,4.58605
5/16/2005,3.979927,4.585729
5/17/2005,3.985823,4.577152
5/18/2005,3.951956,4.514885
5/19/2005,4.013431,4.552132
5/20/2005,4.060265,4.571486
5/23/2005,4.015802,4.511628
5/24/2005,3.983068,4.471339
5/25/2005,3.97004,4.493382
5/26/2005,4.003484,4.49734
5/27/2005,4.007126,4.488258
5/31/2005,3.957391,4.413684
6/1/2005,3.845224,4.309463
6/2/2005,3.858525,4.29833
6/3/2005,3.907623,4.386395
6/6/2005,3.920997,4.365246
6/7/2005,3.893657,4.309743
6/8/2005,3.936092,4.33575
6/9/2005,3.975159,4.365382
6/10/2005,4.057045,4.447599
6/13/2005,4.05676,4.501247
6/14/2005,4.063614,4.546708
6/15/2005,4.080274,4.539515
6/16/2005,4.049609,4.491359
6/17/2005,4.057607,4.488975
6/20/2005,4.073874,4.509412
6/21/2005,4.04762,4.449824
6/22/2005,3.95636,4.335819
6/23/2005,3.969914,4.358705
6/24/2005,3.918974,4.317135
6/27/2005,3.927021,4.300611
6/28/2005,3.985975,4.374301
6/29/2005,4.009266,4.399838
6/30/2005,4.008474,4.353381
7/1/2005,4.102374,4.46321
7/5/2005,4.15132,4.541586
7/6/2005,4.131791,4.502458
7/7/2005,4.085281,4.473913
7/8/2005,4.149991,4.538135
7/11/2005,4.167074,4.527084
7/12/2005,4.184646,4.565901
7/13/2005,4.199698,4.580031
7/14/2005,4.213562,4.600762
7/15/2005,4.226581,4.595771
7/18/2005,4.254134,4.65157
7/19/2005,4.241248,4.621101
7/20/2005,4.255069,4.594247
7/21/2005,4.32446,4.721298
7/22/2005,4.293084,4.661066
7/25/2005,4.317548,4.684269
7/26/2005,4.321797,4.679897
7/27/2005,4.358281,4.698598
7/28/2005,4.336863,4.627268
7/29/2005,4.395295,4.733118
8/1/2005,4.416121,4.769047
8/2/2005,4.429239,4.78604
8/3/2005,4.401092,4.744942
8/4/2005,4.421395,4.768683
8/5/2005,4.498245,4.842465
8/8/2005,4.536436,4.877189
8/9/2005,4.511708,4.848494
8/10/2005,4.508118,4.8431
8/11/2005,4.466176,4.773732
8/12/2005,4.420422,4.681408
8/15/2005,4.454546,4.717318
8/16/2005,4.405379,4.670306
8/17/2005,4.442009,4.719915
8/18/2005,4.390034,4.660125
8/19/2005,4.402434,4.659207
8/22/2005,4.398669,4.661043
8/23/2005,4.371298,4.631058
8/24/2005,4.376586,4.625259
8/25/2005,4.382329,4.607625
8/26/2005,4.447198,4.640624
8/29/2005,4.44416,4.622339
8/30/2005,4.312985,4.527549
8/31/2005,4.193362,4.449391
9/1/2005,4.0881,4.459238
9/2/2005,4.119285,4.474657
9/6/2005,4.183355,4.529735
9/7/2005,4.244696,4.582995
9/8/2005,4.253974,4.575907
9/9/2005,4.253155,4.554217
9/12/2005,4.288968,4.593895
9/13/2005,4.251268,4.557266
9/14/2005,4.264879,4.587229
9/15/2005,4.289194,4.643897
9/16/2005,4.352874,4.70433
9/19/2005,4.31855,4.694944
9/20/2005,4.385625,4.697009
9/21/2005,4.35101,4.628633
9/22/2005,4.337133,4.614253
9/23/2005,4.415024,4.697964
9/26/2005,4.456976,4.744488
9/27/2005,4.488902,4.758232
9/28/2005,4.490074,4.716064
9/29/2005,4.519874,4.746754
9/30/2005,4.586684,4.789188
10/3/2005,4.627032,4.858984
10/4/2005,4.624856,4.847751
10/5/2005,4.61347,4.826617
10/6/2005,4.598525,4.832272
10/7/2005,4.604737,4.823016
10/11/2005,4.631707,4.85497
10/12/2005,4.660915,4.917723
10/13/2005,4.667378,4.957605
10/14/2005,4.694794,4.974259
10/17/2005,4.698119,4.976596
10/18/2005,4.68507,4.958811
10/19/2005,4.669106,4.944901
10/20/2005,4.685683,4.944531
10/21/2005,4.640353,4.876576
10/24/2005,4.679084,4.936692
10/25/2005,4.733399,4.998409
10/26/2005,4.80028,5.091433
10/27/2005,4.788927,5.061988
10/28/2005,4.810127,5.073335
10/31/2005,4.82204,5.077029
11/1/2005,4.853714,5.099636
11/2/2005,4.872669,5.141388
11/3/2005,4.919756,5.194075
11/4/2005,4.921018,5.211429
11/7/2005,4.915787,5.189894
11/8/2005,4.87224,5.100907
11/9/2005,4.928503,5.178525
11/10/2005,4.882965,5.099105
11/14/2005,4.931481,5.150657
11/15/2005,4.906987,5.101709
11/16/2005,4.848531,5.026377
11/17/2005,4.797233,4.994345
11/18/2005,4.83747,5.049665
11/21/2005,4.799629,5.002755
11/22/2005,4.727731,4.965302
11/23/2005,4.774878,5.015365
11/25/2005,4.750795,4.973737
11/28/2005,4.748649,4.946609
11/29/2005,4.820726,5.024359
11/30/2005,4.854114,5.045107
12/1/2005,4.891371,5.087707
12/2/2005,4.889214,5.085331
12/5/2005,4.920063,5.131659
12/6/2005,4.8668,5.05399
12/7/2005,4.878562,5.080861
12/8/2005,4.820143,5.020372
12/9/2005,4.890543,5.099306
12/12/2005,4.904512,5.106069
12/13/2005,4.881894,5.083577
12/14/2005,4.813762,4.992038
12/15/2005,4.834038,5.008817
12/16/2005,4.823972,4.985624
12/19/2005,4.832547,4.993152
12/20/2005,4.871603,5.016501
12/21/2005,4.903419,5.039543
12/22/2005,4.866301,4.990781
12/23/2005,4.824363,4.932129
12/27/2005,4.791791,4.891894
12/28/2005,4.810849,4.927796
12/29/2005,4.836815,4.924952
12/30/2005,4.851045,4.941633
1/3/2006,4.795037,4.927954
1/4/2006,4.762251,4.900562
1/5/2006,4.762916,4.893236
1/6/2006,4.78552,4.900548
1/9/2006,4.777852,4.889969
1/10/2006,4.825302,4.947202
1/11/2006,4.857311,4.976328
1/12/2006,4.807964,4.921362
1/13/2006,4.759091,4.859578
1/17/2006,4.746889,4.837821
1/18/2006,4.747857,4.843864
1/19/2006,4.790193,4.883777
1/20/2006,4.776326,4.860973
1/23/2006,4.771243,4.856013
1/24/2006,4.788565,4.89856
1/25/2006,4.861024,4.995648
1/26/2006,4.899022,5.045792
1/27/2006,4.904178,5.026141
1/30/2006,4.931897,5.053409
1/31/2006,4.940616,5.046125
2/1/2006,4.994108,5.091749
2/2/2006,4.99955,5.081284
2/3/2006,5.00129,5.056539
2/6/2006,5.029253,5.060848
2/7/2006,5.018627,5.084869
2/8/2006,5.04755,5.107527
2/9/2006,5.057661,5.078205
2/10/2006,5.085201,5.115187
2/13/2006,5.079426,5.115051
2/14/2006,5.093053,5.142465
2/15/2006,5.10054,5.133256
2/16/2006,5.099664,5.126541
2/17/2006,5.070615,5.071325
2/21/2006,5.103374,5.097737
2/22/2006,5.089714,5.062636
2/23/2006,5.130274,5.097988
2/24/2006,5.126506,5.089731
2/27/2006,5.131714,5.110385
2/28/2006,5.088719,5.07234
3/1/2006,5.117794,5.119301
3/2/2006,5.136679,5.180294
3/3/2006,5.168094,5.224912
3/6/2006,5.198351,5.288616
3/7/2006,5.205996,5.284668
3/8/2006,5.191943,5.275453
3/9/2006,5.194728,5.271772
3/10/2006,5.214996,5.285289
3/13/2006,5.232633,5.311629
3/14/2006,5.135653,5.229228
3/15/2006,5.149323,5.263482
3/16/2006,5.054768,5.172104
3/17/2006,5.078975,5.203201
3/20/2006,5.070816,5.181157
3/21/2006,5.147262,5.24501
3/22/2006,5.162515,5.23522
3/23/2006,5.195353,5.267861
3/24/2006,5.127923,5.202758
3/27/2006,5.137347,5.232498
3/28/2006,5.214692,5.313692
3/29/2006,5.24006,5.343669
3/30/2006,5.280056,5.397939
3/31/2006,5.277009,5.392395
4/3/2006,5.306324,5.41914
4/4/2006,5.275611,5.410283
4/5/2006,5.239269,5.376274
4/6/2006,5.267224,5.433077
4/7/2006,5.32451,5.511541
4/10/2006,5.333063,5.508361
4/11/2006,5.310899,5.466648
4/12/2006,5.337193,5.517768
4/13/2006,5.376113,5.582374
4/17/2006,5.340611,5.549003
4/18/2006,5.266612,5.503709
4/19/2006,5.28524,5.555697
4/20/2006,5.307671,5.568513
4/21/2006,5.324334,5.53599
4/24/2006,5.307997,5.502188
4/25/2006,5.364477,5.58791
4/26/2006,5.413487,5.622144
4/27/2006,5.341415,5.589553
4/28/2006,5.305762,5.569611
5/1/2006,5.366639,5.636603
5/2/2006,5.368569,5.620541
5/3/2006,5.396545,5.664453
5/4/2006,5.418668,5.672013
5/5/2006,5.385728,5.625876
5/8/2006,5.416409,5.630321
5/9/2006,5.415306,5.627529
5/10/2006,5.430583,5.628027
5/11/2006,5.429394,5.652256
5/12/2006,5.436056,5.701698
5/15/2006,5.416142,5.66877
5/16/2006,5.373108,5.616444
5/17/2006,5.419857,5.673858
5/18/2006,5.373209,5.594045
5/19/2006,5.405437,5.589089
5/22/2006,5.389526,5.583781
5/23/2006,5.406304,5.609441
5/24/2006,5.37616,5.580696
5/25/2006,5.402066,5.618494
5/26/2006,5.386077,5.598276
5/30/2006,5.421271,5.636375
5/31/2006,5.48068,5.667793
6/1/2006,5.479046,5.667163
6/2/2006,5.347978,5.543714
6/5/2006,5.412409,5.575928
6/6/2006,5.430854,5.556987
6/7/2006,5.457297,5.580686
6/8/2006,5.43645,5.551453
6/9/2006,5.443711,5.540627
6/12/2006,5.45667,5.542807
6/13/2006,5.438836,5.520367
6/14/2006,5.538767,5.618844
6/15/2006,5.584295,5.66679
6/16/2006,5.607958,5.701452
6/19/2006,5.632291,5.723803
6/20/2006,5.647583,5.733318
6/21/2006,5.650452,5.734211
6/22/2006,5.694247,5.782351
6/23/2006,5.719109,5.81187
6/26/2006,5.728463,5.822629
6/27/2006,5.709649,5.797977
6/28/2006,5.73961,5.838129
6/29/2006,5.670506,5.789012
6/30/2006,5.627472,5.728899
7/3/2006,5.642163,5.750484
7/5/2006,5.720035,5.83104
7/6/2006,5.695657,5.79298
7/7/2006,5.646514,5.73613
7/10/2006,5.649331,5.73435
7/11/2006,5.623735,5.700791
7/12/2006,5.626755,5.697058
7/13/2006,5.58567,5.674352
7/14/2006,5.56037,5.667092
7/17/2006,5.573841,5.672309
7/18/2006,5.646198,5.738798
7/19/2006,5.561231,5.65875
7/20/2006,5.503567,5.61528
7/21/2006,5.51709,5.627648
7/24/2006,5.51904,5.621967
7/25/2006,5.539593,5.644318
7/26/2006,5.499239,5.609563
7/27/2006,5.496291,5.614049
7/28/2006,5.421913,5.555129
7/31/2006,5.406222,5.542393
8/1/2006,5.402959,5.543781
8/2/2006,5.400416,5.51977
8/3/2006,5.423292,5.518312
8/4/2006,5.349975,5.455
8/7/2006,5.380651,5.475293
8/8/2006,5.347567,5.466139
8/9/2006,5.354238,5.472505
8/10/2006,5.363996,5.475672
8/11/2006,5.407829,5.517522
8/14/2006,5.464596,5.55462
8/15/2006,5.388159,5.479365
8/16/2006,5.319434,5.413772
8/17/2006,5.327105,5.396652
8/18/2006,5.301601,5.361741
8/21/2006,5.293713,5.355942
8/22/2006,5.289476,5.350747
8/23/2006,5.296035,5.362842
8/24/2006,5.301695,5.357037
8/25/2006,5.27631,5.346742
8/28/2006,5.292813,5.357721
8/29/2006,5.27814,5.346809
8/30/2006,5.241281,5.321186
8/31/2006,5.197307,5.290599
9/1/2006,5.183239,5.277086
9/5/2006,5.211621,5.31503
9/6/2006,5.228118,5.324071
9/7/2006,5.229417,5.319587
9/8/2006,5.213019,5.299372
9/11/2006,5.250549,5.333641
9/12/2006,5.23745,5.3008
9/13/2006,5.219373,5.296674
9/14/2006,5.251654,5.322629
9/15/2006,5.291287,5.341345
9/18/2006,5.304705,5.359152
9/19/2006,5.230239,5.283815
9/20/2006,5.224336,5.277784
9/21/2006,5.112973,5.18934
9/22/2006,5.082743,5.1337
9/25/2006,5.052628,5.083214
9/26/2006,5.087086,5.114762
9/27/2006,5.085344,5.129136
9/28/2006,5.095469,5.159235
9/29/2006,5.107258,5.173205
10/2/2006,5.072545,5.161936
10/3/2006,5.07309,5.157111
10/4/2006,5.005626,5.1041
10/5/2006,5.055149,5.146514
10/6/2006,5.146279,5.234562
10/10/2006,5.219038,5.306653
10/11/2006,5.261699,5.34509
10/12/2006,5.249676,5.336485
10/13/2006,5.267105,5.359928
10/16/2006,5.253614,5.335944
10/17/2006,5.239013,5.321215
10/18/2006,5.234046,5.3039
10/19/2006,5.25089,5.329425
10/20/2006,5.256386,5.326865
10/23/2006,5.297258,5.369582
10/24/2006,5.299774,5.366124
10/25/2006,5.258513,5.310074
10/26/2006,5.189169,5.252704
10/27/2006,5.135177,5.207755
10/30/2006,5.14032,5.204796
10/31/2006,5.078224,5.135066
11/1/2006,5.021572,5.084781
11/2/2006,5.051333,5.121421
11/3/2006,5.204412,5.253519
11/6/2006,5.199321,5.242872
11/7/2006,5.144131,5.188311
11/8/2006,5.118609,5.159526
11/9/2006,5.113146,5.154788
11/10/2006,5.085147,5.115216
11/13/2006,5.10692,5.131951
11/14/2006,5.072004,5.087237
11/15/2006,5.134455,5.132881
11/16/2006,5.162617,5.16212
11/17/2006,5.088859,5.099429
11/20/2006,5.087979,5.089847
11/21/2006,5.084967,5.071256
11/22/2006,5.072663,5.062631
11/24/2006,5.053433,5.035151
11/27/2006,5.04218,5.020665
11/28/2006,5.006238,4.981876
11/29/2006,5.009922,4.999889
11/30/2006,4.95205,4.932883
12/1/2006,4.844019,4.888314
12/4/2006,4.846017,4.889373
12/5/2006,4.844627,4.893828
12/6/2006,4.904517,4.937431
12/7/2006,4.926722,4.972617
12/8/2006,5.021362,5.043376
12/11/2006,5.010626,5.00863
12/12/2006,4.961528,4.969481
12/13/2006,5.042584,5.046454
12/14/2006,5.068093,5.062796
12/15/2006,5.064883,5.070234
12/18/2006,5.066909,5.078232
12/19/2006,5.06859,5.092244
12/20/2006,5.073515,5.091753
12/21/2006,5.020459,5.041184
12/22/2006,5.077694,5.117019
12/26/2006,5.071457,5.095178
12/27/2006,5.125334,5.141605
12/28/2006,5.151131,5.173271
12/29/2006,5.165908,5.188624
1/2/2007,5.143599,5.171688
1/3/2007,5.106461,5.135224
1/4/2007,5.053595,5.083341
1/5/2007,5.093038,5.107694
1/8/2007,5.119691,5.11773
1/9/2007,5.131438,5.128414
1/10/2007,5.156871,5.16482
1/11/2007,5.204368,5.225242
1/12/2007,5.23087,5.259229
1/16/2007,5.224751,5.243701
1/17/2007,5.268299,5.288937
1/18/2007,5.240016,5.247133
1/19/2007,5.263107,5.259271
1/22/2007,5.252448,5.241002
1/23/2007,5.274704,5.286564
1/24/2007,5.275008,5.296232
1/25/2007,5.320414,5.371869
1/26/2007,5.33289,5.389673
1/29/2007,5.359021,5.419801
1/30/2007,5.338677,5.402899
1/31/2007,5.30679,5.349031
2/1/2007,5.315148,5.350711
2/2/2007,5.291898,5.327517
2/5/2007,5.267906,5.29597
2/6/2007,5.241354,5.252815
2/7/2007,5.219895,5.233173
2/8/2007,5.219549,5.227818
2/9/2007,5.269509,5.302346
2/12/2007,5.288326,5.325552
2/13/2007,5.294015,5.323077
2/14/2007,5.214227,5.228089
2/15/2007,5.174006,5.204611
2/16/2007,5.181063,5.198989
2/20/2007,5.162918,5.184154
2/21/2007,5.186697,5.199695
2/22/2007,5.220505,5.241405
2/23/2007,5.181461,5.195572
2/26/2007,5.136877,5.154857
2/27/2007,4.976604,5.049509
2/28/2007,5.024682,5.094378
3/1/2007,5.020218,5.099994
3/2/2007,4.973921,5.079891
3/5/2007,4.972002,5.074432
3/6/2007,4.983462,5.075527
3/7/2007,4.944664,5.039244
3/8/2007,4.956079,5.046364
3/9/2007,5.06201,5.130621
3/12/2007,5.029022,5.097406
3/13/2007,4.931233,5.040662
3/14/2007,4.94843,5.060321
3/15/2007,4.972841,5.068086
3/16/2007,4.990569,5.082758
3/19/2007,5.017189,5.107701
3/20/2007,4.994405,5.08315
3/21/2007,4.906608,5.040077
3/22/2007,4.968059,5.112389
3/23/2007,4.994666,5.142617
3/26/2007,4.97042,5.124338
3/27/2007,4.975453,5.14118
3/28/2007,4.962701,5.156473
3/29/2007,4.985497,5.167638
3/30/2007,4.994921,5.176463
4/2/2007,4.99521,5.175459
4/3/2007,5.029414,5.198663
4/4/2007,5.013616,5.191786
4/5/2007,5.026483,5.209862
4/9/2007,5.133791,5.287775
4/10/2007,5.10737,5.265527
4/11/2007,5.120387,5.276475
4/12/2007,5.12256,5.274292
4/13/2007,5.15191,5.297078
4/16/2007,5.130911,5.267224
4/17/2007,5.067386,5.213169
4/18/2007,5.026452,5.176583
4/19/2007,5.02723,5.194344
4/20/2007,5.038385,5.198432
4/23/2007,5.016755,5.177552
4/24/2007,4.982902,5.147639
4/25/2007,5.014025,5.176379
4/26/2007,5.067703,5.225833
4/27/2007,5.07579,5.243922
4/30/2007,5.014565,5.170461
5/1/2007,5.049105,5.183759
5/2/2007,5.057045,5.186366
5/3/2007,5.098847,5.212444
5/4/2007,5.073588,5.178939
5/7/2007,5.085287,5.175492
5/8/2007,5.078147,5.170681
5/9/2007,5.120976,5.210095
5/10/2007,5.09252,5.187008
5/11/2007,5.108108,5.209931
5/14/2007,5.130714,5.228228
5/15/2007,5.146366,5.255004
5/16/2007,5.13857,5.251597
5/17/2007,5.183752,5.30292
5/18/2007,5.225107,5.367987
5/21/2007,5.209025,5.341733
5/22/2007,5.237176,5.383851
5/23/2007,5.251538,5.418176
5/24/2007,5.256552,5.412243
5/25/2007,5.260799,5.417465
5/29/2007,5.295488,5.441457
5/30/2007,5.295966,5.437971
5/31/2007,5.330533,5.455872
6/1/2007,5.391805,5.530928
6/4/2007,5.383676,5.500278
6/5/2007,5.409105,5.551495
6/6/2007,5.377538,5.546856
6/7/2007,5.440865,5.695752
6/8/2007,5.444528,5.726921
6/11/2007,5.443408,5.739612
6/12/2007,5.504931,5.87089
6/13/2007,5.509094,5.806042
6/14/2007,5.519245,5.811184
6/15/2007,5.479802,5.758758
6/18/2007,5.451174,5.72738
6/19/2007,5.398444,5.663631
6/20/2007,5.430008,5.725878
6/21/2007,5.438125,5.778462
6/22/2007,5.3998,5.759571
6/25/2007,5.353483,5.704673
6/26/2007,5.372061,5.723432
6/27/2007,5.357097,5.694191
6/28/2007,5.418946,5.735967
6/29/2007,5.357356,5.665121
7/2/2007,5.333744,5.623643
7/3/2007,5.367422,5.669269
7/5/2007,5.444689,5.76946
7/6/2007,5.467088,5.828172
7/9/2007,5.453532,5.793004
7/10/2007,5.36132,5.704646
7/11/2007,5.377091,5.74631
7/12/2007,5.411592,5.765746
7/13/2007,5.410811,5.753644
7/16/2007,5.358092,5.697245
7/17/2007,5.399168,5.741053
7/18/2007,5.339515,5.679953
7/19/2007,5.347485,5.688709
7/20/2007,5.296981,5.638954
7/23/2007,5.317373,5.648194
7/24/2007,5.294363,5.640637
7/25/2007,5.259489,5.603347
7/26/2007,5.114517,5.518214
7/27/2007,5.094665,5.545116
7/30/2007,5.103875,5.554261
7/31/2007,5.092254,5.509511
8/1/2007,5.079709,5.497167
8/2/2007,5.092705,5.478663
8/3/2007,5.004627,5.43562
8/6/2007,5.031658,5.461183
8/7/2007,5.064055,5.453438
8/8/2007,5.140942,5.525621
8/9/2007,5.012259,5.479889
8/10/2007,5.004557,5.490977
8/13/2007,5.019678,5.494989
8/14/2007,4.986722,5.467113
8/15/2007,4.924399,5.44479
8/16/2007,4.776454,5.381753
8/17/2007,4.810857,5.424123
8/20/2007,4.792758,5.387039
8/21/2007,4.762584,5.32905
8/22/2007,4.857572,5.333462
8/23/2007,4.912646,5.321203
8/24/2007,4.976138,5.291174
8/27/2007,4.911834,5.262887
8/28/2007,4.820081,5.23626
8/29/2007,4.853405,5.263883
8/30/2007,4.812131,5.207176
8/31/2007,4.885797,5.236278
9/4/2007,4.898402,5.253553
9/5/2007,4.785951,5.167186
9/6/2007,4.819791,5.169164
9/7/2007,4.627926,5.018228
9/10/2007,4.609121,4.971444
9/11/2007,4.704314,5.013967
9/12/2007,4.720825,5.052106
9/13/2007,4.761126,5.129897
9/14/2007,4.723571,5.125616
9/17/2007,4.759565,5.145389
9/18/2007,4.601736,5.106903
9/19/2007,4.583496,5.130114
9/20/2007,4.707633,5.311759
9/21/2007,4.67362,5.274556
9/24/2007,4.691427,5.273227
9/25/2007,4.675371,5.269888
9/26/2007,4.646165,5.260746
9/27/2007,4.588085,5.19431
9/28/2007,4.631845,5.197956
10/1/2007,4.679962,5.182934
10/2/2007,4.65352,5.147423
10/3/2007,4.689386,5.157383
10/4/2007,4.673243,5.145143
10/5/2007,4.786189,5.271611
10/9/2007,4.831396,5.278328
10/10/2007,4.826304,5.267328
10/11/2007,4.783481,5.264612
10/12/2007,4.842136,5.302878
10/15/2007,4.818187,5.297706
10/16/2007,4.756783,5.281386
10/17/2007,4.646112,5.178852
10/18/2007,4.587449,5.137977
10/19/2007,4.474771,5.040335
10/22/2007,4.472044,5.026975
10/23/2007,4.457751,5.023165
10/24/2007,4.361573,4.953038
10/25/2007,4.360311,4.977182
10/26/2007,4.388658,5.028971
10/29/2007,4.426513,5.014441
10/30/2007,4.432982,5.023561
10/31/2007,4.550296,5.103372
11/1/2007,4.449503,5.008707
11/2/2007,4.345219,4.96616
11/5/2007,4.408338,5.017792
11/6/2007,4.432597,5.071731
11/7/2007,4.37806,5.06583
11/8/2007,4.263443,5.031551
11/9/2007,4.23619,4.970192
11/13/2007,4.29005,4.986095
11/14/2007,4.309476,4.982883
11/15/2007,4.171907,4.896927
11/16/2007,4.168403,4.883687
11/19/2007,4.124412,4.849424
11/20/2007,4.115681,4.861419
11/21/2007,4.011899,4.828244
11/23/2007,4.009083,4.772267
11/26/2007,3.858886,4.555618
11/27/2007,3.958051,4.644742
11/28/2007,4.012199,4.697692
11/29/2007,3.921169,4.614591
11/30/2007,3.897846,4.617988
12/3/2007,3.855475,4.557226
12/4/2007,3.845951,4.565352
12/5/2007,3.842277,4.586696
12/6/2007,3.938473,4.68008
12/7/2007,4.078122,4.833047
12/10/2007,4.112195,4.871672
12/11/2007,4.022599,4.722414
12/12/2007,4.010858,4.764425
12/13/2007,4.079886,4.825163
12/14/2007,4.167844,4.914754
12/17/2007,4.124524,4.867226
12/18/2007,4.025608,4.751578
12/19/2007,3.95708,4.702814
12/20/2007,3.886924,4.667901
12/21/2007,3.998596,4.813985
12/24/2007,4.026746,4.868513
12/26/2007,4.070035,4.932634
12/27/2007,4.006181,4.865214
12/28/2007,3.866619,4.738818
12/31/2007,3.805578,4.66485
1/2/2008,3.642464,4.533161
1/3/2008,3.6144,4.544945
1/4/2008,3.499182,4.476275
1/7/2008,3.505908,4.448545
1/8/2008,3.493086,4.4409
1/9/2008,3.430568,4.404045
1/10/2008,3.413653,4.497616
1/11/2008,3.252178,4.415348
1/14/2008,3.207309,4.381292
1/15/2008,3.168174,4.281089
1/16/2008,3.151293,4.320059
1/17/2008,3.073175,4.248323
1/18/2008,3.014823,4.263824
1/22/2008,2.690013,4.10347
1/23/2008,2.622789,4.041958
1/24/2008,2.898935,4.272919
1/25/2008,2.874154,4.184616
1/28/2008,2.851867,4.186096
1/29/2008,2.923807,4.252815
1/30/2008,2.913954,4.361765
1/31/2008,2.84064,4.269607
2/1/2008,2.812227,4.23166
2/4/2008,2.801951,4.27915
2/5/2008,2.701009,4.220917
2/6/2008,2.696698,4.252357
2/7/2008,2.739419,4.393182
2/8/2008,2.687984,4.322804
2/11/2008,2.685413,4.292372
2/12/2008,2.711477,4.363474
2/13/2008,2.678327,4.381793
2/14/2008,2.728074,4.563086
2/15/2008,2.745398,4.514123
2/19/2008,2.91888,4.638679
2/20/2008,2.999518,4.64947
2/21/2008,2.843935,4.495922
2/22/2008,2.89021,4.550267
2/25/2008,2.980926,4.648047
2/26/2008,2.887025,4.572318
2/27/2008,2.818922,4.538189
2/28/2008,2.729151,4.418135
2/29/2008,2.509859,4.222486
3/3/2008,2.518842,4.237195
3/4/2008,2.572318,4.321483
3/5/2008,2.679179,4.491726
3/6/2008,2.660398,4.515177
3/7/2008,2.539073,4.413123
3/10/2008,2.497148,4.310269
3/11/2008,2.659608,4.384466
3/12/2008,2.543379,4.233848
3/13/2008,2.507707,4.260241
3/14/2008,2.303105,4.135339
3/17/2008,2.145706,3.950599
3/18/2008,2.343884,4.087025
3/19/2008,2.287159,3.959003
3/20/2008,2.403803,3.953699
3/24/2008,2.62438,4.144596
3/25/2008,2.586466,4.127165
3/26/2008,2.541506,4.145706
3/27/2008,2.548086,4.204075
3/28/2008,2.51101,4.149642
3/31/2008,2.440462,4.08327
4/1/2008,2.603816,4.188923
4/2/2008,2.724032,4.25317
4/3/2008,2.756537,4.275601
4/4/2008,2.619805,4.112789
4/7/2008,2.700848,4.182331
4/8/2008,2.672821,4.209143
4/9/2008,2.564041,4.121066
4/10/2008,2.643205,4.172974
4/11/2008,2.570566,4.116635
4/14/2008,2.616019,4.183737
4/15/2008,2.738204,4.271409
4/16/2008,2.932571,4.423456
4/17/2008,3.070482,4.431771
4/18/2008,3.110698,4.411195
4/21/2008,3.092477,4.363313
4/22/2008,3.132354,4.353223
4/23/2008,3.120052,4.372451
4/24/2008,3.274418,4.484559
4/25/2008,3.301506,4.515463
4/28/2008,3.235414,4.470142
4/29/2008,3.192899,4.452676
4/30/2008,3.111999,4.372499
5/1/2008,3.151691,4.364506
5/2/2008,3.212856,4.456633
5/5/2008,3.191471,4.460092
5/6/2008,3.16492,4.51769
5/7/2008,3.114662,4.480094
5/8/2008,3.018691,4.3919
5/9/2008,3.017582,4.370935
5/12/2008,3.067193,4.378031
5/13/2008,3.301986,4.549449
5/14/2008,3.384911,4.567437
5/15/2008,3.241122,4.438443
5/16/2008,3.231463,4.438241
5/19/2008,3.168753,4.413102
5/20/2008,3.084512,4.3657
5/21/2008,3.161827,4.417317
5/22/2008,3.313496,4.529818
5/23/2008,3.228907,4.45262
5/27/2008,3.329731,4.560713
5/28/2008,3.438015,4.654679
5/29/2008,3.487319,4.734228
5/30/2008,3.456001,4.691524
6/2/2008,3.341161,4.619337
6/3/2008,3.274171,4.551024
6/4/2008,3.277794,4.617381
6/5/2008,3.362786,4.757987
6/6/2008,3.326481,4.688841
6/9/2008,3.671677,4.738007
6/10/2008,3.840161,4.85386
6/11/2008,3.742186,4.783548
6/12/2008,3.930493,4.906317
6/13/2008,3.97419,4.96888
6/16/2008,3.990148,4.957804
6/17/2008,3.874084,4.908069
6/18/2008,3.769077,4.80536
6/19/2008,3.82403,4.845327
6/20/2008,3.75702,4.824497
6/23/2008,3.865348,4.872747
6/24/2008,3.779108,4.808403
6/25/2008,3.724495,4.811398
6/26/2008,3.588062,4.73828
6/27/2008,3.557856,4.698562
6/30/2008,3.55017,4.671748
7/1/2008,3.559367,4.707039
7/2/2008,3.536674,4.687424
7/3/2008,3.514819,4.725628
7/7/2008,3.444391,4.708713
7/8/2008,3.400266,4.620801
7/9/2008,3.324401,4.529877
7/10/2008,3.35709,4.521131
7/11/2008,3.465268,4.625959
7/14/2008,3.381869,4.572146
7/15/2008,3.30742,4.531448
7/16/2008,3.355636,4.624003
7/17/2008,3.544044,4.791941
7/18/2008,3.617192,4.848522
7/21/2008,3.610664,4.811443
7/22/2008,3.66384,4.827177
7/23/2008,3.726293,4.852373
7/24/2008,3.523199,4.702826
7/25/2008,3.604681,4.800393
7/28/2008,3.484044,4.713696
7/29/2008,3.519705,4.743755
7/30/2008,3.480803,4.725274
7/31/2008,3.421194,4.676946
8/1/2008,3.429195,4.665987
8/4/2008,3.477446,4.71713
8/5/2008,3.467543,4.736145
8/6/2008,3.500252,4.784367
8/7/2008,3.39756,4.686819
8/8/2008,3.439047,4.697163
8/11/2008,3.482401,4.740563
8/12/2008,3.366404,4.644886
8/13/2008,3.405973,4.657876
8/14/2008,3.390215,4.61881
8/15/2008,3.376172,4.597081
8/18/2008,3.372233,4.584197
8/19/2008,3.335858,4.587452
8/20/2008,3.25946,4.510762
8/21/2008,3.315073,4.539065
8/22/2008,3.408379,4.578684
8/25/2008,3.338742,4.52436
8/26/2008,3.326038,4.500234
8/27/2008,3.274983,4.480607
8/28/2008,3.311683,4.480522
8/29/2008,3.322951,4.48171
9/2/2008,3.257924,4.43395
9/3/2008,3.226805,4.388797
9/4/2008,3.159692,4.3207
9/5/2008,3.211959,4.33852
9/8/2008,3.178877,4.26599
9/9/2008,3.1414,4.223919
9/10/2008,3.142793,4.254247
9/11/2008,3.110218,4.221021
9/12/2008,3.171008,4.341974
9/15/2008,2.792744,4.091808
9/16/2008,2.945926,4.125855
9/17/2008,2.894649,4.07801
9/18/2008,3.008923,4.098395
9/19/2008,3.33028,4.438926
9/22/2008,3.365657,4.504811
9/23/2008,3.482066,4.551461
9/24/2008,3.641287,4.523705
9/25/2008,3.627402,4.567672
9/26/2008,3.48677,4.502357
9/29/2008,3.135566,4.265467
9/30/2008,3.484215,4.485561
10/1/2008,3.376581,4.423004
10/2/2008,3.269094,4.339739
10/3/2008,3.117659,4.304025
10/6/2008,2.728538,4.056925
10/7/2008,2.776168,4.114711
10/8/2008,2.883051,4.225915
10/9/2008,3.125244,4.412258
10/10/2008,3.047938,4.467199
10/14/2008,3.020798,4.606087
10/15/2008,2.967153,4.598728
10/16/2008,2.851166,4.51601
10/17/2008,2.732593,4.480452
10/20/2008,2.727538,4.346409
10/21/2008,2.526338,4.088626
10/22/2008,2.564236,4.023531
10/23/2008,2.613971,3.931824
10/24/2008,2.73085,4.169499
10/27/2008,2.734799,4.214651
10/28/2008,2.721535,4.353602
10/29/2008,2.698065,4.362875
10/30/2008,2.752443,4.417498
10/31/2008,2.769499,4.452159
11/3/2008,2.666502,4.42777
11/4/2008,2.506041,4.253975
11/5/2008,2.419545,4.092956
11/6/2008,2.395652,4.132043
11/7/2008,2.439553,4.189797
11/10/2008,2.329718,4.169135
11/12/2008,2.252934,4.033773
11/13/2008,2.41526,4.139341
11/14/2008,2.391881,4.075218
11/17/2008,2.288289,4.010354
11/18/2008,2.215507,3.8266
11/19/2008,2.144553,3.644511
11/20/2008,2.036878,3.281976
11/21/2008,2.155429,3.409686
11/24/2008,2.347558,3.567325
11/25/2008,2.128405,3.238753
11/26/2008,2.118022,3.191187
11/28/2008,2.109416,3.151186
12/1/2008,1.984604,2.92567
12/2/2008,1.976966,2.921557
12/3/2008,1.996375,2.94944
12/4/2008,2.007209,2.891186
12/5/2008,2.13221,2.939053
12/8/2008,2.137563,2.989715
12/9/2008,2.039596,2.966
12/10/2008,1.956153,2.941372
12/11/2008,1.944315,2.867976
12/12/2008,2.01601,2.813749
12/15/2008,1.781312,2.757654
12/16/2008,1.498394,2.541289
12/17/2008,1.527312,2.36769
12/18/2008,1.529646,2.300299
12/19/2008,1.508971,2.416575
12/22/2008,1.575523,2.461165
12/23/2008,1.547059,2.497705
12/24/2008,1.575686,2.558288
12/26/2008,1.559668,2.495534
12/29/2008,1.461797,2.471974
12/30/2008,1.4376,2.473621
12/31/2008,1.47199,2.572684
1/2/2009,1.645211,2.801223
1/5/2009,1.565862,2.853495
1/6/2009,1.4833,2.784099
1/7/2009,1.419306,2.700312
1/8/2009,1.383454,2.596366
1/9/2009,1.283506,2.546601
1/12/2009,1.242199,2.447832
1/13/2009,1.247677,2.442312
1/14/2009,1.245225,2.345304
1/15/2009,1.344506,2.368212
1/16/2009,1.300746,2.422533
1/20/2009,1.305612,2.455414
1/21/2009,1.444099,2.643242
1/22/2009,1.420987,2.726403
1/23/2009,1.46312,2.78163
1/26/2009,1.493764,2.828603
1/27/2009,1.424398,2.729068
1/28/2009,1.43954,2.86144
1/29/2009,1.544331,3.02668
1/30/2009,1.659166,3.069719
2/2/2009,1.627894,2.946248
2/3/2009,1.628418,3.054505
2/4/2009,1.654579,3.134287
2/5/2009,1.621007,3.133533
2/6/2009,1.572586,3.205287
2/9/2009,1.627319,3.256314
2/10/2009,1.623777,3.110622
2/11/2009,1.559623,3.00801
2/12/2009,1.504434,2.948261
2/13/2009,1.635973,3.121386
2/17/2009,1.565518,2.947734
2/18/2009,1.616986,3.011381
2/19/2009,1.628653,3.106902
2/20/2009,1.582227,3.026553
2/23/2009,1.581041,3.017942
2/24/2009,1.626598,3.054629
2/25/2009,1.721203,3.245511
2/26/2009,1.702301,3.278334
2/27/2009,1.679976,3.340155
3/2/2009,1.579024,3.234095
3/3/2009,1.621149,3.243044
3/4/2009,1.684018,3.314985
3/5/2009,1.639737,3.089201
3/6/2009,1.689782,3.079482
3/9/2009,1.767406,3.130911
3/10/2009,1.781127,3.208244
3/11/2009,1.717634,3.120189
3/12/2009,1.673052,3.066728
3/13/2009,1.661615,3.11044
3/16/2009,1.682364,3.161943
3/17/2009,1.714575,3.216939
3/18/2009,1.452091,2.919074
3/19/2009,1.492052,2.892992
3/20/2009,1.50836,2.946635
3/23/2009,1.491461,2.933934
3/24/2009,1.500305,2.912573
3/25/2009,1.535318,2.998249
3/26/2009,1.474163,2.931126
3/27/2009,1.446489,2.942812
3/30/2009,1.399322,2.894757
3/31/2009,1.383054,2.870444
4/1/2009,1.386639,2.858407
4/2/2009,1.433084,2.930946
4/3/2009,1.537275,3.090069
4/6/2009,1.553411,3.150686
4/7/2009,1.518608,3.126051
4/8/2009,1.498916,3.055896
4/9/2009,1.505534,3.113653
4/13/2009,1.451487,3.043698
4/14/2009,1.421058,2.96828
4/15/2009,1.391819,2.922056
4/16/2009,1.45692,2.972716
4/17/2009,1.560201,3.101928
4/20/2009,1.537321,3.026742
4/21/2009,1.595623,3.059852
4/22/2009,1.591395,3.105644
4/23/2009,1.555088,3.060996
4/24/2009,1.577352,3.142292
4/27/2009,1.475335,3.056193
4/28/2009,1.500545,3.107796
4/29/2009,1.490758,3.199932
4/30/2009,1.472844,3.230578
5/1/2009,1.495284,3.315071
5/4/2009,1.514568,3.31074
5/5/2009,1.472796,3.291188
5/6/2009,1.417283,3.268264
5/7/2009,1.43492,3.407247
5/8/2009,1.432191,3.409637
5/11/2009,1.366294,3.289742
5/12/2009,1.33436,3.271179
5/13/2009,1.281546,3.191583
5/14/2009,1.278544,3.206824
5/15/2009,1.25714,3.216231
5/18/2009,1.270859,3.290222
5/19/2009,1.252584,3.318616
5/20/2009,1.186296,3.290996
5/21/2009,1.228652,3.454399
5/22/2009,1.285301,3.593125
5/26/2009,1.3381,3.653249
5/27/2009,1.387802,3.989587
5/28/2009,1.388316,3.961354
5/29/2009,1.312879,3.649056
6/1/2009,1.436901,4.029625
6/2/2009,1.392995,3.964967
6/3/2009,1.318792,3.832975
6/4/2009,1.424606,4.043516
6/5/2009,1.815049,4.224682
6/8/2009,1.925498,4.324874
6/9/2009,1.756407,4.216013
6/10/2009,1.820163,4.326674
6/11/2009,1.775333,4.207639
6/12/2009,1.681213,4.065711
6/15/2009,1.626163,3.949074
6/16/2009,1.620427,3.88685
6/17/2009,1.583795,3.833238
6/18/2009,1.742009,4.073763
6/19/2009,1.686425,4.041223
6/22/2009,1.588273,3.935149
6/23/2009,1.554275,3.879998
6/24/2009,1.588612,3.920178
6/25/2009,1.468634,3.75827
6/26/2009,1.445889,3.698477
6/29/2009,1.478536,3.702726
6/30/2009,1.522892,3.764496
7/1/2009,1.473048,3.77459
7/2/2009,1.387902,3.708335
7/6/2009,1.332822,3.705907
7/7/2009,1.333621,3.647957
7/8/2009,1.242282,3.454374
7/9/2009,1.282787,3.577882
7/10/2009,1.277738,3.467977
7/13/2009,1.314685,3.539364
7/14/2009,1.365756,3.660941
7/15/2009,1.4627,3.838472
7/16/2009,1.412958,3.774362
7/17/2009,1.462751,3.881248
7/20/2009,1.428463,3.819698
7/21/2009,1.339582,3.675172
7/22/2009,1.365286,3.753963
7/23/2009,1.482994,3.950283
7/24/2009,1.442218,3.891673
7/27/2009,1.440901,3.939789
7/28/2009,1.486085,3.90765
7/29/2009,1.526784,3.906196
7/30/2009,1.561362,3.882424
7/31/2009,1.464713,3.732165
8/3/2009,1.578659,3.891951
8/4/2009,1.595693,3.918638
8/5/2009,1.647738,4.024363
8/6/2009,1.637376,4.028486
8/7/2009,1.751285,4.176282
8/10/2009,1.68446,4.077638
8/11/2009,1.604563,3.970979
8/12/2009,1.515911,3.950028
8/13/2009,1.45483,3.805735
8/14/2009,1.442565,3.767512
8/17/2009,1.422864,3.698802
8/18/2009,1.460258,3.775753
8/19/2009,1.420447,3.713423
8/20/2009,1.398651,3.674042
8/21/2009,1.502166,3.808971
8/24/2009,1.433395,3.751186
8/25/2009,1.414736,3.699514
8/26/2009,1.4091,3.677248
8/27/2009,1.383745,3.686111
8/28/2009,1.365225,3.67704
8/31/2009,1.325747,3.606124
9/1/2009,1.281722,3.592302
9/2/2009,1.235745,3.490431
9/3/2009,1.246302,3.51956
9/4/2009,1.274677,3.64157
9/8/2009,1.261849,3.661093
9/9/2009,1.251827,3.650995
9/10/2009,1.199335,3.508997
9/11/2009,1.19537,3.507462
9/14/2009,1.236658,3.592279
9/15/2009,1.271307,3.659191
9/16/2009,1.313915,3.673573
9/17/2009,1.286976,3.588375
9/18/2009,1.355701,3.677622
9/21/2009,1.363533,3.701024
9/22/2009,1.322021,3.670356
9/23/2009,1.250055,3.60802
9/24/2009,1.222888,3.561076
9/25/2009,1.29411,3.492462
9/28/2009,1.287585,3.443852
9/29/2009,1.303623,3.434796
9/30/2009,1.287773,3.449143
10/1/2009,1.20911,3.336074
10/2/2009,1.213923,3.378161
10/5/2009,1.223495,3.392103
10/6/2009,1.232232,3.416824
10/7/2009,1.190328,3.342414
10/8/2009,1.21782,3.404377
10/9/2009,1.32301,3.552494
10/13/2009,1.241437,3.481237
10/14/2009,1.287024,3.590641
10/15/2009,1.325845,3.646079
10/16/2009,1.344653,3.602087
10/19/2009,1.332981,3.573231
10/20/2009,1.268138,3.509712
10/21/2009,1.312476,3.584644
10/22/2009,1.295186,3.599698
10/23/2009,1.353165,3.647921
10/26/2009,1.400906,3.736907
10/27/2009,1.30192,3.640291
10/28/2009,1.261282,3.582779
10/29/2009,1.300084,3.666108
10/30/2009,1.231258,3.560755
11/2/2009,1.259354,3.602233
11/3/2009,1.277162,3.650949
11/4/2009,1.256703,3.71263
11/5/2009,1.218439,3.694683
11/6/2009,1.174673,3.661515
11/9/2009,1.17459,3.630825
11/10/2009,1.156358,3.617692
11/12/2009,1.119288,3.552717
11/13/2009,1.133148,3.541334
11/16/2009,1.058892,3.420349
11/17/2009,1.052447,3.402424
11/18/2009,1.045632,3.455492
11/19/2009,1.021706,3.454774
11/20/2009,1.034071,3.469779
11/23/2009,1.04762,3.469643
11/24/2009,1.013099,3.421512
11/25/2009,1.034222,3.364738
11/27/2009,1.014604,3.297593
11/30/2009,0.996613,3.295028
12/1/2009,1.011684,3.379016
12/2/2009,1.065716,3.428215
12/3/2009,1.078154,3.497314
12/4/2009,1.214768,3.621168
12/7/2009,1.148298,3.593641
12/8/2009,1.090387,3.521943
12/9/2009,1.079161,3.543724
12/10/2009,1.101029,3.593298
12/11/2009,1.14433,3.652912
12/14/2009,1.187104,3.675092
12/15/2009,1.227798,3.745912
12/16/2009,1.197633,3.73355
12/17/2009,1.096448,3.623472
12/18/2009,1.117513,3.67056
12/21/2009,1.204673,3.832674
12/22/2009,1.252907,3.906843
12/23/2009,1.266601,3.897799
12/24/2009,1.318976,3.940559
12/28/2009,1.380711,3.999354
12/29/2009,1.385607,3.964316
12/30/2009,1.360609,3.914475
12/31/2009,1.409785,3.963964
1/4/2010,1.35003,3.950697
1/5/2010,1.282968,3.847633
1/6/2010,1.260403,3.902569
1/7/2010,1.279658,3.928588
1/8/2010,1.22073,3.90544
1/11/2010,1.198059,3.91324
1/12/2010,1.167005,3.814307
1/13/2010,1.208416,3.883566
1/14/2010,1.16393,3.824395
1/15/2010,1.126805,3.772931
1/19/2010,1.155485,3.808284
1/20/2010,1.147628,3.757722
1/21/2010,1.118965,3.711175
1/22/2010,1.100132,3.713958
1/25/2010,1.106699,3.742572
1/26/2010,1.105181,3.74372
1/27/2010,1.157775,3.765497
1/28/2010,1.134286,3.77201
1/29/2010,1.107502,3.727263
2/1/2010,1.135169,3.774011
2/2/2010,1.128303,3.756553
2/3/2010,1.15352,3.810696
2/4/2010,1.101324,3.711799
2/5/2010,1.046009,3.643078
2/8/2010,1.085982,3.688159
2/9/2010,1.11201,3.732538
2/10/2010,1.163877,3.789163
2/11/2010,1.154758,3.823062
2/12/2010,1.111656,3.782335
2/16/2010,1.087202,3.759642
2/17/2010,1.124663,3.837221
2/18/2010,1.146679,3.887266
2/19/2010,1.200136,3.883704
2/22/2010,1.165086,3.891744
2/23/2010,1.112139,3.78339
2/24/2010,1.091282,3.777873
2/25/2010,1.049286,3.714575
2/26/2010,1.038293,3.664264
3/1/2010,1.04076,3.677163
3/2/2010,1.023099,3.672192
3/3/2010,1.030401,3.662242
3/4/2010,1.067009,3.631388
3/5/2010,1.102122,3.716537
3/8/2010,1.111368,3.749784
3/9/2010,1.090415,3.738529
3/10/2010,1.111892,3.743187
3/11/2010,1.14011,3.747887
3/12/2010,1.156608,3.748816
3/15/2010,1.130264,3.73799
3/16/2010,1.086793,3.691372
3/17/2010,1.087844,3.672693
3/18/2010,1.122472,3.702176
3/19/2010,1.176926,3.724741
3/22/2010,1.153002,3.688382
3/23/2010,1.13364,3.649879
3/24/2010,1.193297,3.74219
3/25/2010,1.205953,3.818895
3/26/2010,1.183165,3.783357
3/29/2010,1.193703,3.813449
3/30/2010,1.200829,3.818929
3/31/2010,1.163219,3.799814
4/1/2010,1.182143,3.851203
4/5/2010,1.319465,4.021955
4/6/2010,1.265912,3.952677
4/7/2010,1.187832,3.841206
4/8/2010,1.186798,3.863765
4/9/2010,1.194655,3.864088
4/12/2010,1.174661,3.804109
4/13/2010,1.170631,3.754806
4/14/2010,1.180143,3.81153
4/15/2010,1.159513,3.805431
4/16/2010,1.090067,3.731669
4/19/2010,1.124242,3.786838
4/20/2010,1.153572,3.782775
4/21/2010,1.153095,3.719309
4/22/2010,1.191256,3.762721
4/23/2010,1.243602,3.808318
4/26/2010,1.252943,3.819303
4/27/2010,1.193568,3.700525
4/28/2010,1.208641,3.765886
4/29/2010,1.169733,3.702332
4/30/2010,1.179585,3.651217
5/3/2010,1.243716,3.710879
5/4/2010,1.23605,3.624644
5/5/2010,1.179642,3.557652
5/6/2010,1.16585,3.449695
5/7/2010,1.164109,3.472227
5/10/2010,1.127125,3.5774
5/11/2010,1.137726,3.580522
5/12/2010,1.124986,3.600988
5/13/2010,1.137282,3.594946
5/14/2010,1.123625,3.482895
5/17/2010,1.127271,3.502788
5/18/2010,1.117325,3.433988
5/19/2010,1.123837,3.411855
5/20/2010,1.112998,3.309386
5/21/2010,1.148302,3.232387
5/24/2010,1.229387,3.283443
5/25/2010,1.269022,3.246332
5/26/2010,1.288245,3.300297
5/27/2010,1.272751,3.420704
5/28/2010,1.222404,3.375825
6/1/2010,1.231966,3.385805
6/2/2010,1.243628,3.421898
6/3/2010,1.247126,3.466412
6/4/2010,1.18654,3.298269
6/7/2010,1.1813,3.285887
6/8/2010,1.159257,3.274465
6/9/2010,1.115767,3.282582
6/10/2010,1.144521,3.402034
6/11/2010,1.103093,3.310732
6/14/2010,1.115738,3.354929
6/15/2010,1.112182,3.377315
6/16/2010,1.089256,3.344517
6/17/2010,1.054834,3.243831
6/18/2010,1.045109,3.26975
6/21/2010,1.03013,3.263059
6/22/2010,1.020484,3.209092
6/23/2010,1.013271,3.167403
6/24/2010,1.048491,3.184713
6/25/2010,1.016733,3.17713
6/28/2010,0.975759,3.08807
6/29/2010,0.959006,3.019297
6/30/2010,0.970319,3.012594
7/1/2010,0.969203,2.997332
7/2/2010,0.985196,3.055427
7/6/2010,0.959885,3.008056
7/7/2010,0.934119,3.027127
7/8/2010,0.918608,3.05694
7/9/2010,0.932527,3.1049
7/12/2010,0.940658,3.103117
7/13/2010,0.940261,3.146556
7/14/2010,0.892343,3.084157
7/15/2010,0.864079,2.989854
7/16/2010,0.8314,2.958258
7/19/2010,0.827661,2.988737
7/20/2010,0.795124,2.954662
7/21/2010,0.787463,2.895131
7/22/2010,0.772137,2.929047
7/23/2010,0.814347,3.003719
7/26/2010,0.815668,3.002091
7/27/2010,0.838888,3.034353
7/28/2010,0.779257,2.97547
7/29/2010,0.761203,2.961209
7/30/2010,0.719331,2.886252
8/2/2010,0.724561,2.924154
8/3/2010,0.691826,2.871254
8/4/2010,0.731231,2.914631
8/5/2010,0.704611,2.894899
8/6/2010,0.697505,2.835509
8/9/2010,0.732825,2.805922
8/10/2010,0.700662,2.765711
8/11/2010,0.667764,2.685166
8/12/2010,0.716783,2.726412
8/13/2010,0.718152,2.660842
8/16/2010,0.687013,2.569006
8/17/2010,0.684539,2.635018
8/18/2010,0.672368,2.652158
8/19/2010,0.657828,2.587121
8/20/2010,0.662843,2.627296
8/23/2010,0.646661,2.614789
8/24/2010,0.645077,2.515956
8/25/2010,0.695503,2.550477
8/26/2010,0.672562,2.503924
8/27/2010,0.710609,2.6768
8/30/2010,0.655248,2.553465
8/31/2010,0.653203,2.480478
9/1/2010,0.672921,2.580178
9/2/2010,0.68387,2.620075
9/3/2010,0.687052,2.679912
9/7/2010,0.670926,2.561969
9/8/2010,0.705986,2.616865
9/9/2010,0.752864,2.734793
9/10/2010,0.764773,2.774929
9/13/2010,0.716033,2.725584
9/14/2010,0.669659,2.639499
9/15/2010,0.670649,2.708106
9/16/2010,0.668195,2.763621
9/17/2010,0.675004,2.7569
9/20/2010,0.665908,2.718343
9/21/2010,0.600819,2.610366
9/22/2010,0.608379,2.584072
9/23/2010,0.603872,2.589541
9/24/2010,0.620954,2.640411
9/27/2010,0.605879,2.547149
9/28/2010,0.587362,2.479072
9/29/2010,0.592409,2.539142
9/30/2010,0.592928,2.564691
10/1/2010,0.609589,2.589743
10/4/2010,0.589077,2.548874
10/5/2010,0.575105,2.567927
10/6/2010,0.553355,2.50085
10/7/2010,0.529527,2.487606
10/8/2010,0.506807,2.48092
10/12/2010,0.521893,2.504975
10/13/2010,0.510367,2.5046
10/14/2010,0.539814,2.577789
10/15/2010,0.538198,2.638139
10/18/2010,0.543738,2.556702
10/19/2010,0.533364,2.531284
10/20/2010,0.5063,2.519535
10/21/2010,0.516844,2.586972
10/22/2010,0.523793,2.626063
10/25/2010,0.516493,2.625767
10/26/2010,0.551357,2.7177
10/27/2010,0.56858,2.794922
10/28/2010,0.510418,2.735166
10/29/2010,0.497908,2.689615
11/1/2010,0.497641,2.710821
11/2/2010,0.504723,2.693846
11/3/2010,0.48752,2.718467
11/4/2010,0.469079,2.620543
11/5/2010,0.524904,2.660181
11/8/2010,0.581188,2.696794
11/9/2010,0.642099,2.825728
11/10/2010,0.646011,2.808688
11/12/2010,0.71121,2.893153
11/15/2010,0.719124,3.041166
11/16/2010,0.699981,2.997279
11/17/2010,0.665174,3.023657
11/18/2010,0.673508,3.040975
11/19/2010,0.675432,3.026602
11/22/2010,0.645546,2.957637
11/23/2010,0.622908,2.895243
11/24/2010,0.739922,3.048265
11/26/2010,0.768895,3.010242
11/29/2010,0.760983,2.969164
11/30/2010,0.743401,2.952998
12/1/2010,0.783377,3.116856
12/2/2010,0.785261,3.16512
12/3/2010,0.701975,3.16759
12/6/2010,0.644332,3.09132
12/7/2010,0.751676,3.311679
12/8/2010,0.82135,3.36607
12/9/2010,0.808176,3.307581
12/10/2010,0.844568,3.397449
12/13/2010,0.809419,3.380049
12/14/2010,0.85565,3.558594
12/15/2010,0.914848,3.638898
12/16/2010,0.884758,3.603144
12/17/2010,0.82287,3.412685
12/20/2010,0.81912,3.429113
12/21/2010,0.813305,3.403772
12/22/2010,0.849474,3.429501
12/23/2010,0.890954,3.469749
12/27/2010,0.892002,3.418173
12/28/2010,0.930888,3.548147
12/29/2010,0.824471,3.41076
12/30/2010,0.829305,3.441063
12/31/2010,0.783841,3.368369
1/3/2011,0.790783,3.410952
1/4/2011,0.821771,3.405335
1/5/2011,0.930307,3.562003
1/6/2011,0.921988,3.487448
1/7/2011,0.846926,3.399398
1/10/2011,0.825561,3.376457
1/11/2011,0.831902,3.408071
1/12/2011,0.819947,3.419325
1/13/2011,0.794751,3.358764
1/14/2011,0.803143,3.394292
1/18/2011,0.807318,3.428792
1/19/2011,0.788374,3.401129
1/20/2011,0.851417,3.519945
1/21/2011,0.838793,3.477729
1/24/2011,0.837984,3.482263
1/25/2011,0.801424,3.402729
1/26/2011,0.82051,3.509844
1/27/2011,0.782965,3.464136
1/28/2011,0.764776,3.41768
1/31/2011,0.78964,3.475756
2/1/2011,0.828164,3.539942
2/2/2011,0.87194,3.594503
2/3/2011,0.898834,3.649381
2/4/2011,0.947393,3.745478
2/7/2011,0.957951,3.752548
2/8/2011,1.027612,3.824583
2/9/2011,0.976078,3.754499
2/10/2011,1.026038,3.814911
2/11/2011,1.031763,3.756193
2/14/2011,1.036012,3.720758
2/15/2011,1.025542,3.712647
2/16/2011,1.03389,3.720083
2/17/2011,0.965354,3.666269
2/18/2011,0.948548,3.681284
2/22/2011,0.919123,3.576345
2/23/2011,0.916972,3.596072
2/24/2011,0.901235,3.55047
2/25/2011,0.893207,3.538676
2/28/2011,0.872088,3.525404
3/1/2011,0.850567,3.526647
3/2/2011,0.875589,3.585223
3/3/2011,0.968478,3.698052
3/4/2011,0.876435,3.605635
3/7/2011,0.885922,3.603438
3/8/2011,0.905195,3.641884
3/9/2011,0.871618,3.567356
3/10/2011,0.837294,3.497028
3/11/2011,0.814234,3.502735
3/14/2011,0.781405,3.460794
3/15/2011,0.793177,3.434221
3/16/2011,0.753991,3.318724
3/17/2011,0.779595,3.35342
3/18/2011,0.779268,3.368897
3/21/2011,0.824329,3.424948
3/22/2011,0.839858,3.440133
3/23/2011,0.84759,3.456802
3/24/2011,0.872117,3.50948
3/25/2011,0.926848,3.547885
3/28/2011,0.965227,3.554419
3/29/2011,0.994346,3.595826
3/30/2011,0.966762,3.55194
3/31/2011,0.945027,3.549433
4/1/2011,0.972323,3.543118
4/4/2011,0.937503,3.52723
4/5/2011,0.986613,3.58918
4/6/2011,1.000764,3.64427
4/7/2011,0.959336,3.645416
4/8/2011,0.970156,3.660011
4/11/2011,0.983029,3.661212
4/12/2011,0.915263,3.585792
4/13/2011,0.887709,3.543469
4/14/2011,0.916455,3.572015
4/15/2011,0.848586,3.489332
4/18/2011,0.810722,3.432549
4/19/2011,0.80702,3.42508
4/20/2011,0.82134,3.470797
4/21/2011,0.819789,3.46879
4/25/2011,0.807929,3.437092
4/26/2011,0.787272,3.389365
4/27/2011,0.798368,3.431072
4/28/2011,0.762593,3.372653
4/29/2011,0.765565,3.360943
5/2/2011,0.765151,3.354474
5/3/2011,0.766123,3.330699
5/4/2011,0.753203,3.295736
5/5/2011,0.745587,3.246809
5/6/2011,0.730048,3.240895
5/9/2011,0.714169,3.22317
5/10/2011,0.746132,3.278827
5/11/2011,0.720468,3.244601
5/12/2011,0.727056,3.293599
5/13/2011,0.724225,3.254774
5/16/2011,0.703453,3.22191
5/17/2011,0.703898,3.18769
5/18/2011,0.740932,3.249682
5/19/2011,0.709598,3.253823
5/20/2011,0.701632,3.236471
5/23/2011,0.71549,3.223345
5/24/2011,0.711771,3.211071
5/25/2011,0.705512,3.214789
5/26/2011,0.667246,3.140613
5/27/2011,0.657369,3.156308
5/31/2011,0.648869,3.14632
6/1/2011,0.625469,3.077023
6/2/2011,0.643467,3.138877
6/3/2011,0.620671,3.111469
6/6/2011,0.613927,3.124457
6/7/2011,0.605652,3.132845
6/8/2011,0.577392,3.074451
6/9/2011,0.601737,3.09703
6/10/2011,0.586315,3.071941
6/13/2011,0.592594,3.097003
6/14/2011,0.634645,3.200524
6/15/2011,0.621025,3.098695
6/16/2011,0.646766,3.056703
6/17/2011,0.635181,3.082266
6/20/2011,0.638784,3.102179
6/21/2011,0.634928,3.123443
6/22/2011,0.624568,3.109592
6/23/2011,0.611906,3.031684
6/24/2011,0.62701,3.00451
6/27/2011,0.657,3.057016
6/28/2011,0.713797,3.160184
6/29/2011,0.698405,3.218421
6/30/2011,0.681668,3.25702
7/1/2011,0.71301,3.308073
7/5/2011,0.677009,3.253194
7/6/2011,0.667782,3.226949
7/7/2011,0.704899,3.277378
7/8/2011,0.624722,3.149817
7/11/2011,0.637052,3.074014
7/12/2011,0.646747,3.061765
7/13/2011,0.630596,3.036204
7/14/2011,0.621216,3.073129
7/15/2011,0.643088,3.03952
7/18/2011,0.640174,3.021461
7/19/2011,0.650152,3.026893
7/20/2011,0.640493,3.061955
7/21/2011,0.647193,3.124935
7/22/2011,0.612145,3.055769
7/25/2011,0.626138,3.088766
7/26/2011,0.613629,3.040597
7/27/2011,0.641305,3.069271
7/28/2011,0.628327,3.053928
7/29/2011,0.584918,2.915124
8/1/2011,0.570198,2.858896
8/2/2011,0.568121,2.742813
8/3/2011,0.563761,2.713757
8/4/2011,0.514812,2.598524
8/5/2011,0.532455,2.720037
8/8/2011,0.535186,2.557195
8/9/2011,0.425484,2.381466
8/10/2011,0.417501,2.339653
8/11/2011,0.419067,2.478198
8/12/2011,0.436512,2.399485
8/15/2011,0.439881,2.423656
8/16/2011,0.437288,2.343157
8/17/2011,0.439187,2.275933
8/18/2011,0.456078,2.197065
8/19/2011,0.475086,2.202055
8/22/2011,0.516856,2.241493
8/23/2011,0.541177,2.289388
8/24/2011,0.517484,2.409863
8/25/2011,0.507509,2.404533
8/26/2011,0.492669,2.351485
8/29/2011,0.506774,2.429402
8/30/2011,0.494359,2.355747
8/31/2011,0.488398,2.399031
9/1/2011,0.487326,2.325738
9/2/2011,0.508871,2.192205
9/6/2011,0.515194,2.188178
9/7/2011,0.519876,2.229285
9/8/2011,0.497386,2.171002
9/9/2011,0.514787,2.13066
9/12/2011,0.533957,2.145483
9/13/2011,0.534825,2.200793
9/14/2011,0.536659,2.214066
9/15/2011,0.508625,2.262378
9/16/2011,0.497085,2.260286
9/19/2011,0.472752,2.141935
9/20/2011,0.462493,2.147145
9/21/2011,0.49144,2.084038
9/22/2011,0.515078,1.899672
9/23/2011,0.515613,1.982187
9/26/2011,0.51302,2.084522
9/27/2011,0.532673,2.18623
9/28/2011,0.552289,2.173311
9/29/2011,0.556648,2.130181
9/30/2011,0.572541,2.104867
10/3/2011,0.595011,1.995215
10/4/2011,0.638402,2.023446
10/5/2011,0.633577,2.131747
10/6/2011,0.642885,2.191123
10/7/2011,0.677349,2.263009
10/11/2011,0.685537,2.345331
10/12/2011,0.650165,2.380128
10/13/2011,0.656032,2.339578
10/14/2011,0.648967,2.41281
10/17/2011,0.649484,2.34753
10/18/2011,0.640028,2.348234
10/19/2011,0.635955,2.346809
10/20/2011,0.630814,2.365202
10/21/2011,0.646684,2.396133
10/24/2011,0.642328,2.42778
10/25/2011,0.621065,2.316652
10/26/2011,0.648597,2.38539
10/27/2011,0.637529,2.547779
10/28/2011,0.582339,2.440968
10/31/2011,0.562019,2.323148
11/1/2011,0.575352,2.167812
11/2/2011,0.563446,2.17226
11/3/2011,0.570199,2.225685
11/4/2011,0.571344,2.203273
11/7/2011,0.589264,2.156591
11/8/2011,0.60006,2.223524
11/9/2011,0.641599,2.150064
11/10/2011,0.673367,2.221865
11/14/2011,0.703684,2.233568
11/15/2011,0.70423,2.247476
11/16/2011,0.743288,2.219233
11/17/2011,0.792059,2.150963
11/18/2011,0.771889,2.172105
11/21/2011,0.800692,2.148859
11/22/2011,0.774246,2.121887
11/23/2011,0.801951,2.083334
11/25/2011,0.810005,2.146128
11/28/2011,0.800351,2.151468
11/29/2011,0.77271,2.170055
11/30/2011,0.659695,2.202945
12/1/2011,0.674262,2.270685
12/2/2011,0.699042,2.21705
12/5/2011,0.686634,2.197604
12/6/2011,0.686036,2.226143
12/7/2011,0.655269,2.144395
12/8/2011,0.63711,2.099653
12/9/2011,0.641305,2.169854
12/12/2011,0.669411,2.150709
12/13/2011,0.685581,2.10525
12/14/2011,0.721279,2.04544
12/15/2011,0.715616,2.070704
12/16/2011,0.720063,2.02374
12/19/2011,0.734772,2.001756
12/20/2011,0.735364,2.096288
12/21/2011,0.738456,2.124525
12/22/2011,0.753992,2.107654
12/23/2011,0.773286,2.191973
12/27/2011,0.779671,2.171166
12/28/2011,0.778998,2.06735
12/29/2011,0.758133,2.055483
12/30/2011,0.724151,2.036479
1/3/2012,0.738282,2.110677
1/4/2012,0.725513,2.128085
1/5/2012,0.715878,2.121191
1/6/2012,0.678341,2.094886
1/9/2012,0.642736,2.0913
1/10/2012,0.637465,2.109581
1/11/2012,0.609118,2.0483
1/12/2012,0.580332,2.064053
1/13/2012,0.571948,2.000039
1/17/2012,0.557666,1.983326
1/18/2012,0.580304,2.030157
1/19/2012,0.579943,2.095046
1/20/2012,0.592287,2.1558
1/23/2012,0.579462,2.185449
1/24/2012,0.582914,2.167679
1/25/2012,0.560758,2.110387
1/26/2012,0.529491,2.034065
1/27/2012,0.534574,2.012364
1/30/2012,0.541076,1.959645
1/31/2012,0.51659,1.911542
2/1/2012,0.501235,1.939796
2/2/2012,0.48642,1.927897
2/3/2012,0.507671,2.057029
2/6/2012,0.514413,2.00897
2/7/2012,0.542529,2.076421
2/8/2012,0.536051,2.089492
2/9/2012,0.533152,2.122302
2/10/2012,0.54395,2.046386
2/13/2012,0.569374,2.070696
2/14/2012,0.571119,2.004388
2/15/2012,0.558461,2.006119
2/16/2012,0.583831,2.063799
2/17/2012,0.581223,2.081736
2/21/2012,0.595098,2.134746
2/22/2012,0.589849,2.090209
2/23/2012,0.598775,2.077405
2/24/2012,0.617264,2.078851
2/27/2012,0.591143,2.023129
2/28/2012,0.571122,2.025057
2/29/2012,0.560412,2.065167
3/1/2012,0.553877,2.117532
3/2/2012,0.526496,2.068239
3/5/2012,0.559189,2.081997
3/6/2012,0.554638,2.029732
3/7/2012,0.553006,2.053173
3/8/2012,0.556388,2.094177
3/9/2012,0.575171,2.114734
3/12/2012,0.575122,2.099936
3/13/2012,0.606115,2.177142
3/14/2012,0.649358,2.326678
3/15/2012,0.630928,2.34011
3/16/2012,0.613832,2.353497
3/19/2012,0.632212,2.450264
3/20/2012,0.660798,2.454938
3/21/2012,0.640509,2.367511
3/22/2012,0.631607,2.344967
3/23/2012,0.61073,2.308003
3/26/2012,0.59725,2.316739
3/27/2012,0.565392,2.245549
3/28/2012,0.571669,2.257719
3/29/2012,0.578788,2.224584
3/30/2012,0.581466,2.289431
4/2/2012,0.584532,2.277654
4/3/2012,0.619457,2.374087
4/4/2012,0.624931,2.33448
4/5/2012,0.629798,2.274439
4/6/2012,0.609694,2.142481
4/9/2012,0.605074,2.116743
4/10/2012,0.599123,2.096826
4/11/2012,0.584462,2.130501
4/12/2012,0.566479,2.149779
4/13/2012,0.565088,2.103069
4/16/2012,0.565642,2.079946
4/17/2012,0.559027,2.112905
4/18/2012,0.559675,2.093332
4/19/2012,0.565571,2.064306
4/20/2012,0.565436,2.077835
4/23/2012,0.57002,2.054191
4/24/2012,0.576022,2.087208
4/25/2012,0.554732,2.105056
4/26/2012,0.556916,2.08713
4/27/2012,0.556965,2.059553
4/30/2012,0.550124,2.040259
5/1/2012,0.545673,2.079913
5/2/2012,0.546598,2.048309
5/3/2012,0.542781,2.047059
5/4/2012,0.545586,2.012936
5/7/2012,0.548979,2.015294
5/8/2012,0.563435,1.988941
5/9/2012,0.586349,1.996599
5/10/2012,0.577517,2.01783
5/11/2012,0.602531,1.9858
5/14/2012,0.639727,1.944587
5/15/2012,0.659683,1.93181
5/16/2012,0.648054,1.896319
5/17/2012,0.648822,1.827822
5/18/2012,0.661198,1.82649
5/21/2012,0.640091,1.855714
5/22/2012,0.633875,1.919711
5/23/2012,0.647798,1.863663
5/24/2012,0.638468,1.896715
5/25/2012,0.637923,1.889565
5/29/2012,0.629496,1.879969
5/30/2012,0.617563,1.782546
5/31/2012,0.615921,1.74769
6/1/2012,0.621235,1.676491
6/4/2012,0.624175,1.735479
6/5/2012,0.606279,1.753107
6/6/2012,0.592955,1.819515
6/7/2012,0.572194,1.833925
6/8/2012,0.571876,1.828534
6/11/2012,0.571323,1.790069
6/12/2012,0.591469,1.827094
6/13/2012,0.593688,1.760819
6/14/2012,0.597115,1.762021
6/15/2012,0.548371,1.735208
6/18/2012,0.535697,1.737718
6/19/2012,0.534042,1.774183
6/20/2012,0.534322,1.790516
6/21/2012,0.556688,1.770865
6/22/2012,0.539398,1.801701
6/25/2012,0.526314,1.744502
6/26/2012,0.539364,1.761655
6/27/2012,0.545948,1.751759
6/28/2012,0.554452,1.713129
6/29/2012,0.547829,1.782516
7/2/2012,0.544042,1.725432
7/3/2012,0.539547,1.768056
7/5/2012,0.531209,1.743454
7/6/2012,0.519611,1.691674
7/9/2012,0.52071,1.650497
7/10/2012,0.523472,1.630206
7/11/2012,0.498181,1.622681
7/12/2012,0.477816,1.597016
7/13/2012,0.481703,1.622372
7/16/2012,0.466746,1.603548
7/17/2012,0.471778,1.645662
7/18/2012,0.460125,1.617766
7/19/2012,0.447941,1.641194
7/20/2012,0.44646,1.59299
7/23/2012,0.446913,1.57104
7/24/2012,0.443774,1.543977
7/25/2012,0.442163,1.542261
7/26/2012,0.437184,1.558828
7/27/2012,0.451473,1.676332
7/30/2012,0.421769,1.614606
7/31/2012,0.422342,1.611173
8/1/2012,0.432285,1.670479
8/2/2012,0.435415,1.629536
8/3/2012,0.44351,1.721878
8/6/2012,0.43297,1.697346
8/7/2012,0.451695,1.76603
8/8/2012,0.468529,1.778248
8/9/2012,0.478123,1.7944
8/10/2012,0.464847,1.753895
8/13/2012,0.46471,1.758412
8/14/2012,0.469553,1.822475
8/15/2012,0.485625,1.91739
8/16/2012,0.496269,1.949912
8/17/2012,0.497167,1.916185
8/20/2012,0.494082,1.918237
8/21/2012,0.496348,1.907867
8/22/2012,0.466612,1.820835
8/23/2012,0.439007,1.765177
8/24/2012,0.447838,1.777599
8/27/2012,0.444688,1.745728
8/28/2012,0.440114,1.719289
8/29/2012,0.445427,1.753023
8/30/2012,0.427986,1.721129
8/31/2012,0.398635,1.671219
9/4/2012,0.397405,1.682022
9/5/2012,0.397255,1.688132
9/6/2012,0.421446,1.776807
9/7/2012,0.404917,1.766091
9/10/2012,0.398891,1.775334
9/11/2012,0.39768,1.791655
9/12/2012,0.400259,1.854097
9/13/2012,0.374809,1.813548
9/14/2012,0.374969,1.89735
9/17/2012,0.377088,1.872341
9/18/2012,0.387813,1.846186
9/19/2012,0.387689,1.80339
9/20/2012,0.393567,1.782671
9/21/2012,0.389143,1.771002
9/24/2012,0.393537,1.738317
9/25/2012,0.400322,1.711184
9/26/2012,0.419494,1.668585
9/27/2012,0.397066,1.692582
9/28/2012,0.367929,1.705307
10/1/2012,0.370312,1.695096
10/2/2012,0.37406,1.688958
10/3/2012,0.36716,1.683422
10/4/2012,0.372893,1.73733
10/5/2012,0.392057,1.794063
10/9/2012,0.382884,1.776266
10/10/2012,0.388244,1.746745
10/11/2012,0.38549,1.716322
10/12/2012,0.377842,1.712853
10/15/2012,0.370853,1.716632
10/16/2012,0.363049,1.757228
10/17/2012,0.38197,1.842263
10/18/2012,0.389959,1.849109
10/19/2012,0.398559,1.794976
10/22/2012,0.399457,1.822712
10/23/2012,0.394766,1.8054
10/24/2012,0.383662,1.80419
10/25/2012,0.411774,1.866633
10/26/2012,0.398762,1.78755
10/29/2012,0.394822,1.763488
10/31/2012,0.383471,1.730362
11/1/2012,0.379062,1.752377
11/2/2012,0.377449,1.750801
11/5/2012,0.371146,1.712747
11/6/2012,0.398304,1.781269
11/7/2012,0.369821,1.675793
11/8/2012,0.369618,1.643547
11/9/2012,0.377657,1.643175
11/13/2012,0.370584,1.631675
11/14/2012,0.364979,1.624827
11/15/2012,0.373484,1.629136
11/16/2012,0.377932,1.619422
11/19/2012,0.375419,1.655148
11/20/2012,0.376783,1.691797
11/21/2012,0.391023,1.721595
11/23/2012,0.398292,1.727482
11/26/2012,0.399419,1.703314
11/27/2012,0.389988,1.675386
11/28/2012,0.379133,1.653546
11/29/2012,0.376223,1.661168
11/30/2012,0.370351,1.656343
12/3/2012,0.371188,1.670409
12/4/2012,0.367043,1.657397
12/5/2012,0.361975,1.640459
12/6/2012,0.358134,1.63698
12/7/2012,0.352475,1.676668
12/10/2012,0.354684,1.668435
12/11/2012,0.354055,1.694474
12/12/2012,0.354158,1.740826
12/13/2012,0.360765,1.767593
12/14/2012,0.359706,1.756585
12/17/2012,0.371594,1.814056
12/18/2012,0.390965,1.875069
12/19/2012,0.398418,1.842482
12/20/2012,0.399786,1.843098
12/21/2012,0.397928,1.803196
12/24/2012,0.408923,1.827993
12/26/2012,0.408742,1.816595
12/27/2012,0.404156,1.778338
12/28/2012,0.393176,1.76649
12/31/2012,0.384955,1.797312
1/2/2013,0.384969,1.876252
1/3/2013,0.390477,1.927184
1/4/2013,0.400307,1.939275
1/7/2013,0.394001,1.928726
1/8/2013,0.386078,1.892647
1/9/2013,0.374762,1.87765
1/10/2013,0.380653,1.917067
1/11/2013,0.383617,1.903994
1/14/2013,0.378623,1.883561
1/15/2013,0.37199,1.860082
1/16/2013,0.373823,1.857361
1/17/2013,0.404405,1.913672
1/18/2013,0.398631,1.894059
1/22/2013,0.393392,1.885761
1/23/2013,0.389196,1.883302
1/24/2013,0.392924,1.894281
1/25/2013,0.429973,2.004183
1/28/2013,0.445931,2.033106
1/29/2013,0.442237,2.048819
1/30/2013,0.431714,2.077225
1/31/2013,0.431219,2.055601
2/1/2013,0.423508,2.093164
2/4/2013,0.42072,2.059259
2/5/2013,0.429249,2.09502
2/6/2013,0.411246,2.04237
2/7/2013,0.405964,2.027704
2/8/2013,0.406151,2.03256
2/11/2013,0.412048,2.028325
2/12/2013,0.4195,2.068438
2/13/2013,0.427397,2.105726
2/14/2013,0.415953,2.060714
2/15/2013,0.418861,2.068348
2/19/2013,0.419404,2.095254
2/20/2013,0.419243,2.092475
2/21/2013,0.403443,2.0462
2/22/2013,0.396713,2.037965
2/25/2013,0.389236,1.974743
2/26/2013,0.392395,1.965518
2/27/2013,0.392856,1.991554
2/28/2013,0.385851,1.977641
3/1/2013,0.377626,1.945717
3/4/2013,0.375977,1.961486
3/5/2013,0.379316,1.973651
3/6/2013,0.381629,2.018488
3/7/2013,0.393129,2.073743
3/8/2013,0.398407,2.13834
3/11/2013,0.39886,2.139228
3/12/2013,0.395279,2.106616
3/13/2013,0.394684,2.102126
3/14/2013,0.40084,2.122616
3/15/2013,0.389972,2.087059
3/18/2013,0.39197,2.056136
3/19/2013,0.422654,2.018802
3/20/2013,0.414034,2.049738
3/21/2013,0.422404,2.053279
3/22/2013,0.429128,2.044875
3/25/2013,0.428025,2.049585
3/26/2013,0.430398,2.060394
3/27/2013,0.428402,2.008058
3/28/2013,0.423009,2.020531
4/1/2013,0.412798,1.996011
4/2/2013,0.409698,2.015685
4/3/2013,0.394238,1.971866
4/4/2013,0.383918,1.924906
4/5/2013,0.372277,1.861699
4/8/2013,0.377043,1.918201
4/9/2013,0.37767,1.922672
4/10/2013,0.379431,1.973411
4/11/2013,0.374023,1.959092
4/12/2013,0.371723,1.899169
4/15/2013,0.366105,1.87195
4/16/2013,0.369025,1.89075
4/17/2013,0.368654,1.869943
4/18/2013,0.369355,1.847449
4/19/2013,0.370559,1.8692
4/22/2013,0.36153,1.870494
4/23/2013,0.364446,1.881772
4/24/2013,0.361715,1.870629
4/25/2013,0.360785,1.883098
4/26/2013,0.358632,1.844556
4/29/2013,0.350482,1.838176
4/30/2013,0.351117,1.849423
5/1/2013,0.345132,1.820106
5/2/2013,0.342067,1.812554
5/3/2013,0.354378,1.918308
5/6/2013,0.358237,1.951935
5/7/2013,0.363104,1.961252
5/8/2013,0.359271,1.94295
5/9/2013,0.358085,1.957613
5/10/2013,0.369143,2.040666
5/13/2013,0.378955,2.064888
5/14/2013,0.381846,2.09637
5/15/2013,0.381543,2.076703
5/16/2013,0.370546,1.992793
5/17/2013,0.388592,2.086616
5/20/2013,0.38743,2.093655
5/21/2013,0.3869,2.066728
5/22/2013,0.393263,2.155469
5/23/2013,0.397175,2.157011
5/24/2013,0.40428,2.156178
5/28/2013,0.452357,2.296283
5/29/2013,0.468273,2.286744
5/30/2013,0.461184,2.288553
5/31/2013,0.47287,2.337146
6/3/2013,0.462498,2.314341
6/4/2013,0.46402,2.331582
6/5/2013,0.45949,2.291419
6/6/2013,0.458557,2.265819
6/7/2013,0.478971,2.354266
6/10/2013,0.498095,2.419325
6/11/2013,0.497631,2.391815
6/12/2013,0.500539,2.421999
6/13/2013,0.472072,2.35504
6/14/2013,0.430919,2.299817
6/17/2013,0.423494,2.347659
6/18/2013,0.419147,2.364265
6/19/2013,0.463255,2.518094
6/20/2013,0.508825,2.647199
6/21/2013,0.562248,2.742672
6/24/2013,0.579756,2.772742
6/25/2013,0.576994,2.811938
6/26/2013,0.54738,2.754026
6/27/2013,0.512908,2.675681
6/28/2013,0.512886,2.688226
7/1/2013,0.513938,2.698993
7/2/2013,0.521334,2.691787
7/3/2013,0.546238,2.728963
7/5/2013,0.584332,2.961773
7/8/2013,0.53926,2.8926
7/9/2013,0.539765,2.855778
7/10/2013,0.541466,2.891533
7/11/2013,0.50587,2.790458
7/12/2013,0.53109,2.825575
7/15/2013,0.518353,2.770767
7/16/2013,0.493213,2.745098
7/17/2013,0.481008,2.695686
7/18/2013,0.482909,2.736493
7/19/2013,0.480925,2.697062
7/22/2013,0.483931,2.696749
7/23/2013,0.489999,2.716189
7/24/2013,0.509759,2.784507
7/25/2013,0.503135,2.805261
7/26/2013,0.478396,2.758606
7/29/2013,0.478865,2.777782
7/30/2013,0.481538,2.794051
7/31/2013,0.479575,2.7776
8/1/2013,0.505775,2.90826
8/2/2013,0.474984,2.774837
8/5/2013,0.486523,2.813606
8/6/2013,0.487275,2.824239
8/7/2013,0.48748,2.779586
8/8/2013,0.483128,2.760594
8/9/2013,0.481052,2.747723
8/12/2013,0.478952,2.777813
8/13/2013,0.513632,2.886684
8/14/2013,0.509293,2.878556
8/15/2013,0.527657,2.918594
8/16/2013,0.534168,2.997772
8/19/2013,0.549932,3.064101
8/20/2013,0.531953,2.998731
8/21/2013,0.544538,3.044911
8/22/2013,0.582889,3.100658
8/23/2013,0.572434,3.013257
8/26/2013,0.554652,2.992308
8/27/2013,0.543655,2.908118
8/28/2013,0.562593,2.969264
8/29/2013,0.565511,2.938896
8/30/2013,0.560145,2.943118
9/3/2013,0.590865,3.02841
9/4/2013,0.618895,3.070774
9/5/2013,0.664553,3.159365
9/6/2013,0.622853,3.119449
9/9/2013,0.591332,3.070587
9/10/2013,0.619764,3.121831
9/11/2013,0.601976,3.080241
9/12/2013,0.597424,3.067164
9/13/2013,0.599881,3.063278
9/16/2013,0.560617,3.027562
9/17/2013,0.538558,3.001385
9/18/2013,0.488967,2.845936
9/19/2013,0.487418,2.899907
9/20/2013,0.489049,2.882562
9/23/2013,0.477022,2.862793
9/24/2013,0.478914,2.805418
9/25/2013,0.469654,2.763471
9/26/2013,0.473637,2.792565
9/27/2013,0.467234,2.770702
9/30/2013,0.460605,2.769412
10/1/2013,0.46892,2.802868
10/2/2013,0.458052,2.787872
10/3/2013,0.455398,2.773221
10/4/2013,0.460354,2.814359
10/7/2013,0.472257,2.789479
10/8/2013,0.498109,2.777009
10/9/2013,0.49043,2.795287
10/10/2013,0.486863,2.821092
10/11/2013,0.476073,2.815096
10/15/2013,0.48291,2.851739
10/16/2013,0.4712,2.806176
10/17/2013,0.450004,2.726899
10/18/2013,0.448814,2.731776
10/21/2013,0.448788,2.748839
10/22/2013,0.434176,2.656628
10/23/2013,0.438264,2.634353
10/24/2013,0.438442,2.670866
10/25/2013,0.434889,2.651284
10/28/2013,0.437283,2.660947
10/29/2013,0.434203,2.652709
10/30/2013,0.436138,2.67095
10/31/2013,0.427297,2.68648
11/1/2013,0.430336,2.761652
11/4/2013,0.42248,2.743046
11/5/2013,0.424578,2.803945
11/6/2013,0,2.772257
11/7/2013,0.404132,2.740602
11/8/2013,0.427392,2.869944
11/12/2013,0.43717,2.887328
11/13/2013,0.420884,2.837993
11/14/2013,0.403661,2.789075
11/15/2013,0.396057,2.775396
11/18/2013,0.393402,2.73825
11/20/2013,0.379459,2.829652
11/21/2013,0.374969,2.827427
11/22/2013,0.379204,2.816746
11/25/2013,0.37936,2.80943
11/26/2013,0.377138,2.767695
11/27/2013,0.375894,2.815502
11/29/2013,0.37864,2.83019
12/2/2013,0.383224,2.889585
12/3/2013,0.384644,2.862903
12/4/2013,0.387764,2.930297
12/5/2013,0.391038,2.932537
12/6/2013,0.399616,2.946073
12/9/2013,0.398814,2.913815
12/10/2013,0.394081,2.863693
12/11/2013,0.404582,2.905393
12/12/2013,0.425006,2.938847
12/13/2013,0.428725,2.927928
12/16/2013,0.427071,2.934454
12/17/2013,0.40356,2.893348
12/18/2013,0.394642,2.936352
12/19/2013,0.445252,2.990878
12/20/2013,0.453179,2.948967
12/23/2013,0.478131,2.997226
12/24/2013,0.501036,3.053034
12/26/2013,0.504937,3.056522
12/27/2013,0.486402,3.05622
12/30/2013,0.48148,3.034222
