asOfDate,2yrSwap,10yrSwap,3y7y_ATM,Coupon,4y7y_ATM,5y7y_ATM,3y7y_ATM,5y10y_ATM
12/31/2014,0.898167,2.285322,91.16847492,2.70673,91.28924816,91.09663299,91.16847492,87.84007775
12/30/2014,0.899713,2.301741,91.25590065,2.72244,91.35669384,91.09922026,91.25590065,87.81705544
12/29/2014,0.904637,2.3199,91.54157166,2.72921,91.59111769,91.31164459,91.54157166,88.11034949
12/26/2014,0.926007,2.362824,92.05104142,2.75148,92.02259196,91.75443274,92.05104142,88.25851053
12/24/2014,0.926005,2.384509,92.05271335,2.76619,92.03297094,91.80888656,92.05271335,88.43982589
12/23/2014,0.920793,2.383736,92.26921698,2.76427,92.3066949,92.23011583,92.26921698,88.96369014
12/22/2014,0.895098,2.290009,92.66934576,2.69044,92.77407987,92.72454293,92.66934576,89.18504403
12/19/2014,0.874882,2.306832,92.92863191,2.69176,92.9132654,92.81964572,92.92863191,89.38259298
12/18/2014,0.847904,2.328759,93.673743,2.70983,93.66545635,93.50377117,93.673743,89.89937276
12/17/2014,0.822062,2.271125,93.30474643,2.69833,93.46818346,93.37546781,93.30474643,89.41496934
12/16/2014,0.791909,2.195239,93.95951857,2.65295,94.00822877,93.94444463,93.95951857,90.33226452
12/15/2014,0.828293,2.242994,92.97539064,2.68752,92.84546328,92.6940101,92.97539064,89.2240595
12/12/2014,0.789554,2.226352,92.6612003,2.64365,92.5633478,92.3505975,92.6612003,88.85427291
12/11/2014,0.838454,2.298793,91.46422659,2.69569,91.4509786,91.31849948,91.46422659,87.817104
12/10/2014,0.808231,2.283806,90.48331682,2.69073,90.6625231,90.72710064,90.48331682,87.24794907
12/9/2014,0.844475,2.337465,90.43495871,2.70375,90.50891414,90.47042274,90.43495871,86.80394072
12/8/2014,0.857841,2.375977,90.62702222,2.72111,90.61633,90.51120029,90.62702222,86.82218025
12/5/2014,0.851565,2.419014,90.97713935,2.74824,90.96069094,90.80074987,90.97713935,87.10195356
12/4/2014,0.753169,2.375218,90.6357695,2.69878,90.77050762,90.74346257,90.6357695,87.03514539
12/3/2014,0.76646,2.414231,91.3052114,2.72335,91.332951,91.17072842,91.3052114,87.43999693
12/2/2014,0.74166,2.413726,91.67986253,2.7146,91.68361969,91.55513516,91.67986253,87.97417941
12/1/2014,0.703568,2.349293,91.51983253,2.65566,91.55437344,91.37502528,91.51983253,87.89062832
11/28/2014,0.697356,2.324514,91.032908,2.64236,91.07664458,90.87887806,91.032908,87.39934509
11/26/2014,0.712768,2.362633,91.42152963,2.68781,91.394454,91.12705655,91.42152963,87.50947068
11/25/2014,0.713249,2.388036,91.48045487,2.6946,91.39382962,91.03005371,91.48045487,87.35619417
11/24/2014,0.72564,2.429143,91.42237963,2.73884,91.25660478,90.83808523,91.42237963,87.13918609
11/21/2014,0.721834,2.433936,91.37377595,2.74976,91.20854434,90.79644714,91.37377595,87.14782177
11/20/2014,0.725164,2.45436,91.5891056,2.76512,91.36049634,90.9334755,91.5891056,87.36277522
11/19/2014,0.734313,2.468063,91.45490613,2.78339,91.16977647,90.70637423,91.45490613,87.40878592
11/18/2014,0.721521,2.443213,90.85427878,2.75871,90.48288804,89.9758634,90.85427878,86.9742889
11/17/2014,0.724202,2.463391,90.79673904,2.76823,90.44635408,89.96293786,90.79673904,87.05972385
11/14/2014,0.731432,2.444652,90.17391802,2.76352,90.10035694,89.85147075,90.17391802,86.93760236
11/13/2014,0.738358,2.466185,89.99002022,2.79791,89.9228323,89.80619259,89.99002022,86.76807157
11/12/2014,0.751287,2.487578,90.58290808,2.80131,90.47147309,90.26888493,90.58290808,87.30200246
11/10/2014,0.751584,2.493582,90.9360074,2.80023,90.77420564,90.52435047,90.9360074,87.5613589
11/7/2014,0.726336,2.449121,90.87958475,2.77065,90.74562967,90.47025613,90.87958475,87.39300261
11/6/2014,0.760125,2.5168,91.50929475,2.80593,91.47184218,91.30598748,91.50929475,88.52806889
11/5/2014,0.738428,2.496124,91.53934639,2.79751,91.51691423,91.3323699,91.53934639,88.34586768
11/4/2014,0.728147,2.48345,91.73078861,2.79525,91.63396452,91.40600885,91.73078861,88.50197161
11/3/2014,0.725683,2.488842,91.85074381,2.79135,91.64071077,91.35981488,91.85074381,88.52814272
10/31/2014,0.711267,2.477712,92.2276765,2.75411,92.28710392,92.15948347,92.2276765,88.96421216
10/30/2014,0.695176,2.448427,92.36778748,2.73918,92.41398065,92.17253354,92.36778748,88.98677338
10/29/2014,0.706146,2.462024,92.67996175,2.75571,92.93674064,92.9019942,92.67996175,89.86150173
10/28/2014,0.649404,2.425569,94.60134138,2.7266,94.6147109,94.33258752,94.60134138,91.65789397
10/27/2014,0.646204,2.404196,95.06767433,2.70503,95.02067207,94.68619088,95.06767433,91.8171952
10/24/2014,0.654967,2.417941,95.74843236,2.71851,95.43193837,94.87616569,95.74843236,91.9721885
10/23/2014,0.653338,2.417296,95.86456437,2.71745,95.42569896,94.61462229,95.86456437,92.05517541
10/22/2014,0.627016,2.362999,95.26728211,2.68143,94.93424499,94.18467082,95.26728211,91.43601328
10/21/2014,0.616166,2.344805,95.05768382,2.66965,94.79234329,94.14087056,95.05768382,91.05655437
10/20/2014,0.618953,2.322683,93.63983902,2.64677,93.75838229,93.497263,93.63983902,90.23159639
10/17/2014,0.640917,2.353076,94.01917578,2.68788,93.73234325,93.07448639,94.01917578,90.16410302
10/16/2014,0.620131,2.315537,96.02013307,2.66945,95.69839231,95.00767024,96.02013307,92.08669425
10/15/2014,0.585259,2.247947,97.42775272,2.5865,96.78343534,95.98246529,97.42775272,93.41039246
10/14/2014,0.655723,2.345843,93.13194065,2.69167,93.22591647,92.98817164,93.13194065,90.15318377
10/10/2014,0.715402,2.43996,92.25825249,2.77507,92.46381795,92.33619471,92.25825249,89.55583021
10/9/2014,0.72761,2.469152,91.99925532,2.77529,92.24953196,92.16437696,91.99925532,89.15191423
10/8/2014,0.720173,2.472726,91.76814287,2.76369,92.10981202,92.03799191,91.76814287,89.06611022
10/7/2014,0.782115,2.510836,92.08650787,2.80595,92.27253218,92.18344069,92.08650787,89.02575755
10/6/2014,0.814036,2.580708,91.81568981,2.84838,92.01969636,91.94819571,91.81568981,88.87714125
10/3/2014,0.831603,2.599266,92.01967205,2.86252,92.15353397,92.01145208,92.01967205,88.94031564
10/2/2014,0.805959,2.584236,92.23607933,2.8576,92.37199167,92.22779481,92.23607933,89.12579845
10/1/2014,0.798399,2.554658,91.66136131,2.84186,91.54657295,91.21218545,91.66136131,88.1532469
9/30/2014,0.836999,2.652476,91.73880175,2.92075,91.4330854,90.98325708,91.73880175,88.01186405
9/29/2014,0.830505,2.638302,91.48258568,2.90729,91.26815298,90.87646403,91.48258568,87.87296404
9/26/2014,0.823917,2.662371,91.01291479,2.9274,90.74793111,90.32839867,91.01291479,87.31341988
9/25/2014,0.790717,2.64294,90.31433533,2.90814,89.94668636,89.44331029,90.31433533,86.65935923
9/24/2014,0.808068,2.695683,90.0055679,2.94477,89.67432555,89.17251202,90.0055679,86.47970033
9/23/2014,0.790185,2.654879,89.77424485,2.92193,89.55571333,89.17558916,89.77424485,86.43292734
9/22/2014,0.797476,2.686462,89.77031208,2.94107,89.53789764,89.13296716,89.77031208,86.4449658
9/19/2014,0.813257,2.721218,90.17556984,2.95369,90.11369403,89.85232732,90.17556984,87.42418251
9/18/2014,0.813759,2.766456,90.51305245,2.99666,90.33559025,89.99756609,90.51305245,87.65028418
9/17/2014,0.795868,2.739749,90.43603722,2.99268,90.27034335,89.83873825,90.43603722,87.66782238
9/16/2014,0.776857,2.731292,90.17614113,2.9855,90.03947225,89.66737175,90.17614113,87.46674243
9/15/2014,0.791045,2.730559,90.2879081,2.98183,89.99748776,89.51587703,90.2879081,87.12067339
9/12/2014,0.798255,2.745827,90.2570946,3.00657,89.97172008,89.4789918,90.2570946,87.07912133
9/11/2014,0.795683,2.66465,90.42268208,2.95403,90.74149767,90.78551608,90.42268208,88.3854541
9/10/2014,0.788188,2.668223,90.81808308,2.95833,91.53989869,91.97045696,90.81808308,89.1805815
9/9/2014,0.776156,2.625674,90.70408692,2.9321,91.55763836,92.16359255,90.70408692,89.62625657
9/8/2014,0.750903,2.592935,90.6002386,2.91059,91.51036545,92.12469393,90.6002386,89.68828119
9/5/2014,0.724325,2.581462,90.48842567,2.90273,91.39529162,92.00112163,90.48842567,89.42026876
9/4/2014,0.748764,2.568897,90.6562162,2.88725,91.53078396,92.15348101,90.6562162,89.55392157
9/3/2014,0.735965,2.528447,90.44652148,2.86521,91.38116816,92.01059044,90.44652148,89.34445898
9/2/2014,0.738782,2.550341,90.773926,2.87622,91.65380297,92.25927424,90.773926,89.74248842
8/29/2014,0.715441,2.49658,90.61695382,2.828,91.55022426,92.15476192,90.61695382,89.42856088
8/28/2014,0.718718,2.487805,90.54966552,2.82605,91.49616231,92.08007097,90.54966552,89.30187218
8/27/2014,0.719695,2.506797,90.37493283,2.84471,91.56868365,92.38016543,90.37493283,89.14166686
8/26/2014,0.722394,2.530119,90.27606357,2.87081,91.527345,92.40619683,90.27606357,89.21029766
8/25/2014,0.726638,2.527348,90.74064723,2.87941,91.88133157,92.5856666,90.74064723,89.54485204
8/22/2014,0.716305,2.5498,92.11283005,2.88858,92.99947874,93.46494539,92.11283005,90.47276617
8/21/2014,0.692722,2.556838,93.66576376,2.88858,94.23133345,94.34821131,93.66576376,91.1064586
8/20/2014,0.687102,2.58163,94.07430613,2.90569,94.49708299,94.49402189,94.07430613,91.41651028
8/19/2014,0.657852,2.558286,94.4824278,2.89365,94.74319883,94.65312054,94.4824278,91.67927107
8/18/2014,0.653292,2.536587,94.72125019,2.87784,94.89183521,94.72668042,94.72125019,91.80380093
8/15/2014,0.637229,2.496012,94.5405213,2.83339,94.60235565,94.3301033,94.5405213,91.61801877
8/14/2014,0.64609,2.543966,93.5191339,2.87885,93.76600459,93.69258686,93.5191339,90.93659275
8/13/2014,0.648417,2.562017,92.67630215,2.90138,93.18952294,93.32779617,92.67630215,90.56676387
8/12/2014,0.667859,2.595869,92.91703418,2.93093,93.37164928,93.48029075,92.91703418,90.53312237
8/11/2014,0.68268,2.577459,92.79286538,2.9176,93.19604182,93.2614207,92.79286538,90.37385218
8/8/2014,0.676662,2.570582,93.12897598,2.90805,93.49613406,93.52853312,93.12897598,90.62990811
8/7/2014,0.667559,2.575137,92.88458715,2.91316,93.26382517,93.31550116,92.88458715,90.38216198
8/6/2014,0.681542,2.62044,92.49327292,2.94594,92.96921007,93.06980023,92.49327292,89.94313603
8/5/2014,0.687958,2.626986,92.60615309,2.94388,92.96780201,92.98895702,92.60615309,89.8630034
8/4/2014,0.683932,2.629917,92.94516491,2.94612,93.22634014,93.17193598,92.94516491,90.02857597
8/1/2014,0.690563,2.6444,93.1383727,2.95822,93.35645038,93.23369084,93.1383727,90.04560232
7/31/2014,0.737149,2.693204,93.14466516,3.00294,93.30701832,93.14648607,93.14466516,89.96621525
7/30/2014,0.743361,2.681374,92.8370012,2.99631,93.12113518,93.05123681,92.8370012,89.928954
7/29/2014,0.712643,2.590074,91.39940856,2.92487,91.89490298,92.10411684,91.39940856,89.16560211
7/28/2014,0.712625,2.614247,90.68108185,2.94296,91.18240175,91.38949349,90.68108185,88.43485413
7/25/2014,0.694874,2.5908,90.27280961,2.93082,90.86653253,91.11600999,90.27280961,88.18921008
7/24/2014,0.697453,2.631323,90.3444528,2.97553,90.85916287,91.022793,90.3444528,88.06573152
7/23/2014,0.676401,2.587737,89.70978026,2.932,90.38355584,90.69038564,89.70978026,87.78302902
7/22/2014,0.67986,2.589546,89.72109082,2.91837,90.36892448,90.67832465,89.72109082,87.75388205
7/21/2014,0.694669,2.593554,89.52450942,2.92587,90.18588088,90.51925208,89.52450942,87.63637905
7/18/2014,0.672697,2.599565,88.69458272,2.92954,89.50975888,89.99806316,88.69458272,87.3596045
7/17/2014,0.661946,2.593786,88.84228398,2.93396,89.54967087,89.93595301,88.84228398,87.2051277
7/16/2014,0.671415,2.646726,88.672476,2.98459,89.4053263,89.77111255,88.672476,87.00604965
7/15/2014,0.664217,2.656578,88.83393151,2.98623,89.54479316,89.9261702,88.83393151,87.12965292
7/14/2014,0.636906,2.657568,88.87925602,2.98577,89.54670961,89.89813512,88.87925602,87.06874538
7/11/2014,0.625015,2.630638,88.44930038,2.9433,89.18704181,89.60874328,88.44930038,86.81262621
7/10/2014,0.625148,2.643762,88.53889624,2.95084,89.24720922,89.64134794,88.53889624,86.83957712
7/9/2014,0.641969,2.643902,88.43992841,2.9625,89.19546001,89.58149966,88.43992841,86.79172181
7/8/2014,0.654008,2.661291,88.41455074,2.97889,89.12001719,89.48928697,88.41455074,86.65506079
7/7/2014,0.662772,2.714412,89.49465103,3.01268,89.99774439,90.1729734,89.49465103,87.25447433
7/3/2014,0.645892,2.743859,89.89224527,3.03623,90.26730948,90.33262536,89.89224527,87.34459428
7/2/2014,0.619883,2.730691,90.35663632,3.00822,90.64188327,90.60899926,90.35663632,87.63349258
7/1/2014,0.597331,2.665196,89.72099053,2.97088,90.15981627,90.23397358,89.72099053,87.33522838
6/30/2014,0.58628,2.614206,89.22784603,2.91924,89.72603858,89.87223031,89.22784603,87.04528072
6/27/2014,0.592493,2.6377,89.31194694,2.93513,89.77513689,89.91748133,89.31194694,87.05380404
6/26/2014,0.594171,2.628689,89.3043106,2.92924,89.73797054,89.83557537,89.3043106,86.99523686
6/25/2014,0.608572,2.6579,89.62564381,2.95328,90.01801128,90.03528492,89.62564381,87.16535134
6/24/2014,0.621232,2.684283,90.22980352,2.97706,90.51212092,90.46077075,90.22980352,87.54532449
6/23/2014,0.623975,2.709676,90.65148102,2.99321,90.92270979,90.87023427,90.65148102,87.94403221
6/20/2014,0.618012,2.712964,90.77981696,2.98627,90.93805152,90.76738085,90.77981696,87.80916338
6/19/2014,0.616172,2.714571,90.61544036,2.98868,90.9002641,90.86093291,90.61544036,87.85549107
6/18/2014,0.633555,2.7083,90.08910291,3.00031,90.31026513,90.1595125,90.08910291,87.18660717
6/17/2014,0.632304,2.747497,90.81858756,3.04781,90.87959494,90.60036947,90.81858756,87.54232436
6/16/2014,0.615342,2.697476,90.44503644,2.981,90.58141531,90.39282809,90.44503644,87.40502034
6/13/2014,0.598486,2.701377,91.20994155,2.98928,91.60049718,91.66292548,91.20994155,88.62254097
6/12/2014,0.576265,2.68957,91.28695286,2.97098,91.80259178,92.00368517,91.28695286,88.60005763
6/11/2014,0.578933,2.745283,92.30644074,3.0259,92.62286501,92.56264704,92.30644074,89.09182357
6/10/2014,0.581643,2.749818,93.2261312,3.02966,93.51818062,93.47171494,93.2261312,89.9617325
6/9/2014,0.566232,2.729278,93.61076684,3.01973,93.84287616,93.76041,93.61076684,90.25984511
6/6/2014,0.545561,2.713013,93.92625377,3.00345,94.14478809,94.0405167,93.92625377,90.47111901
6/5/2014,0.525164,2.703151,94.73801788,3.0002,94.81307214,94.58312845,94.73801788,90.99650611
6/4/2014,0.537943,2.720448,94.96371865,3.02631,95.02925639,94.71828917,94.96371865,91.09668618
6/3/2014,0.53588,2.703117,94.74068655,3.02259,94.82086664,94.5563161,94.74068655,90.96451562
6/2/2014,0.531322,2.642865,94.43184669,2.97983,94.65056283,94.54579184,94.43184669,90.79195047
5/30/2014,0.511005,2.563939,93.4687121,2.90964,93.85731533,93.92158721,93.4687121,90.29493734
5/29/2014,0.506999,2.545843,93.25373373,2.90362,93.75413623,93.90577587,93.25373373,90.25125705
5/28/2014,0.49478,2.534276,92.19239702,2.87227,92.86605882,93.14097313,92.19239702,89.49632384
5/27/2014,0.513007,2.608485,92.06348059,2.96398,92.70809827,93.00361006,92.06348059,89.25264907
5/23/2014,0.512181,2.628623,92.24105793,2.98663,92.77400233,92.98685239,92.24105793,89.25629031
5/22/2014,0.50524,2.651053,92.60330625,2.99436,93.02662431,93.12609042,92.60330625,89.36884366
5/21/2014,0.494992,2.62871,92.53185263,2.97359,92.95498397,93.04072746,92.53185263,89.26040358
5/20/2014,0.490455,2.608087,92.31579173,2.96342,92.79658149,92.93704731,92.31579173,89.20673016
5/19/2014,0.500697,2.636095,92.48222399,2.99585,92.90679747,93.01378908,92.48222399,89.41565631
5/16/2014,0.512952,2.61499,92.3581365,2.97693,92.82635093,92.97476886,92.3581365,89.40360544
5/15/2014,0.501228,2.591719,92.25288387,2.95043,92.69137216,92.81700226,92.25288387,89.36913048
5/14/2014,0.504855,2.629423,91.85090972,2.96084,92.36138477,92.49369816,91.85090972,89.04884661
5/13/2014,0.524842,2.699585,91.9634424,3.04365,92.42109206,92.5401149,91.9634424,89.00532367
5/12/2014,0.539739,2.731681,92.08693688,3.06678,92.54631562,92.68225897,92.08693688,89.25363589
5/9/2014,0.526131,2.704475,91.73565708,3.02948,92.24787024,92.44150267,91.73565708,89.06085885
5/8/2014,0.527763,2.678225,91.55391697,2.99169,92.08515421,92.30436466,91.55391697,88.99988491
5/7/2014,0.542023,2.695795,91.7644045,2.99519,92.27887424,92.43565991,91.7644045,89.10500222
5/6/2014,0.568038,2.709251,91.75338987,3.01913,92.2134512,92.33962135,91.75338987,89.00777446
5/5/2014,0.566207,2.727743,91.79954331,3.04124,92.22165022,92.33097485,91.79954331,88.97569596
5/2/2014,0.567424,2.708221,91.73484855,3.02567,92.14421902,92.2445915,91.73484855,88.86108768
5/1/2014,0.540722,2.721275,92.18824346,3.03841,92.55362482,92.59069389,92.18824346,89.16902574
4/30/2014,0.53932,2.75191,92.32884049,3.08806,92.72145979,92.7402037,92.32884049,89.27474485
4/29/2014,0.558383,2.794153,92.81943025,3.14845,92.999364,92.84695253,92.81943025,89.24850029
4/28/2014,0.546275,2.780803,92.74765217,3.11449,92.99514422,92.90653662,92.74765217,89.35518977
4/25/2014,0.548694,2.77493,92.29890726,3.10641,92.45075418,92.50942301,92.29890726,89.01776416
4/24/2014,0.550042,2.794777,92.49633893,3.1405,92.59603386,92.59356887,92.49633893,89.05918685
4/23/2014,0.543774,2.789161,92.47748246,3.14834,92.66634884,92.69871728,92.47748246,89.19510102
4/22/2014,0.553969,2.834519,92.68676899,3.20349,92.81130161,92.80174888,92.68676899,89.24881038
4/21/2014,0.543896,2.83074,92.6477234,3.21352,92.77373662,92.7847734,92.6477234,89.23360992
4/17/2014,0.550704,2.83215,92.95973449,3.19921,93.05047091,93.02972112,92.95973449,89.51300089
4/16/2014,0.525642,2.764261,92.21337792,3.13178,92.37651483,92.39542585,92.21337792,88.94592289
4/15/2014,0.512529,2.748472,91.87812976,3.12012,92.08637905,92.12326398,91.87812976,88.56414536
4/14/2014,0.506427,2.758124,92.06964638,3.12416,92.32789422,92.42709923,92.06964638,88.84283697
4/11/2014,0.492484,2.733534,91.76143037,3.09464,92.0691324,92.27125782,91.76143037,88.72967154
4/10/2014,0.489958,2.747433,91.2965107,3.09534,91.535332,91.87289458,91.2965107,88.34830076
4/9/2014,0.507841,2.795913,91.31524164,3.15838,91.53852018,91.85173008,91.31524164,88.35869292
4/8/2014,0.53358,2.795005,91.31523721,3.15874,91.47100971,91.69753519,91.31523721,88.21898623
4/7/2014,0.532621,2.814309,91.87350365,3.18072,91.92171535,92.06120792,91.87350365,88.53836254
4/4/2014,0.544564,2.840831,92.84227017,3.2141,92.71576472,92.68316115,92.84227017,89.12000119
4/3/2014,0.580913,2.907051,94.18390892,3.27094,93.93748762,93.78952427,94.18390892,90.00316874
4/2/2014,0.575283,2.920655,94.40694324,3.29389,94.15503113,93.966977,94.40694324,90.16168312
4/1/2014,0.55771,2.881067,94.6761885,3.25499,94.67531724,94.50777224,94.6761885,90.35326523
3/31/2014,0.55883,2.844072,94.66750299,3.22636,94.82749393,94.47457187,94.66750299,90.35363377
3/28/2014,0.57206,2.832216,95.10924726,3.21139,95.12960769,94.55924983,95.10924726,90.61147849
3/27/2014,0.561666,2.792036,95.6432026,3.18403,95.38907246,94.56844753,95.6432026,90.53889732
3/26/2014,0.555165,2.819921,96.05740571,3.20523,95.87335113,95.03770943,96.05740571,90.92657327
3/25/2014,0.572051,2.855809,96.38697927,3.24077,96.23410245,95.4734275,96.38697927,91.34470238
3/24/2014,0.581432,2.850004,96.40043771,3.23623,96.15855727,95.32973208,96.40043771,91.22145124
3/21/2014,0.570019,2.863509,96.31474944,3.23274,96.31271941,95.72623297,96.31474944,91.56605827
3/20/2014,0.558377,2.895924,96.70851164,3.27122,96.97080677,96.66354385,96.70851164,92.42336312
3/19/2014,0.541149,2.885475,97.03629031,3.26074,97.3814657,97.07663676,97.03629031,92.84369532
3/18/2014,0.487438,2.795932,95.80093426,3.17898,96.49248756,96.58512565,95.80093426,92.46043286
3/17/2014,0.497306,2.811456,96.06539802,3.20765,96.51197977,96.39869294,96.06539802,92.3990877
3/14/2014,0.482444,2.758864,96.02568214,3.13623,96.53006902,96.4593264,96.02568214,92.50766463
3/13/2014,0.484053,2.765203,95.61643108,3.11583,96.12165293,96.06882496,95.61643108,92.10606229
3/12/2014,0.503491,2.826572,95.44905758,3.19205,96.07706856,96.05802302,95.44905758,92.059968
3/11/2014,0.513441,2.86335,95.7459139,3.22784,96.2620084,96.1748668,95.7459139,92.25074609
3/10/2014,0.510037,2.884289,96.14376719,3.22546,96.55217302,96.38841599,96.14376719,92.57382208
3/7/2014,0.511253,2.895543,96.93047414,3.24213,97.13386436,96.76298775,96.93047414,92.92312973
3/6/2014,0.480435,2.848256,96.88480934,3.2014,97.17347111,96.89616346,96.88480934,93.06295747
3/5/2014,0.464388,2.805159,96.62355657,3.18646,97.01380715,96.75344958,96.62355657,92.95073909
3/4/2014,0.461107,2.806494,97.3021544,3.18511,97.5615103,97.22095615,97.3021544,93.43377439
3/3/2014,0.445646,2.727517,95.25720543,3.09872,95.9405763,96.05519456,95.25720543,92.3795285
2/28/2014,0.453525,2.767001,95.42474747,3.12516,96.07145235,96.1811352,95.42474747,92.46131078
2/27/2014,0.445583,2.748298,95.47891995,3.11399,96.16644221,96.32561955,95.47891995,92.60971343
2/26/2014,0.441167,2.765912,95.24415456,3.14192,96.080013,96.31681316,95.24415456,92.64128729
2/25/2014,0.449827,2.794886,95.47612611,3.15859,96.41009773,96.68812493,95.47612611,93.00510625
2/24/2014,0.460052,2.844944,95.98822493,3.21553,97.0223835,97.33347618,95.98822493,93.68042891
2/21/2014,0.454812,2.829448,96.33244843,3.2014,97.41646939,97.77953914,96.33244843,94.13273118
2/20/2014,0.46066,2.858567,96.82352775,3.22002,97.83310083,98.11921791,96.82352775,94.37928073
2/19/2014,0.448816,2.842487,96.95049368,3.20419,97.99743544,98.26174746,96.95049368,94.54273183
2/18/2014,0.438038,2.821964,96.6844575,3.18163,97.76148915,98.07668669,96.6844575,94.36117614
2/14/2014,0.450087,2.850587,96.97219184,3.20449,97.9668741,98.24251293,96.97219184,94.49511301
2/13/2014,0.443949,2.836303,97.68894215,3.17069,98.54866735,98.68440835,97.68894215,94.92526462
2/12/2014,0.46521,2.887594,98.75704066,3.22606,99.34019705,99.18210118,98.75704066,95.36659507
2/11/2014,0.450548,2.844542,98.6398615,3.17119,99.29814533,99.19800387,98.6398615,95.38964438
2/10/2014,0.431907,2.796199,98.36542413,3.13018,99.07212674,99.04999923,98.36542413,95.34515462
2/7/2014,0.429041,2.803895,98.88337766,3.14057,99.58427545,99.55471205,98.88337766,95.75455676
2/6/2014,0.458912,2.837133,100.1515583,3.1788,100.4951944,100.1197832,100.1515583,96.20014705
2/5/2014,0.446691,2.804193,100.2659892,3.15997,100.6845254,100.2917506,100.2659892,96.41844925
2/4/2014,0.446288,2.765651,100.2709894,3.10507,100.6636909,100.290463,100.2709894,96.38363982
2/3/2014,0.43775,2.721815,99.44303441,3.05023,99.8061066,99.42960802,99.44303441,95.59608078
1/31/2014,0.469418,2.803121,99.71424959,3.12776,99.93675301,99.45456258,99.71424959,95.44397868
1/30/2014,0.481322,2.827108,99.73192364,3.16893,99.87035609,99.26338826,99.73192364,95.11765171
1/29/2014,0.476164,2.809928,98.60460521,3.1604,99.10330448,98.74472181,98.60460521,94.63756648
1/28/2014,0.492172,2.872072,98.63552026,3.22649,99.01828508,98.56029875,98.63552026,94.40780859
1/27/2014,0.503856,2.885887,97.73650373,3.23738,98.08728896,97.61753248,97.73650373,93.55108728
1/24/2014,0.498349,2.855281,97.35443754,3.18552,97.70259239,97.28435333,97.35443754,93.25499718
1/23/2014,0.506204,2.891704,97.87579402,3.23313,98.07820787,97.5185491,97.87579402,93.43444765
1/22/2014,0.540606,2.968511,98.77481496,3.29342,98.78983103,97.97737863,98.77481496,93.82018193
1/21/2014,0.514655,2.923765,98.53586568,3.24262,98.59060554,97.83822418,98.53586568,93.69701412
1/17/2014,0.516784,2.937271,98.41866707,3.25748,98.46137921,97.72612771,98.41866707,93.54717055
1/16/2014,0.51714,2.950767,98.73870534,3.2792,98.76839713,98.01968162,98.73870534,93.74137407
1/15/2014,0.520387,2.985342,99.27902732,3.31805,99.17948063,98.31774274,99.27902732,94.063556
1/14/2014,0.502513,2.961034,99.22897106,3.31382,99.11637892,98.22092614,99.22897106,93.98956952
1/13/2014,0.47789,2.908815,98.38440722,3.2432,98.39427093,97.69880992,98.38440722,93.55359013
1/10/2014,0.499537,2.95126,99.4262846,3.27474,99.37756105,98.57610403,99.4262846,94.34327718
1/9/2014,0.547227,3.047993,102.4219279,3.37422,101.8923996,100.6234612,102.4219279,96.27368069
1/8/2014,0.539599,3.061245,103.1991197,3.40084,102.763012,101.4686615,103.1991197,97.0523041
1/7/2014,0.5022,3.005397,102.8189476,3.35888,102.5328631,101.4581906,102.8189476,96.90021376
1/6/2014,0.503114,3.027988,104.0788271,3.38872,103.7257146,102.6205952,104.0788271,97.90715808
1/3/2014,0.506449,3.06144,104.8841367,3.41805,104.4170578,103.1975665,104.8841367,98.43939547
1/2/2014,0.491265,3.054461,105.5856034,3.41183,105.1410351,103.943659,105.5856034,99.14378905
12/30/2013,0.48148,3.034222,105.5250363,3.39161,105.0355466,103.7730975,105.5250363,98.9182112
12/27/2013,0.486402,3.05622,105.7313352,3.42153,105.174184,103.8483924,105.7313352,98.91892791
12/26/2013,0.504937,3.056522,106.355097,3.42175,105.6743344,104.2180435,106.355097,99.33223603
12/24/2013,0.501036,3.053034,106.2527737,3.41817,105.3688124,103.7435028,106.2527737,99.321478
12/23/2013,0.478131,2.997226,106.2333955,3.3598,105.2436616,103.5551133,106.2333955,99.06392789
12/20/2013,0.453179,2.948967,106.1383274,3.34289,105.132393,103.3872254,106.1383274,98.93709126
12/19/2013,0.445252,2.990878,106.4505528,3.40281,105.5276924,103.899046,106.4505528,99.51841656
12/18/2013,0.394642,2.936352,105.8697536,3.37771,105.0065462,103.2729536,105.8697536,99.06636406
12/17/2013,0.40356,2.893348,105.6567432,3.33503,104.7643216,103.077836,105.6567432,98.97048152
12/16/2013,0.427071,2.934454,106.1442463,3.36612,105.1937,103.5087584,106.1442463,99.35791142
12/13/2013,0.428725,2.927928,106.3131688,3.37412,105.3300129,103.5905134,106.3131688,99.44329661
12/12/2013,0.425006,2.938847,106.6612932,3.38883,105.6351723,103.8681665,106.6612932,99.69366398
12/11/2013,0.404582,2.905393,106.2971908,3.36842,105.4306143,103.7118046,106.2971908,99.56051675
12/10/2013,0.394081,2.863693,105.7933734,3.32019,105.0286061,103.4716437,105.7933734,99.3918823
12/9/2013,0.398814,2.913815,106.4647658,3.36585,105.587475,103.9733773,106.4647658,99.8073116
12/6/2013,0.399616,2.946073,107.018246,3.39811,106.0407716,104.312511,107.018246,100.0891002
12/5/2013,0.391038,2.932537,107.5949453,3.41373,106.5472602,104.7687356,107.5949453,100.5387929
12/4/2013,0.387764,2.930297,107.6008712,3.39858,106.5410116,104.6338633,107.6008712,100.3630719
12/3/2013,0.384644,2.862903,106.4583696,3.34225,105.7400868,104.2307274,106.4583696,100.0957558
11/22/2013,0.379204,2.816746,103.4434927,3.23893,103.5682947,102.9591951,103.4434927,99.03904904
11/21/2013,0.374969,2.827427,103.4948713,3.25232,103.6194913,103.0449173,103.4948713,99.10544706
11/20/2013,0.379459,2.829652,103.26178,3.25669,103.5544469,103.0197771,103.26178,99.07930639
11/18/2013,0.393402,2.73825,101.8369149,3.15804,102.1894937,101.8158044,101.8369149,98.02768236
11/15/2013,0.396057,2.775396,103.2201182,3.19504,103.23697,102.5243426,103.2201182,98.66403777
11/14/2013,0.403661,2.789075,103.7957423,3.20649,103.6823025,102.8507491,103.7957423,98.92853452
11/13/2013,0.420884,2.837993,105.5620027,3.25933,105.1484378,103.8979457,105.5620027,99.92011445
11/12/2013,0.43717,2.887328,106.2685381,3.30785,105.7021114,104.3392991,106.2685381,100.2945936
11/8/2013,0.427392,2.869944,106.0549171,3.30654,105.4632596,104.1035085,106.0549171,100.1034389
11/7/2013,0.404132,2.740602,103.4790155,3.17456,103.5263565,102.841443,103.4790155,99.00532622
11/6/2013,0,2.772257,103.6748658,3.17497,103.7915917,103.1519284,103.6748658,99.30163422
11/5/2013,0.424578,2.803945,103.9590621,3.18632,104.0953425,103.4493047,103.9590621,99.58281077
11/4/2013,0.42248,2.743046,102.3582938,3.10343,102.7116419,102.318561,102.3582938,98.70237228
11/1/2013,0.430336,2.761652,102.7472278,3.11968,103.075942,102.6606209,102.7472278,98.99583026
10/31/2013,0.427297,2.68648,101.2342477,3.04242,101.9856259,102.0511506,101.2342477,98.49017481
10/30/2013,0.436138,2.67095,100.1438745,3.02577,101.0968405,101.196089,100.1438745,97.70643414
10/29/2013,0.434203,2.652709,99.56486618,3.01884,100.510065,100.8633727,99.56486618,97.37115804
10/28/2013,0.437283,2.660947,99.81079176,3.01776,100.7205511,100.9794863,99.81079176,97.48739964
10/25/2013,0.434889,2.651284,100.3589302,3.00841,101.2514314,101.4735891,100.3589302,97.99770596
10/24/2013,0.438442,2.670866,100.7929428,3.03936,101.6537501,101.8407424,100.7929428,98.17386999
10/23/2013,0.438264,2.634353,100.4325371,3.01434,101.4196453,101.6756813,100.4325371,98.07964989
10/22/2013,0.434176,2.656628,101.3351996,3.03844,102.0435842,102.0691883,101.3351996,98.41668306
10/21/2013,0.448788,2.748839,103.3627631,3.15088,103.5759358,103.1327886,103.3627631,99.32898742
10/18/2013,0.448814,2.731776,103.4147275,3.14195,103.5895444,103.1103563,103.4147275,99.41255345
10/17/2013,0.450004,2.726899,103.5592867,3.14418,103.5993515,102.999181,103.5592867,99.3051879
10/16/2013,0.4712,2.806176,104.663914,3.23921,104.4342909,103.4543032,104.663914,99.63374688
10/15/2013,0.48291,2.851739,105.4212731,3.27522,104.9868194,103.8576299,105.4212731,99.97480227
10/11/2013,0.476073,2.815096,105.0003266,3.22924,104.5383857,103.3972569,105.0003266,99.5726586
10/10/2013,0.486863,2.821092,104.9304556,3.22445,104.4719533,103.3334141,104.9304556,99.51187654
10/9/2013,0.49043,2.795287,104.6763792,3.21798,104.3654104,103.373812,104.6763792,99.6519119
10/8/2013,0.498109,2.777009,104.1337012,3.22228,103.8079594,102.7697306,104.1337012,99.41528979
10/7/2013,0.472257,2.789479,104.3295419,3.20864,103.9121296,102.8691086,104.3295419,99.4856926
10/4/2013,0.460354,2.814359,104.7891954,3.20723,104.2532938,103.0546865,104.7891954,99.63605264
10/3/2013,0.455398,2.773221,104.272286,3.1759,103.8146025,102.7245529,104.272286,99.38111127
10/2/2013,0.458052,2.787872,105.1878482,3.19661,104.6917767,103.4368049,105.1878482,100.0510538
10/1/2013,0.46892,2.802868,105.7484736,3.20534,105.1180974,103.7877185,105.7484736,100.3720708
9/30/2013,0.460605,2.769412,105.3475922,3.17175,104.8428431,103.6417787,105.3475922,100.2693436
9/27/2013,0.467234,2.770702,105.2741911,3.15989,104.8098864,103.6748862,105.2741911,100.1442105
9/26/2013,0.473637,2.792565,104.342518,3.18577,103.9104969,102.8114056,104.342518,99.61537978
9/25/2013,0.469654,2.763471,103.4730383,3.157,103.2684177,102.3183544,103.4730383,99.21061764
9/24/2013,0.478914,2.805418,104.0306286,3.21809,103.694737,102.6682783,104.0306286,99.51498211
9/23/2013,0.477022,2.862793,104.4934888,3.28133,104.040778,102.9517076,104.4934888,99.68918364
9/20/2013,0.489049,2.882562,105.0654763,3.30469,104.5504645,103.3742363,105.0654763,100.1062839
9/19/2013,0.487418,2.899907,105.7171136,3.28856,105.006201,103.6441997,105.7171136,100.232883
9/18/2013,0.488967,2.845936,105.9248625,3.28389,105.1766818,103.6628929,105.9248625,100.2837351
9/17/2013,0.538558,3.001385,108.8736789,3.45524,107.550976,105.5018116,108.8736789,101.8351475
9/16/2013,0.560617,3.027562,109.846201,3.46942,108.4985941,106.4816513,109.846201,102.8027756
9/13/2013,0.599881,3.063278,110.9741208,3.50939,109.2752694,106.8779331,110.9741208,103.140562
9/12/2013,0.597424,3.067164,111.9994902,3.52262,109.9750974,107.2737779,111.9994902,103.5137011
9/11/2013,0.601976,3.080241,112.9548015,3.52245,110.964753,108.193068,112.9548015,104.3530003
9/10/2013,0.619764,3.121831,113.7196348,3.56867,111.6775545,108.9071359,113.7196348,105.0376267
9/9/2013,0.591332,3.070587,113.323846,3.51933,111.3332188,108.6731348,113.323846,104.8586567
9/6/2013,0.622853,3.119449,113.3080973,3.60074,111.3136621,108.6188612,113.3080973,104.8051518
9/5/2013,0.664553,3.159365,113.7383027,3.66763,111.6525997,108.8505977,113.7383027,104.915733
9/4/2013,0.618895,3.070774,112.7286492,3.53285,110.9881614,108.2772398,112.7286492,104.1560503
9/3/2013,0.590865,3.02841,112.1748124,3.47314,110.546705,107.9667557,112.1748124,103.9014917
8/30/2013,0.560145,2.943118,111.0375964,3.3842,109.5953619,107.2529166,111.0375964,103.3595607
8/29/2013,0.565511,2.938896,110.2317301,3.38682,109.0079005,106.8602808,110.2317301,102.9864424
8/28/2013,0.562593,2.969264,110.4228107,3.42684,109.078981,106.8304826,110.4228107,102.903515
8/27/2013,0.543655,2.908118,108.82867,3.35748,107.7241921,105.7223974,108.82867,101.9774577
8/26/2013,0.554652,2.992308,108.9742248,3.42308,107.7857846,105.7083478,108.9742248,102.0813825
8/23/2013,0.572434,3.013257,109.1254897,3.45965,107.9504303,105.8789245,109.1254897,102.3312397
8/22/2013,0.582889,3.100658,110.0781511,3.56035,108.6745589,106.3844458,110.0781511,102.6261089
8/21/2013,0.544538,3.044911,110.149376,3.51297,108.9334334,106.635304,110.149376,102.9544104
8/20/2013,0.531953,2.998731,108.6281086,3.48319,107.6970858,105.7324234,108.6281086,102.0652839
8/19/2013,0.549932,3.064101,109.2888234,3.56705,108.1777576,106.0899812,109.2888234,102.3151079
8/16/2013,0.534168,2.997772,108.3750133,3.49842,107.4382642,105.505659,108.3750133,101.7818585
8/15/2013,0.527657,2.918594,107.5237676,3.41365,106.9318339,105.3600866,107.5237676,101.7447777
8/14/2013,0.509293,2.878556,106.7914496,3.346,106.3805728,104.8959123,106.7914496,101.2934951
8/13/2013,0.513632,2.886684,106.793037,3.33493,106.3762771,104.9364029,106.793037,101.235272
8/12/2013,0.478952,2.777813,105.9952146,3.22745,105.6731553,104.368797,105.9952146,100.7770432
8/9/2013,0.481052,2.747723,105.6105966,3.20822,105.2920019,103.9885759,105.6105966,100.4910445
8/8/2013,0.483128,2.760594,105.8589314,3.22971,105.4890975,104.1448019,105.8589314,100.6053665
8/7/2013,0.48748,2.779586,106.7290805,3.25578,106.2511538,104.6931025,106.7290805,101.0703721
8/6/2013,0.487275,2.824239,108.1306814,3.29028,107.3303914,105.499643,108.1306814,101.758093
8/5/2013,0.486523,2.813606,108.0287276,3.27086,107.1605307,105.3159901,108.0287276,101.6779625
8/2/2013,0.474984,2.774837,107.7154284,3.26198,107.0103851,105.3133269,107.7154284,101.5452189
8/1/2013,0.505775,2.90826,109.8833794,3.39852,108.5084154,106.1590653,109.8833794,102.1497006
7/31/2013,0.479575,2.7776,107.9964457,3.2674,107.0569986,105.0660731,107.9964457,101.2540673
7/30/2013,0.481538,2.794051,107.8149272,3.29438,106.9133155,104.9889367,107.8149272,101.1994928
7/29/2013,0.478865,2.777782,107.7601691,3.26365,106.842988,104.8965499,107.7601691,101.1709539
7/26/2013,0.478396,2.758606,107.4084951,3.24919,106.528705,104.655309,107.4084951,101.0689298
7/25/2013,0.503135,2.805261,107.2094514,3.29631,106.1772117,104.2461516,107.2094514,100.709982
7/24/2013,0.509759,2.784507,106.9500516,3.29046,105.9687071,104.0448877,106.9500516,100.7094516
7/23/2013,0.489999,2.716189,104.7328066,3.22474,104.0028985,102.2545677,104.7328066,98.95552632
7/22/2013,0.483931,2.696749,104.1580784,3.18212,103.5033231,101.8830378,104.1580784,98.67562188
7/19/2013,0.480925,2.697062,103.9288604,3.18968,103.3001758,101.6917767,103.9288604,98.47321026
7/18/2013,0.482909,2.736493,104.3626586,3.24622,103.6074129,101.8864488,104.3626586,98.64107461
7/17/2013,0.481008,2.695686,104.5561431,3.21632,103.6739254,101.7173603,104.5561431,98.54724592
7/16/2013,0.493213,2.745098,105.7926272,3.23883,104.6572817,102.4988917,105.7926272,99.25487911
7/15/2013,0.518353,2.770767,106.2778306,3.23522,105.0320744,102.8094935,106.2778306,99.50599565
7/12/2013,0.53109,2.825575,107.2850911,3.32663,105.7562888,103.2445191,107.2850911,99.7734253
7/11/2013,0.50587,2.790458,106.7598277,3.32826,105.346849,102.9638389,106.7598277,99.52983401
7/10/2013,0.541466,2.891533,108.4625446,3.45563,106.5749758,103.5999386,108.4625446,99.96477626
7/9/2013,0.539765,2.855778,107.9366476,3.35333,106.083147,103.1934878,107.9366476,99.67533781
7/8/2013,0.53926,2.8926,108.7013726,3.43088,106.733292,103.7918886,108.7013726,100.297854
7/5/2013,0.584332,2.961773,109.8882839,3.56949,107.7498844,104.614249,109.8882839,100.9979708
7/3/2013,0.546238,2.728963,106.0639028,3.21161,105.1824678,103.2615829,106.0639028,99.6563544
7/2/2013,0.521334,2.691787,105.087523,3.14051,104.4614949,102.759098,105.087523,99.24986555
7/1/2013,0.513938,2.698993,105.2522802,3.1218,104.6449691,102.7967068,105.2522802,99.21332635
6/28/2013,0.512886,2.688226,105.7965427,3.14867,105.1386145,103.2362511,105.7965427,99.52356667
6/27/2013,0.512908,2.675681,104.5801064,3.16228,104.0098875,102.2175655,104.5801064,98.61555813
6/26/2013,0.54738,2.754026,107.8215258,3.33648,106.346978,103.5220156,107.8215258,99.63391228
6/25/2013,0.576994,2.811938,108.5741067,3.41591,106.8569021,103.8292312,108.5741067,99.78544127
6/24/2013,0.579756,2.772742,108.6281357,3.38916,107.0953236,104.3021803,108.6281357,100.3757348
6/21/2013,0.562248,2.742672,106.8776837,3.32616,106.0163044,103.8874838,106.8776837,99.92526588
6/20/2013,0.508825,2.647199,106.1529343,3.14382,105.8694641,104.3476394,106.1529343,100.1479924
6/19/2013,0.463255,2.518094,102.8832541,2.96313,104.0948557,103.5996815,102.8832541,99.66106448
6/18/2013,0.419147,2.364265,100.0014881,2.85216,101.6185275,101.5846032,100.0014881,97.66497476
6/17/2013,0.423494,2.347659,99.87834151,2.85329,101.4736202,101.4436043,99.87834151,97.6042467
6/14/2013,0.430919,2.299817,98.98745914,2.80645,100.7236699,100.8248981,98.98745914,97.24112125
6/13/2013,0.472072,2.35504,100.394685,2.83601,101.5090028,101.009996,100.394685,97.56216442
6/12/2013,0.500539,2.421999,102.1269137,2.8739,103.1053519,102.337067,102.1269137,98.57765412
6/11/2013,0.497631,2.391815,102.7408695,2.84844,103.5201324,102.6193063,102.7408695,98.90163374
6/10/2013,0.498095,2.419325,102.9392451,2.88233,103.6681436,102.7545,102.9392451,98.88708689
6/7/2013,0.478971,2.354266,101.9633255,2.86085,102.942479,102.2708023,101.9633255,98.52729072
6/6/2013,0.458557,2.265819,100.7189228,2.81017,101.8906744,101.4410795,100.7189228,97.75754586
6/5/2013,0.45949,2.291419,101.1927859,2.83249,102.3687665,101.8096516,101.1927859,98.12000678
6/4/2013,0.46402,2.331582,101.2576583,2.84472,102.2791372,101.6318994,101.2576583,97.99873385
6/3/2013,0.462498,2.314341,99.62236088,2.82799,100.9107596,100.5002605,99.62236088,96.94143576
5/31/2013,0.47287,2.337146,97.88555913,2.83184,99.17120294,98.77434438,97.88555913,95.56566638
5/30/2013,0.461184,2.288553,96.50392355,2.79579,98.0565292,97.90611447,96.50392355,94.9731717
5/29/2013,0.468273,2.286744,95.57096801,2.818,97.30130871,97.30473212,95.57096801,94.27142621
5/28/2013,0.452357,2.296283,93.91079724,2.83725,95.99842917,96.39187116,93.91079724,93.75146771
5/24/2013,0.40428,2.156178,90.88714732,2.72064,93.6119623,94.62413174,90.88714732,92.27424621
5/23/2013,0.397175,2.157011,90.74980616,2.72676,93.58788441,94.51139089,90.74980616,91.94323709
5/22/2013,0.393263,2.155469,90.19679702,2.69734,93.29921492,94.45971402,90.19679702,91.93554373
5/21/2013,0.3869,2.066728,89.09081785,2.58966,92.55023018,94.10475921,89.09081785,91.74301682
5/20/2013,0.38743,2.093655,89.35324156,2.62891,92.72426017,94.20963721,89.35324156,91.77128542
5/17/2013,0.388592,2.086616,89.2927025,2.60588,92.67675135,94.17054599,89.2927025,91.7440628
5/16/2013,0.370546,1.992793,88.53461397,2.49835,92.27919384,94.14147886,88.53461397,91.67209349
5/15/2013,0.381543,2.076703,88.46265077,2.58235,92.28709456,94.14623925,88.46265077,91.70550867
5/14/2013,0.381846,2.09637,88.43316409,2.56583,92.36007658,94.38845825,88.43316409,91.90189588
5/13/2013,0.378955,2.064888,88.08516599,2.52916,92.20864432,94.44492511,88.08516599,91.70480547
5/10/2013,0.369143,2.040666,87.64039543,2.50064,91.89492752,94.271447,87.64039543,91.59223706
5/9/2013,0.358085,1.957613,87.26108625,2.42141,91.97147115,94.82125221,87.26108625,92.42284978
5/8/2013,0.359271,1.94295,87.67797305,2.3963,92.55622594,95.48353115,87.67797305,93.11893436
5/7/2013,0.363104,1.961252,87.70121666,2.43361,92.55690063,95.50466264,87.70121666,93.09989013
5/6/2013,0.358237,1.951935,87.67708925,2.413,92.51458827,95.45251506,87.67708925,93.10447388
5/3/2013,0.354378,1.918308,87.57165004,2.3938,92.51100232,95.56539776,87.57165004,93.26582835
5/2/2013,0.342067,1.812554,86.70263563,2.27223,91.9029166,95.2024711,86.70263563,93.02313855
5/1/2013,0.345132,1.820106,86.48204562,2.23718,91.78185326,95.13076201,86.48204562,93.0222029
4/30/2013,0.351117,1.849423,86.59287796,2.28375,91.76654269,95.13840342,86.59287796,93.01104918
4/29/2013,0.350482,1.838176,86.45243671,2.3065,91.66637362,95.06516105,86.45243671,92.99861458
4/26/2013,0.358632,1.844556,86.44262022,2.32727,91.68874726,95.05701819,86.44262022,92.94014146
4/25/2013,0.360785,1.883098,86.85637967,2.38059,92.02885748,95.34327764,86.85637967,93.19294508
4/24/2013,0.361715,1.870629,86.98706185,2.38312,92.2965511,95.64847914,86.98706185,93.52755299
4/23/2013,0.364446,1.881772,86.96218836,2.38673,92.25982351,95.6633112,86.96218836,93.48926346
4/22/2013,0.36153,1.870494,87.14039174,2.39398,92.4746541,95.91761193,87.14039174,93.52910623
4/19/2013,0.370559,1.8692,87.28690625,2.39046,92.56459041,95.95432072,87.28690625,93.61070173
4/18/2013,0.369355,1.847449,86.59880384,2.37769,91.79263076,95.43091041,86.59880384,93.1967615
4/17/2013,0.368654,1.869943,86.86087389,2.39653,92.07222773,95.67883752,86.86087389,93.3261655
4/16/2013,0.369025,1.89075,86.97240353,2.39957,92.18841801,95.85785353,86.97240353,93.41925714
4/15/2013,0.366105,1.87195,86.67536327,2.37735,91.88168044,95.5758685,86.67536327,93.02050103
4/12/2013,0.371723,1.899169,86.98941,2.42169,92.19748773,95.86058328,86.98941,93.1064934
4/11/2013,0.374023,1.959092,87.40365172,2.48247,92.03186382,95.12575557,87.40365172,92.47915622
4/10/2013,0.379431,1.973411,88.1591502,2.50239,93.05122509,96.3081961,88.1591502,93.42916689
4/9/2013,0.37767,1.922672,87.72115321,2.45666,92.48335155,95.67256534,87.72115321,92.97865392
4/8/2013,0.377043,1.918201,87.88646136,2.44612,92.53369808,95.60858562,87.88646136,92.99641371
4/5/2013,0.372277,1.861699,87.40130751,2.39981,92.07420004,95.19052617,87.40130751,92.74606002
4/4/2013,0.383918,1.924906,88.23329268,2.4645,92.49768439,95.21263849,88.23329268,92.79620319
4/3/2013,0.394238,1.971866,88.70037768,2.52668,92.96661996,95.57568612,88.70037768,93.04258927
4/2/2013,0.409698,2.015685,89.64798183,2.56223,93.66437724,96.0684508,89.64798183,93.34233943
4/1/2013,0.412798,1.996011,89.50847246,2.54995,93.54128661,95.97984556,89.50847246,93.37480046
3/28/2013,0.423009,2.020531,89.80841688,2.56527,93.73352886,96.08801675,89.80841688,93.3936147
3/27/2013,0.428402,2.008058,89.92183971,2.5599,93.77689656,96.02530247,89.92183971,93.35258619
3/26/2013,0.430398,2.060394,90.40354991,2.58711,94.23328005,96.39599895,90.40354991,93.48019709
3/25/2013,0.428025,2.049585,90.78457002,2.58465,94.48464485,96.5537821,90.78457002,93.65691819
3/22/2013,0.429128,2.044875,91.63849229,2.5876,95.2189922,97.22766522,91.63849229,94.35266108
3/21/2013,0.422404,2.053279,92.00741462,2.61659,95.54694308,97.5186463,92.00741462,94.53627464
3/20/2013,0.414034,2.049738,91.87571507,2.5923,95.50104832,97.54604728,91.87571507,94.63279305
3/19/2013,0.422654,2.018802,91.82291719,2.55968,95.39998337,97.3823473,91.82291719,94.50719336
3/18/2013,0.39197,2.056136,92.26642784,2.577,95.75048078,97.66117116,92.26642784,94.59737866
3/15/2013,0.389972,2.087059,91.69276721,2.6041,95.02465349,96.78028961,91.69276721,93.64510897
3/14/2013,0.40084,2.122616,92.03184877,2.63503,95.0380641,96.48715408,92.03184877,93.36553163
3/13/2013,0.394684,2.102126,91.42505514,2.62839,94.59550913,96.1071993,91.42505514,93.0997687
3/12/2013,0.395279,2.106616,91.1194422,2.64015,94.31267729,95.91443002,91.1194422,92.83945519
3/11/2013,0.39886,2.139228,91.26517489,2.66903,94.50750582,96.1840945,91.26517489,93.36721284
3/8/2013,0.398407,2.13834,91.45358112,2.68202,94.70323167,96.38104644,91.45358112,93.67574328
3/7/2013,0.393129,2.073743,90.9882663,2.62044,94.37867779,96.21840239,90.9882663,93.65549198
3/6/2013,0.381629,2.018488,90.35153506,2.57104,94.16430188,96.3147782,90.35153506,93.8024947
3/5/2013,0.379316,1.973651,90.12036239,2.52933,93.99490688,96.27614226,90.12036239,93.77533787
3/4/2013,0.375977,1.961486,90.26336099,2.51758,94.06936002,96.2931118,90.26336099,93.76716021
3/1/2013,0.377626,1.945717,90.95049941,2.5045,94.64534772,96.75503504,90.95049941,94.21914942
2/28/2013,0.385851,1.977641,90.99126141,2.51903,94.50599253,96.371398,90.99126141,93.73826
2/27/2013,0.392856,1.991554,90.80440649,2.54432,94.44415907,96.35885435,90.80440649,93.61541889
2/26/2013,0.392395,1.965518,90.30249622,2.51777,93.89694618,95.80990333,90.30249622,93.11871545
2/25/2013,0.389236,1.974743,90.29081934,2.52939,93.60202954,95.33316446,90.29081934,92.57703099
2/22/2013,0.396713,2.037965,90.42584868,2.58132,93.62928888,95.27453453,90.42584868,92.34427272
2/21/2013,0.403443,2.0462,90.53423331,2.58004,93.70246405,95.23036396,90.53423331,92.29081016
2/20/2013,0.419243,2.092475,90.11551629,2.58818,93.34018663,94.89125853,90.11551629,91.91286846
2/19/2013,0.419404,2.095254,90.17855664,2.58793,93.43142484,95.11176146,90.17855664,92.16186502
2/15/2013,0.418861,2.068348,90.10017937,2.57361,93.41210384,95.13044218,90.10017937,92.22701611
2/14/2013,0.415953,2.060714,90.21492944,2.5637,93.55495059,95.29551189,90.21492944,92.1433543
2/13/2013,0.427397,2.105726,90.99528471,2.60157,94.43592561,96.15920259,90.99528471,92.94867403
2/12/2013,0.4195,2.068438,90.41733228,2.56306,93.96482418,95.9567241,90.41733228,92.53355118
2/11/2013,0.412048,2.028325,90.21567414,2.52909,93.72026092,95.93187555,90.21567414,92.6609362
2/8/2013,0.406151,2.03256,90.54080642,2.53527,93.77383155,95.63421334,90.54080642,92.31875645
2/7/2013,0.405964,2.027704,90.59013466,2.51825,93.8596789,95.82200158,90.59013466,92.54791644
2/6/2013,0.411246,2.04237,90.1280339,2.52653,93.50464956,95.37667623,90.1280339,92.3655915
2/5/2013,0.429249,2.09502,90.33174182,2.56016,93.58963264,95.66625203,90.33174182,92.78077996
2/4/2013,0.42072,2.059259,88.31297873,2.52423,91.53600534,93.51150089,88.31297873,90.77265308
2/1/2013,0.423508,2.093164,89.4634134,2.55342,92.21770635,94.01649094,89.4634134,91.16355955
1/31/2013,0.431219,2.055601,89.02098687,2.53869,91.85958285,93.57018671,89.02098687,90.87358873
1/30/2013,0.431714,2.077225,89.5098913,2.5417,92.20622418,93.61586837,89.5098913,90.63169271
1/29/2013,0.442237,2.048819,89.22586694,2.52576,91.78445689,93.39013214,89.22586694,90.58038263
1/28/2013,0.445931,2.033106,88.60778354,2.50725,91.133871,92.53609144,88.60778354,89.83137807
1/25/2013,0.429973,2.004183,87.41376684,2.47193,90.28563972,91.98273441,87.41376684,89.42754016
1/24/2013,0.392924,1.894281,85.3476888,2.34225,88.7494227,91.12691197,85.3476888,88.64882659
1/23/2013,0.389196,1.883302,84.73932974,2.32001,88.25922442,90.51844603,84.73932974,87.85886822
1/22/2013,0.393392,1.885761,84.16057183,2.3297,87.61845102,89.93727893,84.16057183,87.26138295
1/18/2013,0.398631,1.894059,84.17518656,2.32067,87.54013728,89.74638746,84.17518656,87.06555626
1/17/2013,0.404405,1.913672,84.34212801,2.33215,87.78387308,90.01666208,84.34212801,87.29371676
1/16/2013,0.373823,1.857361,83.08517178,2.2588,86.94753595,89.51805307,83.08517178,86.99074379
1/15/2013,0.37199,1.860082,83.02219002,2.26543,86.72255325,89.41500084,83.02219002,86.90910931
1/14/2013,0.378623,1.883561,83.89095851,2.25974,87.5753284,90.1643152,83.89095851,87.59350181
1/11/2013,0.383617,1.903994,84.22884634,2.27849,87.8017031,90.18765833,84.22884634,87.69037025
1/10/2013,0.380653,1.917067,84.39539348,2.29209,88.18880028,90.88004307,84.39539348,88.55460208
1/9/2013,0.374762,1.87765,83.77855915,2.25004,87.7399614,90.61871696,83.77855915,88.46233701
1/8/2013,0.386078,1.892647,83.98371882,2.28231,87.92545642,90.66953395,83.98371882,88.43272067
1/7/2013,0.394001,1.928726,84.06244189,2.30121,87.93273552,90.69676201,84.06244189,88.3375446
1/4/2013,0.400307,1.939275,84.5290302,2.33474,88.3064299,90.91343972,84.5290302,88.46060317
1/3/2013,0.390477,1.927184,84.53346297,2.32281,88.2175711,91.35860127,84.53346297,88.93993444
1/2/2013,0.384969,1.876252,84.68597922,2.23572,89.0950725,92.0905183,84.68597922,89.78632865
12/31/2012,0.384955,1.797312,84.15883512,2.18779,88.46175348,92.04771593,84.15883512,89.93194476
12/28/2012,0.393176,1.76649,82.75954333,2.17245,87.47220426,90.82523993,82.75954333,88.94565309
12/27/2012,0.404156,1.778338,83.18910867,2.14931,87.64030604,90.98451673,83.18910867,89.2293118
12/26/2012,0.408742,1.816595,83.38301059,2.17454,87.92791967,90.91773712,83.38301059,89.04615737
12/24/2012,0.408923,1.827993,83.58874235,2.1867,88.11401384,91.27659122,83.58874235,89.32270278
12/21/2012,0.397928,1.803196,83.34336248,2.1562,87.8432205,91.17958949,83.34336248,89.29994535
12/20/2012,0.399786,1.843098,83.64041512,2.17839,88.16324096,91.39203591,83.64041512,89.47121006
12/19/2012,0.398418,1.842482,84.81510376,2.18467,89.2851116,92.36534743,84.81510376,90.44755368
12/18/2012,0.390965,1.875069,86.01065295,2.22206,90.33525984,93.2343148,86.01065295,91.11385987
12/17/2012,0.371594,1.814056,84.8551236,2.16189,89.39413436,92.74786708,84.8551236,90.88331964
12/14/2012,0.359706,1.756585,83.96408546,2.11252,88.49482829,91.97940299,83.96408546,90.24318557
12/13/2012,0.360765,1.767593,83.81269562,2.11339,88.3754331,91.84936615,83.81269562,90.0562689
12/12/2012,0.354158,1.740826,83.23134421,2.09444,87.94276653,91.69263032,83.23134421,90.04276221
12/11/2012,0.354055,1.694474,82.06317454,2.05772,86.947636,90.97593786,82.06317454,89.45742681
12/10/2012,0.354684,1.668435,81.77309803,2.05293,86.70096742,90.62116963,81.77309803,89.19948523
12/7/2012,0.352475,1.676668,81.99981676,2.06062,86.79623775,90.70956393,81.99981676,89.37049199
12/6/2012,0.358134,1.63698,81.51900923,2.02371,86.39860905,90.34453566,81.51900923,89.25983035
12/5/2012,0.361975,1.640459,81.51197074,2.00236,86.3978475,90.26314993,81.51197074,89.2906221
12/4/2012,0.367043,1.657397,81.51479201,1.9892,86.33285591,90.19399686,81.51479201,89.28825091
12/3/2012,0.371188,1.670409,81.83556722,1.99206,86.63363072,90.45570544,81.83556722,89.4990805
11/30/2012,0.370351,1.656343,82.17215913,1.97049,86.86360083,90.71964614,82.17215913,89.80871132
11/29/2012,0.376223,1.661168,82.11578839,1.96039,86.74791168,90.39463712,82.11578839,89.56651795
11/28/2012,0.379133,1.653546,82.23183535,1.95147,86.70791504,90.03718385,82.23183535,89.38846092
11/27/2012,0.389988,1.675386,82.72696186,1.94605,87.09745748,90.44574358,82.72696186,89.71109384
11/26/2012,0.399419,1.703314,83.59535982,1.9501,87.78301614,90.97587325,83.59535982,90.25959813
11/23/2012,0.398292,1.727482,84.15859689,1.91951,88.187463,91.3036967,84.15859689,90.51997002
11/21/2012,0.391023,1.721595,84.30202143,1.89102,88.50253704,91.47787372,84.30202143,90.58111864
11/20/2012,0.376783,1.691797,84.30545654,1.89176,88.5885336,91.77249791,84.30545654,91.01266193
11/19/2012,0.375419,1.655148,84.17170785,2.04952,88.30669841,91.27305247,84.17170785,90.50405614
11/16/2012,0.377932,1.619422,83.68256614,2.02214,87.6938208,90.662479,83.68256614,90.01835155
11/15/2012,0.373484,1.629136,83.72426954,2.06793,87.6959076,90.58948514,83.72426954,89.91240291
11/14/2012,0.364979,1.624827,83.48795293,2.09962,87.17155369,90.07539696,83.48795293,89.60227559
11/13/2012,0.370584,1.631675,82.99791616,2.0567,86.84479512,89.87778258,82.99791616,89.30835116
11/9/2012,0.377657,1.643175,83.30810406,2.04058,87.0761754,90.25136205,83.30810406,89.18410944
11/8/2012,0.369618,1.643547,82.25219955,2.09611,86.16247632,89.28699871,82.25219955,88.3067467
11/7/2012,0.369821,1.675793,82.82671856,2.16867,86.5999021,89.48891249,82.82671856,88.46375881
11/6/2012,0.398304,1.781269,85.0575546,2.28125,88.65218208,91.38924428,85.0575546,89.7416086
11/5/2012,0.371146,1.712747,84.53494201,2.20611,88.2507531,91.09192876,84.53494201,89.63784878
11/2/2012,0.377449,1.750801,84.83473326,2.23384,88.2735392,90.94345495,84.83473326,89.73895739
11/1/2012,0.379062,1.752377,84.65177705,2.25883,88.15586065,90.85193591,84.65177705,89.62250669
10/31/2012,0.383471,1.730362,84.23566256,2.24082,87.72346143,90.24927346,84.23566256,89.24805076
10/29/2012,0.394822,1.763488,84.12315841,2.25908,87.7283905,90.35364177,84.12315841,89.24654917
10/26/2012,0.398762,1.78755,84.6825391,2.27715,88.12430002,90.70687963,84.6825391,89.56909095
10/25/2012,0.411774,1.866633,85.53998219,2.32815,88.84807954,91.35610242,85.53998219,90.19579609
10/24/2012,0.383662,1.80419,84.88176102,2.28278,88.49396575,91.29143707,84.88176102,90.6402396
10/23/2012,0.394766,1.8054,84.92317873,2.25118,88.56726546,91.27392581,84.92317873,90.37163952
10/22/2012,0.399457,1.822712,85.4846888,2.26131,89.29646505,92.43398109,85.4846888,92.37102731
10/19/2012,0.398559,1.794976,84.5387503,2.24023,88.23079356,90.88799993,84.5387503,90.38452754
10/18/2012,0.389959,1.849109,85.55501364,2.28119,88.93394064,91.5588856,85.55501364,90.98256135
10/17/2012,0.38197,1.842263,85.78360806,2.24836,89.27044002,91.74120982,85.78360806,91.22710913
10/16/2012,0.363049,1.757228,83.44625097,2.15818,88.52391675,91.04057813,83.44625097,90.62077323
10/15/2012,0.370853,1.716632,83.07812837,2.11472,87.720896,90.87012339,83.07812837,90.67883385
10/12/2012,0.377842,1.712853,82.51700889,2.09799,86.89629925,90.37084208,82.51700889,90.0955102
10/11/2012,0.38549,1.716322,82.85561608,2.10431,87.24174375,90.68631565,82.85561608,90.46056128
10/10/2012,0.388244,1.746745,82.95856662,2.13312,87.47612874,90.94293951,82.95856662,90.55319325
10/9/2012,0.382884,1.776266,83.78549508,2.17612,88.1938842,91.63869927,83.78549508,91.16425367
10/5/2012,0.392057,1.794063,84.49875203,2.17379,88.69343025,92.04496705,84.49875203,91.53182332
10/4/2012,0.372893,1.73733,84.42337153,2.13499,88.66564761,92.09821995,84.42337153,91.79947097
10/3/2012,0.36716,1.683422,84.10932407,2.06393,88.55988652,91.95057329,84.10932407,91.6481942
10/2/2012,0.37406,1.688958,84.46452447,1.86499,88.71072507,92.00255722,84.46452447,91.68529814
10/1/2012,0.370312,1.695096,84.49971394,1.92693,88.99481295,91.95639108,84.49971394,91.5751505
9/28/2012,0.367929,1.705307,84.74443847,1.97389,89.09407808,92.06076017,84.74443847,91.71091329
9/27/2012,0.397066,1.692582,84.60916994,1.9715,88.9129864,91.84333462,84.60916994,91.52560232
9/26/2012,0.419494,1.668585,84.60905445,1.91514,88.84875321,91.57171122,84.60905445,91.34369269
9/25/2012,0.400322,1.711184,85.53840367,1.93405,89.66591049,92.21649481,85.53840367,91.88072462
9/24/2012,0.393537,1.738317,85.41404625,1.99488,89.74988568,92.48089144,85.41404625,92.32401114
9/21/2012,0.389143,1.771002,86.3442313,2.05435,90.36923994,92.95442963,86.3442313,92.55656508
9/20/2012,0.393567,1.782671,86.44968716,2.11542,90.38772417,92.90746063,86.44968716,92.65104326
9/19/2012,0.387689,1.80339,86.7105775,2.14762,90.83325753,93.47134115,86.7105775,92.8692634
9/18/2012,0.387813,1.846186,87.5594104,2.20121,91.27917185,93.62402328,87.5594104,92.97318488
9/17/2012,0.377088,1.872341,88.60370133,2.2118,91.93695816,94.91312285,88.60370133,94.29073345
9/14/2012,0.374969,1.89735,89.59494831,2.19789,92.72702044,95.57285549,89.59494831,95.05295844
9/13/2012,0.374809,1.813548,88.02880433,2.12213,91.5146406,94.61500552,88.02880433,94.07877988
9/12/2012,0.400259,1.854097,90.32176757,2.34431,93.5189535,96.25349345,90.32176757,95.82921934
9/11/2012,0.39768,1.791655,88.88339768,2.30699,92.0270134,94.85798467,88.88339768,94.29043468
9/10/2012,0.398891,1.775334,88.90690174,2.31448,92.12068323,94.91157043,88.90690174,94.29055579
9/7/2012,0.404917,1.766091,88.79505174,2.30005,92.000419,94.94477608,88.79505174,94.5147866
9/6/2012,0.421446,1.776807,89.75776865,2.38182,92.83502079,95.57607267,89.75776865,94.98623974
9/5/2012,0.397255,1.688132,88.77269969,2.32194,92.1223263,94.99413884,88.77269969,94.412899
9/4/2012,0.397405,1.682022,89.63739288,2.30884,92.77864929,95.54090898,89.63739288,94.8366714
8/31/2012,0.398635,1.671219,90.59858669,2.29171,93.46940568,96.05386747,90.59858669,95.40408486
8/30/2012,0.427986,1.721129,91.24766634,2.35628,93.86718786,96.3202954,91.24766634,95.6944245
8/29/2012,0.445427,1.753023,90.86747097,2.39101,93.76816413,96.24996795,90.86747097,95.48190532
8/28/2012,0.440114,1.719289,90.47461783,2.33159,93.27460512,95.78895774,90.47461783,95.23148021
8/27/2012,0.444688,1.745728,90.20902914,2.36445,93.0092625,95.46180592,90.20902914,94.95994001
8/24/2012,0.447838,1.777599,90.22508835,2.40065,92.9858076,95.42277075,90.22508835,94.94032178
8/23/2012,0.439007,1.765177,90.01327633,2.36944,92.7472562,95.07066879,90.01327633,94.52091404
8/22/2012,0.466612,1.820835,89.98104226,2.43671,92.9701635,95.42101078,89.98104226,94.48265585
8/21/2012,0.496348,1.907867,90.59980992,2.53108,94.80632425,94.49266923,90.59980992,93.22152637
8/20/2012,0.494082,1.918237,92.39635075,2.52428,94.7501132,96.78722722,92.39635075,96.07717505
8/17/2012,0.497167,1.916185,92.56034742,2.54175,94.84697457,96.90727157,92.56034742,96.16103671
8/16/2012,0.496269,1.949912,93.71786959,2.56637,95.80791738,97.64854164,93.71786959,96.94909974
8/15/2012,0.485625,1.91739,92.61993835,2.53832,94.92199912,96.82306911,92.61993835,96.1838526
8/14/2012,0.469553,1.822475,90.99837572,2.43318,93.62746206,96.01371654,90.99837572,95.11927315
8/13/2012,0.46471,1.758412,89.45431578,2.36226,92.28616112,94.83261378,89.45431578,94.1687237
8/10/2012,0.464847,1.753895,89.12768657,2.36591,91.74378048,94.18155179,89.12768657,93.5528255
8/9/2012,0.478123,1.7944,89.59566231,2.38592,92.08898149,94.32441916,89.59566231,93.63949644
8/8/2012,0.468529,1.778248,89.6561494,2.38117,92.22465605,94.45834902,89.6561494,93.58409861
8/7/2012,0.451695,1.76603,89.10637461,2.39094,91.79606475,94.22865451,89.10637461,93.56974834
8/6/2012,0.43297,1.697346,87.84592698,2.33527,90.77957308,93.46197669,87.84592698,92.94300465
8/3/2012,0.44351,1.721878,88.93201977,2.35162,91.43814148,93.71380957,88.93201977,93.28702942
8/2/2012,0.435415,1.629536,87.43054236,2.26376,90.38961504,93.1494458,87.43054236,92.69995534
8/1/2012,0.432285,1.670479,87.92465528,2.29277,90.80471329,93.27277836,87.92465528,92.62095469
7/31/2012,0.422342,1.611173,87.1362258,2.24616,90.01008856,92.73527592,87.1362258,92.19170157
7/30/2012,0.421769,1.614606,87.33421353,2.2646,90.1510897,92.83274515,87.33421353,92.30484712
7/27/2012,0.451473,1.676332,88.43819484,2.40342,90.70388715,92.81193327,88.43819484,92.27321057
7/26/2012,0.437184,1.558828,86.34780517,2.21969,89.34664065,92.15966662,86.34780517,91.69751802
7/25/2012,0.442163,1.542261,85.97266234,2.19063,89.12110292,91.92902502,85.97266234,91.66108997
7/24/2012,0.443774,1.543977,86.40796628,2.17783,89.33968745,92.0238228,86.40796628,91.67252086
7/23/2012,0.446913,1.57104,86.491923,2.21634,89.39148012,92.05170845,86.491923,91.50235452
7/20/2012,0.44646,1.59299,86.96104316,2.2663,89.6515,92.12982802,86.96104316,91.60960165
7/19/2012,0.447941,1.641194,87.24581687,2.33631,89.93411407,92.3167013,87.24581687,91.79347066
7/18/2012,0.460125,1.617766,87.66020547,2.322,90.49016627,92.98621913,87.66020547,92.47164378
7/17/2012,0.471778,1.645662,87.96049189,2.37795,90.7340196,93.22957816,87.96049189,92.89354822
7/16/2012,0.466746,1.603548,87.98796591,2.3408,90.6555226,93.03095028,87.98796591,92.81025089
7/13/2012,0.481703,1.622372,87.95480713,2.39769,90.57232664,92.93712989,87.95480713,92.68616732
7/12/2012,0.477816,1.597016,87.77914527,2.33981,90.44602336,92.76320577,87.77914527,92.50142907
7/11/2012,0.498181,1.622681,87.98207359,2.3485,90.59456385,92.82102574,87.98207359,92.65155504
7/10/2012,0.523472,1.630206,88.57874985,2.35167,91.208156,93.55089572,88.57874985,93.34160264
7/9/2012,0.52071,1.650497,88.1153416,2.35716,90.7212813,92.97624372,88.1153416,93.07088801
7/6/2012,0.519611,1.691674,88.89631458,2.384,91.31427508,93.48661733,88.89631458,93.35591212
7/5/2012,0.531209,1.743454,89.57958834,2.45892,91.795314,93.66095884,89.57958834,93.69287646
7/3/2012,0.539547,1.768056,89.7871079,2.48233,92.02972338,93.88321432,89.7871079,93.98490397
7/2/2012,0.544042,1.725432,89.85979215,2.45249,92.04146948,93.98774928,89.85979215,94.07592624
6/29/2012,0.547829,1.782516,89.88920199,2.52101,91.95316848,93.76170866,89.88920199,93.86962525
6/28/2012,0.554452,1.713129,89.52856171,2.45744,91.65844527,93.58594371,89.52856171,93.66201115
6/27/2012,0.545948,1.751759,89.60312919,2.48997,91.834834,93.69033818,89.60312919,93.65412134
6/26/2012,0.539364,1.761655,89.72954831,2.51553,91.87165872,93.72827216,89.72954831,93.74252397
6/25/2012,0.526314,1.744502,89.49299413,2.4939,91.59786374,93.39600234,89.49299413,93.23878759
6/22/2012,0.539398,1.801701,89.75138604,2.57935,91.83509335,93.67736831,89.75138604,93.66723555
6/21/2012,0.556688,1.770865,89.4928045,2.53025,91.58227832,93.37045218,89.4928045,93.31627389
6/20/2012,0.534322,1.790516,89.65484789,2.5544,91.60253119,93.04964387,89.65484789,92.84501617
6/19/2012,0.534042,1.774183,91.29885581,2.5157,92.82062889,93.89874012,91.29885581,93.67772433
6/18/2012,0.535697,1.737718,91.55236399,2.51188,92.73786952,93.64697023,91.55236399,93.54009933
6/15/2012,0.548371,1.735208,92.35705607,2.52601,93.49215008,94.43803698,92.35705607,94.28545775
6/14/2012,0.597115,1.762021,92.76522527,2.53953,93.74144964,94.58544063,92.76522527,94.25500778
6/13/2012,0.593688,1.760819,92.62556867,2.55836,93.75080125,94.52022896,92.62556867,94.1257904
6/12/2012,0.591469,1.827094,92.54016644,2.59302,93.44881161,94.73317666,92.54016644,94.52638463
6/11/2012,0.571323,1.790069,92.24863155,2.54292,93.52893398,94.52412743,92.24863155,94.36662322
6/8/2012,0.571876,1.828534,91.24315927,2.58572,92.88347248,94.27852188,91.24315927,94.08249754
6/7/2012,0.572194,1.833925,91.36135895,2.58571,92.99073075,94.87572076,91.36135895,94.61914726
6/6/2012,0.592955,1.819515,90.59692674,2.60963,92.89543105,94.09573435,90.59692674,94.1504564
6/5/2012,0.606279,1.753107,89.91889496,2.60284,92.49307742,94.12715405,89.91889496,94.24904623
6/4/2012,0.624175,1.735479,89.92846971,2.56551,92.17314667,94.19856668,89.92846971,94.46608523
6/1/2012,0.621235,1.676491,89.3579211,2.49908,91.306365,93.2082937,89.3579211,93.94256742
5/31/2012,0.615921,1.74769,90.1111029,2.58864,91.96497156,93.71927012,90.1111029,94.13879753
5/30/2012,0.617563,1.782546,90.45248103,2.61968,92.37604588,94.21968301,90.45248103,94.27604091
5/29/2012,0.629496,1.879969,92.12914479,2.68852,94.75525,96.12784944,92.12914479,96.06826045
5/25/2012,0.637923,1.889565,92.81845924,2.68344,94.87828952,96.70079147,92.81845924,96.68797789
5/24/2012,0.638468,1.896715,93.15188213,2.68128,95.41758568,96.99964798,93.15188213,96.83076185
5/23/2012,0.647798,1.863663,93.8042855,2.66163,96.1161861,97.99927927,93.8042855,97.382095
5/22/2012,0.633875,1.919711,94.6119003,2.68858,96.36516296,98.6594061,94.6119003,98.10516334
5/21/2012,0.640091,1.855714,93.05243743,2.6613,95.7912302,97.3949884,93.05243743,97.0077649
5/18/2012,0.661198,1.82649,92.86366232,2.61975,95.48736572,97.42515959,92.86366232,96.83263356
5/17/2012,0.648822,1.827822,92.91594509,2.61711,95.46048075,97.62630897,92.91594509,97.06432896
5/16/2012,0.648054,1.896319,93.50619153,2.70948,95.70900192,97.8006168,93.50619153,97.34291212
5/15/2012,0.659683,1.93181,94.9000001,2.71798,96.8332708,98.62384739,94.9000001,98.1248234
5/14/2012,0.639727,1.944587,94.97679446,2.71838,96.86047096,98.57456688,94.97679446,98.11298671
5/11/2012,0.602531,1.9858,94.63880418,2.72577,96.68983632,98.26295609,94.63880418,97.64126078
5/10/2012,0.577517,2.01783,94.55583854,2.73233,96.6704719,98.34919192,94.55583854,97.5922249
5/9/2012,0.586349,1.996599,94.44651173,2.73466,96.63470856,98.53630798,94.44651173,97.92915761
5/8/2012,0.563435,1.988941,94.38775281,2.75137,96.7448835,98.33596225,94.38775281,97.60192984
5/7/2012,0.548979,2.015294,94.3749221,2.7614,96.52326732,98.35262756,94.3749221,97.79958432
5/4/2012,0.545586,2.012936,93.77000217,2.75552,96.00448767,97.90800194,93.77000217,97.27226981
5/3/2012,0.542781,2.047059,95.8098772,2.7833,97.9249104,99.75382105,95.8098772,98.87264206
5/2/2012,0.546598,2.048309,95.51167455,2.77448,97.94680857,99.95930744,95.51167455,99.0301851
5/1/2012,0.545673,2.079913,96.74150171,2.78661,98.93884602,101.1871345,96.74150171,100.2918152
4/30/2012,0.550124,2.040259,94.80958496,2.75955,97.48713786,99.26677777,94.80958496,98.5331534
4/27/2012,0.556965,2.059553,95.87488768,2.77117,98.3634586,100.5394066,95.87488768,99.60269862
4/26/2012,0.556916,2.08713,97.01847584,2.78627,99.49072609,102.0360351,97.01847584,101.33244
4/25/2012,0.554732,2.105056,98.06313229,2.81158,100.7570737,102.7603236,98.06313229,101.7635356
4/24/2012,0.576022,2.087208,98.51334561,2.79451,101.1986035,103.1659712,98.51334561,102.0895301
4/23/2012,0.57002,2.054191,98.67905798,2.77111,101.1709878,103.229441,98.67905798,102.1883689
4/20/2012,0.565436,2.077835,99.29202898,2.79798,101.6532718,103.5326915,99.29202898,102.4316423
4/19/2012,0.565571,2.064306,98.92928309,2.78515,101.7950742,103.3840636,98.92928309,102.2656059
4/18/2012,0.559675,2.093332,99.71495481,2.81865,101.8472202,103.6908687,99.71495481,102.6853209
4/17/2012,0.559027,2.112905,99.85254156,2.83806,101.8111109,103.6585564,99.85254156,102.7625718
4/16/2012,0.565642,2.079946,99.47791871,2.79245,101.6007091,103.2549008,99.47791871,102.1602404
4/13/2012,0.565088,2.103069,99.48389784,2.79753,101.27655,103.0009858,99.48389784,101.9926736
4/12/2012,0.566479,2.149779,99.40117924,2.8182,101.5025986,102.7051337,99.40117924,101.6947712
4/11/2012,0.584462,2.130501,98.69382036,2.80853,100.925671,102.3152191,98.69382036,101.433552
4/10/2012,0.599123,2.096826,98.35952976,2.79372,100.3025991,102.0736156,98.35952976,101.3739835
4/9/2012,0.605074,2.116743,98.04159955,2.7908,100.230857,101.3763092,98.04159955,100.4665408
4/6/2012,0.609694,2.142481,98.9587522,2.80534,98.0379806,102.5604032,98.9587522,101.4878013
4/5/2012,0.629798,2.274439,102.2011951,2.89897,103.5302429,104.2725708,102.2011951,102.8166466
4/4/2012,0.624931,2.33448,102.1903253,2.93468,103.0925456,103.9241337,102.1903253,102.4883768
4/3/2012,0.619457,2.374087,101.668036,2.97183,103.0059104,103.2713754,101.668036,101.7927489
4/2/2012,0.584532,2.277654,99.6600856,2.89314,101.0396397,102.2612135,99.6600856,101.0563847
3/30/2012,0.581466,2.289431,100.868191,2.90764,102.1260878,102.9281622,100.868191,101.6889565
3/29/2012,0.578788,2.224584,99.85982971,2.87835,101.1497198,102.2144076,99.85982971,100.9712113
3/28/2012,0.571669,2.257719,101.0927323,2.90957,102.197355,102.9701139,101.0927323,101.7749168
3/27/2012,0.565392,2.245549,102.0915293,2.90011,103.0694805,103.9223765,102.0915293,102.5800002
3/26/2012,0.59725,2.316739,103.9849279,2.93788,104.553579,104.6252564,103.9849279,102.9539679
3/23/2012,0.61073,2.308003,103.7853003,2.94735,104.3588994,104.7423581,103.7853003,103.229675
3/22/2012,0.631607,2.344967,104.4945837,2.96481,104.9782533,104.9031607,104.4945837,103.2047691
3/21/2012,0.640509,2.367511,105.4207373,2.96448,105.7121463,105.482417,105.4207373,103.7098063
3/20/2012,0.660798,2.454938,106.6578543,3.02044,106.3346949,106.1278936,106.6578543,104.1128323
3/19/2012,0.632212,2.450264,106.3690085,3.03174,106.1941884,106.3534152,106.3690085,104.4196583
3/16/2012,0.613832,2.353497,103.8871251,2.95858,104.4275582,104.8046256,103.8871251,103.5297307
3/15/2012,0.630928,2.34011,104.0744598,2.97886,105.1207312,105.6115294,104.0744598,104.5682614
3/14/2012,0.649358,2.326678,105.6756762,2.95456,106.5795116,106.7586872,105.6756762,105.5527378
3/13/2012,0.606115,2.177142,101.2190245,2.81725,104.1403493,105.3393742,101.2190245,104.69201
3/12/2012,0.575122,2.099936,99.88284747,2.83262,102.3772688,104.5388587,99.88284747,104.0943324
3/9/2012,0.575171,2.114734,100.1084745,2.83525,102.3319963,104.5568342,100.1084745,103.8159829
3/8/2012,0.556388,2.094177,99.89020438,2.83922,102.4195501,104.600885,99.89020438,103.9198974
3/7/2012,0.553006,2.053173,100.0596723,2.83166,103.0903977,105.2194536,100.0596723,104.285661
3/6/2012,0.554638,2.029732,100.9256455,2.79722,103.8975112,106.0161368,100.9256455,105.1747567
3/5/2012,0.559189,2.081997,101.3156326,2.82778,103.7828292,106.2783594,101.3156326,105.1947413
3/2/2012,0.526496,2.068239,100.5079482,2.81409,103.2365646,105.8091002,100.5079482,104.8595157
3/1/2012,0.553877,2.117532,101.4870807,2.84865,103.8723978,106.0312073,101.4870807,104.897876
2/29/2012,0.560412,2.065167,100.0191825,2.80317,103.0271722,105.341874,100.0191825,104.268557
2/28/2012,0.571122,2.025057,98.40179571,2.73569,101.4950522,103.868451,98.40179571,102.9615126
2/27/2012,0.591143,2.023129,98.58705355,2.74681,101.6784669,103.9862831,98.58705355,102.9860473
2/24/2012,0.617264,2.078851,98.68315153,2.77263,101.690334,104.4662224,98.68315153,103.184874
2/23/2012,0.598775,2.077405,98.56531344,2.7645,101.3449584,103.3491461,98.56531344,102.5946489
2/22/2012,0.589849,2.090209,98.38356318,2.79998,101.1716263,103.5704251,98.38356318,102.7156559
2/21/2012,0.595098,2.134746,98.10531272,2.84286,100.7313274,102.808172,98.10531272,102.4228081
2/17/2012,0.581223,2.081736,97.5140702,2.79894,100.4477292,102.983512,97.5140702,102.3184387
2/16/2012,0.583831,2.063799,96.84686274,2.76614,99.88336176,102.8079236,96.84686274,102.4106978
2/15/2012,0.558461,2.006119,95.80577987,2.69242,99.51551802,102.6160381,95.80577987,102.3937908
2/14/2012,0.571119,2.004388,97.57114323,2.68866,101.2012274,103.6108388,97.57114323,103.1259531
2/13/2012,0.569374,2.070696,98.4697623,2.7044,101.1929166,104.4488709,98.4697623,103.9621009
2/10/2012,0.54395,2.046386,97.09878372,2.69818,99.95987205,102.3289425,97.09878372,102.4374004
2/9/2012,0.533152,2.122302,97.60867952,2.71089,99.6098182,101.5996796,97.60867952,102.0463152
2/8/2012,0.536051,2.089492,95.67150507,2.69136,98.56556522,100.9950292,95.67150507,101.8089381
2/7/2012,0.542529,2.076421,95.90544553,2.71397,98.8443972,100.8376629,95.90544553,101.6228193
2/6/2012,0.514413,2.00897,94.45413205,2.68552,97.49092016,100.3781944,94.45413205,101.4290636
2/3/2012,0.507671,2.057029,95.77273176,2.73534,98.14211322,101.2647854,95.77273176,102.1725366
2/2/2012,0.48642,1.927897,93.19160338,2.64901,96.66612184,100.1816876,93.19160338,101.6382437
2/1/2012,0.501235,1.939796,93.61256152,2.71057,96.91273368,99.92874635,93.61256152,101.4092886
1/31/2012,0.51659,1.911542,93.81648941,2.71426,97.21543536,100.0064816,93.81648941,101.0077933
1/30/2012,0.541076,1.959645,93.98608377,2.74741,97.35587008,99.62452171,93.98608377,100.5758411
1/27/2012,0.534574,2.012364,94.03194544,2.74817,97.13964656,99.69196298,94.03194544,100.454829
1/26/2012,0.529491,2.034065,93.95137474,2.7799,97.01768862,99.62091325,93.95137474,100.3095796
1/25/2012,0.560758,2.110387,97.46013046,2.8356,99.4850625,102.0241957,97.46013046,102.1664242
1/24/2012,0.582914,2.167679,100.2735434,2.88683,102.2340173,103.6708362,100.2735434,103.2514703
1/23/2012,0.579462,2.185449,100.553808,2.89696,102.4785944,103.9860114,100.553808,103.7632865
1/20/2012,0.592287,2.1558,100.2210237,2.88022,102.2851886,104.0499344,100.2210237,103.8328019
1/19/2012,0.579943,2.095046,98.78374724,2.87307,101.5833782,103.6993584,98.78374724,103.701369
1/18/2012,0.580304,2.030157,96.54309469,2.78927,100.030848,102.8671235,96.54309469,103.0151525
1/17/2012,0.557666,1.983326,97.21421854,2.7701,100.5307985,103.2839848,97.21421854,103.3409097
1/13/2012,0.571948,2.000039,97.43723105,2.75666,100.4922086,103.0137315,97.43723105,103.0421896
1/12/2012,0.580332,2.064053,98.73497509,2.77285,101.2513457,103.741693,98.73497509,103.7546874
1/11/2012,0.609118,2.0483,97.60681559,2.78344,100.8325577,103.4665945,97.60681559,103.1312408
1/10/2012,0.637465,2.109581,98.55070178,2.80149,101.5949236,104.0924246,98.55070178,103.9406883
1/9/2012,0.642736,2.0913,97.73272042,2.76484,100.9342662,103.6175971,97.73272042,103.2852318
1/6/2012,0.678341,2.094886,99.1282092,2.75682,102.4632687,105.3104647,99.1282092,104.7448826
1/5/2012,0.715878,2.121191,100.4250781,2.80729,103.6025823,106.4440699,100.4250781,105.7609107
1/4/2012,0.725513,2.128085,100.8755269,2.87926,103.895605,106.8410632,100.8755269,106.1204201
1/3/2012,0.738282,2.110677,102.7437353,2.87621,105.4202864,108.0240238,102.7437353,107.4943858
12/30/2011,0.724151,2.036479,102.6386977,2.89979,105.6703728,107.954653,102.6386977,106.9481254
12/29/2011,0.758133,2.055483,104.6479009,2.90693,106.9997479,109.0521278,104.6479009,108.0153953
12/28/2011,0.778998,2.06735,104.4126295,2.91865,107.0468524,108.6546323,104.4126295,107.6880469
12/27/2011,0.779671,2.171166,104.8937886,2.98716,106.9213032,109.1686752,104.8937886,108.19823
12/23/2011,0.773286,2.191973,104.6789032,2.97699,106.8533915,108.4848398,104.6789032,107.7914735
12/22/2011,0.753992,2.107654,103.2793616,2.86901,105.696588,107.5103831,103.2793616,106.651354
12/21/2011,0.738456,2.124525,104.002096,2.88049,106.2619287,107.7419046,104.002096,107.0609423
12/20/2011,0.735364,2.096288,104.350569,2.82018,106.3209302,108.2237302,104.350569,107.4157834
12/19/2011,0.734772,2.001756,103.3693139,2.69119,106.3254435,106.3330229,103.3693139,105.5353674
12/16/2011,0.720063,2.02374,104.9128934,2.70095,106.4174447,108.0348086,104.9128934,107.0761541
12/15/2011,0.715616,2.070704,104.3366955,2.7731,106.0740855,107.544579,104.3366955,106.6372634
12/14/2011,0.721279,2.04544,105.5692794,2.73978,107.381624,108.6124833,105.5692794,107.6910859
12/13/2011,0.685581,2.10525,106.11016,2.81574,107.908209,109.0869538,106.11016,108.3451549
12/12/2011,0.669411,2.150709,106.8317501,2.87444,108.8654532,109.8465365,106.8317501,109.0235448
12/9/2011,0.641305,2.169854,107.0191094,2.87235,108.8691157,109.9513019,107.0191094,109.0858289
12/8/2011,0.63711,2.099653,105.9955092,2.74561,107.5695704,109.069859,105.9955092,108.1745666
12/7/2011,0.655269,2.144395,104.8249491,2.8277,106.6948167,107.5900903,104.8249491,106.815581
12/6/2011,0.686036,2.226143,105.9135081,2.97571,107.304845,108.435712,105.9135081,107.8136345
12/5/2011,0.686634,2.197604,106.8664545,2.93274,107.8249153,109.5847326,106.8664545,108.6615026
12/2/2011,0.699042,2.21705,107.7173483,2.87903,108.5226734,109.6174609,107.7173483,108.8329335
12/1/2011,0.674262,2.270685,108.1850203,3.03356,108.8755133,109.3498732,108.1850203,108.6807982
11/30/2011,0.659695,2.202945,108.2598044,2.98029,109.758996,109.9605744,108.2598044,109.4107168
11/29/2011,0.77271,2.170055,109.5251034,3.00969,110.3743667,110.3323254,109.5251034,109.9578825
11/28/2011,0.800351,2.151468,109.7544311,3.01234,110.4135652,110.5860012,109.7544311,110.1452302
11/25/2011,0.810005,2.146128,109.4374311,3.03881,110.1885781,110.4098865,109.4374311,109.9191503
11/23/2011,0.801951,2.083334,109.8084127,2.75603,110.4702548,110.6459167,109.8084127,110.1285258
11/22/2011,0.774246,2.121887,109.8744394,2.72577,110.014715,110.6404409,109.8744394,110.221319
11/21/2011,0.800692,2.148859,109.7760218,2.99915,110.4482876,110.5744836,109.7760218,109.9595259
11/18/2011,0.771889,2.172105,109.6121266,3.03061,110.1095273,109.9629121,109.6121266,109.6484765
11/17/2011,0.792059,2.150963,109.3874484,2.99406,110.0681723,109.9140949,109.3874484,109.1649862
11/16/2011,0.743288,2.219233,109.22822,3.01953,109.4814169,109.9878522,109.22822,109.2480644
11/15/2011,0.70423,2.247476,108.4921151,3.03026,109.182929,109.6235301,108.4921151,108.8943894
11/14/2011,0.703684,2.233568,108.7705818,3.00793,109.3121398,109.9747108,108.7705818,109.3274007
11/10/2011,0.673367,2.221865,108.9157764,3.01007,109.3915293,110.019446,108.9157764,109.3475364
11/9/2011,0.641599,2.150064,108.3899176,2.97602,109.3413431,109.7221272,108.3899176,109.1270552
11/8/2011,0.60006,2.223524,107.1994372,3.02402,108.8670605,108.6226708,107.1994372,108.3203265
11/7/2011,0.589264,2.156591,107.7595844,2.96852,108.8790553,109.3669157,107.7595844,108.9704945
11/4/2011,0.571344,2.203273,108.0565884,2.98962,108.5773962,109.2009837,108.0565884,108.7511199
11/3/2011,0.570199,2.225685,107.6373732,3.0195,108.4182653,108.9053264,107.6373732,108.5528802
11/2/2011,0.563446,2.17226,108.2505788,2.98619,108.7576222,109.5929106,108.2505788,109.1256315
11/1/2011,0.575352,2.167812,110.6201424,2.97616,110.0695274,111.2916004,110.6201424,110.5617643
10/31/2011,0.562019,2.323148,107.8183966,3.06918,108.4592577,108.3428199,107.8183966,107.6031446
10/28/2011,0.582339,2.440968,108.2883092,3.1668,108.3786788,107.8520864,108.2883092,106.9181672
10/27/2011,0.637529,2.547779,108.0896499,3.23293,107.8058466,108.0485275,108.0896499,107.0884268
10/26/2011,0.648597,2.38539,108.1454855,3.12429,108.5397427,108.3884022,108.1454855,107.4503051
10/25/2011,0.621065,2.316652,107.843673,3.07473,107.7373257,108.095507,107.843673,107.3991027
10/24/2011,0.642328,2.42778,108.7749882,3.15429,108.8003565,108.8800377,108.7749882,107.8083927
10/21/2011,0.646684,2.396133,108.046333,3.12911,108.4110041,108.2316977,108.046333,107.2875429
10/20/2011,0.630814,2.365202,108.1955872,3.12464,108.5474774,108.6065211,108.1955872,107.5412192
10/19/2011,0.635955,2.346809,108.1734336,3.10491,108.6784213,108.8883573,108.1734336,107.8332774
10/18/2011,0.640028,2.348234,107.4013721,3.0989,108.723319,108.4869184,107.4013721,107.5069047
10/17/2011,0.649484,2.34753,107.7869284,3.07956,108.2789008,108.394046,107.7869284,107.4163104
10/14/2011,0.648967,2.41281,106.5998454,3.0857,107.181761,107.1932376,106.5998454,106.4309628
10/13/2011,0.656032,2.339578,105.7115453,3.07987,106.4723068,106.7845569,105.7115453,106.1654732
10/12/2011,0.650165,2.380128,105.7927201,3.08362,106.0604496,106.6182217,105.7927201,105.870352
10/11/2011,0.685537,2.345331,105.0685872,3.0826,105.8527099,106.4054302,105.0685872,105.4160355
10/7/2011,0.677349,2.263009,104.5352186,3.0795,105.4755256,105.8244411,104.5352186,105.0123432
10/6/2011,0.642885,2.191123,104.1277857,2.99628,105.0938603,105.7977873,104.1277857,105.3335174
10/5/2011,0.633577,2.131747,103.7489729,2.95568,104.7096922,105.9724934,103.7489729,105.8158753
10/4/2011,0.638402,2.023446,103.8042743,2.90724,105.5257233,106.4918556,103.8042743,106.1952751
10/3/2011,0.595011,1.995215,104.2544957,2.84831,105.6159613,107.1940068,104.2544957,106.8777692
9/30/2011,0.572541,2.104867,103.9099534,2.90816,104.9841233,106.5833829,103.9099534,106.1510619
9/29/2011,0.556648,2.130181,103.9480171,2.93695,105.8931006,106.6312969,103.9480171,106.2615424
9/28/2011,0.552289,2.173311,104.6808986,2.99413,106.2517138,107.4267236,104.6808986,107.1298061
9/27/2011,0.532673,2.18623,105.8001613,3.01495,106.5664448,108.3742108,105.8001613,108.0854321
9/26/2011,0.51302,2.084522,103.8452543,2.9382,105.99484,108.2005883,103.8452543,107.8439638
9/23/2011,0.515613,1.982187,102.5219268,2.89225,105.8728928,107.6326834,102.5219268,107.3051921
9/22/2011,0.515078,1.899672,104.0605513,2.76794,107.2538928,109.4338032,104.0605513,109.3493037
9/21/2011,0.49144,2.084038,104.6568225,2.98574,106.2046034,108.1037572,104.6568225,108.2246375
9/20/2011,0.462493,2.147145,106.0626121,3.08436,107.2254546,108.5529292,106.0626121,108.7455785
9/19/2011,0.472752,2.141935,105.1915999,3.067,106.8808636,107.5409217,105.1915999,107.5512407
9/16/2011,0.497085,2.260286,105.8475316,3.17794,106.7287229,108.4355152,105.8475316,108.482985
9/15/2011,0.508625,2.262378,104.9296339,3.17718,106.5991773,108.0532962,104.9296339,108.124885
9/14/2011,0.536659,2.214066,104.1681923,3.16888,106.2826185,107.7600548,104.1681923,107.9797
9/13/2011,0.534825,2.200793,103.7718331,3.16982,105.8626995,107.4989477,103.7718331,107.666219
9/12/2011,0.533957,2.145483,102.6377132,3.16452,105.3520528,106.6488975,102.6377132,106.9351578
9/9/2011,0.514787,2.13066,103.2825588,3.15554,105.3440813,106.9445573,103.2825588,107.1354071
9/8/2011,0.497386,2.171002,103.7146946,3.16793,105.598131,107.1355584,103.7146946,107.3526582
9/7/2011,0.519876,2.229285,104.3161263,3.19083,106.3844439,107.9085401,104.3161263,108.0832523
9/6/2011,0.515194,2.188178,104.2137771,3.15761,106.3035095,108.4620641,104.2137771,108.7130854
9/2/2011,0.508871,2.192205,104.0398942,3.16144,106.0285411,107.6722996,104.0398942,108.0074886
9/1/2011,0.487326,2.325738,104.6209742,3.24033,106.2862818,107.6489103,104.6209742,107.684686
8/31/2011,0.488398,2.399031,104.4503524,3.29237,106.504647,107.3300674,104.4503524,107.4955104
8/30/2011,0.494359,2.355747,104.5649713,3.23934,106.571098,107.6596253,104.5649713,107.8759937
8/29/2011,0.506774,2.429402,104.8344819,3.30596,106.6963445,107.8538428,104.8344819,108.0800069
8/26/2011,0.492669,2.351485,104.4626873,3.24372,106.2550652,107.7896451,104.4626873,107.9878441
8/25/2011,0.507509,2.404533,104.4817046,3.27084,106.4766899,107.9648427,104.4817046,108.5159975
8/24/2011,0.517484,2.409863,103.261261,3.3226,106.2552546,106.7733374,103.261261,107.440149
8/23/2011,0.541177,2.289388,103.9365473,3.25578,106.5073273,108.1308134,103.9365473,108.9167764
8/22/2011,0.516856,2.241493,103.2233151,3.21213,105.9952426,107.6902623,103.2233151,108.3391654
8/19/2011,0.475086,2.202055,103.4914896,3.19952,105.9872758,108.1479651,103.4914896,108.701004
8/18/2011,0.456078,2.197065,102.0504654,3.1751,104.9612376,107.5078173,102.0504654,108.1391817
8/17/2011,0.439187,2.275933,102.2916538,3.19442,104.3585376,106.4884756,102.2916538,106.9657779
8/16/2011,0.437288,2.343157,102.4461437,3.22775,104.7467493,105.9683601,102.4461437,106.653257
8/15/2011,0.439881,2.423656,103.4207544,3.32131,105.6141776,107.4149709,103.4207544,107.9546569
8/12/2011,0.436512,2.399485,103.7517024,3.29351,106.5219191,108.5629816,103.7517024,108.6605949
8/11/2011,0.419067,2.478198,104.4639454,3.31187,106.9671525,109.099294,104.4639454,108.89973
8/10/2011,0.417501,2.339653,104.185084,3.27072,105.8622151,109.2455418,104.185084,108.8274367
8/9/2011,0.425484,2.381466,104.2962572,3.31315,108.2982451,107.4583598,104.2962572,105.9572487
8/8/2011,0.535186,2.557195,114.7946709,3.37743,114.8853875,114.4551567,114.7946709,112.7185215
8/5/2011,0.532455,2.720037,112.2979336,3.46349,112.4740955,111.6322672,112.2979336,110.2905849
8/4/2011,0.514812,2.598524,112.0835219,3.34662,111.6369624,112.5962097,112.0835219,111.2172224
8/3/2011,0.563761,2.713757,113.1451128,3.43559,113.3963783,113.240976,113.1451128,111.6218609
8/2/2011,0.568121,2.742813,114.0711259,3.46733,114.5133209,114.6666404,114.0711259,112.7205216
8/1/2011,0.570198,2.858896,114.152791,3.55531,114.0543802,113.4997979,114.152791,111.5364343
7/29/2011,0.584918,2.915124,115.143453,3.60139,114.7304118,113.9310181,115.143453,112.1433257
7/28/2011,0.628327,3.053928,115.4298747,3.73192,114.78721,113.5746632,115.4298747,111.4942267
7/27/2011,0.641305,3.069271,116.5557612,3.77413,115.7347695,114.4714194,116.5557612,112.172348
7/26/2011,0.613629,3.040597,116.1568118,3.73543,115.7115522,114.7672495,116.1568118,112.432676
7/25/2011,0.626138,3.088766,116.1119909,3.76594,115.5743825,114.6461122,116.1119909,112.4390951
7/22/2011,0.612145,3.055769,115.1346356,3.73202,114.6458973,113.7956535,115.1346356,111.6615669
7/21/2011,0.647193,3.124935,116.5042985,3.75573,115.4781081,114.4315676,116.5042985,112.2053097
7/20/2011,0.640493,3.061955,117.1064795,3.71374,116.2923035,114.9364035,117.1064795,112.6359628
7/19/2011,0.650152,3.026893,118.6277292,3.69833,117.6041591,116.6616541,118.6277292,114.1222685
7/18/2011,0.640174,3.021461,119.514864,3.70911,119.2000185,118.3324595,119.514864,115.8486524
7/15/2011,0.643088,3.03952,117.9610208,3.67658,117.0776707,115.8966646,117.9610208,113.659475
7/14/2011,0.621216,3.073129,117.7323462,3.69243,116.5762488,115.053393,117.7323462,112.643252
7/13/2011,0.630596,3.036204,117.2960783,3.6566,115.562485,113.9421267,117.2960783,111.3573098
7/12/2011,0.646747,3.061765,117.3168662,3.69282,115.3645088,113.8917129,117.3168662,111.1724773
7/11/2011,0.637052,3.074014,116.8526268,3.70672,115.338094,113.3271094,116.8526268,110.7732703
7/8/2011,0.624722,3.149817,116.0909339,3.75128,114.4693639,112.6060504,116.0909339,109.8153688
7/7/2011,0.704899,3.277378,116.9290875,3.85107,114.8963789,112.6856409,116.9290875,110.234419
7/6/2011,0.667782,3.226949,116.0768393,3.79478,114.2489086,112.1044216,116.0768393,109.780773
7/5/2011,0.677009,3.253194,115.1436925,3.80055,113.9743007,111.5457268,115.1436925,108.7556392
7/1/2011,0.71301,3.308073,115.3910183,3.83605,113.6948392,111.7721165,115.3910183,109.1416603
6/30/2011,0.681668,3.25702,115.3408955,3.81944,113.8440692,112.1414155,115.3408955,109.6012366
6/29/2011,0.698405,3.218421,114.7180755,3.79422,113.5853046,112.1821154,114.7180755,109.4861994
6/28/2011,0.713797,3.160184,115.1307267,3.77039,114.1091204,112.7936279,115.1307267,109.9613001
6/27/2011,0.657,3.057016,113.7082412,3.6937,112.9594903,111.9313424,113.7082412,109.2771252
6/24/2011,0.62701,3.00451,113.2921088,3.64976,112.6538238,111.7453627,113.2921088,109.1839571
6/23/2011,0.611906,3.031684,113.6298504,3.65279,112.8384674,111.3869024,113.6298504,108.6646813
6/22/2011,0.624568,3.109592,113.1301566,3.7236,112.3788315,111.2676449,113.1301566,108.587944
6/21/2011,0.634928,3.123443,113.1298659,3.74574,112.2607823,111.0390016,113.1298659,108.3097927
6/20/2011,0.638784,3.102179,113.2406388,3.73794,112.3026165,111.1251403,113.2406388,108.3848484
6/17/2011,0.635181,3.082266,112.9176981,3.71373,111.8258163,110.4732279,112.9176981,107.6708092
6/16/2011,0.646766,3.056703,112.8871603,3.6866,111.8174803,110.5288037,112.8871603,107.7345475
6/15/2011,0.621025,3.098695,112.2420037,3.71233,111.278545,110.013397,112.2420037,107.3409373
6/14/2011,0.634645,3.200524,112.6232412,3.78205,111.8463541,110.7606916,112.6232412,107.9123882
6/13/2011,0.592594,3.097003,111.2330328,3.71356,110.9360755,110.3642589,111.2330328,107.6865708
6/10/2011,0.586315,3.071941,110.8449292,3.70296,110.6419151,110.1610711,110.8449292,107.669165
6/9/2011,0.601737,3.09703,110.8222669,3.70229,110.6307642,110.1890576,110.8222669,107.6415106
6/8/2011,0.577392,3.074451,110.7236045,3.66431,110.6621751,110.2172348,110.7236045,107.7450541
6/7/2011,0.605652,3.132845,111.5362659,3.70384,111.3454867,110.8344955,111.5362659,108.0396254
6/6/2011,0.613927,3.124457,112.0485973,3.70406,111.7683904,111.2327681,112.0485973,108.3748074
6/3/2011,0.620671,3.111469,111.2071495,3.69539,111.2105419,110.9169,111.2071495,108.1768015
6/2/2011,0.643467,3.138877,111.1802188,3.71024,111.1610173,110.8847134,111.1802188,107.9319033
6/1/2011,0.625469,3.077023,109.9980837,3.65565,110.0904906,109.8286479,109.9980837,107.0213888
5/31/2011,0.648869,3.14632,111.1919586,3.72386,111.1873052,110.8986828,111.1919586,108.0658363
5/27/2011,0.657369,3.156308,111.627448,3.724,111.550888,111.1857224,111.627448,108.2600157
5/26/2011,0.667246,3.140613,111.7970072,3.69992,111.7190589,111.365139,111.7970072,108.3087212
5/25/2011,0.705512,3.214789,112.8049783,3.7766,112.4811925,111.8802035,112.8049783,108.7232755
5/24/2011,0.711771,3.211071,113.3824782,3.78059,112.9657877,112.2722128,113.3824782,108.9823545
5/23/2011,0.71549,3.223345,113.6376837,3.79144,113.0650776,112.3394949,113.6376837,109.1141768
5/20/2011,0.701632,3.236471,113.8510186,3.78109,113.2147631,112.3519006,113.8510186,109.0980357
5/19/2011,0.709598,3.253823,114.1400077,3.79172,113.2996974,112.2765231,114.1400077,109.1862017
5/18/2011,0.740932,3.249682,113.8262094,3.7784,113.0967218,112.0356414,113.8262094,108.8458525
5/17/2011,0.703898,3.18769,112.8486507,3.73087,111.9728372,110.861421,112.8486507,107.4949034
5/16/2011,0.703453,3.22191,112.982289,3.74239,111.8845665,110.632007,112.982289,107.0864555
5/13/2011,0.724225,3.254774,113.1550007,3.75909,111.9245289,110.4961961,113.1550007,106.8457804
5/12/2011,0.727056,3.293599,113.4112644,3.77846,112.1317735,110.6588973,113.4112644,107.060629
5/11/2011,0.720468,3.244601,113.1624489,3.75649,112.0082477,110.547415,113.1624489,107.0301947
5/10/2011,0.746132,3.278827,113.1160822,3.78585,111.9755997,110.5851441,113.1160822,106.9939406
5/9/2011,0.714169,3.22317,112.7287347,3.74031,111.5607526,110.2196752,112.7287347,106.7659082
5/6/2011,0.730048,3.240895,112.0644031,3.75393,110.9258556,109.5946953,112.0644031,106.203231
5/5/2011,0.745587,3.246809,112.7255368,3.76267,111.4270963,109.9617405,112.7255368,106.5011495
5/4/2011,0.753203,3.295736,112.6362451,3.81633,111.4952199,110.0730444,112.6362451,106.6126089
5/3/2011,0.766123,3.330699,113.1132453,3.84211,112.0021893,110.6542143,113.1132453,107.1763887
5/2/2011,0.765151,3.354474,112.8541622,3.88032,111.6257349,110.2397202,112.8541622,106.771435
4/29/2011,0.765565,3.360943,112.4038935,3.87524,111.1680528,109.7394994,112.4038935,106.3250186
4/28/2011,0.762593,3.372653,112.1026464,3.89035,110.8739606,109.4317079,112.1026464,106.0467004
4/27/2011,0.798368,3.431072,113.2624038,3.94773,111.9065996,110.3028877,113.2624038,106.8937942
4/26/2011,0.787272,3.389365,113.7690055,3.9279,112.1697794,110.3860117,113.7690055,106.9711041
4/25/2011,0.807929,3.437092,112.8780036,3.9521,111.2866425,109.5701851,112.8780036,106.1890437
4/21/2011,0.819789,3.46879,113.1643616,3.97171,111.5685559,109.7912882,113.1643616,106.3604065
4/20/2011,0.82134,3.470797,114.1340777,3.97605,112.4210173,110.4577722,114.1340777,106.7820035
4/19/2011,0.80702,3.42508,114.5066731,3.95175,112.7309148,110.6532168,114.5066731,107.2418558
4/18/2011,0.810722,3.432549,114.4904101,3.96346,112.7046091,110.6721834,114.4904101,107.319115
4/15/2011,0.848586,3.489332,114.1513146,3.97931,112.3042171,110.2657968,114.1513146,106.9187506
4/14/2011,0.916455,3.572015,114.8302537,4.02983,112.9161497,110.8096047,114.8302537,107.3407623
4/13/2011,0.887709,3.543469,115.1930659,4.02182,113.143497,110.8926173,115.1930659,107.5036486
4/12/2011,0.915263,3.585792,115.5908282,4.03384,113.54423,111.2791948,115.5908282,107.8519929
4/11/2011,0.983029,3.661212,116.0403444,4.10067,113.9872042,111.7999393,116.0403444,108.120798
4/8/2011,0.970156,3.660011,116.0070012,4.12381,113.99533,111.7981219,116.0070012,108.3263792
4/7/2011,0.959336,3.645416,115.5641519,4.11799,113.5991106,111.469241,115.5641519,107.9758516
4/6/2011,1.000764,3.64427,115.3493129,4.12487,113.5411996,111.4824238,115.3493129,107.7861969
4/5/2011,0.986613,3.58918,114.9410049,4.0815,113.1352025,111.1406749,114.9410049,107.3474463
4/4/2011,0.937503,3.52723,114.1660228,4.0179,112.411772,110.5482442,114.1660228,106.9821568
4/1/2011,0.972323,3.543118,114.4504401,4.01268,112.6016761,110.6108304,114.4504401,107.2086294
3/31/2011,0.945027,3.549433,116.1415884,4.0165,114.3099384,112.0320002,116.1415884,108.5635676
3/30/2011,0.966762,3.55194,115.5788341,4.02028,113.7164238,111.6203545,115.5788341,108.0916646
3/29/2011,0.994346,3.595826,115.6721144,4.06321,113.8422669,111.8231218,115.6721144,108.4087503
3/28/2011,0.965227,3.554419,115.6601614,4.02395,113.7781134,111.7660556,115.6601614,108.3815909
3/25/2011,0.926848,3.547885,115.4148235,4.02341,113.6103836,111.517336,115.4148235,108.1426091
3/24/2011,0.872117,3.50948,114.2658664,3.99834,112.6759822,110.8984659,114.2658664,107.5523049
3/23/2011,0.84759,3.456802,114.7634409,3.98108,113.0544722,111.1044453,114.7634409,107.5535193
3/22/2011,0.839858,3.440133,114.7602238,3.95976,113.0863145,111.26419,114.7602238,107.4546471
3/21/2011,0.824329,3.424948,115.516385,3.94289,113.6696394,111.7221434,115.516385,108.134671
3/18/2011,0.779268,3.368897,115.9834409,3.91133,114.2722928,112.4147837,115.9834409,108.9664513
3/17/2011,0.779595,3.35342,116.7311586,3.91067,114.9693653,113.0921925,116.7311586,109.6148775
3/16/2011,0.753991,3.318724,117.6074214,3.89804,115.9012808,113.9765997,117.6074214,110.6441824
3/15/2011,0.793177,3.434221,116.257599,3.96936,115.1238532,113.7960918,116.257599,109.7406744
3/14/2011,0.781405,3.460794,114.7914438,3.9731,113.5187006,112.1073088,114.7914438,108.3204153
3/11/2011,0.814234,3.502735,114.4471606,3.99719,113.1569079,111.6700519,114.4471606,108.0246117
3/10/2011,0.837294,3.497028,114.6940149,3.98692,113.0559818,111.2716222,114.6940149,107.6546622
3/9/2011,0.871618,3.567356,114.6955124,4.02185,113.030402,111.1110096,114.6955124,107.5170738
3/8/2011,0.905195,3.641884,115.6217999,4.09709,113.7818154,111.782982,115.6217999,108.2515282
3/7/2011,0.885922,3.603438,114.3288363,4.05158,112.409136,110.4040254,114.3288363,107.1708622
3/4/2011,0.876435,3.605635,114.2018869,4.03953,112.2777594,110.1649734,114.2018869,107.0668339
3/3/2011,0.968478,3.698052,115.4648423,4.13842,112.9142646,110.2838168,115.4648423,107.0435067
3/2/2011,0.875589,3.585223,114.6199073,4.04964,112.4999279,110.1733505,114.6199073,107.0516069
3/1/2011,0.850567,3.526647,114.4269311,4.00973,112.2692308,109.9600764,114.4269311,106.8577439
2/28/2011,0.872088,3.525404,114.6059375,4.00379,112.4370773,110.0906927,114.6059375,106.6889987
2/25/2011,0.893207,3.538676,114.8960866,4.00831,112.6173955,110.1912338,114.8960866,106.74713
2/24/2011,0.901235,3.55047,116.997132,4.02021,114.3321212,111.5637621,116.997132,108.0428871
2/23/2011,0.916972,3.596072,117.0049251,4.07108,114.6501139,111.8372745,117.0049251,108.2233926
2/22/2011,0.919123,3.576345,116.2785361,4.06105,113.8445253,111.299014,116.2785361,107.8485147
2/18/2011,0.948548,3.681284,115.9715381,4.1453,113.616005,111.1544274,115.9715381,107.5588276
2/17/2011,0.965354,3.666269,115.172621,4.13159,112.6921273,110.0874792,115.172621,106.9821279
2/16/2011,1.03389,3.720083,115.2008523,4.19462,112.7451215,110.1445422,115.2008523,106.7190074
2/15/2011,1.025542,3.712647,114.0210796,4.18747,111.3990926,108.6309549,114.0210796,105.3222136
2/14/2011,1.036012,3.720758,114.5028729,4.199,111.8609233,109.1771151,114.5028729,105.7644652
2/11/2011,1.031763,3.756193,115.3157228,4.24036,112.7130162,110.0117317,115.3157228,106.2797182
2/10/2011,1.026038,3.814911,117.73078,4.30589,114.7879645,111.7836741,117.73078,107.7890993
2/9/2011,0.976078,3.754499,118.4811595,4.24812,115.6205505,112.5538411,118.4811595,109.0861134
2/8/2011,1.027612,3.824583,120.3653844,4.28385,117.3365091,114.1855815,120.3653844,110.4986205
2/7/2011,0.957951,3.752548,120.3401394,4.19813,117.3358019,114.2775883,120.3401394,111.1109209
2/4/2011,0.947393,3.745478,120.5119744,4.17713,117.927069,115.244167,120.5119744,111.9321741
2/3/2011,0.898834,3.649381,119.4231672,4.11086,117.2018765,114.8876711,119.4231672,111.8854315
2/2/2011,0.87194,3.594503,119.4375279,4.07431,117.4268688,115.2045446,119.4375279,112.2022039
2/1/2011,0.828164,3.539942,119.1025458,4.02109,117.1378022,115.00359,119.1025458,112.2921719
1/31/2011,0.78964,3.475756,118.2740802,3.97915,116.3186546,114.3571575,118.2740802,111.6280865
1/28/2011,0.764776,3.41768,117.1531246,3.9591,115.3936202,113.5024016,117.1531246,110.7589992
1/27/2011,0.782965,3.464136,116.3722973,3.98487,114.4487453,112.4587315,116.3722973,109.6101311
1/26/2011,0.82051,3.509844,117.3940912,4.02325,115.328353,113.0403157,117.3940912,110.3409752
1/25/2011,0.801424,3.402729,116.4103333,3.96214,114.5273653,112.470949,116.4103333,109.6732122
1/24/2011,0.837984,3.482263,116.9586535,4.0017,114.90336,112.7424145,116.9586535,109.8087909
1/21/2011,0.838793,3.477729,117.3371834,3.99345,115.2056703,112.9326494,117.3371834,110.2512196
1/20/2011,0.851417,3.519945,117.1930975,4.01757,115.27848,113.2225676,117.1930975,110.3451389
1/19/2011,0.788374,3.401129,117.626493,3.94902,115.9335821,114.001556,117.626493,111.2734822
1/18/2011,0.807318,3.428792,117.6744072,3.97385,115.8938991,113.901805,117.6744072,111.1237556
1/14/2011,0.803143,3.394292,117.0352735,3.92864,115.2795114,113.3697518,117.0352735,110.2201693
1/13/2011,0.794751,3.358764,115.9795286,3.91391,114.0851803,112.06294,115.9795286,108.7674153
1/12/2011,0.819947,3.419325,114.8098499,3.95083,112.588247,110.2583706,114.8098499,107.2362049
1/11/2011,0.831902,3.408071,115.1603991,3.95285,112.8196424,110.3745343,115.1603991,107.0384062
1/10/2011,0.825561,3.376457,114.7113533,3.91792,112.1544012,109.5782742,114.7113533,106.3251857
1/7/2011,0.846926,3.399398,114.9463287,3.93777,112.2643586,109.5361747,114.9463287,106.3421653
1/6/2011,0.921988,3.487448,117.3983682,4.0086,114.4806643,111.5428568,117.3983682,108.1114519
1/5/2011,0.930307,3.562003,117.6546017,4.05378,114.8404398,111.9107155,117.6546017,108.4426711
1/4/2011,0.821771,3.405335,115.2677279,3.94947,112.6678691,109.9904514,115.2677279,106.7767608
1/3/2011,0.790783,3.410952,117.7443213,3.9536,114.9285626,112.1292969,117.7443213,108.8848221
12/31/2010,0.783841,3.368369,119.3798066,3.94407,116.5121903,113.6418827,119.3798066,110.1467684
12/30/2010,0.829305,3.441063,119.3651724,4.00548,116.5742675,113.7464326,119.3651724,110.1635279
12/29/2010,0.824471,3.41076,118.8415859,3.99757,116.4411761,113.935674,118.8415859,110.3240044
12/28/2010,0.930888,3.548147,119.5407085,4.15422,117.1242337,114.635164,119.5407085,110.8798515
12/27/2010,0.892002,3.418173,118.1548389,4.03633,115.8703074,113.5239406,118.1548389,109.5419347
12/23/2010,0.890954,3.469749,118.0638092,4.04879,115.7657285,113.4553499,118.0638092,110.0895109
12/22/2010,0.849474,3.429501,116.2741825,4.00597,114.488005,112.5995388,116.2741825,109.2651379
12/21/2010,0.813305,3.403772,116.3363757,4.00064,114.7041636,112.9316462,116.3363757,109.1112343
12/20/2010,0.81912,3.429113,117.747551,4.03572,115.7454979,113.7169085,117.747551,110.1288263
12/17/2010,0.82287,3.412685,118.9294046,3.971390703,116.7218332,114.4520722,118.9294046,110.9118545
12/16/2010,0.884758,3.603144,121.5614023,4.143750703,118.6037748,115.6137865,121.5614023,112.090808
12/15/2010,0.914848,3.638898,123.462343,4.174740703,119.9586688,116.3127304,123.462343,112.5766845
12/14/2010,0.85565,3.558594,120.2842615,4.11655,117.7340161,115.0925027,120.2842615,111.6559227
12/13/2010,0.809419,3.380049,118.0698803,3.923450703,116.1229819,114.1503977,118.0698803,110.9629199
12/10/2010,0.844568,3.397449,118.8674871,3.934800703,117.0151002,115.1124278,118.8674871,111.9143569
12/9/2010,0.808176,3.307581,117.036117,3.889720703,115.4752954,113.8723494,117.036117,110.8337491
12/8/2010,0.82135,3.36607,117.6008943,3.925630703,116.1707952,114.5750387,117.6008943,111.7220347
12/7/2010,0.751676,3.311679,117.4610393,3.897270703,116.1095171,114.6391195,117.4610393,111.9623429
12/6/2010,0.644332,3.09132,112.9415994,3.718240703,112.5228813,111.9855407,112.9415994,109.4694164
12/3/2010,0.701975,3.16759,112.2209816,3.799280703,111.897774,111.441228,112.2209816,108.5729435
12/2/2010,0.785261,3.16512,112.7994089,3.806950703,111.6512003,110.4269167,112.7994089,107.7875488
12/1/2010,0.783377,3.116856,112.515937,3.781110703,111.4683101,110.2330349,112.515937,107.5701205
11/30/2010,0.743401,2.952998,110.1039991,3.642640703,109.6553421,109.0408233,110.1039991,106.4709637
11/29/2010,0.760983,2.969164,108.8260493,3.630670703,108.2455576,107.4921442,108.8260493,104.9963994
11/26/2010,0.768895,3.010242,108.6895751,3.674780703,107.7673084,106.7198169,108.6895751,104.2263449
11/24/2010,0.739922,3.048265,108.5251241,3.703990703,107.6381397,106.6203661,108.5251241,104.2087726
11/23/2010,0.622908,2.895243,106.3331281,3.58871,105.8922774,105.2503968,106.3331281,102.7483759
11/22/2010,0.645546,2.957637,106.2095239,3.590120703,105.7180944,105.1412715,106.2095239,102.475519
11/19/2010,0.675432,3.026602,107.3086704,3.65249,106.4122796,105.4025441,107.3086704,102.7637584
11/18/2010,0.673508,3.040975,107.7208702,3.63846,106.6459836,105.4817643,107.7208702,102.8703948
11/17/2010,0.665174,3.023657,105.3340929,3.60887,105.1597515,104.4310556,105.3340929,101.8235026
11/16/2010,0.699981,2.997279,105.5715491,3.6068,104.5272534,103.263411,105.5715491,100.7459933
11/15/2010,0.719124,3.041166,105.878353,3.62311,104.9537235,103.8737374,105.878353,101.3170288
11/12/2010,0.71121,2.893153,102.6634758,3.48029,102.6380296,102.2905804,102.6634758,99.61554929
11/10/2010,0.646011,2.808688,101.2262622,3.444980703,101.757166,102.1348922,101.2262622,100.0111067
11/9/2010,0.642099,2.825728,100.9289896,3.449430703,101.5592453,102.0582249,100.9289896,99.91749371
11/8/2010,0.581188,2.696794,99.16242416,3.418830703,99.77282432,100.5351413,99.16242416,98.49424413
11/5/2010,0.524904,2.660181,98.88840163,3.409740703,99.45656604,100.3478398,98.88840163,98.25692601
11/4/2010,0.469079,2.620543,97.97998687,3.393920703,98.5130724,99.33345988,97.97998687,97.13573092
11/3/2010,0.48752,2.718467,98.73961711,3.418500703,99.41434426,99.89804611,98.73961711,97.64060822
11/2/2010,0.504723,2.693846,100.2878856,3.423210703,100.884167,101.3940126,100.2878856,99.37098465
11/1/2010,0.497641,2.710821,99.9673344,3.437470703,100.0721019,100.225161,99.9673344,98.08936375
10/29/2010,0.497908,2.689615,98.83832065,3.424160703,99.0456404,99.33431486,98.83832065,97.09026917
10/28/2010,0.510418,2.735166,99.02161916,3.434480703,99.08773632,99.19244891,99.02161916,97.23411863
10/27/2010,0.56858,2.794922,98.64617413,3.40888,98.23666014,97.88639625,98.64617413,96.56327209
10/26/2010,0.551357,2.7177,98.02689882,3.438170703,97.85273715,97.93424242,98.02689882,96.96805011
10/25/2010,0.516493,2.625767,96.96310356,3.415440703,97.12116125,97.46701599,96.96310356,97.02876062
10/22/2010,0.523793,2.626063,97.71988175,3.401320703,97.665237,97.79152484,97.71988175,97.30028485
10/21/2010,0.516844,2.586972,95.80629476,3.396810703,96.12216448,96.57070226,95.80629476,96.11309768
10/20/2010,0.5063,2.519535,94.14212077,3.389810703,94.65364628,95.20745453,94.14212077,94.82844515
10/19/2010,0.533364,2.531284,94.39952678,3.396230703,94.58075494,94.89203529,94.39952678,94.40845265
10/18/2010,0.543738,2.556702,94.98976493,3.405000703,94.76348469,94.69409563,94.98976493,94.26943814
10/15/2010,0.538198,2.638139,95.76914169,3.422380703,95.33134702,95.05428091,95.76914169,94.62000937
10/14/2010,0.539814,2.577789,96.3313155,3.401200703,96.39406576,96.33180152,96.3313155,96.31989972
10/13/2010,0.510367,2.5046,94.91315533,3.396080703,95.56863342,96.26282813,94.91315533,96.28434746
10/12/2010,0.521893,2.504975,96.79479641,3.404470703,97.98756799,99.10333842,96.79479641,98.95168188
10/8/2010,0.506807,2.48092,97.72060663,3.393370703,98.6078323,99.47224492,97.72060663,99.17190482
10/7/2010,0.529527,2.487606,100.6401933,3.393620703,100.9861007,101.3503246,100.6401933,100.8968138
10/6/2010,0.553355,2.50085,101.3846645,3.404660703,101.4377946,101.4443559,101.3846645,101.0136423
10/5/2010,0.575105,2.567927,104.3265639,3.424490703,103.6689903,103.2102308,104.3265639,102.2414803
10/4/2010,0.589077,2.548874,104.9680942,3.424020703,103.9741438,103.1402719,104.9680942,102.0717048
10/1/2010,0.609589,2.589743,104.6629081,3.444730703,103.7902026,103.066643,104.6629081,101.8783249
9/30/2010,0.592928,2.564691,106.128553,3.443800703,105.4401214,104.8638065,106.128553,103.5464953
9/29/2010,0.592409,2.539142,107.6034369,3.442060703,106.9646914,106.3179774,107.6034369,105.143422
9/28/2010,0.587362,2.479072,106.1935524,3.428630703,105.0754843,104.0547693,106.1935524,102.9635773
9/27/2010,0.605879,2.547149,106.0722801,3.439410703,104.9970088,103.8691841,106.0722801,102.1142439
9/24/2010,0.620954,2.640411,105.0962956,3.467960703,103.6329505,102.0876887,105.0962956,100.4583854
9/23/2010,0.603872,2.589541,104.1993948,3.448100703,101.9915897,100.1337231,104.1993948,98.89452623
9/22/2010,0.608379,2.584072,102.9106414,3.438340703,101.0969164,99.41529066,102.9106414,97.93914651
9/21/2010,0.600819,2.610366,103.7265697,3.452260703,101.5828336,99.76213834,103.7265697,98.26127857
9/20/2010,0.665908,2.718343,104.8063599,3.503960703,102.5171925,100.6402594,104.8063599,99.10694281
9/17/2010,0.675004,2.7569,103.5792995,3.562010703,101.4338323,99.68100226,103.5792995,98.06071504
9/16/2010,0.668195,2.763621,103.8931857,3.531450703,101.766959,99.87453121,103.8931857,98.45380704
9/15/2010,0.670649,2.708106,102.5099268,3.481760703,100.3413305,98.51356395,102.5099268,97.10898979
9/14/2010,0.669659,2.639499,101.1320889,3.455150703,98.71531436,96.69875441,101.1320889,95.73914413
9/13/2010,0.716033,2.725584,101.426217,3.474480703,98.4247129,95.95371007,101.426217,95.17497641
9/10/2010,0.764773,2.774929,101.9632592,3.58414,98.950404,96.39891756,101.9632592,95.80761808
9/9/2010,0.752864,2.734793,100.5364244,3.6062,97.79483214,95.51082951,100.5364244,94.66708218
9/3/2010,0.687052,2.679912,96.30162448,3.46165,94.3114172,92.77138262,96.30162448,92.42997346
9/2/2010,0.68387,2.620075,98.04920973,3.447880703,95.98463916,94.34805697,98.04920973,93.92356116
9/1/2010,0.672921,2.580178,99.06075438,3.434980703,97.32535488,96.05196997,99.06075438,95.57573634
8/31/2010,0.653203,2.480478,96.65630479,3.412510703,95.29453807,94.75869936,96.65630479,94.54170561
8/30/2010,0.655248,2.553465,96.77449134,3.440200703,95.74382064,95.17692543,96.77449134,94.90397107
8/27/2010,0.710609,2.6768,94.79049281,3.46961,94.13484968,93.84643534,94.79049281,93.27713327
8/26/2010,0.672562,2.503924,95.98060174,3.435710703,95.13173882,95.03148673,95.98060174,94.59231
8/25/2010,0.695503,2.550477,94.56410989,3.39179,94.57962584,94.81551717,94.56410989,94.42893059
8/24/2010,0.645077,2.515956,94.42297743,3.448800703,94.73649016,95.15821856,94.42297743,94.71358027
8/23/2010,0.646661,2.614789,95.12774006,3.43337,95.66709628,96.34605273,95.12774006,95.56336265
8/20/2010,0.662843,2.627296,94.85559503,3.43277,95.26279752,95.81867723,94.85559503,95.06689329
8/19/2010,0.657828,2.587121,94.84612102,3.439720703,95.19401175,95.72178819,94.84612102,94.89799705
8/18/2010,0.672368,2.652158,94.79330946,3.47907,95.04814242,95.43761938,94.79330946,94.34510408
8/17/2010,0.684539,2.635018,96.28449554,3.44739,96.38731102,96.52555858,96.28449554,95.24957914
8/16/2010,0.687013,2.569006,98.6240108,3.38586,98.51350382,98.52558308,98.6240108,97.25098081
8/13/2010,0.718152,2.660842,96.55372263,3.43741,96.09606812,95.88968541,96.55372263,94.54399342
8/12/2010,0.716783,2.726412,94.40567163,3.48162,94.3170855,94.14417014,94.40567163,92.80642006
8/11/2010,0.667764,2.685166,93.54867834,3.438590703,93.4619532,93.22191269,93.54867834,91.8081197
8/10/2010,0.700662,2.765711,95.81412425,3.53506,95.37387948,94.72361112,95.81412425,93.00217142
8/9/2010,0.732825,2.805922,98.38759052,3.511,97.78928397,97.00399804,98.38759052,95.22892964
8/6/2010,0.697505,2.835509,98.65217264,3.50996,98.16369087,97.52689412,98.65217264,95.48842469
8/5/2010,0.704611,2.894899,100.5078462,3.55686,99.96612332,99.28300798,100.5078462,97.16588498
8/4/2010,0.731231,2.914631,101.9237131,3.60471,101.688011,101.1433333,101.9237131,98.79794831
8/3/2010,0.691826,2.871254,102.3522289,3.55982,102.082264,101.5207868,102.3522289,99.07693847
8/2/2010,0.724561,2.924154,102.3511603,3.59479,102.2518536,101.8367346,102.3511603,99.19888792
7/30/2010,0.719331,2.886252,101.6510458,3.55575,101.4968785,101.0337031,101.6510458,98.49613131
7/29/2010,0.761203,2.961209,101.8728368,3.60182,101.6497917,101.1697412,101.8728368,98.45643778
7/28/2010,0.779257,2.97547,101.3579714,3.61218,101.1142016,100.6646799,101.3579714,97.84623325
7/27/2010,0.838888,3.034353,102.9580305,3.64537,102.5883264,102.0834138,102.9580305,99.4230826
7/26/2010,0.815668,3.002091,101.9437874,3.61626,101.3823123,100.8134887,101.9437874,98.01759514
7/23/2010,0.814347,3.003719,102.9043271,3.61634,101.9877788,101.0989475,102.9043271,98.43680981
7/22/2010,0.772137,2.929047,104.6233017,3.58449,103.5205968,102.4729555,104.6233017,99.80354429
7/21/2010,0.787463,2.895131,105.1195148,3.58039,103.8401137,102.7104747,105.1195148,100.159253
7/20/2010,0.795124,2.954662,104.6399453,3.64571,103.4828303,102.4598449,104.6399453,99.54301067
7/19/2010,0.827661,2.988737,105.1121232,3.6633,103.9074274,102.8314956,105.1121232,99.62921635
7/16/2010,0.8314,2.958258,105.0246634,3.62071,103.6392746,102.3940347,105.0246634,99.13631199
7/15/2010,0.864079,2.989854,106.3286874,3.63424,104.7072888,103.2487809,106.3286874,99.92110848
7/14/2010,0.892343,3.084157,106.5751737,3.71486,105.0982056,103.6987255,106.5751737,100.4547583
7/13/2010,0.940261,3.146556,106.9708489,3.75614,105.5291621,104.1991115,106.9708489,100.9220584
7/12/2010,0.940658,3.103117,106.5840924,3.70786,105.3151859,103.7605023,106.5840924,100.3926705
7/9/2010,0.932527,3.1049,107.2634567,3.73197,105.9400285,104.3148392,107.2634567,101.0093165
7/8/2010,0.918608,3.05694,107.8295368,3.72693,106.4862436,104.8235468,107.8295368,101.6851923
7/7/2010,0.934119,3.027127,107.0496891,3.71435,105.87505,104.2603227,107.0496891,101.0481209
7/6/2010,0.959885,3.008056,107.8567963,3.67626,106.4532282,104.6417688,107.8567963,101.2091427
7/2/2010,0.985196,3.055427,109.0055029,3.73553,107.4620689,105.4829165,109.0055029,101.952298
7/1/2010,0.969203,2.997332,111.0579487,3.71251,109.3816733,107.3649744,111.0579487,103.7107789
6/30/2010,0.970319,3.012594,111.4734536,3.73489,109.893186,107.8572618,111.4734536,104.2798145
6/29/2010,0.959006,3.019297,112.0826893,3.7313,110.6216745,108.6652826,112.0826893,105.0563239
6/28/2010,0.975759,3.08807,112.2733447,3.76153,110.8721468,108.9404678,112.2733447,105.0952446
6/25/2010,1.016733,3.17713,114.5041236,3.84011,112.9173677,110.7899588,114.5041236,107.0520428
6/24/2010,1.048491,3.184713,115.9609884,3.87394,114.2790059,112.0155044,115.9609884,108.122498
6/23/2010,1.013271,3.167403,115.7722724,3.81631,114.0429477,111.6369615,115.7722724,107.6455806
6/22/2010,1.020484,3.209092,117.5314386,3.85488,115.458096,112.7785564,117.5314386,108.8430167
6/21/2010,1.03013,3.263059,117.3806084,3.92087,114.9013037,111.9862085,117.3806084,108.4541656
6/18/2010,1.045109,3.26975,117.9889785,3.9325,115.4517855,112.4346774,117.9889785,108.9030105
6/17/2010,1.054834,3.243831,117.9512753,3.93011,115.2299004,112.1139885,117.9512753,108.685627
6/16/2010,1.089256,3.344517,118.0764509,3.99483,115.3455648,112.1656915,118.0764509,108.6891131
6/15/2010,1.112182,3.377315,118.6966003,4.00532,115.7462815,112.4409971,118.6966003,108.9846103
6/14/2010,1.115738,3.354929,119.2045786,3.98006,116.0831795,112.7198065,119.2045786,109.1561557
6/11/2010,1.103093,3.310732,119.9897113,3.96727,116.8075771,113.3076995,119.9897113,109.7996504
6/10/2010,1.144521,3.402034,120.3836805,4.02482,117.1570859,113.6485866,120.3836805,110.1230155
6/9/2010,1.115767,3.282582,121.0609212,3.94641,117.9247172,114.3502823,121.0609212,110.9152366
6/8/2010,1.159257,3.274465,123.0273249,3.9519,119.6846665,115.977794,123.0273249,112.4722882
6/7/2010,1.1813,3.285887,121.7046219,3.97842,118.2089155,114.448919,121.7046219,111.0861021
6/4/2010,1.18654,3.298269,121.3974471,3.97729,117.8821832,114.0239195,121.3974471,110.6949636
6/3/2010,1.247126,3.466412,120.009273,4.08509,116.6394775,112.9485924,120.009273,109.5681766
6/2/2010,1.243628,3.421898,120.5418929,4.07212,117.5386458,114.082533,120.5418929,110.4374186
6/1/2010,1.231966,3.385805,121.5143531,4.04067,118.4781893,114.9844761,121.5143531,111.3373166
5/28/2010,1.222404,3.375825,121.1490443,4.04014,118.019646,114.4243549,121.1490443,110.7326777
5/27/2010,1.272751,3.420704,121.2644077,4.06561,118.4830525,115.1769466,121.2644077,111.202703
5/26/2010,1.288245,3.300297,121.8087888,3.9853,119.2891411,116.1582739,121.8087888,112.1147123
5/25/2010,1.269022,3.246332,123.4899724,3.9674,121.1173181,118.0336253,123.4899724,113.8694834
5/24/2010,1.229387,3.283443,122.8842415,3.99557,120.5269912,117.4417094,122.8842415,113.0804145
5/21/2010,1.148302,3.232387,125.2707629,3.95761,122.6387858,119.1797677,125.2707629,114.813154
5/20/2010,1.112998,3.309386,127.8574243,3.96631,125.454011,122.2812506,127.8574243,118.030254
5/19/2010,1.123837,3.411855,126.3066249,3.99911,124.0566146,121.0331872,126.3066249,116.9675339
5/18/2010,1.117325,3.433988,125.3968611,4.00407,122.9922774,119.8960513,125.3968611,115.6301518
5/17/2010,1.127271,3.502788,124.7955645,4.03508,122.2064107,118.9836925,124.7955645,114.7778903
5/14/2010,1.123625,3.482895,124.943431,4.03733,122.4194846,119.2286413,124.943431,114.9818921
5/13/2010,1.137282,3.594946,121.4514661,4.13447,118.7963999,115.454046,121.4514661,111.3148076
5/12/2010,1.124986,3.600988,122.8152032,4.14129,120.1354297,116.6644109,122.8152032,112.711359
5/11/2010,1.137726,3.580522,123.9107517,4.13094,120.8687842,117.1750364,123.9107517,113.221608
5/10/2010,1.127125,3.5774,126.5480457,4.15643,123.2092321,119.413153,126.5480457,115.0978981
5/7/2010,1.164109,3.472227,128.3961083,4.10775,124.8536464,120.8174242,128.3961083,116.4927348
5/6/2010,1.16585,3.449695,135.1389311,4.07119,131.2509938,126.9384695,135.1389311,122.0703942
5/5/2010,1.179642,3.557652,130.7810918,4.19231,127.6781638,123.9876102,130.7810918,119.4090865
5/4/2010,1.23605,3.624644,127.7914547,4.24074,125.4485748,122.3856132,127.7914547,118.0708932
5/3/2010,1.243716,3.710879,122.2777261,4.29628,119.982654,117.051805,122.2777261,113.0300893
4/30/2010,1.179585,3.651217,121.6806127,4.25636,119.6095891,116.9357358,121.6806127,112.9182919
4/29/2010,1.169733,3.702332,117.6487571,4.2918,115.6405115,113.1238242,117.6487571,109.3950395
4/28/2010,1.208641,3.765886,119.3301889,4.33438,117.0985143,114.3958189,119.3301889,110.3311725
4/27/2010,1.193568,3.700525,120.3828053,4.2752,118.048252,115.3131507,120.3828053,111.0743968
4/26/2010,1.252943,3.819303,116.8719354,4.34829,114.7550596,112.2175182,116.8719354,108.1244989
4/23/2010,1.243602,3.808318,116.5895644,4.35859,114.4762865,111.9156064,116.5895644,107.8973643
4/22/2010,1.191256,3.762721,115.256492,4.33303,113.341627,110.9434264,115.256492,107.0255905
4/21/2010,1.153095,3.719309,114.3824579,4.28436,112.4948673,110.119381,114.3824579,106.2753082
4/20/2010,1.153572,3.782775,113.0490642,4.33078,111.0301154,108.6552221,113.0490642,104.792394
4/19/2010,1.124242,3.786838,111.9392655,4.3256,109.9359464,107.5919495,111.9392655,104.0684408
4/16/2010,1.090067,3.731669,111.6093563,4.28844,109.5481191,107.1020956,111.6093563,103.5070717
4/15/2010,1.159513,3.805431,112.74172,4.34744,110.5183313,107.9297507,112.74172,104.2511208
4/14/2010,1.180143,3.81153,113.649668,4.35734,111.3448551,108.618258,113.649668,104.8187232
4/13/2010,1.170631,3.754806,114.7388435,4.30293,112.129479,109.2222339,114.7388435,105.2266587
4/12/2010,1.174661,3.804109,114.7436622,4.31987,112.0410073,109.1054735,114.7436622,105.2473446
4/9/2010,1.194655,3.864088,114.6069119,4.39802,111.8671013,108.8700671,114.6069119,104.9758262
4/8/2010,1.186798,3.863765,115.0514903,4.41188,112.3408438,109.3090859,115.0514903,105.438896
4/7/2010,1.187832,3.841206,113.073562,4.38491,110.4716671,107.5141152,113.073562,103.869326
4/6/2010,1.265912,3.952677,112.4768367,4.47344,109.7824093,106.7880317,112.4768367,103.1107853
4/5/2010,1.319465,4.021955,113.8392351,4.49221,110.81229,107.6459327,113.8392351,103.5174242
4/1/2010,1.182143,3.851203,113.951902,4.39347,111.4632445,108.7203093,113.951902,105.0269695
3/31/2010,1.163219,3.799814,112.5440615,4.35058,110.0733361,107.4163813,112.5440615,103.8509984
3/30/2010,1.200829,3.818929,112.9792635,4.33729,110.3761349,107.5651657,112.9792635,103.9290348
3/29/2010,1.193703,3.813449,114.6336496,4.32042,111.8326519,108.8893149,114.6336496,105.3333021
3/26/2010,1.183165,3.783357,114.3774613,4.33507,111.5555417,108.5977596,114.3774613,105.0292299
3/25/2010,1.205953,3.818895,116.3174632,4.40057,113.255148,110.1829966,116.3174632,106.2202329
3/24/2010,1.193297,3.74219,117.6712097,4.34604,114.4055686,111.0907912,117.6712097,107.3316794
3/23/2010,1.13364,3.649879,115.9923768,4.22777,113.0827144,109.9269692,115.9923768,106.057806
3/22/2010,1.153002,3.688382,114.4566858,4.22515,111.8793065,109.0471934,114.4566858,105.3353184
3/19/2010,1.176926,3.724741,114.6993646,4.2558,112.0573932,109.097158,114.6993646,105.2951316
3/18/2010,1.122472,3.702176,113.8414914,4.23621,111.5308761,108.7866858,113.8414914,105.2566238
3/17/2010,1.087844,3.672693,113.0000545,4.19803,110.9195177,108.2586648,113.0000545,104.6525198
3/16/2010,1.086793,3.691372,113.9404453,4.21367,112.2219975,109.7730672,113.9404453,105.9086661
3/15/2010,1.130264,3.73799,115.3821834,4.2338,113.5664791,110.8521005,115.3821834,106.9298892
3/12/2010,1.156608,3.748816,115.8052507,4.23737,113.9915075,111.3845918,115.8052507,107.5401048
3/11/2010,1.14011,3.747887,116.600049,4.22006,114.8261496,112.1997473,116.600049,108.2399961
3/10/2010,1.111892,3.743187,116.294662,4.21084,114.753865,110.9125301,116.294662,107.1636745
3/9/2010,1.090415,3.738529,116.7200299,4.21236,115.0155944,112.3797008,116.7200299,108.4804539
3/8/2010,1.111368,3.749784,118.093595,4.24838,116.194332,113.434245,118.093595,109.5299611
3/5/2010,1.102122,3.716537,118.5566315,4.23585,116.7182655,113.9509467,118.5566315,110.0577235
3/4/2010,1.067009,3.631388,118.6400302,4.19363,116.8223624,114.0874835,118.6400302,110.1295134
3/3/2010,1.030401,3.662242,120.5919036,4.21812,118.3625068,115.3187691,120.5919036,111.2809056
3/2/2010,1.023099,3.672192,120.40466,4.24899,117.9958294,114.9318467,120.40466,111.0015932
3/1/2010,1.04076,3.677163,120.7595503,4.24956,118.1865071,115.0464085,120.7595503,111.207143
2/26/2010,1.038293,3.664264,120.6782082,4.20871,118.1396502,114.9915959,120.6782082,111.2152829
2/25/2010,1.049286,3.714575,120.2993655,4.2726,117.7494791,114.428445,120.2993655,110.6802753
2/24/2010,1.091282,3.777873,120.2782477,4.31429,117.6716626,114.476536,120.2782477,110.7904929
2/23/2010,1.112139,3.78339,120.0210627,4.31061,117.4932739,114.3871208,120.0210627,110.8415574
2/22/2010,1.165086,3.891744,120.1859203,4.38271,117.6040045,114.4966109,120.1859203,110.8495403
2/19/2010,1.200136,3.883704,122.1281058,4.41144,119.5269966,116.3546605,122.1281058,112.4259785
2/18/2010,1.146679,3.887266,123.0321944,4.39956,120.3203631,116.9955282,123.0321944,113.458911
2/17/2010,1.124663,3.837221,123.1431197,4.32686,120.4596624,117.1222923,123.1431197,113.4440159
2/16/2010,1.087202,3.759642,123.4043638,4.26007,120.6836835,117.3666209,123.4043638,113.6594608
2/12/2010,1.111656,3.782335,124.4255001,4.28128,121.5891654,118.1393252,124.4255001,114.3585891
2/11/2010,1.154758,3.823062,126.5446837,4.33258,123.6766639,120.2079975,126.5446837,116.079027
2/10/2010,1.163877,3.789163,128.3955805,4.34042,125.1538635,121.2635471,128.3955805,117.2002526
2/9/2010,1.11201,3.732538,127.8191744,4.30311,124.5391219,120.658627,127.8191744,116.6362464
2/8/2010,1.085982,3.688159,125.8949536,4.26976,122.5357096,118.7015891,125.8949536,114.7905451
2/5/2010,1.046009,3.643078,125.714753,4.22027,122.4719514,118.6714956,125.714753,114.728263
2/4/2010,1.101324,3.711799,126.3986621,4.26396,122.8774905,118.8814965,126.3986621,114.8216771
2/3/2010,1.15352,3.810696,127.2995847,4.33246,123.8550246,119.8250784,127.2995847,115.8594208
2/2/2010,1.128303,3.756553,126.3412558,4.30683,123.1171575,119.3410417,126.3412558,115.3590512
2/1/2010,1.135169,3.774011,127.8023489,4.32742,124.4037184,120.5555742,127.8023489,116.4790584
1/29/2010,1.107502,3.727263,129.5395694,4.30848,125.6449444,121.2001807,129.5395694,116.9901919
1/28/2010,1.134286,3.77201,131.1429368,4.34876,126.9855174,122.3197626,131.1429368,118.0614146
1/27/2010,1.157775,3.765497,130.9901829,4.33347,127.0519878,122.5369678,130.9901829,118.0904527
1/26/2010,1.105181,3.74372,131.8978748,4.31766,127.7036056,123.1185162,131.8978748,118.8614725
1/25/2010,1.106699,3.742572,133.8588451,4.33144,129.4525431,124.6760307,133.8588451,120.1803778
1/22/2010,1.100132,3.713958,133.6753877,4.29783,129.2769975,124.4114839,133.6753877,120.0631813
1/21/2010,1.118965,3.711175,133.2795104,4.28783,128.8110632,123.8344461,133.2795104,119.5459468
1/20/2010,1.147628,3.757722,133.9183502,4.31886,129.3503726,124.2414841,133.9183502,119.9423159
1/19/2010,1.155485,3.808284,134.9151099,4.35663,130.0066346,124.5813553,134.9151099,120.361523
1/15/2010,1.126805,3.772931,133.9910631,4.32701,129.1854222,123.8788368,133.9910631,119.6703302
1/14/2010,1.16393,3.824395,133.8477441,4.37896,128.746401,123.2719857,133.8477441,118.946245
1/13/2010,1.208416,3.883566,133.16012,4.40135,128.1701212,122.8235249,133.16012,118.6322803
1/12/2010,1.167005,3.814307,130.8272051,4.35932,125.6582621,120.2150406,130.8272051,116.0254456
1/11/2010,1.198059,3.91324,131.4612883,4.43675,125.9557026,120.2628025,131.4612883,116.0791538
1/8/2010,1.22073,3.90544,132.7260121,4.44718,126.8575386,120.8505736,132.7260121,117.040249
1/7/2010,1.279658,3.928588,134.6560006,4.45193,128.4377284,122.0945245,134.6560006,118.1775507
1/6/2010,1.260403,3.902569,135.1834373,4.42374,129.031052,122.6489918,135.1834373,118.643904
1/5/2010,1.282968,3.847633,134.4272295,4.38812,128.3318978,122.0876103,134.4272295,117.949067
1/4/2010,1.35003,3.950697,136.3139396,4.47932,129.8356092,123.3747099,136.3139396,119.2479495
12/31/2009,1.409785,3.963964,136.2144418,4.50426,129.673245,123.1301437,136.2144418,119.1310143
12/30/2009,1.360609,3.914475,135.0668526,4.47139,128.9322562,122.7150145,135.0668526,118.5386008
12/29/2009,1.385607,3.964316,137.8530764,4.50117,131.5317146,125.1378444,137.8530764,120.7727571
12/28/2009,1.380711,3.999354,139.7416115,4.53489,133.7725602,127.6667247,139.7416115,123.2911877
12/24/2009,1.318976,3.940559,139.4244871,4.49215,133.7596827,127.7246251,139.4244871,123.2063723
12/23/2009,1.266601,3.897799,139.0560856,4.44809,133.4857115,127.4763134,139.0560856,123.1803473
12/22/2009,1.252907,3.906843,141.4140436,4.43826,135.9204848,130.0069382,141.4140436,125.653901
12/21/2009,1.204673,3.832674,141.1636759,4.3682,135.868362,130.2911779,141.1636759,125.6226298
12/18/2009,1.117513,3.67056,137.9731073,4.23008,133.1431548,127.9389392,137.9731073,123.1634033
12/17/2009,1.096448,3.623472,137.5877806,4.16862,132.5151472,127.5950762,137.5877806,123.0737824
12/16/2009,1.197633,3.73355,136.9982553,4.28536,132.4837343,127.5123872,136.9982553,123.2682352
12/15/2009,1.227798,3.745912,137.6966177,4.31284,132.9927903,127.923098,137.6966177,123.6148282
12/14/2009,1.187104,3.675092,135.3360791,4.24887,130.5097618,125.4014332,135.3360791,120.9000739
12/11/2009,1.14433,3.652912,135.1938766,4.21848,130.7770848,125.9203839,135.1938766,121.5051556
12/10/2009,1.101029,3.593298,133.9762398,4.19025,130.8027254,125.1448779,133.9762398,120.9299907
12/9/2009,1.079161,3.543724,132.7021172,4.17212,128.7131904,124.1615091,132.7021172,120.1665251
12/8/2009,1.090387,3.521943,132.0899445,4.13735,128.1296464,123.7172806,132.0899445,119.8502571
12/7/2009,1.148298,3.593641,133.8124994,4.17742,129.6427056,125.1229036,133.8124994,120.958852
12/4/2009,1.214768,3.621168,136.0647413,4.22215,131.8114293,127.1721547,136.0647413,123.177928
12/3/2009,1.078154,3.497314,134.956412,4.15922,131.1652618,126.8906217,134.956412,122.9799834
12/2/2009,1.065716,3.428215,132.6073343,4.1034,129.2767616,125.4552429,132.6073343,121.4839042
12/1/2009,1.011684,3.379016,132.082722,4.04842,128.5634948,124.6226661,132.082722,120.6013454
11/30/2009,0.996613,3.295028,130.4215188,3.96575,126.9370685,123.0283175,130.4215188,119.0695924
11/27/2009,1.014604,3.297593,130.3252681,3.9702,126.9157766,123.1115275,130.3252681,119.06605
11/25/2009,1.034222,3.364738,128.8342833,3.99702,125.7373564,122.267415,128.8342833,118.3127882
11/24/2009,1.013099,3.421512,128.4506057,4.00709,125.3447474,121.8380148,128.4506057,117.922394
11/23/2009,1.04762,3.469643,130.1576923,4.08854,125.2386567,122.7238834,130.1576923,118.8331571
11/20/2009,1.034071,3.469779,129.229251,4.11133,125.6942475,121.867239,129.229251,118.0119476
11/19/2009,1.021706,3.454774,128.8636931,4.13641,129.3480691,121.2457252,128.8636931,117.3627083
11/18/2009,1.045632,3.455492,130.2950925,4.12727,128.5456027,122.5104695,130.2950925,118.5975573
11/17/2009,1.052447,3.402424,130.3099634,4.08181,126.4206047,122.2901519,130.3099634,118.5421872
11/16/2009,1.058892,3.420349,130.6080296,4.03217,126.3411063,121.9702244,130.6080296,118.2394981
11/13/2009,1.133148,3.541334,131.6008715,4.11711,127.4417175,123.1778339,131.6008715,119.1706874
11/12/2009,1.119288,3.552717,129.9940282,4.19215,126.1087857,122.0425611,129.9940282,118.0582984
11/10/2009,1.156358,3.617692,130.5725047,4.22667,126.5228627,122.2954749,130.5725047,118.6991742
11/9/2009,1.17459,3.630825,131.9753618,4.25159,127.5389226,123.0670652,131.9753618,119.4603629
11/6/2009,1.174673,3.661515,133.894256,4.26552,129.279515,124.540441,133.894256,121.00536
11/5/2009,1.218439,3.694683,136.4622737,4.30936,131.3345487,126.2369993,136.4622737,122.4910323
11/4/2009,1.256703,3.71263,136.9075984,4.3621,131.9817809,127.0142518,136.9075984,123.0996578
11/3/2009,1.277162,3.650949,135.1678573,4.33871,130.6656319,126.1406857,135.1678573,122.1213238
11/2/2009,1.259354,3.602233,135.5248547,4.30711,130.9287834,126.4086275,135.5248547,122.3880629
10/30/2009,1.231258,3.560755,135.1238062,4.26056,130.7807722,126.4600785,135.1238062,122.4337429
10/29/2009,1.300084,3.666108,137.127885,4.32181,132.3079093,128.0887279,137.127885,123.9394897
10/28/2009,1.261282,3.582779,135.8277077,4.26375,131.5411036,127.1844567,135.8277077,123.0725437
10/27/2009,1.30192,3.640291,136.7714547,4.34531,132.3567244,127.9432984,136.7714547,123.8680565
10/26/2009,1.400906,3.736907,137.9787173,4.41801,133.3550722,128.7499656,137.9787173,124.6683114
10/23/2009,1.353165,3.647921,136.1937349,4.35392,131.9874948,127.6809384,136.1937349,123.7546263
10/22/2009,1.295186,3.599698,134.5136327,4.31984,130.317584,125.8982256,134.5136327,122.2809603
10/21/2009,1.312476,3.584644,134.4764178,4.32407,129.9861962,125.3749937,134.4764178,122.2249139
10/20/2009,1.268138,3.509712,132.4209963,4.28262,128.1661722,123.8468505,132.4209963,120.4565844
10/19/2009,1.332981,3.573231,133.462232,4.31432,129.0301728,124.5873885,133.462232,121.0269241
10/16/2009,1.344653,3.602087,133.8894808,4.33067,129.2956876,124.6912399,133.8894808,121.0772577
10/15/2009,1.325845,3.646079,135.1845797,4.36809,130.4070618,125.6553415,135.1845797,122.1341561
10/14/2009,1.287024,3.590641,133.9061177,4.29699,129.0251447,124.0556909,133.9061177,121.0676897
10/13/2009,1.241437,3.481237,131.6583603,4.20264,131.0399354,122.9925651,131.6583603,119.3184111
10/9/2009,1.32301,3.552494,133.2399382,4.22984,132.8490558,124.5286134,133.2399382,120.8685541
10/8/2009,1.21782,3.404377,129.5273153,4.11561,127.9390038,120.8220771,129.5273153,117.0814976
10/7/2009,1.190328,3.342414,130.3425863,4.09364,125.5044363,121.3601627,130.3425863,117.6620086
10/6/2009,1.232232,3.416824,131.757519,4.14236,127.7022691,122.6055471,131.757519,118.8992251
10/5/2009,1.223495,3.392103,131.6397156,4.13438,126.8722365,122.3515525,131.6397156,118.6535179
10/2/2009,1.213923,3.378161,130.9024669,4.10882,126.0120218,121.3352966,130.9024669,117.650162
10/1/2009,1.20911,3.336074,132.2476178,4.10432,127.4339555,122.7326549,132.2476178,119.0085105
9/30/2009,1.287773,3.449143,132.3928675,4.20663,127.6335519,122.8942966,132.3928675,119.1960284
9/29/2009,1.303623,3.434796,131.9163396,4.19203,127.2486902,122.6779658,131.9163396,118.9485094
9/28/2009,1.287585,3.443852,130.1944436,4.18856,125.7384592,121.3390113,130.1944436,117.6171271
9/25/2009,1.29411,3.492462,130.6823025,4.23289,126.2634866,121.8271895,130.6823025,118.1021391
9/24/2009,1.222888,3.561076,131.4006781,4.26537,127.2333147,123.0418497,131.4006781,119.3091544
9/23/2009,1.250055,3.60802,133.6293097,4.32836,128.9514895,124.1155149,133.6293097,120.0718553
9/22/2009,1.322021,3.670356,135.8750238,4.34063,131.2420185,126.4252254,135.8750238,122.3935182
9/21/2009,1.363533,3.701024,135.9188826,4.36186,132.1636341,126.1842543,135.9188826,122.1129641
9/18/2009,1.355701,3.677622,137.7095503,4.33804,132.7337893,127.512024,137.7095503,123.4398959
9/17/2009,1.286976,3.588375,138.3526269,4.26739,133.6130711,128.7115317,138.3526269,124.5479813
9/16/2009,1.313915,3.673573,140.3437515,4.33955,135.2854357,130.3562873,140.3437515,126.207611
9/15/2009,1.271307,3.659191,138.7312793,4.35342,134.0023849,129.0554509,138.7312793,125.237504
9/14/2009,1.236658,3.592279,137.0278612,4.32312,132.5354769,127.7727078,137.0278612,123.9536248
9/11/2009,1.19537,3.507462,136.0801777,4.25883,131.6409708,126.8528822,136.0801777,123.0171719
9/10/2009,1.199335,3.508997,135.5410945,4.25272,131.0352749,126.2493972,135.5410945,122.4534215
9/9/2009,1.251827,3.650995,134.4252837,4.36171,130.4769574,126.0602639,134.4252837,122.084671
9/8/2009,1.261849,3.661093,136.575922,4.37521,131.8420265,126.8927572,136.575922,122.9989076
9/4/2009,1.274677,3.64157,134.9654445,4.38411,130.7723737,126.4078892,134.9654445,122.501036
9/3/2009,1.246302,3.51956,135.6990743,4.32322,131.2997872,126.7143156,135.6990743,122.8855707
9/2/2009,1.235745,3.490431,136.1785355,4.27968,131.4889541,126.6926868,136.1785355,122.890615
9/1/2009,1.281722,3.592302,135.7853831,4.35675,131.3889287,126.8784592,135.7853831,123.1631973
8/31/2009,1.325747,3.606124,135.4854318,4.37272,131.391254,127.2524092,135.4854318,123.5262563
8/28/2009,1.365225,3.67704,135.9040715,4.43522,131.7056525,127.3077833,135.9040715,123.458522
8/27/2009,1.383745,3.686111,136.1323415,4.43926,131.5449574,126.7663814,136.1323415,122.9074844
8/26/2009,1.4091,3.677248,137.6419085,4.4233,132.6077805,127.4266253,137.6419085,123.8439142
8/25/2009,1.414736,3.699514,137.2593559,4.43051,131.6085471,126.01516,137.2593559,122.2275549
8/24/2009,1.433395,3.751186,139.7686218,4.45296,133.4022797,127.3511401,139.7686218,123.985624
8/21/2009,1.502166,3.808971,140.8158664,4.48844,134.8225313,128.9901044,140.8158664,125.0202114
8/20/2009,1.398651,3.674042,139.6779466,4.41171,133.6544266,127.8158451,139.6779466,123.8338044
8/19/2009,1.420447,3.713423,139.8980052,4.44222,133.5054527,127.3395145,139.8980052,123.2621719
8/18/2009,1.460258,3.775753,139.1818728,4.47829,132.7545071,126.6209064,139.1818728,122.4339094
8/17/2009,1.422864,3.698802,140.6064615,4.44111,133.5081537,126.891068,140.6064615,122.719953
8/14/2009,1.442565,3.767512,141.3028982,4.45443,134.2567096,127.5947778,141.3028982,123.3249433
8/13/2009,1.45483,3.805735,142.2610093,4.48943,135.250133,128.6356151,142.2610093,124.3444934
8/12/2009,1.515911,3.950028,142.8458059,4.57935,135.9556895,129.3312689,142.8458059,125.1580687
8/11/2009,1.604563,3.970979,143.7358123,4.57403,136.5300012,129.6804509,143.7358123,125.8408372
8/10/2009,1.68446,4.077638,144.9665168,4.63957,137.7523228,130.9586674,144.9665168,127.0249772
8/7/2009,1.751285,4.176282,146.4659176,4.74434,138.7116195,131.4403611,146.4659176,127.2588448
8/6/2009,1.637376,4.028486,143.3456315,4.65406,136.6614203,130.3513614,143.3456315,126.167834
8/5/2009,1.647738,4.024363,144.274312,4.63786,137.3949302,130.8540805,144.274312,126.6941806
8/4/2009,1.595693,3.918638,142.1806609,4.51374,135.7720415,129.3514953,142.1806609,124.9571863
8/3/2009,1.578659,3.891951,142.3092735,4.48169,134.9249149,129.3768694,142.3092735,125.7349736
7/31/2009,1.464713,3.732165,137.7380463,4.36899,131.0153124,124.785687,137.7380463,120.989829
7/30/2009,1.561362,3.882424,137.205855,4.50025,130.4552228,124.2304175,137.205855,120.455653
7/29/2009,1.526784,3.906196,137.4796194,4.50425,130.8373771,124.6031171,137.4796194,120.8442598
7/28/2009,1.486085,3.90765,137.7438273,4.53354,132.0623741,126.672916,137.7438273,122.8628275
7/27/2009,1.440901,3.939789,140.1068716,4.58439,134.6950673,129.6034091,140.1068716,126.0375759
7/24/2009,1.442218,3.891673,139.2001356,4.55975,133.5281331,128.1341735,139.2001356,124.5575469
7/23/2009,1.482994,3.950283,138.9695119,4.61981,133.261128,127.8810459,138.9695119,124.2987009
7/22/2009,1.365286,3.753963,137.2631647,4.46518,131.7477585,126.4560617,137.2631647,122.8450297
7/21/2009,1.339582,3.675172,139.5986358,4.4221,130.7142306,127.3857324,139.5986358,123.9176303
7/20/2009,1.428463,3.819698,139.7218021,4.52749,133.4798288,127.3959307,139.7218021,123.9253034
7/17/2009,1.462751,3.881248,142.0261969,4.59184,135.2757829,128.6838245,142.0261969,125.21264
7/16/2009,1.412958,3.774362,140.3534695,4.54427,138.6223146,127.530608,140.3534695,123.7589245
7/15/2009,1.4627,3.838472,141.5587545,4.61593,140.767956,128.8553413,141.5587545,125.131243
7/14/2009,1.365756,3.660941,137.7121932,4.47542,134.8891299,125.7061636,137.7121932,122.2427601
7/13/2009,1.314685,3.539364,135.3681107,4.39746,130.7192985,123.4854704,135.3681107,120.1194076
7/10/2009,1.277738,3.467977,134.1899511,4.33399,128.2382199,122.8170045,134.1899511,119.4416951
7/9/2009,1.282787,3.577882,134.8290202,4.42792,128.688576,122.7848075,134.8290202,119.3595686
7/8/2009,1.242282,3.454374,134.4937426,4.33183,127.9262544,121.6916348,134.4937426,118.3760479
7/7/2009,1.333621,3.647957,135.6993284,4.4652,128.691216,122.200732,135.6993284,119.0229649
7/6/2009,1.332822,3.705907,137.5843972,4.5001,129.373666,121.8345907,137.5843972,118.6577838
7/2/2009,1.387902,3.708335,138.6825071,4.49693,130.4585212,122.6867031,138.6825071,119.5045757
7/1/2009,1.473048,3.77459,140.6645488,4.51861,132.3881306,124.7474876,140.6645488,121.5721185
6/30/2009,1.522892,3.764496,140.8647541,4.55194,131.9599512,124.0884902,140.8647541,120.8361376
6/29/2009,1.478536,3.702726,140.7890151,4.50093,132.2358044,124.2590942,140.7890151,120.5883389
6/26/2009,1.445889,3.698477,140.4427783,4.49377,131.8234032,123.9808228,140.4427783,120.3101574
6/25/2009,1.468634,3.75827,140.6808959,4.51544,131.9176316,123.3459213,140.6808959,119.7890279
6/24/2009,1.588612,3.920178,139.6362112,4.68721,130.6947194,122.3376231,139.6362112,118.8947016
6/23/2009,1.554275,3.879998,142.7009805,4.68284,133.6791924,125.3640026,142.7009805,121.7743292
6/22/2009,1.588273,3.935149,143.2897406,4.67603,134.0136838,125.8006916,143.2897406,122.2040211
6/19/2009,1.686425,4.041223,143.7731852,4.75146,137.103727,126.3103096,143.7731852,122.7185534
6/18/2009,1.742009,4.073763,147.0420902,4.81941,137.6616345,129.1089646,147.0420902,125.5454004
6/17/2009,1.583795,3.833238,139.8808065,4.51571,131.5871604,124.0900628,139.8808065,120.4763334
6/16/2009,1.620427,3.88685,139.4012484,4.60023,131.176448,124.0081354,139.4012484,120.2236913
6/15/2009,1.626163,3.949074,139.1673978,4.66374,131.009928,123.5993668,139.1673978,119.8351084
6/12/2009,1.681213,4.065711,141.6932846,4.78983,133.3283812,125.9053298,141.6932846,122.1498458
6/11/2009,1.775333,4.207639,146.433308,4.91791,135.670758,129.0193886,146.433308,124.9136533
6/10/2009,1.820163,4.326674,148.8248049,4.99277,139.3291347,130.7602005,148.8248049,126.6635188
6/9/2009,1.756407,4.216013,145.8142488,4.90464,136.0771412,127.4490141,145.8142488,123.3979115
6/8/2009,1.925498,4.324874,147.6891205,4.96062,137.1944756,128.0984021,147.6891205,124.1040682
6/5/2009,1.815049,4.224682,147.3179246,4.82904,135.4716594,126.6441546,147.3179246,124.1295326
6/4/2009,1.424606,4.043516,141.2128849,4.65309,132.0489456,123.9815366,141.2128849,121.8450042
6/3/2009,1.318792,3.832975,133.6167382,4.49725,126.0438616,118.2763797,133.6167382,115.232157
6/2/2009,1.392995,3.964967,136.2447695,4.55172,127.3507488,119.3447423,136.2447695,115.9521466
6/1/2009,1.436901,4.029625,140.5809027,4.60023,131.092116,122.8828756,140.5809027,119.4950458
5/29/2009,1.312879,3.649056,131.8790539,4.32765,123.9169072,116.7170293,131.8790539,113.3254369
5/28/2009,1.388316,3.961354,138.640614,4.6322,129.4867125,121.3990308,138.640614,118.0338371
5/27/2009,1.387802,3.989587,142.286057,4.5063,133.5129927,125.4404128,142.286057,122.074198
5/26/2009,1.3381,3.653249,133.1171706,4.1822,125.31147,118.7625248,133.1171706,115.2475012
5/22/2009,1.285301,3.593125,128.3198628,4.1295,121.4086761,115.541909,128.3198628,112.7758296
5/21/2009,1.228652,3.454399,124.2822799,4.07145,120.2727624,111.7512634,124.2822799,108.9690724
5/20/2009,1.186296,3.290996,119.9986652,3.96281,113.9802612,108.7879458,119.9986652,105.9881238
5/19/2009,1.252584,3.318616,119.7832369,3.99765,113.7293568,108.6733105,119.7832369,105.6263535
5/18/2009,1.270859,3.290222,118.9478406,3.99507,112.9506094,108.2105953,118.9478406,105.1092857
5/15/2009,1.25714,3.216231,119.315667,3.9317,113.5912375,108.8490355,119.315667,105.7261469
5/14/2009,1.278544,3.206824,118.0863229,3.9215,112.4077944,107.595994,118.0863229,104.4466236
5/13/2009,1.281546,3.191583,115.0293983,3.91724,109.3840764,104.7705486,115.0293983,101.5905905
5/12/2009,1.33436,3.271179,112.5096721,3.96666,107.0528734,102.848488,112.5096721,100.2433544
5/11/2009,1.366294,3.289742,112.6626835,3.9514,107.109926,102.8137056,112.6626835,100.2122642
5/8/2009,1.432191,3.409637,114.4387999,4.09028,108.893484,104.5843512,114.4387999,101.9974492
5/7/2009,1.43492,3.407247,115.3884592,4.04927,109.8623008,105.5353351,115.3884592,103.0179219
5/6/2009,1.417283,3.268264,114.1368756,3.94971,108.889639,104.6219484,114.1368756,102.105589
5/5/2009,1.472796,3.291188,114.5983015,3.92813,109.3753317,105.1100624,114.5983015,102.5807764
5/4/2009,1.514568,3.31074,114.4058206,3.99292,109.012864,104.8391619,114.4058206,102.3087475
5/1/2009,1.495284,3.315071,114.2234795,4.03699,109.1294981,104.8841585,114.2234795,102.3395719
