3y7y_ATM,2000-02-01,Normalized_Volatility,108.13374
3y7y_ATM,2000-02-02,Normalized_Volatility,107.52382
3y7y_ATM,2000-02-03,Normalized_Volatility,106.1379
3y7y_ATM,2000-02-04,Normalized_Volatility,106.8636
3y7y_ATM,2000-02-07,Normalized_Volatility,107.37869
3y7y_ATM,2000-02-08,Normalized_Volatility,105.40591
3y7y_ATM,2000-02-09,Normalized_Volatility,106.964055
3y7y_ATM,2000-02-10,Normalized_Volatility,108.784935
3y7y_ATM,2000-02-11,Normalized_Volatility,106.68655
3y7y_ATM,2000-02-14,Normalized_Volatility,105.621485
3y7y_ATM,2000-02-15,Normalized_Volatility,106.325065
3y7y_ATM,2000-02-16,Normalized_Volatility,105.17152
3y7y_ATM,2000-02-17,Normalized_Volatility,104.8764
3y7y_ATM,2000-02-18,Normalized_Volatility,102.77145
3y7y_ATM,2000-02-22,Normalized_Volatility,101.7076
3y7y_ATM,2000-02-23,Normalized_Volatility,102.65416
3y7y_ATM,2000-02-24,Normalized_Volatility,102.05712
3y7y_ATM,2000-02-25,Normalized_Volatility,102.76568
3y7y_ATM,2000-02-28,Normalized_Volatility,102.25942
3y7y_ATM,2000-02-29,Normalized_Volatility,100.97892
3y7y_ATM,2000-03-01,Normalized_Volatility,99.17204
3y7y_ATM,2000-03-02,Normalized_Volatility,100.47884
3y7y_ATM,2000-03-03,Normalized_Volatility,99.67685
3y7y_ATM,2000-03-06,Normalized_Volatility,101.71575
3y7y_ATM,2000-03-07,Normalized_Volatility,101.339025
3y7y_ATM,2000-03-08,Normalized_Volatility,101.37534
3y7y_ATM,2000-03-09,Normalized_Volatility,101.0095
3y7y_ATM,2000-03-10,Normalized_Volatility,103.68023
3y7y_ATM,2000-03-13,Normalized_Volatility,103.72818
3y7y_ATM,2000-03-14,Normalized_Volatility,103.2432
3y7y_ATM,2000-03-15,Normalized_Volatility,103.00071
3y7y_ATM,2000-03-16,Normalized_Volatility,101.805795
3y7y_ATM,2000-03-17,Normalized_Volatility,100.266075
3y7y_ATM,2000-03-20,Normalized_Volatility,100.75338
3y7y_ATM,2000-03-21,Normalized_Volatility,99.7832
3y7y_ATM,2000-03-22,Normalized_Volatility,100.21851
3y7y_ATM,2000-03-23,Normalized_Volatility,99.1116
3y7y_ATM,2000-03-24,Normalized_Volatility,101.7336
3y7y_ATM,2000-03-27,Normalized_Volatility,102.3792
3y7y_ATM,2000-03-28,Normalized_Volatility,103.02738
3y7y_ATM,2000-03-29,Normalized_Volatility,103.2516
3y7y_ATM,2000-03-30,Normalized_Volatility,102.04134
3y7y_ATM,2000-03-31,Normalized_Volatility,100.93872
3y7y_ATM,2000-04-03,Normalized_Volatility,100.61028
3y7y_ATM,2000-04-04,Normalized_Volatility,99.80712
3y7y_ATM,2000-04-05,Normalized_Volatility,102.28845
3y7y_ATM,2000-04-06,Normalized_Volatility,100.97516
3y7y_ATM,2000-04-07,Normalized_Volatility,98.70576
3y7y_ATM,2000-04-10,Normalized_Volatility,98.88523
3y7y_ATM,2000-04-11,Normalized_Volatility,98.56541
3y7y_ATM,2000-04-12,Normalized_Volatility,99.64128
3y7y_ATM,2000-04-13,Normalized_Volatility,97.51448
3y7y_ATM,2000-04-14,Normalized_Volatility,97.39254
3y7y_ATM,2000-04-17,Normalized_Volatility,98.6423
3y7y_ATM,2000-04-18,Normalized_Volatility,98.07444
3y7y_ATM,2000-04-19,Normalized_Volatility,96.22945
3y7y_ATM,2000-04-20,Normalized_Volatility,96.530225
3y7y_ATM,2000-04-24,Normalized_Volatility,96.869425
3y7y_ATM,2000-04-25,Normalized_Volatility,97.934725
3y7y_ATM,2000-04-26,Normalized_Volatility,97.00288
3y7y_ATM,2000-04-27,Normalized_Volatility,98.660505
3y7y_ATM,2000-04-28,Normalized_Volatility,97.829425
3y7y_ATM,2000-05-01,Normalized_Volatility,98.597385
3y7y_ATM,2000-05-02,Normalized_Volatility,99.74538
3y7y_ATM,2000-05-03,Normalized_Volatility,101.97036
3y7y_ATM,2000-05-04,Normalized_Volatility,102.610845
3y7y_ATM,2000-05-05,Normalized_Volatility,103.315545
3y7y_ATM,2000-05-08,Normalized_Volatility,102.76527
3y7y_ATM,2000-05-09,Normalized_Volatility,102.487595
3y7y_ATM,2000-05-10,Normalized_Volatility,102.2645
3y7y_ATM,2000-05-11,Normalized_Volatility,100.889205
3y7y_ATM,2000-05-12,Normalized_Volatility,101.3013
3y7y_ATM,2000-05-15,Normalized_Volatility,101.39264
3y7y_ATM,2000-05-16,Normalized_Volatility,97.876195
3y7y_ATM,2000-05-17,Normalized_Volatility,99.817355
3y7y_ATM,2000-05-18,Normalized_Volatility,101.267045
3y7y_ATM,2000-05-19,Normalized_Volatility,99.76748
3y7y_ATM,2000-05-22,Normalized_Volatility,98.561425
3y7y_ATM,2000-05-23,Normalized_Volatility,97.31024
3y7y_ATM,2000-05-24,Normalized_Volatility,97.18872
3y7y_ATM,2000-05-25,Normalized_Volatility,96.0876
3y7y_ATM,2000-05-26,Normalized_Volatility,95.56804
3y7y_ATM,2000-05-30,Normalized_Volatility,96.15332
3y7y_ATM,2000-05-31,Normalized_Volatility,96.6231
3y7y_ATM,2000-06-01,Normalized_Volatility,96.100575
3y7y_ATM,2000-06-02,Normalized_Volatility,97.40636
3y7y_ATM,2000-06-05,Normalized_Volatility,96.1933
3y7y_ATM,2000-06-06,Normalized_Volatility,96.59416
3y7y_ATM,2000-06-07,Normalized_Volatility,96.70944
3y7y_ATM,2000-06-08,Normalized_Volatility,98.32295
3y7y_ATM,2000-06-09,Normalized_Volatility,98.292475
3y7y_ATM,2000-06-12,Normalized_Volatility,97.34775
3y7y_ATM,2000-06-13,Normalized_Volatility,97.402075
3y7y_ATM,2000-06-14,Normalized_Volatility,96.731625
3y7y_ATM,2000-06-15,Normalized_Volatility,96.297025
3y7y_ATM,2000-06-16,Normalized_Volatility,95.41952
3y7y_ATM,2000-06-19,Normalized_Volatility,96.8669
3y7y_ATM,2000-06-20,Normalized_Volatility,97.895825
3y7y_ATM,2000-06-21,Normalized_Volatility,99.61245
3y7y_ATM,2000-06-22,Normalized_Volatility,100.0782
3y7y_ATM,2000-06-23,Normalized_Volatility,100.6182
3y7y_ATM,2000-06-26,Normalized_Volatility,98.33322
3y7y_ATM,2000-06-27,Normalized_Volatility,98.649025
3y7y_ATM,2000-06-28,Normalized_Volatility,98.07385
3y7y_ATM,2000-06-29,Normalized_Volatility,97.63122
3y7y_ATM,2000-06-30,Normalized_Volatility,97.31349
3y7y_ATM,2000-07-03,Normalized_Volatility,96.75012
3y7y_ATM,2000-07-05,Normalized_Volatility,96.212115
3y7y_ATM,2000-07-06,Normalized_Volatility,96.99042
3y7y_ATM,2000-07-07,Normalized_Volatility,95.95817
3y7y_ATM,2000-07-10,Normalized_Volatility,96.56731
3y7y_ATM,2000-07-11,Normalized_Volatility,98.094885
3y7y_ATM,2000-07-12,Normalized_Volatility,98.80515
3y7y_ATM,2000-07-13,Normalized_Volatility,99.132
3y7y_ATM,2000-07-14,Normalized_Volatility,101.022625
3y7y_ATM,2000-07-17,Normalized_Volatility,101.03848
3y7y_ATM,2000-07-18,Normalized_Volatility,100.117765
3y7y_ATM,2000-07-19,Normalized_Volatility,100.462085
3y7y_ATM,2000-07-20,Normalized_Volatility,99.4894
3y7y_ATM,2000-07-21,Normalized_Volatility,99.212295
3y7y_ATM,2000-07-24,Normalized_Volatility,99.881145
3y7y_ATM,2000-07-25,Normalized_Volatility,100.29907
3y7y_ATM,2000-07-26,Normalized_Volatility,100.07713
3y7y_ATM,2000-07-27,Normalized_Volatility,97.893135
3y7y_ATM,2000-07-28,Normalized_Volatility,98.57774
3y7y_ATM,2000-07-31,Normalized_Volatility,98.9442
3y7y_ATM,2000-08-01,Normalized_Volatility,98.46495
3y7y_ATM,2000-08-02,Normalized_Volatility,97.03047
3y7y_ATM,2000-08-03,Normalized_Volatility,96.78016
3y7y_ATM,2000-08-04,Normalized_Volatility,95.96544
3y7y_ATM,2000-08-07,Normalized_Volatility,96.3326
3y7y_ATM,2000-08-08,Normalized_Volatility,95.19885
3y7y_ATM,2000-08-09,Normalized_Volatility,94.579825
3y7y_ATM,2000-08-10,Normalized_Volatility,93.909375
3y7y_ATM,2000-08-11,Normalized_Volatility,94.50847
3y7y_ATM,2000-08-14,Normalized_Volatility,94.19858
3y7y_ATM,2000-08-15,Normalized_Volatility,94.057775
3y7y_ATM,2000-08-16,Normalized_Volatility,94.33735
3y7y_ATM,2000-08-17,Normalized_Volatility,94.25785
3y7y_ATM,2000-08-18,Normalized_Volatility,94.42202
3y7y_ATM,2000-08-21,Normalized_Volatility,95.31956
3y7y_ATM,2000-08-22,Normalized_Volatility,95.7015
3y7y_ATM,2000-08-23,Normalized_Volatility,96.754625
3y7y_ATM,2000-08-24,Normalized_Volatility,98.1764
3y7y_ATM,2000-08-25,Normalized_Volatility,99.51786
3y7y_ATM,2000-08-28,Normalized_Volatility,100.2804
3y7y_ATM,2000-08-29,Normalized_Volatility,99.6772
3y7y_ATM,2000-08-30,Normalized_Volatility,99.26685
3y7y_ATM,2000-08-31,Normalized_Volatility,98.04504
3y7y_ATM,2000-09-01,Normalized_Volatility,97.04563
3y7y_ATM,2000-09-05,Normalized_Volatility,98.980665
3y7y_ATM,2000-09-06,Normalized_Volatility,99.47409
3y7y_ATM,2000-09-07,Normalized_Volatility,101.69588
3y7y_ATM,2000-09-08,Normalized_Volatility,102.824755
3y7y_ATM,2000-09-11,Normalized_Volatility,102.931685
3y7y_ATM,2000-09-12,Normalized_Volatility,103.05451
3y7y_ATM,2000-09-13,Normalized_Volatility,102.55995
3y7y_ATM,2000-09-14,Normalized_Volatility,104.28634
3y7y_ATM,2000-09-15,Normalized_Volatility,103.58916
3y7y_ATM,2000-09-18,Normalized_Volatility,102.555825
3y7y_ATM,2000-09-19,Normalized_Volatility,101.8234
3y7y_ATM,2000-09-20,Normalized_Volatility,101.636295
3y7y_ATM,2000-09-21,Normalized_Volatility,100.874785
3y7y_ATM,2000-09-22,Normalized_Volatility,101.5227
3y7y_ATM,2000-09-25,Normalized_Volatility,100.73196
3y7y_ATM,2000-09-26,Normalized_Volatility,100.394
3y7y_ATM,2000-09-27,Normalized_Volatility,101.37556
3y7y_ATM,2000-09-28,Normalized_Volatility,101.49408
3y7y_ATM,2000-09-29,Normalized_Volatility,101.8857
3y7y_ATM,2001-01-02,Normalized_Volatility,110.352275
3y7y_ATM,2001-01-03,Normalized_Volatility,111.27972
3y7y_ATM,2001-01-04,Normalized_Volatility,111.83172
3y7y_ATM,2001-01-05,Normalized_Volatility,114.190805
3y7y_ATM,2001-01-08,Normalized_Volatility,116.6802
3y7y_ATM,2001-01-09,Normalized_Volatility,116.9432
3y7y_ATM,2001-01-10,Normalized_Volatility,112.90916
3y7y_ATM,2001-01-11,Normalized_Volatility,110.9082
3y7y_ATM,2001-01-12,Normalized_Volatility,106.95682
3y7y_ATM,2001-01-16,Normalized_Volatility,107.24072
3y7y_ATM,2001-01-17,Normalized_Volatility,107.183325
3y7y_ATM,2001-01-18,Normalized_Volatility,108.87876
3y7y_ATM,2001-01-19,Normalized_Volatility,111.043075
3y7y_ATM,2001-01-22,Normalized_Volatility,107.84359
3y7y_ATM,2001-01-23,Normalized_Volatility,107.489235
3y7y_ATM,2001-01-24,Normalized_Volatility,107.8407
3y7y_ATM,2001-01-25,Normalized_Volatility,105.04325
3y7y_ATM,2001-01-26,Normalized_Volatility,104.762125
3y7y_ATM,2001-01-29,Normalized_Volatility,104.127585
3y7y_ATM,2001-01-30,Normalized_Volatility,103.608375
3y7y_ATM,2001-01-31,Normalized_Volatility,102.59546
3y7y_ATM,2001-02-01,Normalized_Volatility,103.41785
3y7y_ATM,2001-02-02,Normalized_Volatility,100.413225
3y7y_ATM,2001-02-05,Normalized_Volatility,99.3182
3y7y_ATM,2001-02-06,Normalized_Volatility,100.38266
3y7y_ATM,2001-02-07,Normalized_Volatility,98.613435
3y7y_ATM,2001-02-08,Normalized_Volatility,99.70756
3y7y_ATM,2001-02-09,Normalized_Volatility,100.2032
3y7y_ATM,2001-02-12,Normalized_Volatility,106.24692
3y7y_ATM,2001-02-13,Normalized_Volatility,104.19255
3y7y_ATM,2001-02-14,Normalized_Volatility,102.967555
3y7y_ATM,2001-02-15,Normalized_Volatility,103.21245
3y7y_ATM,2001-02-16,Normalized_Volatility,104.66148
3y7y_ATM,2001-02-20,Normalized_Volatility,104.636805
3y7y_ATM,2001-02-21,Normalized_Volatility,105.6924
3y7y_ATM,2001-02-22,Normalized_Volatility,107.020575
3y7y_ATM,2001-02-23,Normalized_Volatility,108.149725
3y7y_ATM,2001-02-26,Normalized_Volatility,106.90338
3y7y_ATM,2001-02-27,Normalized_Volatility,106.44997
3y7y_ATM,2001-02-28,Normalized_Volatility,106.88125
3y7y_ATM,2001-03-01,Normalized_Volatility,108.771615
3y7y_ATM,2001-03-02,Normalized_Volatility,108.976395
3y7y_ATM,2001-03-05,Normalized_Volatility,107.23924
3y7y_ATM,2001-03-06,Normalized_Volatility,106.37836
3y7y_ATM,2001-03-07,Normalized_Volatility,106.1842
3y7y_ATM,2001-03-08,Normalized_Volatility,106.27217
3y7y_ATM,2001-03-09,Normalized_Volatility,106.39449
3y7y_ATM,2001-03-12,Normalized_Volatility,108.51162
3y7y_ATM,2001-03-13,Normalized_Volatility,109.8303
3y7y_ATM,2001-03-14,Normalized_Volatility,110.80209
3y7y_ATM,2001-03-15,Normalized_Volatility,112.40502
3y7y_ATM,2001-03-16,Normalized_Volatility,109.63931
3y7y_ATM,2001-03-19,Normalized_Volatility,109.96865
3y7y_ATM,2001-03-20,Normalized_Volatility,109.9368
3y7y_ATM,2001-03-21,Normalized_Volatility,110.16687
3y7y_ATM,2001-03-22,Normalized_Volatility,110.696375
3y7y_ATM,2001-03-23,Normalized_Volatility,108.09919
3y7y_ATM,2001-03-26,Normalized_Volatility,109.44412
3y7y_ATM,2001-03-27,Normalized_Volatility,108.388555
3y7y_ATM,2001-03-28,Normalized_Volatility,109.01934
3y7y_ATM,2001-03-29,Normalized_Volatility,107.49289
3y7y_ATM,2001-03-30,Normalized_Volatility,107.63665
3y7y_ATM,2001-04-02,Normalized_Volatility,108.351045
3y7y_ATM,2001-04-03,Normalized_Volatility,110.042375
3y7y_ATM,2001-04-04,Normalized_Volatility,110.970405
3y7y_ATM,2001-04-05,Normalized_Volatility,110.458775
3y7y_ATM,2001-04-06,Normalized_Volatility,110.67987
3y7y_ATM,2001-04-09,Normalized_Volatility,112.34826
3y7y_ATM,2001-04-10,Normalized_Volatility,113.73804
3y7y_ATM,2001-04-11,Normalized_Volatility,112.43789
3y7y_ATM,2001-04-12,Normalized_Volatility,113.10394
3y7y_ATM,2001-04-16,Normalized_Volatility,113.08023
3y7y_ATM,2001-04-17,Normalized_Volatility,111.414045
3y7y_ATM,2001-04-18,Normalized_Volatility,110.171985
3y7y_ATM,2001-04-19,Normalized_Volatility,110.687535
3y7y_ATM,2001-04-20,Normalized_Volatility,110.690865
3y7y_ATM,2001-04-23,Normalized_Volatility,109.8567
3y7y_ATM,2001-04-24,Normalized_Volatility,109.69009
3y7y_ATM,2001-04-25,Normalized_Volatility,108.12528
3y7y_ATM,2001-04-26,Normalized_Volatility,106.346135
3y7y_ATM,2001-04-27,Normalized_Volatility,107.64093
3y7y_ATM,2001-04-30,Normalized_Volatility,106.03538
3y7y_ATM,2001-05-01,Normalized_Volatility,105.62757
3y7y_ATM,2001-05-02,Normalized_Volatility,104.7368
3y7y_ATM,2001-05-03,Normalized_Volatility,103.18667
3y7y_ATM,2001-05-04,Normalized_Volatility,102.84378
3y7y_ATM,2001-05-07,Normalized_Volatility,102.25956
3y7y_ATM,2001-05-08,Normalized_Volatility,102.6714
3y7y_ATM,2001-05-09,Normalized_Volatility,101.6106
3y7y_ATM,2001-05-10,Normalized_Volatility,106.7056
3y7y_ATM,2001-05-11,Normalized_Volatility,105.36184
3y7y_ATM,2001-05-14,Normalized_Volatility,107.80245
3y7y_ATM,2001-05-15,Normalized_Volatility,107.75528
3y7y_ATM,2001-05-16,Normalized_Volatility,107.695475
3y7y_ATM,2001-05-17,Normalized_Volatility,108.73233
3y7y_ATM,2001-05-18,Normalized_Volatility,111.270285
3y7y_ATM,2001-05-21,Normalized_Volatility,111.28194
3y7y_ATM,2001-05-22,Normalized_Volatility,111.07724
3y7y_ATM,2001-05-23,Normalized_Volatility,111.70804
3y7y_ATM,2001-05-24,Normalized_Volatility,113.461835
3y7y_ATM,2001-05-25,Normalized_Volatility,112.67292
3y7y_ATM,2001-05-29,Normalized_Volatility,111.02077
3y7y_ATM,2001-05-30,Normalized_Volatility,110.13794
3y7y_ATM,2001-05-31,Normalized_Volatility,106.6527
3y7y_ATM,2001-06-01,Normalized_Volatility,107.121795
3y7y_ATM,2001-06-04,Normalized_Volatility,106.18234
3y7y_ATM,2001-06-05,Normalized_Volatility,107.26541
3y7y_ATM,2001-06-06,Normalized_Volatility,109.40049
3y7y_ATM,2001-06-07,Normalized_Volatility,109.29051
3y7y_ATM,2001-06-08,Normalized_Volatility,109.683975
3y7y_ATM,2001-06-11,Normalized_Volatility,108.686625
3y7y_ATM,2001-06-12,Normalized_Volatility,108.1334
3y7y_ATM,2001-06-13,Normalized_Volatility,109.569275
3y7y_ATM,2001-06-14,Normalized_Volatility,111.73266
3y7y_ATM,2001-06-15,Normalized_Volatility,115.47495
3y7y_ATM,2001-06-18,Normalized_Volatility,115.13524
3y7y_ATM,2001-06-19,Normalized_Volatility,112.186035
3y7y_ATM,2001-06-20,Normalized_Volatility,111.56499
3y7y_ATM,2001-06-21,Normalized_Volatility,109.63596
3y7y_ATM,2001-06-22,Normalized_Volatility,109.968775
3y7y_ATM,2001-06-25,Normalized_Volatility,111.10229
3y7y_ATM,2001-06-26,Normalized_Volatility,111.804575
3y7y_ATM,2001-06-27,Normalized_Volatility,112.03416
3y7y_ATM,2001-06-28,Normalized_Volatility,109.26121
3y7y_ATM,2001-06-29,Normalized_Volatility,109.960155
3y7y_ATM,2001-07-02,Normalized_Volatility,111.09102
3y7y_ATM,2001-07-03,Normalized_Volatility,111.39375
3y7y_ATM,2001-07-05,Normalized_Volatility,111.821125
3y7y_ATM,2001-07-06,Normalized_Volatility,110.959875
3y7y_ATM,2001-07-09,Normalized_Volatility,111.45604
3y7y_ATM,2001-07-10,Normalized_Volatility,110.779235
3y7y_ATM,2001-07-11,Normalized_Volatility,111.98858
3y7y_ATM,2001-07-12,Normalized_Volatility,112.270225
3y7y_ATM,2001-07-13,Normalized_Volatility,111.673925
3y7y_ATM,2001-07-16,Normalized_Volatility,112.2034
3y7y_ATM,2001-07-17,Normalized_Volatility,113.34972
3y7y_ATM,2001-07-18,Normalized_Volatility,113.31402
3y7y_ATM,2001-07-19,Normalized_Volatility,111.55732
3y7y_ATM,2001-07-20,Normalized_Volatility,113.87775
3y7y_ATM,2001-07-23,Normalized_Volatility,112.1559
3y7y_ATM,2001-07-24,Normalized_Volatility,113.9336
3y7y_ATM,2001-07-25,Normalized_Volatility,113.3824
3y7y_ATM,2001-07-26,Normalized_Volatility,112.883015
3y7y_ATM,2001-07-27,Normalized_Volatility,113.196605
3y7y_ATM,2001-07-30,Normalized_Volatility,113.23304
3y7y_ATM,2001-07-31,Normalized_Volatility,113.780725
3y7y_ATM,2001-08-01,Normalized_Volatility,114.88185
3y7y_ATM,2001-08-02,Normalized_Volatility,114.285285
3y7y_ATM,2001-08-03,Normalized_Volatility,114.05544
3y7y_ATM,2001-08-06,Normalized_Volatility,113.73193
3y7y_ATM,2001-08-07,Normalized_Volatility,112.86513
3y7y_ATM,2001-08-08,Normalized_Volatility,110.80287
3y7y_ATM,2001-08-09,Normalized_Volatility,115.0336
3y7y_ATM,2001-08-10,Normalized_Volatility,111.733425
3y7y_ATM,2001-08-13,Normalized_Volatility,112.49875
3y7y_ATM,2001-08-14,Normalized_Volatility,112.94624
3y7y_ATM,2001-08-15,Normalized_Volatility,113.22784
3y7y_ATM,2001-08-16,Normalized_Volatility,113.99367
3y7y_ATM,2001-08-17,Normalized_Volatility,114.987775
3y7y_ATM,2001-08-20,Normalized_Volatility,116.203225
3y7y_ATM,2001-08-21,Normalized_Volatility,115.11962
3y7y_ATM,2001-08-22,Normalized_Volatility,113.55456
3y7y_ATM,2001-08-23,Normalized_Volatility,112.849485
3y7y_ATM,2001-08-24,Normalized_Volatility,112.10144
3y7y_ATM,2001-08-27,Normalized_Volatility,111.66575
3y7y_ATM,2001-08-28,Normalized_Volatility,111.63626
3y7y_ATM,2001-08-29,Normalized_Volatility,112.2705
3y7y_ATM,2001-08-30,Normalized_Volatility,112.549965
3y7y_ATM,2001-08-31,Normalized_Volatility,111.75528
3y7y_ATM,2001-09-04,Normalized_Volatility,109.588875
3y7y_ATM,2001-09-05,Normalized_Volatility,111.75678
3y7y_ATM,2001-09-06,Normalized_Volatility,111.46716
3y7y_ATM,2001-09-07,Normalized_Volatility,112.938375
3y7y_ATM,2001-09-10,Normalized_Volatility,113.66085
3y7y_ATM,2001-09-11,Normalized_Volatility,113.64641
3y7y_ATM,2001-09-12,Normalized_Volatility,114.099465
3y7y_ATM,2001-09-13,Normalized_Volatility,124.074
3y7y_ATM,2001-09-14,Normalized_Volatility,122.564
3y7y_ATM,2001-09-17,Normalized_Volatility,121.7706
3y7y_ATM,2001-09-18,Normalized_Volatility,118.715415
3y7y_ATM,2001-09-19,Normalized_Volatility,114.694476
3y7y_ATM,2001-09-20,Normalized_Volatility,114.70914
3y7y_ATM,2001-09-21,Normalized_Volatility,113.246406
3y7y_ATM,2001-09-24,Normalized_Volatility,112.461216
3y7y_ATM,2001-09-25,Normalized_Volatility,114.421425
3y7y_ATM,2001-09-26,Normalized_Volatility,113.6677
3y7y_ATM,2001-09-27,Normalized_Volatility,114.456
3y7y_ATM,2001-09-28,Normalized_Volatility,114.28294
3y7y_ATM,2001-10-01,Normalized_Volatility,114.62976
3y7y_ATM,2001-10-02,Normalized_Volatility,115.25767
3y7y_ATM,2001-10-03,Normalized_Volatility,114.5376
3y7y_ATM,2001-10-04,Normalized_Volatility,115.16616
3y7y_ATM,2001-10-05,Normalized_Volatility,116.06632
3y7y_ATM,2001-10-09,Normalized_Volatility,117.01997
3y7y_ATM,2001-10-10,Normalized_Volatility,115.50168
3y7y_ATM,2001-10-11,Normalized_Volatility,116.81192
3y7y_ATM,2001-10-12,Normalized_Volatility,116.5694
3y7y_ATM,2001-10-15,Normalized_Volatility,116.5821
3y7y_ATM,2001-10-16,Normalized_Volatility,116.5152
3y7y_ATM,2001-10-17,Normalized_Volatility,115.88736
3y7y_ATM,2001-10-18,Normalized_Volatility,118.82892
3y7y_ATM,2001-10-19,Normalized_Volatility,120.65659
3y7y_ATM,2001-10-22,Normalized_Volatility,119.7854
3y7y_ATM,2001-10-23,Normalized_Volatility,117.91104
3y7y_ATM,2001-10-24,Normalized_Volatility,118.14794
3y7y_ATM,2001-10-25,Normalized_Volatility,118.6531
3y7y_ATM,2001-10-26,Normalized_Volatility,118.70038
3y7y_ATM,2001-10-29,Normalized_Volatility,119.21692
3y7y_ATM,2001-10-30,Normalized_Volatility,119.90316
3y7y_ATM,2001-10-31,Normalized_Volatility,122.21514
3y7y_ATM,2001-11-01,Normalized_Volatility,123.167
3y7y_ATM,2001-11-02,Normalized_Volatility,122.4321
3y7y_ATM,2001-11-05,Normalized_Volatility,120.7605
3y7y_ATM,2001-11-06,Normalized_Volatility,120.903
3y7y_ATM,2001-11-07,Normalized_Volatility,120.10322
3y7y_ATM,2001-11-08,Normalized_Volatility,120.23202
3y7y_ATM,2001-11-09,Normalized_Volatility,119.99781
3y7y_ATM,2001-11-13,Normalized_Volatility,120.50522
3y7y_ATM,2001-11-14,Normalized_Volatility,119.43505
3y7y_ATM,2001-11-15,Normalized_Volatility,121.89474
3y7y_ATM,2001-11-16,Normalized_Volatility,127.234
3y7y_ATM,2001-11-19,Normalized_Volatility,129.72839
3y7y_ATM,2001-11-20,Normalized_Volatility,131.0984
3y7y_ATM,2001-11-21,Normalized_Volatility,131.23138
3y7y_ATM,2001-11-23,Normalized_Volatility,131.93173
3y7y_ATM,2001-11-26,Normalized_Volatility,131.07913
3y7y_ATM,2001-11-27,Normalized_Volatility,132.17375
3y7y_ATM,2001-11-28,Normalized_Volatility,135.56367
3y7y_ATM,2001-11-29,Normalized_Volatility,131.14899
3y7y_ATM,2001-11-30,Normalized_Volatility,128.4038
3y7y_ATM,2001-12-03,Normalized_Volatility,126.12678
3y7y_ATM,2001-12-04,Normalized_Volatility,123.88256
3y7y_ATM,2001-12-05,Normalized_Volatility,125.57916
3y7y_ATM,2001-12-06,Normalized_Volatility,126.43756
3y7y_ATM,2001-12-07,Normalized_Volatility,127.9973
3y7y_ATM,2001-12-10,Normalized_Volatility,127.486875
3y7y_ATM,2001-12-11,Normalized_Volatility,123.11026
3y7y_ATM,2001-12-12,Normalized_Volatility,121.11306
3y7y_ATM,2001-12-13,Normalized_Volatility,124.64896
3y7y_ATM,2001-12-14,Normalized_Volatility,129.5602
3y7y_ATM,2001-12-17,Normalized_Volatility,130.8065
3y7y_ATM,2001-12-18,Normalized_Volatility,129.6674
3y7y_ATM,2001-12-19,Normalized_Volatility,130.88488
3y7y_ATM,2001-12-20,Normalized_Volatility,131.12204
3y7y_ATM,2001-12-21,Normalized_Volatility,132.84301
3y7y_ATM,2001-12-24,Normalized_Volatility,134.23186
3y7y_ATM,2001-12-26,Normalized_Volatility,135.05138
3y7y_ATM,2001-12-27,Normalized_Volatility,133.6698
3y7y_ATM,2001-12-28,Normalized_Volatility,134.65534
3y7y_ATM,2001-12-31,Normalized_Volatility,132.65937
3y7y_ATM,2002-01-02,Normalized_Volatility,136.57347
3y7y_ATM,2002-01-03,Normalized_Volatility,135.57432
3y7y_ATM,2002-01-04,Normalized_Volatility,135.37953
3y7y_ATM,2002-01-07,Normalized_Volatility,133.3032
3y7y_ATM,2002-01-08,Normalized_Volatility,133.46199
3y7y_ATM,2002-01-09,Normalized_Volatility,133.23
3y7y_ATM,2002-01-10,Normalized_Volatility,131.89017
3y7y_ATM,2002-01-11,Normalized_Volatility,133.46946
3y7y_ATM,2002-01-14,Normalized_Volatility,134.7005
3y7y_ATM,2002-01-15,Normalized_Volatility,134.98092
3y7y_ATM,2002-01-16,Normalized_Volatility,136.76304
3y7y_ATM,2002-01-17,Normalized_Volatility,137.74502
3y7y_ATM,2002-01-18,Normalized_Volatility,136.1451
3y7y_ATM,2002-01-22,Normalized_Volatility,136.81873
3y7y_ATM,2002-01-23,Normalized_Volatility,135.464
3y7y_ATM,2002-01-24,Normalized_Volatility,132.44895
3y7y_ATM,2002-01-25,Normalized_Volatility,126.426
3y7y_ATM,2002-01-28,Normalized_Volatility,126.4089
3y7y_ATM,2002-01-29,Normalized_Volatility,127.68687
3y7y_ATM,2002-01-30,Normalized_Volatility,124.24356
3y7y_ATM,2002-01-31,Normalized_Volatility,124.86096
3y7y_ATM,2002-02-01,Normalized_Volatility,123.75288
3y7y_ATM,2002-02-04,Normalized_Volatility,125.40561
3y7y_ATM,2002-02-05,Normalized_Volatility,127.32135
3y7y_ATM,2002-02-06,Normalized_Volatility,127.73736
3y7y_ATM,2002-02-07,Normalized_Volatility,127.49001
3y7y_ATM,2002-02-08,Normalized_Volatility,127.5259
3y7y_ATM,2002-02-11,Normalized_Volatility,126.77977
3y7y_ATM,2002-02-12,Normalized_Volatility,127.06176
3y7y_ATM,2002-02-13,Normalized_Volatility,124.45976
3y7y_ATM,2002-02-14,Normalized_Volatility,121.7091
3y7y_ATM,2002-02-15,Normalized_Volatility,121.2036
3y7y_ATM,2002-02-19,Normalized_Volatility,121.35365
3y7y_ATM,2002-02-20,Normalized_Volatility,119.6284
3y7y_ATM,2002-02-21,Normalized_Volatility,119.91234
3y7y_ATM,2002-02-22,Normalized_Volatility,121.6494
3y7y_ATM,2002-02-25,Normalized_Volatility,120.27092
3y7y_ATM,2002-02-26,Normalized_Volatility,120.5608
3y7y_ATM,2002-02-27,Normalized_Volatility,116.62773
3y7y_ATM,2002-02-28,Normalized_Volatility,117.57305
3y7y_ATM,2002-03-01,Normalized_Volatility,119.68575
3y7y_ATM,2002-03-04,Normalized_Volatility,119.3056
3y7y_ATM,2002-03-05,Normalized_Volatility,118.32366
3y7y_ATM,2002-03-06,Normalized_Volatility,117.927
3y7y_ATM,2002-03-07,Normalized_Volatility,118.63984
3y7y_ATM,2002-03-08,Normalized_Volatility,117.11961
3y7y_ATM,2002-03-11,Normalized_Volatility,115.12368
3y7y_ATM,2002-03-12,Normalized_Volatility,116.0641
3y7y_ATM,2002-03-13,Normalized_Volatility,117.7611
3y7y_ATM,2002-03-14,Normalized_Volatility,120.10352
3y7y_ATM,2002-03-15,Normalized_Volatility,118.41158
3y7y_ATM,2002-03-18,Normalized_Volatility,118.84576
3y7y_ATM,2002-03-19,Normalized_Volatility,119.42832
3y7y_ATM,2002-03-20,Normalized_Volatility,119.9065
3y7y_ATM,2002-03-21,Normalized_Volatility,120.47505
3y7y_ATM,2002-03-22,Normalized_Volatility,119.62368
3y7y_ATM,2002-03-25,Normalized_Volatility,119.11375
3y7y_ATM,2002-03-26,Normalized_Volatility,119.45199
3y7y_ATM,2002-03-27,Normalized_Volatility,119.13792
3y7y_ATM,2002-03-28,Normalized_Volatility,119.99575
3y7y_ATM,2002-04-01,Normalized_Volatility,120.96832
3y7y_ATM,2002-04-02,Normalized_Volatility,120.18477
3y7y_ATM,2002-04-03,Normalized_Volatility,118.93869
3y7y_ATM,2002-04-04,Normalized_Volatility,119.54336
3y7y_ATM,2002-04-05,Normalized_Volatility,118.44072
3y7y_ATM,2002-04-08,Normalized_Volatility,119.40374
3y7y_ATM,2002-04-09,Normalized_Volatility,118.8739
3y7y_ATM,2002-04-10,Normalized_Volatility,119.8584
3y7y_ATM,2002-04-11,Normalized_Volatility,119.13166
3y7y_ATM,2002-04-12,Normalized_Volatility,118.09944
3y7y_ATM,2002-04-15,Normalized_Volatility,117.09966
3y7y_ATM,2002-04-16,Normalized_Volatility,116.116
3y7y_ATM,2002-04-17,Normalized_Volatility,118.85238
3y7y_ATM,2002-04-18,Normalized_Volatility,119.54157
3y7y_ATM,2002-04-19,Normalized_Volatility,118.84168
3y7y_ATM,2002-04-22,Normalized_Volatility,117.96279
3y7y_ATM,2002-04-23,Normalized_Volatility,117.50276
3y7y_ATM,2002-04-24,Normalized_Volatility,117.09795
3y7y_ATM,2002-04-25,Normalized_Volatility,118.68099
3y7y_ATM,2002-04-26,Normalized_Volatility,118.23264
3y7y_ATM,2002-04-29,Normalized_Volatility,120.26295
3y7y_ATM,2002-04-30,Normalized_Volatility,119.86584
3y7y_ATM,2002-05-01,Normalized_Volatility,120.96378
3y7y_ATM,2002-05-02,Normalized_Volatility,120.11322
3y7y_ATM,2002-05-03,Normalized_Volatility,119.32272
3y7y_ATM,2002-05-06,Normalized_Volatility,119.89188
3y7y_ATM,2002-05-07,Normalized_Volatility,121.13404
3y7y_ATM,2002-05-08,Normalized_Volatility,123.36203
3y7y_ATM,2002-05-09,Normalized_Volatility,123.98589
3y7y_ATM,2002-05-10,Normalized_Volatility,123.45291
3y7y_ATM,2002-05-13,Normalized_Volatility,125.29566
3y7y_ATM,2002-05-14,Normalized_Volatility,124.76453
3y7y_ATM,2002-05-15,Normalized_Volatility,121.74176
3y7y_ATM,2002-05-16,Normalized_Volatility,118.34866
3y7y_ATM,2002-05-17,Normalized_Volatility,117.78916
3y7y_ATM,2002-05-20,Normalized_Volatility,118.58756
3y7y_ATM,2002-05-21,Normalized_Volatility,118.90264
3y7y_ATM,2002-05-22,Normalized_Volatility,119.57196
3y7y_ATM,2002-05-23,Normalized_Volatility,119.31296
3y7y_ATM,2002-05-24,Normalized_Volatility,118.23996
3y7y_ATM,2002-05-28,Normalized_Volatility,117.09516
3y7y_ATM,2002-05-29,Normalized_Volatility,117.73215
3y7y_ATM,2002-05-30,Normalized_Volatility,119.77119
3y7y_ATM,2002-05-31,Normalized_Volatility,119.36872
3y7y_ATM,2002-06-03,Normalized_Volatility,119.64132
3y7y_ATM,2002-06-04,Normalized_Volatility,121.00041
3y7y_ATM,2002-06-05,Normalized_Volatility,120.00228
3y7y_ATM,2002-06-06,Normalized_Volatility,119.44768
3y7y_ATM,2002-06-07,Normalized_Volatility,118.74256
3y7y_ATM,2002-06-10,Normalized_Volatility,118.17216
3y7y_ATM,2002-06-11,Normalized_Volatility,117.95004
3y7y_ATM,2002-06-12,Normalized_Volatility,118.64868
3y7y_ATM,2002-06-13,Normalized_Volatility,119.92317
3y7y_ATM,2002-06-14,Normalized_Volatility,120.7458
3y7y_ATM,2002-06-17,Normalized_Volatility,121.61175
3y7y_ATM,2002-06-18,Normalized_Volatility,121.79115
3y7y_ATM,2002-06-19,Normalized_Volatility,122.7958
3y7y_ATM,2002-06-20,Normalized_Volatility,123.81399
3y7y_ATM,2002-06-21,Normalized_Volatility,123.3834
3y7y_ATM,2002-06-24,Normalized_Volatility,125.01578
3y7y_ATM,2002-06-25,Normalized_Volatility,124.82904
3y7y_ATM,2002-06-26,Normalized_Volatility,125.28054
3y7y_ATM,2002-06-27,Normalized_Volatility,124.0773
3y7y_ATM,2002-06-28,Normalized_Volatility,122.09075
3y7y_ATM,2002-07-01,Normalized_Volatility,121.51804
3y7y_ATM,2002-07-02,Normalized_Volatility,123.69066
3y7y_ATM,2002-07-03,Normalized_Volatility,124.25626
3y7y_ATM,2002-07-05,Normalized_Volatility,124.95807
3y7y_ATM,2002-07-08,Normalized_Volatility,123.5322
3y7y_ATM,2002-07-09,Normalized_Volatility,125.28551
3y7y_ATM,2002-07-10,Normalized_Volatility,125.32815
3y7y_ATM,2002-07-11,Normalized_Volatility,125.69469
3y7y_ATM,2002-07-12,Normalized_Volatility,124.50222
3y7y_ATM,2002-07-15,Normalized_Volatility,126.71879
3y7y_ATM,2002-07-16,Normalized_Volatility,126.06885
3y7y_ATM,2002-07-17,Normalized_Volatility,125.5707
3y7y_ATM,2002-07-18,Normalized_Volatility,124.8669
3y7y_ATM,2002-07-19,Normalized_Volatility,124.32627
3y7y_ATM,2002-07-22,Normalized_Volatility,124.1352
3y7y_ATM,2002-07-23,Normalized_Volatility,125.19448
3y7y_ATM,2002-07-24,Normalized_Volatility,126.44404
3y7y_ATM,2002-07-25,Normalized_Volatility,126.83085
3y7y_ATM,2002-07-26,Normalized_Volatility,128.04921
3y7y_ATM,2002-07-29,Normalized_Volatility,128.72728
3y7y_ATM,2002-07-30,Normalized_Volatility,127.8333
3y7y_ATM,2002-07-31,Normalized_Volatility,128.17406
3y7y_ATM,2002-08-01,Normalized_Volatility,127.63884
3y7y_ATM,2002-08-02,Normalized_Volatility,127.89112
3y7y_ATM,2002-08-05,Normalized_Volatility,129.9188
3y7y_ATM,2002-08-06,Normalized_Volatility,130.61881
3y7y_ATM,2002-08-07,Normalized_Volatility,133.224
3y7y_ATM,2002-08-08,Normalized_Volatility,130.02423
3y7y_ATM,2002-08-09,Normalized_Volatility,127.4746
3y7y_ATM,2002-08-12,Normalized_Volatility,128.6775
3y7y_ATM,2002-08-13,Normalized_Volatility,128.63388
3y7y_ATM,2002-08-14,Normalized_Volatility,131.5152
3y7y_ATM,2002-08-15,Normalized_Volatility,135.55146
3y7y_ATM,2002-08-16,Normalized_Volatility,136.22076
3y7y_ATM,2002-08-19,Normalized_Volatility,134.48358
3y7y_ATM,2002-08-20,Normalized_Volatility,133.5258
3y7y_ATM,2002-08-21,Normalized_Volatility,133.90974
3y7y_ATM,2002-08-22,Normalized_Volatility,133.56882
3y7y_ATM,2002-08-23,Normalized_Volatility,132.28575
3y7y_ATM,2002-08-26,Normalized_Volatility,132.46715
3y7y_ATM,2002-08-27,Normalized_Volatility,133.0868
3y7y_ATM,2002-08-28,Normalized_Volatility,132.14362
3y7y_ATM,2002-08-29,Normalized_Volatility,132.6084
3y7y_ATM,2002-08-30,Normalized_Volatility,131.58652
3y7y_ATM,2002-09-03,Normalized_Volatility,131.78133
3y7y_ATM,2002-09-04,Normalized_Volatility,131.04018
3y7y_ATM,2002-09-05,Normalized_Volatility,131.15732
3y7y_ATM,2002-09-06,Normalized_Volatility,137.61234
3y7y_ATM,2002-09-09,Normalized_Volatility,131.61969
3y7y_ATM,2002-09-10,Normalized_Volatility,132.23331
3y7y_ATM,2002-09-11,Normalized_Volatility,131.14169
3y7y_ATM,2002-09-12,Normalized_Volatility,131.02556
3y7y_ATM,2002-09-13,Normalized_Volatility,130.834805
3y7y_ATM,2002-09-16,Normalized_Volatility,130.3984
3y7y_ATM,2002-09-17,Normalized_Volatility,131.46588
3y7y_ATM,2002-09-18,Normalized_Volatility,133.7344
3y7y_ATM,2002-09-19,Normalized_Volatility,135.82898
3y7y_ATM,2002-09-20,Normalized_Volatility,138.34926
3y7y_ATM,2002-09-23,Normalized_Volatility,140.1647
3y7y_ATM,2002-09-24,Normalized_Volatility,140.26608
3y7y_ATM,2002-09-25,Normalized_Volatility,141.63815
3y7y_ATM,2002-09-26,Normalized_Volatility,142.5189
3y7y_ATM,2002-09-27,Normalized_Volatility,141.70928
3y7y_ATM,2002-09-30,Normalized_Volatility,141.16557
3y7y_ATM,2002-10-01,Normalized_Volatility,140.508735
3y7y_ATM,2002-10-02,Normalized_Volatility,139.2939
3y7y_ATM,2002-10-03,Normalized_Volatility,138.86264
3y7y_ATM,2002-10-04,Normalized_Volatility,139.11002
3y7y_ATM,2002-10-07,Normalized_Volatility,136.70448
3y7y_ATM,2002-10-08,Normalized_Volatility,134.91612
3y7y_ATM,2002-10-09,Normalized_Volatility,133.7544
3y7y_ATM,2002-10-10,Normalized_Volatility,131.76496
3y7y_ATM,2002-10-11,Normalized_Volatility,132.01162
3y7y_ATM,2002-10-15,Normalized_Volatility,131.05863
3y7y_ATM,2002-10-16,Normalized_Volatility,130.7728
3y7y_ATM,2002-10-17,Normalized_Volatility,132.298
3y7y_ATM,2002-10-18,Normalized_Volatility,132.70049
3y7y_ATM,2002-10-21,Normalized_Volatility,132.56352
3y7y_ATM,2002-10-22,Normalized_Volatility,135.00102
3y7y_ATM,2002-10-23,Normalized_Volatility,134.48127
3y7y_ATM,2002-10-24,Normalized_Volatility,132.46272
3y7y_ATM,2002-10-25,Normalized_Volatility,131.4164
3y7y_ATM,2002-10-28,Normalized_Volatility,131.91295
3y7y_ATM,2002-10-29,Normalized_Volatility,132.53795
3y7y_ATM,2002-10-30,Normalized_Volatility,133.0392
3y7y_ATM,2002-10-31,Normalized_Volatility,131.8128
3y7y_ATM,2002-11-01,Normalized_Volatility,130.08294
3y7y_ATM,2002-11-04,Normalized_Volatility,129.75963
3y7y_ATM,2002-11-05,Normalized_Volatility,129.43767
3y7y_ATM,2002-11-06,Normalized_Volatility,125.1678
3y7y_ATM,2002-11-07,Normalized_Volatility,124.53112
3y7y_ATM,2002-11-08,Normalized_Volatility,123.45774
3y7y_ATM,2002-11-12,Normalized_Volatility,120.5798
3y7y_ATM,2002-11-13,Normalized_Volatility,120.7385
3y7y_ATM,2002-11-14,Normalized_Volatility,123.84212
3y7y_ATM,2002-11-15,Normalized_Volatility,125.61337
3y7y_ATM,2002-11-18,Normalized_Volatility,124.19128
3y7y_ATM,2002-11-19,Normalized_Volatility,126.2326
3y7y_ATM,2002-11-20,Normalized_Volatility,127.96455
3y7y_ATM,2002-11-21,Normalized_Volatility,129.12588
3y7y_ATM,2002-11-22,Normalized_Volatility,127.9927
3y7y_ATM,2002-11-25,Normalized_Volatility,127.16928
3y7y_ATM,2002-11-26,Normalized_Volatility,125.7157
3y7y_ATM,2002-11-27,Normalized_Volatility,129.7522
3y7y_ATM,2002-11-29,Normalized_Volatility,129.628
3y7y_ATM,2002-12-02,Normalized_Volatility,128.6275
3y7y_ATM,2002-12-03,Normalized_Volatility,130.00352
3y7y_ATM,2002-12-04,Normalized_Volatility,129.98466
3y7y_ATM,2002-12-05,Normalized_Volatility,130.65962
3y7y_ATM,2002-12-06,Normalized_Volatility,130.85002
3y7y_ATM,2002-12-09,Normalized_Volatility,129.55768
3y7y_ATM,2002-12-10,Normalized_Volatility,129.86543
3y7y_ATM,2002-12-11,Normalized_Volatility,127.93928
3y7y_ATM,2002-12-12,Normalized_Volatility,126.9141
3y7y_ATM,2002-12-13,Normalized_Volatility,126.0216
3y7y_ATM,2002-12-16,Normalized_Volatility,126.5172
3y7y_ATM,2002-12-17,Normalized_Volatility,127.743
3y7y_ATM,2002-12-18,Normalized_Volatility,127.51158
3y7y_ATM,2002-12-19,Normalized_Volatility,127.71556
3y7y_ATM,2002-12-20,Normalized_Volatility,127.17894
3y7y_ATM,2002-12-23,Normalized_Volatility,127.54866
3y7y_ATM,2002-12-24,Normalized_Volatility,127.08414
3y7y_ATM,2002-12-26,Normalized_Volatility,127.14912
3y7y_ATM,2002-12-27,Normalized_Volatility,125.26229
3y7y_ATM,2002-12-30,Normalized_Volatility,127.04592
3y7y_ATM,2002-12-31,Normalized_Volatility,128.7181
3y7y_ATM,2003-01-02,Normalized_Volatility,130.29786
3y7y_ATM,2003-01-03,Normalized_Volatility,129.8286
3y7y_ATM,2003-01-06,Normalized_Volatility,130.0656
3y7y_ATM,2003-01-07,Normalized_Volatility,128.78284
3y7y_ATM,2003-01-08,Normalized_Volatility,129.46391
3y7y_ATM,2003-01-09,Normalized_Volatility,131.24826
3y7y_ATM,2003-01-10,Normalized_Volatility,131.90814
3y7y_ATM,2003-01-13,Normalized_Volatility,130.75727
3y7y_ATM,2003-01-14,Normalized_Volatility,129.00511
3y7y_ATM,2003-01-15,Normalized_Volatility,129.40668
3y7y_ATM,2003-01-16,Normalized_Volatility,129.2499
3y7y_ATM,2003-01-17,Normalized_Volatility,129.88074
3y7y_ATM,2003-01-21,Normalized_Volatility,128.09136
3y7y_ATM,2003-01-22,Normalized_Volatility,127.59418
3y7y_ATM,2003-01-23,Normalized_Volatility,128.06542
3y7y_ATM,2003-01-24,Normalized_Volatility,126.96824
3y7y_ATM,2003-01-27,Normalized_Volatility,129.19116
3y7y_ATM,2003-01-28,Normalized_Volatility,129.50056
3y7y_ATM,2003-01-29,Normalized_Volatility,129.65604
3y7y_ATM,2003-01-30,Normalized_Volatility,128.09844
3y7y_ATM,2003-01-31,Normalized_Volatility,126.50508
3y7y_ATM,2003-02-03,Normalized_Volatility,125.23896
3y7y_ATM,2003-02-04,Normalized_Volatility,124.9579
3y7y_ATM,2003-02-05,Normalized_Volatility,125.62704
3y7y_ATM,2003-02-06,Normalized_Volatility,124.63736
3y7y_ATM,2003-02-07,Normalized_Volatility,124.85312
3y7y_ATM,2003-02-10,Normalized_Volatility,125.83216
3y7y_ATM,2003-02-11,Normalized_Volatility,125.7501
3y7y_ATM,2003-02-12,Normalized_Volatility,125.89185
3y7y_ATM,2003-02-13,Normalized_Volatility,126.06504
3y7y_ATM,2003-02-14,Normalized_Volatility,127.27008
3y7y_ATM,2003-02-18,Normalized_Volatility,125.3645137
3y7y_ATM,2003-02-19,Normalized_Volatility,124.4160736
3y7y_ATM,2003-02-20,Normalized_Volatility,123.66576
3y7y_ATM,2003-02-21,Normalized_Volatility,124.681905
3y7y_ATM,2003-02-24,Normalized_Volatility,123.435675
3y7y_ATM,2003-02-25,Normalized_Volatility,123.5457899
3y7y_ATM,2003-02-26,Normalized_Volatility,124.57368
3y7y_ATM,2003-02-27,Normalized_Volatility,124.235325
3y7y_ATM,2003-02-28,Normalized_Volatility,124.249356
3y7y_ATM,2003-03-03,Normalized_Volatility,125.2797425
3y7y_ATM,2003-03-04,Normalized_Volatility,125.56836
3y7y_ATM,2003-03-05,Normalized_Volatility,125.4328636
3y7y_ATM,2003-03-06,Normalized_Volatility,127.306785
3y7y_ATM,2003-03-07,Normalized_Volatility,127.0836
3y7y_ATM,2003-03-10,Normalized_Volatility,127.28702
3y7y_ATM,2003-03-11,Normalized_Volatility,127.1471355
3y7y_ATM,2003-03-12,Normalized_Volatility,127.4480196
3y7y_ATM,2003-03-13,Normalized_Volatility,127.6331304
3y7y_ATM,2003-03-14,Normalized_Volatility,126.70467
3y7y_ATM,2003-03-17,Normalized_Volatility,127.438479
3y7y_ATM,2003-03-18,Normalized_Volatility,128.0868225
3y7y_ATM,2003-03-19,Normalized_Volatility,129.602268
3y7y_ATM,2003-03-20,Normalized_Volatility,130.99351
3y7y_ATM,2003-03-21,Normalized_Volatility,128.8689612
3y7y_ATM,2003-03-24,Normalized_Volatility,129.5372368
3y7y_ATM,2003-03-25,Normalized_Volatility,127.5438024
3y7y_ATM,2003-03-26,Normalized_Volatility,126.8226624
3y7y_ATM,2003-03-27,Normalized_Volatility,126.2046864
3y7y_ATM,2003-03-28,Normalized_Volatility,125.5715818
3y7y_ATM,2003-03-31,Normalized_Volatility,125.4342759
3y7y_ATM,2003-04-01,Normalized_Volatility,124.61345
3y7y_ATM,2003-04-02,Normalized_Volatility,124.3890214
3y7y_ATM,2003-04-03,Normalized_Volatility,124.3357
3y7y_ATM,2003-04-04,Normalized_Volatility,124.4750254
3y7y_ATM,2003-04-07,Normalized_Volatility,123.8948546
3y7y_ATM,2003-04-08,Normalized_Volatility,123.159215
3y7y_ATM,2003-04-09,Normalized_Volatility,123.0770436
3y7y_ATM,2003-04-10,Normalized_Volatility,122.89656
3y7y_ATM,2003-04-11,Normalized_Volatility,122.9546263
3y7y_ATM,2003-04-14,Normalized_Volatility,121.690305
3y7y_ATM,2003-04-15,Normalized_Volatility,120.8524033
3y7y_ATM,2003-04-16,Normalized_Volatility,118.57077
3y7y_ATM,2003-04-17,Normalized_Volatility,118.66641
3y7y_ATM,2003-04-21,Normalized_Volatility,119.539629
3y7y_ATM,2003-04-22,Normalized_Volatility,120.3669998
3y7y_ATM,2003-04-23,Normalized_Volatility,119.9453775
3y7y_ATM,2003-04-24,Normalized_Volatility,117.1454188
3y7y_ATM,2003-04-25,Normalized_Volatility,118.207125
3y7y_ATM,2003-04-28,Normalized_Volatility,118.8765
3y7y_ATM,2003-04-29,Normalized_Volatility,118.7759916
3y7y_ATM,2003-04-30,Normalized_Volatility,117.8085272
3y7y_ATM,2003-05-01,Normalized_Volatility,117.984626
3y7y_ATM,2003-05-02,Normalized_Volatility,117.993
3y7y_ATM,2003-05-05,Normalized_Volatility,118.1918676
3y7y_ATM,2003-05-06,Normalized_Volatility,116.8936613
3y7y_ATM,2003-05-07,Normalized_Volatility,116.52564
3y7y_ATM,2003-05-08,Normalized_Volatility,115.5294859
3y7y_ATM,2003-05-09,Normalized_Volatility,114.6385625
3y7y_ATM,2003-05-12,Normalized_Volatility,113.1075
3y7y_ATM,2003-05-13,Normalized_Volatility,112.9737
3y7y_ATM,2003-05-14,Normalized_Volatility,112.934025
3y7y_ATM,2003-05-15,Normalized_Volatility,114.087612
3y7y_ATM,2003-05-16,Normalized_Volatility,116.1438125
3y7y_ATM,2003-05-19,Normalized_Volatility,115.605715
3y7y_ATM,2003-05-20,Normalized_Volatility,117.944928
3y7y_ATM,2003-05-21,Normalized_Volatility,119.07838
3y7y_ATM,2003-05-22,Normalized_Volatility,117.7031742
3y7y_ATM,2003-05-23,Normalized_Volatility,117.4258905
3y7y_ATM,2003-05-27,Normalized_Volatility,118.2091725
3y7y_ATM,2003-05-28,Normalized_Volatility,118.0206675
3y7y_ATM,2003-05-29,Normalized_Volatility,117.2808
3y7y_ATM,2003-05-30,Normalized_Volatility,116.60456
3y7y_ATM,2003-06-02,Normalized_Volatility,117.465348
3y7y_ATM,2003-06-03,Normalized_Volatility,116.93086
3y7y_ATM,2003-06-04,Normalized_Volatility,117.8777325
3y7y_ATM,2003-06-05,Normalized_Volatility,118.2512748
3y7y_ATM,2003-06-06,Normalized_Volatility,117.7181688
3y7y_ATM,2003-06-09,Normalized_Volatility,116.79416
3y7y_ATM,2003-06-10,Normalized_Volatility,116.98987
3y7y_ATM,2003-06-11,Normalized_Volatility,117.224481
3y7y_ATM,2003-06-12,Normalized_Volatility,118.581045
3y7y_ATM,2003-06-13,Normalized_Volatility,118.14612
3y7y_ATM,2003-06-16,Normalized_Volatility,118.5664014
3y7y_ATM,2003-06-17,Normalized_Volatility,119.9183705
3y7y_ATM,2003-06-18,Normalized_Volatility,121.45805
3y7y_ATM,2003-06-19,Normalized_Volatility,122.54211
3y7y_ATM,2003-06-20,Normalized_Volatility,123.1894116
3y7y_ATM,2003-06-23,Normalized_Volatility,123.2500458
3y7y_ATM,2003-06-24,Normalized_Volatility,123.5218852
3y7y_ATM,2003-06-25,Normalized_Volatility,123.5006
3y7y_ATM,2003-06-26,Normalized_Volatility,126.76338
3y7y_ATM,2003-06-27,Normalized_Volatility,127.60062
3y7y_ATM,2003-06-30,Normalized_Volatility,127.0160464
3y7y_ATM,2003-07-01,Normalized_Volatility,127.1691447
3y7y_ATM,2003-07-02,Normalized_Volatility,127.2226722
3y7y_ATM,2003-07-03,Normalized_Volatility,129.06327
3y7y_ATM,2003-07-07,Normalized_Volatility,128.82331
3y7y_ATM,2003-07-08,Normalized_Volatility,128.0325987
3y7y_ATM,2003-07-09,Normalized_Volatility,126.86898
3y7y_ATM,2003-07-10,Normalized_Volatility,125.621496
3y7y_ATM,2003-07-11,Normalized_Volatility,124.4059263
3y7y_ATM,2003-07-14,Normalized_Volatility,125.19386
3y7y_ATM,2003-07-15,Normalized_Volatility,127.18905
3y7y_ATM,2003-07-16,Normalized_Volatility,129.5667639
3y7y_ATM,2003-07-17,Normalized_Volatility,127.0426189
3y7y_ATM,2003-07-18,Normalized_Volatility,125.51032
3y7y_ATM,2003-07-21,Normalized_Volatility,128.0980457
3y7y_ATM,2003-07-22,Normalized_Volatility,127.3694961
3y7y_ATM,2003-07-23,Normalized_Volatility,127.65968
3y7y_ATM,2003-07-24,Normalized_Volatility,128.7104416
3y7y_ATM,2003-07-25,Normalized_Volatility,129.0651525
3y7y_ATM,2003-07-28,Normalized_Volatility,129.72962
3y7y_ATM,2003-07-29,Normalized_Volatility,133.2253875
3y7y_ATM,2003-07-30,Normalized_Volatility,134.927835
3y7y_ATM,2003-07-31,Normalized_Volatility,140.9806118
3y7y_ATM,2003-08-01,Normalized_Volatility,141.18525
3y7y_ATM,2003-08-04,Normalized_Volatility,137.58251
3y7y_ATM,2003-08-05,Normalized_Volatility,135.96381
3y7y_ATM,2003-08-06,Normalized_Volatility,130.4034375
3y7y_ATM,2003-08-07,Normalized_Volatility,127.165725
3y7y_ATM,2003-08-08,Normalized_Volatility,129.93438
3y7y_ATM,2003-08-11,Normalized_Volatility,132.3882
3y7y_ATM,2003-08-12,Normalized_Volatility,131.07855
3y7y_ATM,2003-08-13,Normalized_Volatility,136.7815635
3y7y_ATM,2003-08-14,Normalized_Volatility,136.775097
3y7y_ATM,2003-08-15,Normalized_Volatility,136.66476
3y7y_ATM,2003-08-18,Normalized_Volatility,133.4784
3y7y_ATM,2003-08-19,Normalized_Volatility,129.5541592
3y7y_ATM,2003-08-20,Normalized_Volatility,131.21136
3y7y_ATM,2003-08-21,Normalized_Volatility,133.5939612
3y7y_ATM,2003-08-22,Normalized_Volatility,131.7302892
3y7y_ATM,2003-08-25,Normalized_Volatility,133.38
3y7y_ATM,2003-08-26,Normalized_Volatility,132.2904975
3y7y_ATM,2003-08-27,Normalized_Volatility,131.7954956
3y7y_ATM,2003-08-28,Normalized_Volatility,131.55791
3y7y_ATM,2003-08-29,Normalized_Volatility,131.4786424
3y7y_ATM,2003-09-02,Normalized_Volatility,133.870086
3y7y_ATM,2003-09-03,Normalized_Volatility,132.8912201
3y7y_ATM,2003-09-04,Normalized_Volatility,130.274992
3y7y_ATM,2003-09-05,Normalized_Volatility,127.92
3y7y_ATM,2003-09-08,Normalized_Volatility,126.9472836
3y7y_ATM,2003-09-09,Normalized_Volatility,126.4515336
3y7y_ATM,2003-09-10,Normalized_Volatility,123.4516268
3y7y_ATM,2003-09-11,Normalized_Volatility,125.062065
3y7y_ATM,2003-09-12,Normalized_Volatility,126.0029
3y7y_ATM,2003-09-15,Normalized_Volatility,125.726736
3y7y_ATM,2003-09-16,Normalized_Volatility,126.9297666
3y7y_ATM,2003-09-17,Normalized_Volatility,125.3354598
3y7y_ATM,2003-09-18,Normalized_Volatility,125.90149
3y7y_ATM,2003-09-19,Normalized_Volatility,125.295905
3y7y_ATM,2003-09-22,Normalized_Volatility,126.69588
3y7y_ATM,2003-09-23,Normalized_Volatility,127.2022591
3y7y_ATM,2003-09-24,Normalized_Volatility,127.51497
3y7y_ATM,2003-09-25,Normalized_Volatility,128.8061023
3y7y_ATM,2003-09-26,Normalized_Volatility,128.3836411
3y7y_ATM,2003-09-29,Normalized_Volatility,128.3472575
3y7y_ATM,2003-09-30,Normalized_Volatility,129.207125
3y7y_ATM,2003-10-01,Normalized_Volatility,129.657353
3y7y_ATM,2003-10-02,Normalized_Volatility,130.8290472
3y7y_ATM,2003-10-03,Normalized_Volatility,133.49727
3y7y_ATM,2003-10-06,Normalized_Volatility,132.563655
3y7y_ATM,2003-10-07,Normalized_Volatility,133.8270775
3y7y_ATM,2003-10-08,Normalized_Volatility,134.367637
3y7y_ATM,2003-10-09,Normalized_Volatility,133.9525125
3y7y_ATM,2003-10-10,Normalized_Volatility,132.8398904
3y7y_ATM,2003-10-14,Normalized_Volatility,131.891325
3y7y_ATM,2003-10-15,Normalized_Volatility,133.0889613
3y7y_ATM,2003-10-16,Normalized_Volatility,133.7755683
3y7y_ATM,2003-10-17,Normalized_Volatility,133.0934675
3y7y_ATM,2003-10-20,Normalized_Volatility,132.7582562
3y7y_ATM,2003-10-21,Normalized_Volatility,132.5180821
3y7y_ATM,2003-10-22,Normalized_Volatility,131.70477
3y7y_ATM,2003-10-23,Normalized_Volatility,132.339025
3y7y_ATM,2003-10-24,Normalized_Volatility,131.055385
3y7y_ATM,2003-10-27,Normalized_Volatility,132.3988482
3y7y_ATM,2003-10-28,Normalized_Volatility,130.9210037
3y7y_ATM,2003-10-29,Normalized_Volatility,129.4437903
3y7y_ATM,2003-10-30,Normalized_Volatility,131.198155
3y7y_ATM,2003-10-31,Normalized_Volatility,130.036515
3y7y_ATM,2003-11-03,Normalized_Volatility,130.9423136
3y7y_ATM,2003-11-04,Normalized_Volatility,129.2175911
3y7y_ATM,2003-11-05,Normalized_Volatility,128.76579
3y7y_ATM,2003-11-06,Normalized_Volatility,128.9059177
3y7y_ATM,2003-11-07,Normalized_Volatility,128.657775
3y7y_ATM,2003-11-10,Normalized_Volatility,127.3144
3y7y_ATM,2003-11-12,Normalized_Volatility,126.515745
3y7y_ATM,2003-11-13,Normalized_Volatility,124.858185
3y7y_ATM,2003-11-14,Normalized_Volatility,124.56274
3y7y_ATM,2003-11-17,Normalized_Volatility,125.4920623
3y7y_ATM,2003-11-18,Normalized_Volatility,126.71784
3y7y_ATM,2003-11-19,Normalized_Volatility,127.578672
3y7y_ATM,2003-11-20,Normalized_Volatility,128.5759225
3y7y_ATM,2003-11-21,Normalized_Volatility,128.931825
3y7y_ATM,2003-11-24,Normalized_Volatility,129.4413298
3y7y_ATM,2003-11-25,Normalized_Volatility,129.9071741
3y7y_ATM,2003-11-26,Normalized_Volatility,130.2823968
3y7y_ATM,2003-11-28,Normalized_Volatility,130.6841832
3y7y_ATM,2003-12-01,Normalized_Volatility,132.7011406
3y7y_ATM,2003-12-02,Normalized_Volatility,132.627395
3y7y_ATM,2003-12-03,Normalized_Volatility,132.4054827
3y7y_ATM,2003-12-04,Normalized_Volatility,131.9214672
3y7y_ATM,2003-12-05,Normalized_Volatility,131.5425336
3y7y_ATM,2003-12-08,Normalized_Volatility,131.4076767
3y7y_ATM,2003-12-09,Normalized_Volatility,132.2074608
3y7y_ATM,2003-12-10,Normalized_Volatility,130.51626
3y7y_ATM,2003-12-11,Normalized_Volatility,129.143441
3y7y_ATM,2003-12-12,Normalized_Volatility,129.6043984
3y7y_ATM,2003-12-15,Normalized_Volatility,129.62712
3y7y_ATM,2003-12-16,Normalized_Volatility,129.0553
3y7y_ATM,2003-12-17,Normalized_Volatility,128.81336
3y7y_ATM,2003-12-18,Normalized_Volatility,128.156582
3y7y_ATM,2003-12-19,Normalized_Volatility,127.7306
3y7y_ATM,2003-12-22,Normalized_Volatility,127.7300492
3y7y_ATM,2003-12-23,Normalized_Volatility,129.0206257
3y7y_ATM,2003-12-24,Normalized_Volatility,127.911015
3y7y_ATM,2003-12-26,Normalized_Volatility,128.040335
3y7y_ATM,2003-12-29,Normalized_Volatility,129.3185768
3y7y_ATM,2003-12-30,Normalized_Volatility,128.9783375
3y7y_ATM,2003-12-31,Normalized_Volatility,128.935961
3y7y_ATM,2004-01-02,Normalized_Volatility,129.6963744
3y7y_ATM,2004-01-05,Normalized_Volatility,128.3272125
3y7y_ATM,2004-01-06,Normalized_Volatility,126.3780345
3y7y_ATM,2004-01-07,Normalized_Volatility,125.71625
3y7y_ATM,2004-01-08,Normalized_Volatility,125.154145
3y7y_ATM,2004-01-09,Normalized_Volatility,123.4694251
3y7y_ATM,2004-01-12,Normalized_Volatility,123.373789
3y7y_ATM,2004-01-13,Normalized_Volatility,123.833016
3y7y_ATM,2004-01-14,Normalized_Volatility,123.840956
3y7y_ATM,2004-01-15,Normalized_Volatility,125.7205508
3y7y_ATM,2004-01-16,Normalized_Volatility,125.764629
3y7y_ATM,2004-01-20,Normalized_Volatility,126.5890368
3y7y_ATM,2004-01-21,Normalized_Volatility,126.208849
3y7y_ATM,2004-01-22,Normalized_Volatility,126.4622004
3y7y_ATM,2004-01-23,Normalized_Volatility,127.1590923
3y7y_ATM,2004-01-26,Normalized_Volatility,127.25456
3y7y_ATM,2004-01-27,Normalized_Volatility,126.3480096
3y7y_ATM,2004-01-28,Normalized_Volatility,127.334772
3y7y_ATM,2004-01-29,Normalized_Volatility,127.56387
3y7y_ATM,2004-01-30,Normalized_Volatility,125.7425424
3y7y_ATM,2004-02-02,Normalized_Volatility,126.2117715
3y7y_ATM,2004-02-03,Normalized_Volatility,126.7927935
3y7y_ATM,2004-02-04,Normalized_Volatility,127.130306
3y7y_ATM,2004-02-05,Normalized_Volatility,128.5579768
3y7y_ATM,2004-02-06,Normalized_Volatility,127.6764768
3y7y_ATM,2004-02-09,Normalized_Volatility,127.284705
3y7y_ATM,2004-02-10,Normalized_Volatility,126.195093
3y7y_ATM,2004-02-11,Normalized_Volatility,123.2619974
3y7y_ATM,2004-02-12,Normalized_Volatility,123.0647328
3y7y_ATM,2004-02-13,Normalized_Volatility,122.532685
3y7y_ATM,2004-02-17,Normalized_Volatility,122.4511812
3y7y_ATM,2004-02-18,Normalized_Volatility,121.7605386
3y7y_ATM,2004-02-19,Normalized_Volatility,122.3540736
3y7y_ATM,2004-02-20,Normalized_Volatility,122.9978824
3y7y_ATM,2004-02-23,Normalized_Volatility,122.8927809
3y7y_ATM,2004-02-24,Normalized_Volatility,122.729997
3y7y_ATM,2004-02-25,Normalized_Volatility,122.649075
3y7y_ATM,2004-02-26,Normalized_Volatility,123.3903405
3y7y_ATM,2004-02-27,Normalized_Volatility,122.8974272
3y7y_ATM,2004-03-01,Normalized_Volatility,122.8919056
3y7y_ATM,2004-03-02,Normalized_Volatility,124.5113034
3y7y_ATM,2004-03-03,Normalized_Volatility,124.1734388
3y7y_ATM,2004-03-04,Normalized_Volatility,122.636425
3y7y_ATM,2004-03-05,Normalized_Volatility,121.069113
3y7y_ATM,2004-03-08,Normalized_Volatility,121.330744
3y7y_ATM,2004-03-09,Normalized_Volatility,122.0211363
3y7y_ATM,2004-03-10,Normalized_Volatility,123.9448608
3y7y_ATM,2004-03-11,Normalized_Volatility,124.627188
3y7y_ATM,2004-03-12,Normalized_Volatility,124.3423314
3y7y_ATM,2004-03-15,Normalized_Volatility,125.1134166
3y7y_ATM,2004-03-16,Normalized_Volatility,124.2283775
3y7y_ATM,2004-03-17,Normalized_Volatility,124.964658
3y7y_ATM,2004-03-18,Normalized_Volatility,125.6057536
3y7y_ATM,2004-03-19,Normalized_Volatility,125.502091
3y7y_ATM,2004-03-22,Normalized_Volatility,125.2385135
3y7y_ATM,2004-03-23,Normalized_Volatility,126.426546
3y7y_ATM,2004-03-24,Normalized_Volatility,125.9300736
3y7y_ATM,2004-03-25,Normalized_Volatility,127.310214
3y7y_ATM,2004-03-26,Normalized_Volatility,127.007589
3y7y_ATM,2004-03-29,Normalized_Volatility,126.8988032
3y7y_ATM,2004-03-30,Normalized_Volatility,126.4661188
3y7y_ATM,2004-03-31,Normalized_Volatility,125.9009588
3y7y_ATM,2004-04-01,Normalized_Volatility,126.1858286
3y7y_ATM,2004-04-02,Normalized_Volatility,127.4714105
3y7y_ATM,2004-04-05,Normalized_Volatility,127.5566708
3y7y_ATM,2004-04-06,Normalized_Volatility,125.3658568
3y7y_ATM,2004-04-07,Normalized_Volatility,125.335413
3y7y_ATM,2004-04-08,Normalized_Volatility,125.2507816
3y7y_ATM,2004-04-12,Normalized_Volatility,124.1873175
3y7y_ATM,2004-04-13,Normalized_Volatility,123.3434692
3y7y_ATM,2004-04-14,Normalized_Volatility,123.15292
3y7y_ATM,2004-04-15,Normalized_Volatility,121.9492504
3y7y_ATM,2004-04-16,Normalized_Volatility,122.1744114
3y7y_ATM,2004-04-19,Normalized_Volatility,121.9395856
3y7y_ATM,2004-04-20,Normalized_Volatility,120.2753519
3y7y_ATM,2004-04-21,Normalized_Volatility,120.36472
3y7y_ATM,2004-04-22,Normalized_Volatility,119.4356735
3y7y_ATM,2004-04-23,Normalized_Volatility,120.6407718
3y7y_ATM,2004-04-26,Normalized_Volatility,119.074197
3y7y_ATM,2004-04-27,Normalized_Volatility,117.7308425
3y7y_ATM,2004-04-28,Normalized_Volatility,117.0153294
3y7y_ATM,2004-04-29,Normalized_Volatility,117.051195
3y7y_ATM,2004-04-30,Normalized_Volatility,116.408703
3y7y_ATM,2004-05-03,Normalized_Volatility,118.2275
3y7y_ATM,2004-05-04,Normalized_Volatility,119.627568
3y7y_ATM,2004-05-05,Normalized_Volatility,119.6981115
3y7y_ATM,2004-05-06,Normalized_Volatility,120.9596967
3y7y_ATM,2004-05-07,Normalized_Volatility,119.453766
3y7y_ATM,2004-05-10,Normalized_Volatility,114.937848
3y7y_ATM,2004-05-11,Normalized_Volatility,115.1012
3y7y_ATM,2004-05-12,Normalized_Volatility,114.9124776
3y7y_ATM,2004-05-13,Normalized_Volatility,116.2553483
3y7y_ATM,2004-05-14,Normalized_Volatility,116.6026262
3y7y_ATM,2004-05-17,Normalized_Volatility,118.1291748
3y7y_ATM,2004-05-18,Normalized_Volatility,117.2992674
3y7y_ATM,2004-05-19,Normalized_Volatility,118.736745
3y7y_ATM,2004-05-20,Normalized_Volatility,118.4594355
3y7y_ATM,2004-05-21,Normalized_Volatility,118.8684303
3y7y_ATM,2004-05-24,Normalized_Volatility,118.8691488
3y7y_ATM,2004-05-25,Normalized_Volatility,119.2615
3y7y_ATM,2004-05-26,Normalized_Volatility,119.2601564
3y7y_ATM,2004-05-27,Normalized_Volatility,117.8666649
3y7y_ATM,2004-05-28,Normalized_Volatility,116.746
3y7y_ATM,2004-06-01,Normalized_Volatility,116.5112538
3y7y_ATM,2004-06-02,Normalized_Volatility,116.0495012
3y7y_ATM,2004-06-03,Normalized_Volatility,114.4843175
3y7y_ATM,2004-06-04,Normalized_Volatility,112.8234355
3y7y_ATM,2004-06-07,Normalized_Volatility,111.7352961
3y7y_ATM,2004-06-08,Normalized_Volatility,112.2326772
3y7y_ATM,2004-06-09,Normalized_Volatility,113.154629
3y7y_ATM,2004-06-10,Normalized_Volatility,112.7460125
3y7y_ATM,2004-06-14,Normalized_Volatility,113.5705904
3y7y_ATM,2004-06-15,Normalized_Volatility,111.364804
3y7y_ATM,2004-06-16,Normalized_Volatility,111.242064
3y7y_ATM,2004-06-17,Normalized_Volatility,108.707184
3y7y_ATM,2004-06-18,Normalized_Volatility,108.197964
3y7y_ATM,2004-06-21,Normalized_Volatility,107.0395106
3y7y_ATM,2004-06-22,Normalized_Volatility,105.4899741
3y7y_ATM,2004-06-23,Normalized_Volatility,106.806978
3y7y_ATM,2004-06-24,Normalized_Volatility,107.237935
3y7y_ATM,2004-06-25,Normalized_Volatility,104.6811612
3y7y_ATM,2004-06-28,Normalized_Volatility,105.128504
3y7y_ATM,2004-06-29,Normalized_Volatility,104.484094
3y7y_ATM,2004-06-30,Normalized_Volatility,104.02656
3y7y_ATM,2004-07-01,Normalized_Volatility,102.8617548
3y7y_ATM,2004-07-02,Normalized_Volatility,103.926293
3y7y_ATM,2004-07-06,Normalized_Volatility,104.4015238
3y7y_ATM,2004-07-07,Normalized_Volatility,105.903558
3y7y_ATM,2004-07-08,Normalized_Volatility,106.563341
3y7y_ATM,2004-07-09,Normalized_Volatility,107.3345264
3y7y_ATM,2004-07-12,Normalized_Volatility,107.3036776
3y7y_ATM,2004-07-13,Normalized_Volatility,108.4940428
3y7y_ATM,2004-07-14,Normalized_Volatility,107.321025
3y7y_ATM,2004-07-15,Normalized_Volatility,106.2471645
3y7y_ATM,2004-07-16,Normalized_Volatility,106.9904758
3y7y_ATM,2004-07-19,Normalized_Volatility,107.40503
3y7y_ATM,2004-07-20,Normalized_Volatility,107.54892
3y7y_ATM,2004-07-21,Normalized_Volatility,106.275132
3y7y_ATM,2004-07-22,Normalized_Volatility,105.03724
3y7y_ATM,2004-07-23,Normalized_Volatility,103.3197052
3y7y_ATM,2004-07-26,Normalized_Volatility,103.41978
3y7y_ATM,2004-07-27,Normalized_Volatility,104.3797456
3y7y_ATM,2004-07-28,Normalized_Volatility,104.1411707
3y7y_ATM,2004-07-29,Normalized_Volatility,103.7270598
3y7y_ATM,2004-07-30,Normalized_Volatility,104.0488028
3y7y_ATM,2004-08-02,Normalized_Volatility,104.7053955
3y7y_ATM,2004-08-03,Normalized_Volatility,105.0585996
3y7y_ATM,2004-08-04,Normalized_Volatility,105.7852234
3y7y_ATM,2004-08-05,Normalized_Volatility,106.0693953
3y7y_ATM,2004-08-06,Normalized_Volatility,108.9998325
3y7y_ATM,2004-08-09,Normalized_Volatility,109.5768375
3y7y_ATM,2004-08-10,Normalized_Volatility,109.0075416
3y7y_ATM,2004-08-11,Normalized_Volatility,106.8651429
3y7y_ATM,2004-08-12,Normalized_Volatility,105.9967964
3y7y_ATM,2004-08-13,Normalized_Volatility,108.1989214
3y7y_ATM,2004-08-16,Normalized_Volatility,108.3057442
3y7y_ATM,2004-08-17,Normalized_Volatility,110.451873
3y7y_ATM,2004-08-18,Normalized_Volatility,111.4596128
3y7y_ATM,2004-08-19,Normalized_Volatility,111.1905192
3y7y_ATM,2004-08-20,Normalized_Volatility,111.3660025
3y7y_ATM,2004-08-23,Normalized_Volatility,109.7754531
3y7y_ATM,2004-08-24,Normalized_Volatility,109.7007496
3y7y_ATM,2004-08-25,Normalized_Volatility,108.993024
3y7y_ATM,2004-08-26,Normalized_Volatility,108.483585
3y7y_ATM,2004-08-27,Normalized_Volatility,107.7884799
3y7y_ATM,2004-08-30,Normalized_Volatility,107.8677054
3y7y_ATM,2004-08-31,Normalized_Volatility,109.1068008
3y7y_ATM,2004-09-01,Normalized_Volatility,110.107
3y7y_ATM,2004-09-02,Normalized_Volatility,110.227065
3y7y_ATM,2004-09-03,Normalized_Volatility,108.0454086
3y7y_ATM,2004-09-07,Normalized_Volatility,107.2764198
3y7y_ATM,2004-09-08,Normalized_Volatility,107.631174
3y7y_ATM,2004-09-09,Normalized_Volatility,107.5039622
3y7y_ATM,2004-09-10,Normalized_Volatility,106.7871117
3y7y_ATM,2004-09-13,Normalized_Volatility,106.753891
3y7y_ATM,2004-09-14,Normalized_Volatility,106.60035
3y7y_ATM,2004-09-15,Normalized_Volatility,107.2065225
3y7y_ATM,2004-09-16,Normalized_Volatility,107.455623
3y7y_ATM,2004-09-17,Normalized_Volatility,108.1275498
3y7y_ATM,2004-09-20,Normalized_Volatility,107.4529075
3y7y_ATM,2004-09-21,Normalized_Volatility,106.7005584
3y7y_ATM,2004-09-22,Normalized_Volatility,110.4819884
3y7y_ATM,2004-09-23,Normalized_Volatility,111.7722564
3y7y_ATM,2004-09-24,Normalized_Volatility,111.793064
3y7y_ATM,2004-09-27,Normalized_Volatility,112.383765
3y7y_ATM,2004-09-28,Normalized_Volatility,114.4791872
3y7y_ATM,2004-09-29,Normalized_Volatility,113.956458
3y7y_ATM,2004-09-30,Normalized_Volatility,113.7450384
3y7y_ATM,2004-10-01,Normalized_Volatility,112.0917
3y7y_ATM,2004-10-04,Normalized_Volatility,110.943792
3y7y_ATM,2004-10-05,Normalized_Volatility,110.07225
3y7y_ATM,2004-10-06,Normalized_Volatility,109.9703204
3y7y_ATM,2004-10-07,Normalized_Volatility,111.004222
3y7y_ATM,2004-10-08,Normalized_Volatility,110.680464
3y7y_ATM,2004-10-12,Normalized_Volatility,110.838495
3y7y_ATM,2004-10-13,Normalized_Volatility,111.83854
3y7y_ATM,2004-10-14,Normalized_Volatility,111.891432
3y7y_ATM,2004-10-15,Normalized_Volatility,112.95016
3y7y_ATM,2004-10-18,Normalized_Volatility,111.938552
3y7y_ATM,2004-10-19,Normalized_Volatility,112.061961
3y7y_ATM,2004-10-20,Normalized_Volatility,113.33203
3y7y_ATM,2004-10-21,Normalized_Volatility,113.011794
3y7y_ATM,2004-10-22,Normalized_Volatility,113.47168
3y7y_ATM,2004-10-25,Normalized_Volatility,113.926995
3y7y_ATM,2004-10-26,Normalized_Volatility,113.572994
3y7y_ATM,2004-10-27,Normalized_Volatility,113.7088465
3y7y_ATM,2004-10-28,Normalized_Volatility,113.03604
3y7y_ATM,2004-10-29,Normalized_Volatility,110.9742183
3y7y_ATM,2004-11-01,Normalized_Volatility,109.375074
3y7y_ATM,2004-11-02,Normalized_Volatility,109.0863075
3y7y_ATM,2004-11-03,Normalized_Volatility,108.535665
3y7y_ATM,2004-11-04,Normalized_Volatility,108.612592
3y7y_ATM,2004-11-05,Normalized_Volatility,106.755759
3y7y_ATM,2004-11-08,Normalized_Volatility,106.634756
3y7y_ATM,2004-11-09,Normalized_Volatility,105.616278
3y7y_ATM,2004-11-10,Normalized_Volatility,106.2010825
3y7y_ATM,2004-11-12,Normalized_Volatility,105.97635
3y7y_ATM,2004-11-15,Normalized_Volatility,105.947332
3y7y_ATM,2004-11-16,Normalized_Volatility,105.4758055
3y7y_ATM,2004-11-17,Normalized_Volatility,105.2356765
3y7y_ATM,2004-11-18,Normalized_Volatility,105.412052
3y7y_ATM,2004-11-19,Normalized_Volatility,104.7183475
3y7y_ATM,2004-11-22,Normalized_Volatility,103.8819375
3y7y_ATM,2004-11-23,Normalized_Volatility,103.1984695
3y7y_ATM,2004-11-24,Normalized_Volatility,103.02899
3y7y_ATM,2004-11-26,Normalized_Volatility,102.8233
3y7y_ATM,2004-11-29,Normalized_Volatility,102.830205
3y7y_ATM,2004-11-30,Normalized_Volatility,102.80298
3y7y_ATM,2004-12-01,Normalized_Volatility,104.30089
3y7y_ATM,2004-12-02,Normalized_Volatility,103.645696
3y7y_ATM,2004-12-03,Normalized_Volatility,102.969878
3y7y_ATM,2004-12-06,Normalized_Volatility,102.0458865
3y7y_ATM,2004-12-07,Normalized_Volatility,102.0047712
3y7y_ATM,2004-12-08,Normalized_Volatility,103.3891752
3y7y_ATM,2004-12-09,Normalized_Volatility,103.0196025
3y7y_ATM,2004-12-10,Normalized_Volatility,104.139354
3y7y_ATM,2004-12-13,Normalized_Volatility,103.809125
3y7y_ATM,2004-12-14,Normalized_Volatility,104.5748537
3y7y_ATM,2004-12-15,Normalized_Volatility,106.582528
3y7y_ATM,2004-12-16,Normalized_Volatility,106.660309
3y7y_ATM,2004-12-17,Normalized_Volatility,107.036832
3y7y_ATM,2004-12-20,Normalized_Volatility,106.7286155
3y7y_ATM,2004-12-21,Normalized_Volatility,105.009888
3y7y_ATM,2004-12-22,Normalized_Volatility,104.084423
3y7y_ATM,2004-12-23,Normalized_Volatility,104.245844
3y7y_ATM,2004-12-27,Normalized_Volatility,104.27984
3y7y_ATM,2004-12-28,Normalized_Volatility,104.64832
3y7y_ATM,2004-12-29,Normalized_Volatility,103.98448
3y7y_ATM,2004-12-30,Normalized_Volatility,103.72676
3y7y_ATM,2004-12-31,Normalized_Volatility,103.210706
3y7y_ATM,2005-01-03,Normalized_Volatility,102.52704
3y7y_ATM,2005-01-04,Normalized_Volatility,101.007172
3y7y_ATM,2005-01-05,Normalized_Volatility,100.973372
3y7y_ATM,2005-01-06,Normalized_Volatility,100.30382
3y7y_ATM,2005-01-07,Normalized_Volatility,98.789145
3y7y_ATM,2005-01-10,Normalized_Volatility,97.356644
3y7y_ATM,2005-01-11,Normalized_Volatility,97.271055
3y7y_ATM,2005-01-12,Normalized_Volatility,96.34524
3y7y_ATM,2005-01-13,Normalized_Volatility,95.2362684
3y7y_ATM,2005-01-14,Normalized_Volatility,95.525618
3y7y_ATM,2005-01-18,Normalized_Volatility,94.926683
3y7y_ATM,2005-01-19,Normalized_Volatility,93.9660945
3y7y_ATM,2005-01-20,Normalized_Volatility,92.4139425
3y7y_ATM,2005-01-21,Normalized_Volatility,93.460464
3y7y_ATM,2005-01-24,Normalized_Volatility,94.1772163
3y7y_ATM,2005-01-25,Normalized_Volatility,95.537478
3y7y_ATM,2005-01-26,Normalized_Volatility,95.6042325
3y7y_ATM,2005-01-27,Normalized_Volatility,94.6598998
3y7y_ATM,2005-01-28,Normalized_Volatility,94.2793929
3y7y_ATM,2005-01-31,Normalized_Volatility,93.666537
3y7y_ATM,2005-02-01,Normalized_Volatility,93.76989
3y7y_ATM,2005-02-02,Normalized_Volatility,92.63051
3y7y_ATM,2005-02-03,Normalized_Volatility,91.68049
3y7y_ATM,2005-02-04,Normalized_Volatility,91.49473
3y7y_ATM,2005-02-07,Normalized_Volatility,91.31136
3y7y_ATM,2005-02-08,Normalized_Volatility,91.7011425
3y7y_ATM,2005-02-09,Normalized_Volatility,93.2653381
3y7y_ATM,2005-02-10,Normalized_Volatility,94.9475376
3y7y_ATM,2005-02-11,Normalized_Volatility,94.541888
3y7y_ATM,2005-02-14,Normalized_Volatility,94.422528
3y7y_ATM,2005-02-15,Normalized_Volatility,94.7045869
3y7y_ATM,2005-02-16,Normalized_Volatility,92.9914456
3y7y_ATM,2005-02-17,Normalized_Volatility,92.6675685
3y7y_ATM,2005-02-18,Normalized_Volatility,92.6387
3y7y_ATM,2005-02-22,Normalized_Volatility,93.3392505
3y7y_ATM,2005-02-23,Normalized_Volatility,93.0537976
3y7y_ATM,2005-02-24,Normalized_Volatility,92.3985061
3y7y_ATM,2005-02-25,Normalized_Volatility,91.9766583
3y7y_ATM,2005-02-28,Normalized_Volatility,93.1492936
3y7y_ATM,2005-03-01,Normalized_Volatility,92.8715568
3y7y_ATM,2005-03-02,Normalized_Volatility,92.9759512
3y7y_ATM,2005-03-03,Normalized_Volatility,92.363661
3y7y_ATM,2005-03-04,Normalized_Volatility,90.5454675
3y7y_ATM,2005-03-07,Normalized_Volatility,90.3418035
3y7y_ATM,2005-03-08,Normalized_Volatility,91.5089175
3y7y_ATM,2005-03-09,Normalized_Volatility,94.0435652
3y7y_ATM,2005-03-10,Normalized_Volatility,93.2490762
3y7y_ATM,2005-03-11,Normalized_Volatility,94.21896
3y7y_ATM,2005-03-14,Normalized_Volatility,94.3362779
3y7y_ATM,2005-03-15,Normalized_Volatility,94.593704
3y7y_ATM,2005-03-16,Normalized_Volatility,95.529625
3y7y_ATM,2005-03-17,Normalized_Volatility,95.040002
3y7y_ATM,2005-03-18,Normalized_Volatility,95.2816515
3y7y_ATM,2005-03-21,Normalized_Volatility,95.976893
3y7y_ATM,2005-03-22,Normalized_Volatility,97.0560325
3y7y_ATM,2005-03-23,Normalized_Volatility,96.533262
3y7y_ATM,2005-03-24,Normalized_Volatility,95.377284
3y7y_ATM,2005-03-28,Normalized_Volatility,95.5012015
3y7y_ATM,2005-03-29,Normalized_Volatility,95.689664
3y7y_ATM,2005-03-30,Normalized_Volatility,94.55859
3y7y_ATM,2005-03-31,Normalized_Volatility,93.364748
3y7y_ATM,2005-04-01,Normalized_Volatility,92.046564
3y7y_ATM,2005-04-04,Normalized_Volatility,92.919475
3y7y_ATM,2005-04-05,Normalized_Volatility,92.9358528
3y7y_ATM,2005-04-06,Normalized_Volatility,93.1600944
3y7y_ATM,2005-04-07,Normalized_Volatility,94.5442432
3y7y_ATM,2005-04-08,Normalized_Volatility,95.3520768
3y7y_ATM,2005-04-11,Normalized_Volatility,95.0213558
3y7y_ATM,2005-04-12,Normalized_Volatility,93.8793974
3y7y_ATM,2005-04-13,Normalized_Volatility,94.0482668
3y7y_ATM,2005-04-14,Normalized_Volatility,95.5335888
3y7y_ATM,2005-04-15,Normalized_Volatility,96.3417708
3y7y_ATM,2005-04-18,Normalized_Volatility,97.8255376
3y7y_ATM,2005-04-19,Normalized_Volatility,96.8448551
3y7y_ATM,2005-04-20,Normalized_Volatility,96.8452232
3y7y_ATM,2005-04-21,Normalized_Volatility,95.693011
3y7y_ATM,2005-04-22,Normalized_Volatility,95.681489
3y7y_ATM,2005-04-25,Normalized_Volatility,95.3573368
3y7y_ATM,2005-04-26,Normalized_Volatility,95.1999336
3y7y_ATM,2005-04-27,Normalized_Volatility,95.2066248
3y7y_ATM,2005-04-28,Normalized_Volatility,95.374395
3y7y_ATM,2005-04-29,Normalized_Volatility,96.14781
3y7y_ATM,2005-05-02,Normalized_Volatility,96.3036306
3y7y_ATM,2005-05-03,Normalized_Volatility,95.797108
3y7y_ATM,2005-05-04,Normalized_Volatility,95.8553904
3y7y_ATM,2005-05-05,Normalized_Volatility,95.37456
3y7y_ATM,2005-05-06,Normalized_Volatility,94.4216907
3y7y_ATM,2005-05-09,Normalized_Volatility,93.7609372
3y7y_ATM,2005-05-10,Normalized_Volatility,94.6607382
3y7y_ATM,2005-05-11,Normalized_Volatility,95.653628
3y7y_ATM,2005-05-12,Normalized_Volatility,95.4919721
3y7y_ATM,2005-05-13,Normalized_Volatility,95.977434
3y7y_ATM,2005-05-16,Normalized_Volatility,96.473158
3y7y_ATM,2005-05-17,Normalized_Volatility,97.123264
3y7y_ATM,2005-05-18,Normalized_Volatility,97.147232
3y7y_ATM,2005-05-19,Normalized_Volatility,95.4946688
3y7y_ATM,2005-05-20,Normalized_Volatility,94.980587
3y7y_ATM,2005-05-23,Normalized_Volatility,94.9823462
3y7y_ATM,2005-05-24,Normalized_Volatility,95.151626
3y7y_ATM,2005-05-25,Normalized_Volatility,94.661136
3y7y_ATM,2005-05-26,Normalized_Volatility,94.1738756
3y7y_ATM,2005-05-27,Normalized_Volatility,94.1610894
3y7y_ATM,2005-05-31,Normalized_Volatility,94.98603
3y7y_ATM,2005-06-01,Normalized_Volatility,95.1619464
3y7y_ATM,2005-06-02,Normalized_Volatility,95.1599418
3y7y_ATM,2005-06-03,Normalized_Volatility,94.9852679
3y7y_ATM,2005-06-06,Normalized_Volatility,95.3180484
3y7y_ATM,2005-06-07,Normalized_Volatility,95.8196764
3y7y_ATM,2005-06-08,Normalized_Volatility,95.9921025
3y7y_ATM,2005-06-09,Normalized_Volatility,96.49965
3y7y_ATM,2005-06-10,Normalized_Volatility,98.642124
3y7y_ATM,2005-06-13,Normalized_Volatility,98.1312192
3y7y_ATM,2005-06-14,Normalized_Volatility,96.956202
3y7y_ATM,2005-06-15,Normalized_Volatility,95.9899486
3y7y_ATM,2005-06-16,Normalized_Volatility,95.9869775
3y7y_ATM,2005-06-17,Normalized_Volatility,95.6486424
3y7y_ATM,2005-06-20,Normalized_Volatility,95.1550312
3y7y_ATM,2005-06-21,Normalized_Volatility,95.4873668
3y7y_ATM,2005-06-22,Normalized_Volatility,96.9781616
3y7y_ATM,2005-06-23,Normalized_Volatility,96.985654
3y7y_ATM,2005-06-24,Normalized_Volatility,97.472691
3y7y_ATM,2005-06-27,Normalized_Volatility,97.642623
3y7y_ATM,2005-06-28,Normalized_Volatility,97.6514735
3y7y_ATM,2005-06-29,Normalized_Volatility,97.6402328
3y7y_ATM,2005-06-30,Normalized_Volatility,97.635141
3y7y_ATM,2005-07-01,Normalized_Volatility,97.139735
3y7y_ATM,2005-07-05,Normalized_Volatility,97.3098944
3y7y_ATM,2005-07-06,Normalized_Volatility,97.644729
3y7y_ATM,2005-07-07,Normalized_Volatility,97.81317
3y7y_ATM,2005-07-08,Normalized_Volatility,96.8074056
3y7y_ATM,2005-07-11,Normalized_Volatility,97.1422312
3y7y_ATM,2005-07-12,Normalized_Volatility,95.912232
3y7y_ATM,2005-07-13,Normalized_Volatility,96.1676511
3y7y_ATM,2005-07-14,Normalized_Volatility,95.6782036
3y7y_ATM,2005-07-15,Normalized_Volatility,95.0274342
3y7y_ATM,2005-07-18,Normalized_Volatility,95.0304216
3y7y_ATM,2005-07-19,Normalized_Volatility,94.4725296
3y7y_ATM,2005-07-20,Normalized_Volatility,94.413032
3y7y_ATM,2005-07-21,Normalized_Volatility,95.0686569
3y7y_ATM,2005-07-22,Normalized_Volatility,95.0604176
3y7y_ATM,2005-07-25,Normalized_Volatility,95.0654916
3y7y_ATM,2005-07-26,Normalized_Volatility,95.2269948
3y7y_ATM,2005-07-27,Normalized_Volatility,94.905216
3y7y_ATM,2005-07-28,Normalized_Volatility,94.2461616
3y7y_ATM,2005-07-29,Normalized_Volatility,94.570311
3y7y_ATM,2005-08-01,Normalized_Volatility,95.0608545
3y7y_ATM,2005-08-02,Normalized_Volatility,95.2253437
3y7y_ATM,2005-08-03,Normalized_Volatility,94.182732
3y7y_ATM,2005-08-04,Normalized_Volatility,93.2026259
3y7y_ATM,2005-08-05,Normalized_Volatility,93.3619347
3y7y_ATM,2005-08-08,Normalized_Volatility,93.6887198
3y7y_ATM,2005-08-09,Normalized_Volatility,93.5245584
3y7y_ATM,2005-08-10,Normalized_Volatility,93.5317368
3y7y_ATM,2005-08-11,Normalized_Volatility,93.2015126
3y7y_ATM,2005-08-12,Normalized_Volatility,94.014248
3y7y_ATM,2005-08-15,Normalized_Volatility,93.851075
3y7y_ATM,2005-08-16,Normalized_Volatility,94.0169359
3y7y_ATM,2005-08-17,Normalized_Volatility,94.1839884
3y7y_ATM,2005-08-18,Normalized_Volatility,94.6765314
3y7y_ATM,2005-08-19,Normalized_Volatility,94.7866571
3y7y_ATM,2005-08-22,Normalized_Volatility,94.7905101
3y7y_ATM,2005-08-23,Normalized_Volatility,94.629258
3y7y_ATM,2005-08-24,Normalized_Volatility,93.879305
3y7y_ATM,2005-08-25,Normalized_Volatility,94.1912928
3y7y_ATM,2005-08-26,Normalized_Volatility,94.3548233
3y7y_ATM,2005-08-29,Normalized_Volatility,94.5203994
3y7y_ATM,2005-08-30,Normalized_Volatility,94.8284253
3y7y_ATM,2005-08-31,Normalized_Volatility,95.8236444
3y7y_ATM,2005-09-01,Normalized_Volatility,96.3682478
3y7y_ATM,2005-09-02,Normalized_Volatility,95.8764573
3y7y_ATM,2005-09-06,Normalized_Volatility,95.5528971
3y7y_ATM,2005-09-07,Normalized_Volatility,96.2171862
3y7y_ATM,2005-09-08,Normalized_Volatility,96.5416208
3y7y_ATM,2005-09-09,Normalized_Volatility,96.7787128
3y7y_ATM,2005-09-12,Normalized_Volatility,96.3698128
3y7y_ATM,2005-09-13,Normalized_Volatility,97.0313568
3y7y_ATM,2005-09-14,Normalized_Volatility,96.7102376
3y7y_ATM,2005-09-15,Normalized_Volatility,96.460375
3y7y_ATM,2005-09-16,Normalized_Volatility,96.8632258
3y7y_ATM,2005-09-19,Normalized_Volatility,96.862596
3y7y_ATM,2005-09-20,Normalized_Volatility,96.0486862
3y7y_ATM,2005-09-21,Normalized_Volatility,96.055944
3y7y_ATM,2005-09-22,Normalized_Volatility,95.7229023
3y7y_ATM,2005-09-23,Normalized_Volatility,96.044832
3y7y_ATM,2005-09-26,Normalized_Volatility,96.0457608
3y7y_ATM,2005-09-27,Normalized_Volatility,96.3814843
3y7y_ATM,2005-09-28,Normalized_Volatility,96.39178
3y7y_ATM,2005-09-29,Normalized_Volatility,96.3814608
3y7y_ATM,2005-09-30,Normalized_Volatility,96.371088
3y7y_ATM,2005-10-03,Normalized_Volatility,96.374532
3y7y_ATM,2005-10-04,Normalized_Volatility,95.7170672
3y7y_ATM,2005-10-05,Normalized_Volatility,95.0755851
3y7y_ATM,2005-10-06,Normalized_Volatility,95.548824
3y7y_ATM,2005-10-07,Normalized_Volatility,95.0587725
3y7y_ATM,2005-10-11,Normalized_Volatility,95.0602374
3y7y_ATM,2005-10-12,Normalized_Volatility,95.7208392
3y7y_ATM,2005-10-13,Normalized_Volatility,96.0550396
3y7y_ATM,2005-10-14,Normalized_Volatility,96.3750552
3y7y_ATM,2005-10-17,Normalized_Volatility,96.8675006
3y7y_ATM,2005-10-18,Normalized_Volatility,96.7079296
3y7y_ATM,2005-10-19,Normalized_Volatility,96.54232
3y7y_ATM,2005-10-20,Normalized_Volatility,96.212189
3y7y_ATM,2005-10-21,Normalized_Volatility,95.8784992
3y7y_ATM,2005-10-24,Normalized_Volatility,95.8794464
3y7y_ATM,2005-10-25,Normalized_Volatility,96.165341
3y7y_ATM,2005-10-26,Normalized_Volatility,96.6541884
3y7y_ATM,2005-10-27,Normalized_Volatility,96.7031592
3y7y_ATM,2005-10-28,Normalized_Volatility,96.6504384
3y7y_ATM,2005-10-31,Normalized_Volatility,97.469189
3y7y_ATM,2005-11-01,Normalized_Volatility,97.3100088
3y7y_ATM,2005-11-02,Normalized_Volatility,97.9684798
3y7y_ATM,2005-11-03,Normalized_Volatility,99.9344272
3y7y_ATM,2005-11-04,Normalized_Volatility,100.581108
3y7y_ATM,2005-11-07,Normalized_Volatility,100.745876
3y7y_ATM,2005-11-08,Normalized_Volatility,98.717983
3y7y_ATM,2005-11-09,Normalized_Volatility,102.11244
3y7y_ATM,2005-11-10,Normalized_Volatility,102.26433
3y7y_ATM,2005-11-14,Normalized_Volatility,102.5955
3y7y_ATM,2005-11-15,Normalized_Volatility,102.759804
3y7y_ATM,2005-11-16,Normalized_Volatility,102.514624
3y7y_ATM,2005-11-17,Normalized_Volatility,102.5102476
3y7y_ATM,2005-11-18,Normalized_Volatility,102.01356
3y7y_ATM,2005-11-21,Normalized_Volatility,100.7091974
3y7y_ATM,2005-11-22,Normalized_Volatility,100.06615
3y7y_ATM,2005-11-23,Normalized_Volatility,100.0102701
3y7y_ATM,2005-11-25,Normalized_Volatility,100.1703675
3y7y_ATM,2005-11-28,Normalized_Volatility,100.0162222
3y7y_ATM,2005-11-29,Normalized_Volatility,100.3955634
3y7y_ATM,2005-11-30,Normalized_Volatility,100.7219038
3y7y_ATM,2005-12-01,Normalized_Volatility,101.2135482
3y7y_ATM,2005-12-02,Normalized_Volatility,100.5573987
3y7y_ATM,2005-12-05,Normalized_Volatility,100.5560486
3y7y_ATM,2005-12-06,Normalized_Volatility,100.7173273
3y7y_ATM,2005-12-07,Normalized_Volatility,100.8848085
3y7y_ATM,2005-12-08,Normalized_Volatility,100.0695504
3y7y_ATM,2005-12-09,Normalized_Volatility,100.0649512
3y7y_ATM,2005-12-12,Normalized_Volatility,100.3899555
3y7y_ATM,2005-12-13,Normalized_Volatility,99.417633
3y7y_ATM,2005-12-14,Normalized_Volatility,99.5868007
3y7y_ATM,2005-12-15,Normalized_Volatility,98.8575588
3y7y_ATM,2005-12-16,Normalized_Volatility,98.5991168
3y7y_ATM,2005-12-19,Normalized_Volatility,97.785287
3y7y_ATM,2005-12-20,Normalized_Volatility,98.2799944
3y7y_ATM,2005-12-21,Normalized_Volatility,98.2822905
3y7y_ATM,2005-12-22,Normalized_Volatility,97.9526727
3y7y_ATM,2005-12-23,Normalized_Volatility,97.6261172
3y7y_ATM,2005-12-27,Normalized_Volatility,97.465704
3y7y_ATM,2005-12-28,Normalized_Volatility,97.3048174
3y7y_ATM,2005-12-29,Normalized_Volatility,97.2941242
3y7y_ATM,2005-12-30,Normalized_Volatility,97.9473088
3y7y_ATM,2006-01-03,Normalized_Volatility,97.6248424
3y7y_ATM,2006-01-04,Normalized_Volatility,97.1431047
3y7y_ATM,2006-01-05,Normalized_Volatility,96.1684196
3y7y_ATM,2006-01-06,Normalized_Volatility,95.1854882
3y7y_ATM,2006-01-09,Normalized_Volatility,93.8813589
3y7y_ATM,2006-01-10,Normalized_Volatility,94.8617579
3y7y_ATM,2006-01-11,Normalized_Volatility,94.3819215
3y7y_ATM,2006-01-12,Normalized_Volatility,94.6967224
3y7y_ATM,2006-01-13,Normalized_Volatility,94.53312
3y7y_ATM,2006-01-17,Normalized_Volatility,95.0188608
3y7y_ATM,2006-01-18,Normalized_Volatility,94.3789542
3y7y_ATM,2006-01-19,Normalized_Volatility,94.2125724
3y7y_ATM,2006-01-20,Normalized_Volatility,94.693098
3y7y_ATM,2006-01-23,Normalized_Volatility,95.183742
3y7y_ATM,2006-01-24,Normalized_Volatility,95.18688
3y7y_ATM,2006-01-25,Normalized_Volatility,95.876195
3y7y_ATM,2006-01-26,Normalized_Volatility,96.5780288
3y7y_ATM,2006-01-27,Normalized_Volatility,96.1711461
3y7y_ATM,2006-01-30,Normalized_Volatility,96.1571833
3y7y_ATM,2006-01-31,Normalized_Volatility,96.1596636
3y7y_ATM,2006-02-01,Normalized_Volatility,96.6559284
3y7y_ATM,2006-02-02,Normalized_Volatility,96.7443159
3y7y_ATM,2006-02-03,Normalized_Volatility,96.0899922
3y7y_ATM,2006-02-06,Normalized_Volatility,96.3804885
3y7y_ATM,2006-02-07,Normalized_Volatility,96.7392234
3y7y_ATM,2006-02-08,Normalized_Volatility,96.5838172
3y7y_ATM,2006-02-09,Normalized_Volatility,96.257792
3y7y_ATM,2006-02-10,Normalized_Volatility,95.9269356
3y7y_ATM,2006-02-13,Normalized_Volatility,95.60214
3y7y_ATM,2006-02-14,Normalized_Volatility,95.27745
3y7y_ATM,2006-02-15,Normalized_Volatility,94.470987
3y7y_ATM,2006-02-16,Normalized_Volatility,93.002271
3y7y_ATM,2006-02-17,Normalized_Volatility,92.8437147
3y7y_ATM,2006-02-21,Normalized_Volatility,92.682932
3y7y_ATM,2006-02-22,Normalized_Volatility,91.2239312
3y7y_ATM,2006-02-23,Normalized_Volatility,91.186305
3y7y_ATM,2006-02-24,Normalized_Volatility,89.5334448
3y7y_ATM,2006-02-27,Normalized_Volatility,89.2743984
3y7y_ATM,2006-02-28,Normalized_Volatility,89.4386988
3y7y_ATM,2006-03-01,Normalized_Volatility,90.08793
3y7y_ATM,2006-03-02,Normalized_Volatility,92.3612154
3y7y_ATM,2006-03-03,Normalized_Volatility,91.6487118
3y7y_ATM,2006-03-06,Normalized_Volatility,92.7806292
3y7y_ATM,2006-03-07,Normalized_Volatility,93.2705904
3y7y_ATM,2006-03-08,Normalized_Volatility,93.7509
3y7y_ATM,2006-03-09,Normalized_Volatility,92.3927793
3y7y_ATM,2006-03-10,Normalized_Volatility,92.3924592
3y7y_ATM,2006-03-13,Normalized_Volatility,92.8738025
3y7y_ATM,2006-03-14,Normalized_Volatility,91.746241
3y7y_ATM,2006-03-15,Normalized_Volatility,92.2326012
3y7y_ATM,2006-03-16,Normalized_Volatility,91.7455136
3y7y_ATM,2006-03-17,Normalized_Volatility,91.5840705
3y7y_ATM,2006-03-20,Normalized_Volatility,91.099645
3y7y_ATM,2006-03-21,Normalized_Volatility,91.09746
3y7y_ATM,2006-03-22,Normalized_Volatility,90.9398406
3y7y_ATM,2006-03-23,Normalized_Volatility,91.1656014
3y7y_ATM,2006-03-24,Normalized_Volatility,91.1608749
3y7y_ATM,2006-03-27,Normalized_Volatility,91.4888205
3y7y_ATM,2006-03-28,Normalized_Volatility,91.80748
3y7y_ATM,2006-03-29,Normalized_Volatility,92.9166215
3y7y_ATM,2006-03-30,Normalized_Volatility,93.4006059
3y7y_ATM,2006-03-31,Normalized_Volatility,92.9916635
3y7y_ATM,2006-04-03,Normalized_Volatility,93.0732681
3y7y_ATM,2006-04-04,Normalized_Volatility,92.6159129
3y7y_ATM,2006-04-05,Normalized_Volatility,92.0750625
3y7y_ATM,2006-04-06,Normalized_Volatility,92.3931873
3y7y_ATM,2006-04-07,Normalized_Volatility,91.6983619
3y7y_ATM,2006-04-10,Normalized_Volatility,91.216128
3y7y_ATM,2006-04-11,Normalized_Volatility,91.0552832
3y7y_ATM,2006-04-12,Normalized_Volatility,91.4288024
3y7y_ATM,2006-04-13,Normalized_Volatility,91.907792
3y7y_ATM,2006-04-17,Normalized_Volatility,90.6781112
3y7y_ATM,2006-04-18,Normalized_Volatility,90.35187
3y7y_ATM,2006-04-19,Normalized_Volatility,89.3851024
3y7y_ATM,2006-04-20,Normalized_Volatility,88.8968898
3y7y_ATM,2006-04-21,Normalized_Volatility,88.0273926
3y7y_ATM,2006-04-24,Normalized_Volatility,88.1929806
3y7y_ATM,2006-04-25,Normalized_Volatility,87.8665116
3y7y_ATM,2006-04-26,Normalized_Volatility,88.3642703
3y7y_ATM,2006-04-27,Normalized_Volatility,87.5487894
3y7y_ATM,2006-04-28,Normalized_Volatility,87.1798113
3y7y_ATM,2006-05-01,Normalized_Volatility,87.0159384
3y7y_ATM,2006-05-02,Normalized_Volatility,87.5073619
3y7y_ATM,2006-05-03,Normalized_Volatility,88.5149338
3y7y_ATM,2006-05-04,Normalized_Volatility,88.5143454
3y7y_ATM,2006-05-05,Normalized_Volatility,88.8305289
3y7y_ATM,2006-05-08,Normalized_Volatility,88.9924335
3y7y_ATM,2006-05-09,Normalized_Volatility,89.315956
3y7y_ATM,2006-05-10,Normalized_Volatility,89.482252
3y7y_ATM,2006-05-11,Normalized_Volatility,90.1338932
3y7y_ATM,2006-05-12,Normalized_Volatility,90.9334594
3y7y_ATM,2006-05-15,Normalized_Volatility,90.7722088
3y7y_ATM,2006-05-16,Normalized_Volatility,90.294108
3y7y_ATM,2006-05-17,Normalized_Volatility,90.7777044
3y7y_ATM,2006-05-18,Normalized_Volatility,91.425138
3y7y_ATM,2006-05-19,Normalized_Volatility,92.2243128
3y7y_ATM,2006-05-22,Normalized_Volatility,92.5454158
3y7y_ATM,2006-05-23,Normalized_Volatility,92.2260552
3y7y_ATM,2006-05-24,Normalized_Volatility,92.5445982
3y7y_ATM,2006-05-25,Normalized_Volatility,92.4870885
3y7y_ATM,2006-05-26,Normalized_Volatility,92.488704
3y7y_ATM,2006-05-30,Normalized_Volatility,91.9099272
3y7y_ATM,2006-05-31,Normalized_Volatility,91.9092864
3y7y_ATM,2006-06-01,Normalized_Volatility,90.6163104
3y7y_ATM,2006-06-02,Normalized_Volatility,90.6145476
3y7y_ATM,2006-06-05,Normalized_Volatility,90.12756
3y7y_ATM,2006-06-06,Normalized_Volatility,89.9712
3y7y_ATM,2006-06-07,Normalized_Volatility,89.3239654
3y7y_ATM,2006-06-08,Normalized_Volatility,89.4870666
3y7y_ATM,2006-06-09,Normalized_Volatility,88.9965492
3y7y_ATM,2006-06-12,Normalized_Volatility,88.354959
3y7y_ATM,2006-06-13,Normalized_Volatility,88.256999
3y7y_ATM,2006-06-14,Normalized_Volatility,88.5332584
3y7y_ATM,2006-06-15,Normalized_Volatility,89.1768745
3y7y_ATM,2006-06-16,Normalized_Volatility,89.4959567
3y7y_ATM,2006-06-19,Normalized_Volatility,89.3333278
3y7y_ATM,2006-06-20,Normalized_Volatility,89.4958995
3y7y_ATM,2006-06-21,Normalized_Volatility,90.1354203
3y7y_ATM,2006-06-22,Normalized_Volatility,89.8903677
3y7y_ATM,2006-06-23,Normalized_Volatility,90.68808
3y7y_ATM,2006-06-26,Normalized_Volatility,90.3490068
3y7y_ATM,2006-06-27,Normalized_Volatility,89.8706997
3y7y_ATM,2006-06-28,Normalized_Volatility,89.9126787
3y7y_ATM,2006-06-29,Normalized_Volatility,89.672928
3y7y_ATM,2006-06-30,Normalized_Volatility,89.5419882
3y7y_ATM,2006-07-03,Normalized_Volatility,89.5456989
3y7y_ATM,2006-07-05,Normalized_Volatility,89.5449542
3y7y_ATM,2006-07-06,Normalized_Volatility,89.0677812
3y7y_ATM,2006-07-07,Normalized_Volatility,88.9017762
3y7y_ATM,2006-07-10,Normalized_Volatility,88.7419596
3y7y_ATM,2006-07-11,Normalized_Volatility,88.9049304
3y7y_ATM,2006-07-12,Normalized_Volatility,88.741989
3y7y_ATM,2006-07-13,Normalized_Volatility,89.386143
3y7y_ATM,2006-07-14,Normalized_Volatility,89.8617636
3y7y_ATM,2006-07-17,Normalized_Volatility,89.860706
3y7y_ATM,2006-07-18,Normalized_Volatility,89.8678517
3y7y_ATM,2006-07-19,Normalized_Volatility,89.0601525
3y7y_ATM,2006-07-20,Normalized_Volatility,89.285514
3y7y_ATM,2006-07-21,Normalized_Volatility,89.2784508
3y7y_ATM,2006-07-24,Normalized_Volatility,88.793721
3y7y_ATM,2006-07-25,Normalized_Volatility,88.4758182
3y7y_ATM,2006-07-26,Normalized_Volatility,88.4772113
3y7y_ATM,2006-07-27,Normalized_Volatility,88.6803984
3y7y_ATM,2006-07-28,Normalized_Volatility,89.1167404
3y7y_ATM,2006-07-31,Normalized_Volatility,88.954544
3y7y_ATM,2006-08-01,Normalized_Volatility,89.174459
3y7y_ATM,2006-08-02,Normalized_Volatility,88.907877
3y7y_ATM,2006-08-03,Normalized_Volatility,88.5850004
3y7y_ATM,2006-08-04,Normalized_Volatility,88.0942282
3y7y_ATM,2006-08-07,Normalized_Volatility,87.7709184
3y7y_ATM,2006-08-08,Normalized_Volatility,86.9641086
3y7y_ATM,2006-08-09,Normalized_Volatility,86.1051744
3y7y_ATM,2006-08-10,Normalized_Volatility,86.4273277
3y7y_ATM,2006-08-11,Normalized_Volatility,86.5873594
3y7y_ATM,2006-08-14,Normalized_Volatility,86.0993112
3y7y_ATM,2006-08-15,Normalized_Volatility,85.6220056
3y7y_ATM,2006-08-16,Normalized_Volatility,85.619391
3y7y_ATM,2006-08-17,Normalized_Volatility,85.4585708
3y7y_ATM,2006-08-18,Normalized_Volatility,85.457562
3y7y_ATM,2006-08-21,Normalized_Volatility,85.4558172
3y7y_ATM,2006-08-22,Normalized_Volatility,85.9466608
3y7y_ATM,2006-08-23,Normalized_Volatility,86.4273426
3y7y_ATM,2006-08-24,Normalized_Volatility,86.9608576
3y7y_ATM,2006-08-25,Normalized_Volatility,87.0748374
3y7y_ATM,2006-08-28,Normalized_Volatility,86.946424
3y7y_ATM,2006-08-29,Normalized_Volatility,87.31169
3y7y_ATM,2006-08-30,Normalized_Volatility,87.9413898
3y7y_ATM,2006-08-31,Normalized_Volatility,87.6062317
3y7y_ATM,2006-09-01,Normalized_Volatility,87.119342
3y7y_ATM,2006-09-05,Normalized_Volatility,87.0120462
3y7y_ATM,2006-09-06,Normalized_Volatility,87.06412
3y7y_ATM,2006-09-07,Normalized_Volatility,87.227448
3y7y_ATM,2006-09-08,Normalized_Volatility,87.303879
3y7y_ATM,2006-09-11,Normalized_Volatility,87.305702
3y7y_ATM,2006-09-12,Normalized_Volatility,87.718248
3y7y_ATM,2006-09-13,Normalized_Volatility,88.2906885
3y7y_ATM,2006-09-14,Normalized_Volatility,88.2954358
3y7y_ATM,2006-09-15,Normalized_Volatility,87.9621372
3y7y_ATM,2006-09-18,Normalized_Volatility,87.7975758
3y7y_ATM,2006-09-19,Normalized_Volatility,88.1377986
3y7y_ATM,2006-09-20,Normalized_Volatility,87.6392702
3y7y_ATM,2006-09-21,Normalized_Volatility,88.1339585
3y7y_ATM,2006-09-22,Normalized_Volatility,90.2545488
3y7y_ATM,2006-09-25,Normalized_Volatility,91.3931634
3y7y_ATM,2006-09-26,Normalized_Volatility,90.2567815
3y7y_ATM,2006-09-27,Normalized_Volatility,90.2623998
3y7y_ATM,2006-09-28,Normalized_Volatility,89.7652112
3y7y_ATM,2006-09-29,Normalized_Volatility,90.088362
3y7y_ATM,2006-10-02,Normalized_Volatility,90.4148441
3y7y_ATM,2006-10-03,Normalized_Volatility,90.0919175
3y7y_ATM,2006-10-04,Normalized_Volatility,90.7482528
3y7y_ATM,2006-10-05,Normalized_Volatility,90.5772861
3y7y_ATM,2006-10-06,Normalized_Volatility,89.7591366
3y7y_ATM,2006-10-10,Normalized_Volatility,88.9409456
3y7y_ATM,2006-10-11,Normalized_Volatility,88.2933458
3y7y_ATM,2006-10-12,Normalized_Volatility,88.1342451
3y7y_ATM,2006-10-13,Normalized_Volatility,87.6366745
3y7y_ATM,2006-10-16,Normalized_Volatility,87.4713568
3y7y_ATM,2006-10-17,Normalized_Volatility,87.6363282
3y7y_ATM,2006-10-18,Normalized_Volatility,87.1458112
3y7y_ATM,2006-10-19,Normalized_Volatility,87.1519264
3y7y_ATM,2006-10-20,Normalized_Volatility,86.8201152
3y7y_ATM,2006-10-23,Normalized_Volatility,86.657698
3y7y_ATM,2006-10-24,Normalized_Volatility,86.328384
3y7y_ATM,2006-10-25,Normalized_Volatility,86.198364
3y7y_ATM,2006-10-26,Normalized_Volatility,86.335677
3y7y_ATM,2006-10-27,Normalized_Volatility,86.8294545
3y7y_ATM,2006-10-30,Normalized_Volatility,86.6497088
3y7y_ATM,2006-10-31,Normalized_Volatility,87.1468161
3y7y_ATM,2006-11-01,Normalized_Volatility,88.4563889
3y7y_ATM,2006-11-02,Normalized_Volatility,87.6393144
3y7y_ATM,2006-11-03,Normalized_Volatility,86.9779794
3y7y_ATM,2006-11-06,Normalized_Volatility,86.3280288
3y7y_ATM,2006-11-07,Normalized_Volatility,86.697438
3y7y_ATM,2006-11-08,Normalized_Volatility,86.3739544
3y7y_ATM,2006-11-09,Normalized_Volatility,85.5605454
3y7y_ATM,2006-11-10,Normalized_Volatility,86.0668886
3y7y_ATM,2006-11-13,Normalized_Volatility,85.6715822
3y7y_ATM,2006-11-14,Normalized_Volatility,86.3267061
3y7y_ATM,2006-11-15,Normalized_Volatility,85.5105606
3y7y_ATM,2006-11-16,Normalized_Volatility,85.0223408
3y7y_ATM,2006-11-17,Normalized_Volatility,84.9351816
3y7y_ATM,2006-11-20,Normalized_Volatility,84.6867456
3y7y_ATM,2006-11-21,Normalized_Volatility,84.6920777
3y7y_ATM,2006-11-22,Normalized_Volatility,84.6961668
3y7y_ATM,2006-11-24,Normalized_Volatility,85.1847228
3y7y_ATM,2006-11-27,Normalized_Volatility,85.3518161
3y7y_ATM,2006-11-28,Normalized_Volatility,86.012784
3y7y_ATM,2006-11-29,Normalized_Volatility,85.6779286
3y7y_ATM,2006-11-30,Normalized_Volatility,86.1678944
3y7y_ATM,2006-12-01,Normalized_Volatility,86.6544972
3y7y_ATM,2006-12-04,Normalized_Volatility,86.8640472
3y7y_ATM,2006-12-05,Normalized_Volatility,86.3743116
3y7y_ATM,2006-12-06,Normalized_Volatility,85.721368
3y7y_ATM,2006-12-07,Normalized_Volatility,86.3773621
3y7y_ATM,2006-12-08,Normalized_Volatility,85.3885065
3y7y_ATM,2006-12-11,Normalized_Volatility,85.2272775
3y7y_ATM,2006-12-12,Normalized_Volatility,84.8968098
3y7y_ATM,2006-12-13,Normalized_Volatility,84.2459592
3y7y_ATM,2006-12-14,Normalized_Volatility,83.9172852
3y7y_ATM,2006-12-15,Normalized_Volatility,83.5878285
3y7y_ATM,2006-12-18,Normalized_Volatility,83.0970855
3y7y_ATM,2006-12-19,Normalized_Volatility,82.9339238
3y7y_ATM,2006-12-20,Normalized_Volatility,82.4435586
3y7y_ATM,2006-12-21,Normalized_Volatility,82.565392
3y7y_ATM,2006-12-22,Normalized_Volatility,82.8948696
3y7y_ATM,2006-12-26,Normalized_Volatility,82.7332025
3y7y_ATM,2006-12-27,Normalized_Volatility,82.6065204
3y7y_ATM,2006-12-28,Normalized_Volatility,82.5982768
3y7y_ATM,2006-12-29,Normalized_Volatility,82.2716967
3y7y_ATM,2007-01-02,Normalized_Volatility,81.7488522
3y7y_ATM,2007-01-03,Normalized_Volatility,81.1991528
3y7y_ATM,2007-01-04,Normalized_Volatility,80.9346638
3y7y_ATM,2007-01-05,Normalized_Volatility,79.3752139
3y7y_ATM,2007-01-08,Normalized_Volatility,79.3000832
3y7y_ATM,2007-01-09,Normalized_Volatility,78.1860424
3y7y_ATM,2007-01-10,Normalized_Volatility,78.2300694
3y7y_ATM,2007-01-11,Normalized_Volatility,78.2990748
3y7y_ATM,2007-01-12,Normalized_Volatility,77.2825075
3y7y_ATM,2007-01-16,Normalized_Volatility,76.5903792
3y7y_ATM,2007-01-17,Normalized_Volatility,75.7584544
3y7y_ATM,2007-01-18,Normalized_Volatility,75.903567
3y7y_ATM,2007-01-19,Normalized_Volatility,76.5391808
3y7y_ATM,2007-01-22,Normalized_Volatility,76.7508768
3y7y_ATM,2007-01-23,Normalized_Volatility,76.2274464
3y7y_ATM,2007-01-24,Normalized_Volatility,76.148436
3y7y_ATM,2007-01-25,Normalized_Volatility,76.9333431
3y7y_ATM,2007-01-26,Normalized_Volatility,76.8154364
3y7y_ATM,2007-01-29,Normalized_Volatility,76.2708319
3y7y_ATM,2007-01-30,Normalized_Volatility,75.9365955
3y7y_ATM,2007-01-31,Normalized_Volatility,74.9231586
3y7y_ATM,2007-02-01,Normalized_Volatility,74.7502601
3y7y_ATM,2007-02-02,Normalized_Volatility,73.5667458
3y7y_ATM,2007-02-05,Normalized_Volatility,73.3328216
3y7y_ATM,2007-02-06,Normalized_Volatility,73.4775828
3y7y_ATM,2007-02-07,Normalized_Volatility,74.2948875
3y7y_ATM,2007-02-08,Normalized_Volatility,73.86432
3y7y_ATM,2007-02-09,Normalized_Volatility,73.6800684
3y7y_ATM,2007-02-12,Normalized_Volatility,73.2766125
3y7y_ATM,2007-02-13,Normalized_Volatility,73.271182
3y7y_ATM,2007-02-14,Normalized_Volatility,73.9632456
3y7y_ATM,2007-02-15,Normalized_Volatility,74.8360026
3y7y_ATM,2007-02-16,Normalized_Volatility,75.7080444
3y7y_ATM,2007-02-20,Normalized_Volatility,76.6110715
3y7y_ATM,2007-02-21,Normalized_Volatility,75.397953
3y7y_ATM,2007-02-22,Normalized_Volatility,74.7939957
3y7y_ATM,2007-02-23,Normalized_Volatility,75.7224724
3y7y_ATM,2007-02-26,Normalized_Volatility,76.7424294
3y7y_ATM,2007-02-27,Normalized_Volatility,79.4295124
3y7y_ATM,2007-02-28,Normalized_Volatility,78.2241012
3y7y_ATM,2007-03-01,Normalized_Volatility,79.5484746
3y7y_ATM,2007-03-02,Normalized_Volatility,81.136872
3y7y_ATM,2007-03-05,Normalized_Volatility,81.0375713
3y7y_ATM,2007-03-06,Normalized_Volatility,79.067541
3y7y_ATM,2007-03-07,Normalized_Volatility,79.5684192
3y7y_ATM,2007-03-08,Normalized_Volatility,78.622441
3y7y_ATM,2007-03-09,Normalized_Volatility,77.7693492
3y7y_ATM,2007-03-12,Normalized_Volatility,77.6470695
3y7y_ATM,2007-03-13,Normalized_Volatility,78.6898144
3y7y_ATM,2007-03-14,Normalized_Volatility,79.141962
3y7y_ATM,2007-03-15,Normalized_Volatility,78.3936736
3y7y_ATM,2007-03-16,Normalized_Volatility,77.7061197
3y7y_ATM,2007-03-19,Normalized_Volatility,76.9995413
3y7y_ATM,2007-03-20,Normalized_Volatility,76.753964
3y7y_ATM,2007-03-21,Normalized_Volatility,76.6682862
3y7y_ATM,2007-03-22,Normalized_Volatility,77.2355172
3y7y_ATM,2007-03-23,Normalized_Volatility,77.0446116
3y7y_ATM,2007-03-26,Normalized_Volatility,77.5438356
3y7y_ATM,2007-03-27,Normalized_Volatility,77.8984587
3y7y_ATM,2007-03-28,Normalized_Volatility,78.268833
3y7y_ATM,2007-03-29,Normalized_Volatility,77.4512718
3y7y_ATM,2007-03-30,Normalized_Volatility,77.6110544
3y7y_ATM,2007-04-02,Normalized_Volatility,77.338952
3y7y_ATM,2007-04-03,Normalized_Volatility,77.4098649
3y7y_ATM,2007-04-04,Normalized_Volatility,77.610372
3y7y_ATM,2007-04-05,Normalized_Volatility,77.0584936
3y7y_ATM,2007-04-09,Normalized_Volatility,75.8572616
3y7y_ATM,2007-04-10,Normalized_Volatility,75.976017
3y7y_ATM,2007-04-11,Normalized_Volatility,75.608775
3y7y_ATM,2007-04-12,Normalized_Volatility,75.091612
3y7y_ATM,2007-04-13,Normalized_Volatility,74.415834
3y7y_ATM,2007-04-16,Normalized_Volatility,74.7362682
3y7y_ATM,2007-04-17,Normalized_Volatility,75.4772768
3y7y_ATM,2007-04-18,Normalized_Volatility,76.096084
3y7y_ATM,2007-04-19,Normalized_Volatility,76.4597614
3y7y_ATM,2007-04-20,Normalized_Volatility,77.0829289
3y7y_ATM,2007-04-23,Normalized_Volatility,76.7994392
3y7y_ATM,2007-04-24,Normalized_Volatility,76.695785
3y7y_ATM,2007-04-25,Normalized_Volatility,76.615353
3y7y_ATM,2007-04-26,Normalized_Volatility,76.2182784
3y7y_ATM,2007-04-27,Normalized_Volatility,76.1965398
3y7y_ATM,2007-04-30,Normalized_Volatility,76.7806884
3y7y_ATM,2007-05-01,Normalized_Volatility,76.686487
3y7y_ATM,2007-05-02,Normalized_Volatility,76.50697
3y7y_ATM,2007-05-03,Normalized_Volatility,76.2239014
3y7y_ATM,2007-05-04,Normalized_Volatility,76.1389024
3y7y_ATM,2007-05-07,Normalized_Volatility,76.3744644
3y7y_ATM,2007-05-08,Normalized_Volatility,76.9424262
3y7y_ATM,2007-05-09,Normalized_Volatility,76.522859
3y7y_ATM,2007-05-10,Normalized_Volatility,76.6353714
3y7y_ATM,2007-05-11,Normalized_Volatility,76.6972764
3y7y_ATM,2007-05-14,Normalized_Volatility,76.0627287
3y7y_ATM,2007-05-15,Normalized_Volatility,75.920757
3y7y_ATM,2007-05-16,Normalized_Volatility,75.99508
3y7y_ATM,2007-05-17,Normalized_Volatility,75.219214
3y7y_ATM,2007-05-18,Normalized_Volatility,75.8312544
3y7y_ATM,2007-05-21,Normalized_Volatility,75.2615667
3y7y_ATM,2007-05-22,Normalized_Volatility,74.5339414
3y7y_ATM,2007-05-23,Normalized_Volatility,75.0066176
3y7y_ATM,2007-05-24,Normalized_Volatility,75.1956615
3y7y_ATM,2007-05-25,Normalized_Volatility,75.1751466
3y7y_ATM,2007-05-29,Normalized_Volatility,75.201966
3y7y_ATM,2007-05-30,Normalized_Volatility,75.4222314
3y7y_ATM,2007-05-31,Normalized_Volatility,75.5702625
3y7y_ATM,2007-06-01,Normalized_Volatility,75.0928731
3y7y_ATM,2007-06-04,Normalized_Volatility,75.0746724
3y7y_ATM,2007-06-05,Normalized_Volatility,74.718774
3y7y_ATM,2007-06-06,Normalized_Volatility,75.3576555
3y7y_ATM,2007-06-07,Normalized_Volatility,77.7073227
3y7y_ATM,2007-06-08,Normalized_Volatility,78.5820882
3y7y_ATM,2007-06-11,Normalized_Volatility,78.3643119
3y7y_ATM,2007-06-12,Normalized_Volatility,81.6881472
3y7y_ATM,2007-06-13,Normalized_Volatility,80.4529236
3y7y_ATM,2007-06-14,Normalized_Volatility,80.2232928
3y7y_ATM,2007-06-15,Normalized_Volatility,78.615008
3y7y_ATM,2007-06-18,Normalized_Volatility,77.485469
3y7y_ATM,2007-06-19,Normalized_Volatility,78.2521065
3y7y_ATM,2007-06-20,Normalized_Volatility,78.9051082
3y7y_ATM,2007-06-21,Normalized_Volatility,80.050658
3y7y_ATM,2007-06-22,Normalized_Volatility,80.2914602
3y7y_ATM,2007-06-25,Normalized_Volatility,80.5041966
3y7y_ATM,2007-06-26,Normalized_Volatility,80.5394844
3y7y_ATM,2007-06-27,Normalized_Volatility,81.0197872
3y7y_ATM,2007-06-28,Normalized_Volatility,80.7719198
3y7y_ATM,2007-06-29,Normalized_Volatility,81.6676432
3y7y_ATM,2007-07-02,Normalized_Volatility,82.2090966
3y7y_ATM,2007-07-03,Normalized_Volatility,82.1048454
3y7y_ATM,2007-07-05,Normalized_Volatility,81.9721728
3y7y_ATM,2007-07-06,Normalized_Volatility,82.5837708
3y7y_ATM,2007-07-09,Normalized_Volatility,81.843684
3y7y_ATM,2007-07-10,Normalized_Volatility,83.6769074
3y7y_ATM,2007-07-11,Normalized_Volatility,83.6714592
3y7y_ATM,2007-07-12,Normalized_Volatility,83.4153001
3y7y_ATM,2007-07-13,Normalized_Volatility,83.431117
3y7y_ATM,2007-07-16,Normalized_Volatility,82.975776
3y7y_ATM,2007-07-17,Normalized_Volatility,82.6644244
3y7y_ATM,2007-07-18,Normalized_Volatility,82.7496645
3y7y_ATM,2007-07-19,Normalized_Volatility,82.559169
3y7y_ATM,2007-07-20,Normalized_Volatility,84.229008
3y7y_ATM,2007-07-23,Normalized_Volatility,83.9961932
3y7y_ATM,2007-07-24,Normalized_Volatility,86.0796558
3y7y_ATM,2007-07-25,Normalized_Volatility,87.4330875
3y7y_ATM,2007-07-26,Normalized_Volatility,92.6263302
3y7y_ATM,2007-07-27,Normalized_Volatility,94.790724
3y7y_ATM,2007-07-30,Normalized_Volatility,93.7403658
3y7y_ATM,2007-07-31,Normalized_Volatility,92.964256
3y7y_ATM,2007-08-01,Normalized_Volatility,91.9135602
3y7y_ATM,2007-08-02,Normalized_Volatility,90.524225
3y7y_ATM,2007-08-03,Normalized_Volatility,91.15364
3y7y_ATM,2007-08-06,Normalized_Volatility,91.4230012
3y7y_ATM,2007-08-07,Normalized_Volatility,89.2345844
3y7y_ATM,2007-08-08,Normalized_Volatility,88.7588496
3y7y_ATM,2007-08-09,Normalized_Volatility,92.1959016
3y7y_ATM,2007-08-10,Normalized_Volatility,92.5024569
3y7y_ATM,2007-08-13,Normalized_Volatility,91.7666859
3y7y_ATM,2007-08-14,Normalized_Volatility,92.2034498
3y7y_ATM,2007-08-15,Normalized_Volatility,93.1674752
3y7y_ATM,2007-08-16,Normalized_Volatility,96.7775364
3y7y_ATM,2007-08-17,Normalized_Volatility,95.4594111
3y7y_ATM,2007-08-20,Normalized_Volatility,94.7327634
3y7y_ATM,2007-08-21,Normalized_Volatility,95.3297073
3y7y_ATM,2007-08-22,Normalized_Volatility,93.8394747
3y7y_ATM,2007-08-23,Normalized_Volatility,92.2367652
3y7y_ATM,2007-08-24,Normalized_Volatility,89.4875419
3y7y_ATM,2007-08-27,Normalized_Volatility,89.100273
3y7y_ATM,2007-08-28,Normalized_Volatility,90.6322976
3y7y_ATM,2007-08-29,Normalized_Volatility,90.7228141
3y7y_ATM,2007-08-30,Normalized_Volatility,91.015083
3y7y_ATM,2007-08-31,Normalized_Volatility,90.7073151
3y7y_ATM,2007-09-04,Normalized_Volatility,90.1393896
3y7y_ATM,2007-09-05,Normalized_Volatility,91.0204614
3y7y_ATM,2007-09-06,Normalized_Volatility,90.4037848
3y7y_ATM,2007-09-07,Normalized_Volatility,92.1428095
3y7y_ATM,2007-09-10,Normalized_Volatility,93.638128
3y7y_ATM,2007-09-11,Normalized_Volatility,94.5770616
3y7y_ATM,2007-09-12,Normalized_Volatility,95.933602
3y7y_ATM,2007-09-13,Normalized_Volatility,94.9414944
3y7y_ATM,2007-09-14,Normalized_Volatility,93.711276
3y7y_ATM,2007-09-17,Normalized_Volatility,93.5533872
3y7y_ATM,2007-09-18,Normalized_Volatility,92.6370404
3y7y_ATM,2007-09-19,Normalized_Volatility,91.0855132
3y7y_ATM,2007-09-20,Normalized_Volatility,92.5622704
3y7y_ATM,2007-09-21,Normalized_Volatility,93.1941885
3y7y_ATM,2007-09-24,Normalized_Volatility,93.155432
3y7y_ATM,2007-09-25,Normalized_Volatility,94.5600234
3y7y_ATM,2007-09-26,Normalized_Volatility,94.3359245
3y7y_ATM,2007-09-27,Normalized_Volatility,94.312408
3y7y_ATM,2007-09-28,Normalized_Volatility,94.2142014
3y7y_ATM,2007-10-01,Normalized_Volatility,94.22128
3y7y_ATM,2007-10-02,Normalized_Volatility,93.1569582
3y7y_ATM,2007-10-03,Normalized_Volatility,91.9404556
3y7y_ATM,2007-10-04,Normalized_Volatility,92.191947
3y7y_ATM,2007-10-05,Normalized_Volatility,91.9648048
3y7y_ATM,2007-10-09,Normalized_Volatility,90.6965598
3y7y_ATM,2007-10-10,Normalized_Volatility,89.0376914
3y7y_ATM,2007-10-11,Normalized_Volatility,87.9765964
3y7y_ATM,2007-10-12,Normalized_Volatility,86.7255795
3y7y_ATM,2007-10-15,Normalized_Volatility,86.2537819
3y7y_ATM,2007-10-16,Normalized_Volatility,88.1034408
3y7y_ATM,2007-10-17,Normalized_Volatility,90.2113127
3y7y_ATM,2007-10-18,Normalized_Volatility,90.99981
3y7y_ATM,2007-10-19,Normalized_Volatility,91.6959654
3y7y_ATM,2007-10-22,Normalized_Volatility,92.1658266
3y7y_ATM,2007-10-23,Normalized_Volatility,92.1436334
3y7y_ATM,2007-10-24,Normalized_Volatility,93.3655632
3y7y_ATM,2007-10-25,Normalized_Volatility,93.8578186
3y7y_ATM,2007-10-26,Normalized_Volatility,92.5936115
3y7y_ATM,2007-10-29,Normalized_Volatility,92.4082803
3y7y_ATM,2007-10-30,Normalized_Volatility,90.6358075
3y7y_ATM,2007-10-31,Normalized_Volatility,88.7487488
3y7y_ATM,2007-11-01,Normalized_Volatility,91.0256906
3y7y_ATM,2007-11-02,Normalized_Volatility,91.7123529
3y7y_ATM,2007-11-05,Normalized_Volatility,92.0339315
3y7y_ATM,2007-11-06,Normalized_Volatility,92.0156094
3y7y_ATM,2007-11-07,Normalized_Volatility,94.7932887
3y7y_ATM,2007-11-08,Normalized_Volatility,97.9955704
3y7y_ATM,2007-11-09,Normalized_Volatility,97.310448
3y7y_ATM,2007-11-13,Normalized_Volatility,95.282719
3y7y_ATM,2007-11-14,Normalized_Volatility,94.098186
3y7y_ATM,2007-11-15,Normalized_Volatility,96.5122898
3y7y_ATM,2007-11-16,Normalized_Volatility,96.2837128
3y7y_ATM,2007-11-19,Normalized_Volatility,98.14441
3y7y_ATM,2007-11-20,Normalized_Volatility,99.326304
3y7y_ATM,2007-11-21,Normalized_Volatility,101.248872
3y7y_ATM,2007-11-23,Normalized_Volatility,101.4943518
3y7y_ATM,2007-11-26,Normalized_Volatility,104.1243552
3y7y_ATM,2007-11-27,Normalized_Volatility,106.7289716
3y7y_ATM,2007-11-28,Normalized_Volatility,104.2739888
3y7y_ATM,2007-11-29,Normalized_Volatility,104.7205788
3y7y_ATM,2007-11-30,Normalized_Volatility,102.1312182
3y7y_ATM,2007-12-03,Normalized_Volatility,101.976506
3y7y_ATM,2007-12-04,Normalized_Volatility,102.3322624
3y7y_ATM,2007-12-05,Normalized_Volatility,101.357136
3y7y_ATM,2007-12-06,Normalized_Volatility,99.991135
3y7y_ATM,2007-12-07,Normalized_Volatility,100.2221044
3y7y_ATM,2007-12-10,Normalized_Volatility,99.6441108
3y7y_ATM,2007-12-11,Normalized_Volatility,100.8563177
3y7y_ATM,2007-12-12,Normalized_Volatility,99.4308952
3y7y_ATM,2007-12-13,Normalized_Volatility,98.588208
3y7y_ATM,2007-12-14,Normalized_Volatility,97.484412
3y7y_ATM,2007-12-17,Normalized_Volatility,98.208682
3y7y_ATM,2007-12-18,Normalized_Volatility,98.5861748
3y7y_ATM,2007-12-19,Normalized_Volatility,99.5637785
3y7y_ATM,2007-12-20,Normalized_Volatility,101.160115
3y7y_ATM,2007-12-21,Normalized_Volatility,100.3495864
3y7y_ATM,2007-12-24,Normalized_Volatility,100.427472
3y7y_ATM,2007-12-26,Normalized_Volatility,100.3341474
3y7y_ATM,2007-12-27,Normalized_Volatility,100.6064806
3y7y_ATM,2007-12-28,Normalized_Volatility,102.3433565
3y7y_ATM,2007-12-31,Normalized_Volatility,103.8579102
3y7y_ATM,2008-01-02,Normalized_Volatility,104.5267752
3y7y_ATM,2008-01-03,Normalized_Volatility,104.018802
3y7y_ATM,2008-01-04,Normalized_Volatility,104.1815788
3y7y_ATM,2008-01-07,Normalized_Volatility,102.2128845
3y7y_ATM,2008-01-08,Normalized_Volatility,100.342015
3y7y_ATM,2008-01-09,Normalized_Volatility,101.6336773
3y7y_ATM,2008-01-10,Normalized_Volatility,101.0707392
3y7y_ATM,2008-01-11,Normalized_Volatility,100.443196
3y7y_ATM,2008-01-14,Normalized_Volatility,101.214106
3y7y_ATM,2008-01-15,Normalized_Volatility,101.6532232
3y7y_ATM,2008-01-16,Normalized_Volatility,101.488079
3y7y_ATM,2008-01-17,Normalized_Volatility,101.514075
3y7y_ATM,2008-01-18,Normalized_Volatility,102.4124018
3y7y_ATM,2008-01-22,Normalized_Volatility,104.542659
3y7y_ATM,2008-01-23,Normalized_Volatility,108.107948
3y7y_ATM,2008-01-24,Normalized_Volatility,109.457744
3y7y_ATM,2008-01-25,Normalized_Volatility,110.3138943
3y7y_ATM,2008-01-28,Normalized_Volatility,109.2320853
3y7y_ATM,2008-01-29,Normalized_Volatility,108.3732937
3y7y_ATM,2008-01-30,Normalized_Volatility,105.7574898
3y7y_ATM,2008-01-31,Normalized_Volatility,107.433243
3y7y_ATM,2008-02-01,Normalized_Volatility,106.4829213
3y7y_ATM,2008-02-04,Normalized_Volatility,105.9806464
3y7y_ATM,2008-02-05,Normalized_Volatility,106.7782848
3y7y_ATM,2008-02-06,Normalized_Volatility,107.2058425
3y7y_ATM,2008-02-07,Normalized_Volatility,108.1938494
3y7y_ATM,2008-02-08,Normalized_Volatility,108.25174
3y7y_ATM,2008-02-11,Normalized_Volatility,109.8959885
3y7y_ATM,2008-02-12,Normalized_Volatility,109.8741255
3y7y_ATM,2008-02-13,Normalized_Volatility,111.1295262
3y7y_ATM,2008-02-14,Normalized_Volatility,114.7294176
3y7y_ATM,2008-02-15,Normalized_Volatility,115.3092402
3y7y_ATM,2008-02-19,Normalized_Volatility,115.6879348
3y7y_ATM,2008-02-20,Normalized_Volatility,116.115445
3y7y_ATM,2008-02-21,Normalized_Volatility,118.1162205
3y7y_ATM,2008-02-22,Normalized_Volatility,118.3904022
3y7y_ATM,2008-02-25,Normalized_Volatility,118.8685218
3y7y_ATM,2008-02-26,Normalized_Volatility,116.9369376
3y7y_ATM,2008-02-27,Normalized_Volatility,115.6057963
3y7y_ATM,2008-02-28,Normalized_Volatility,114.7201187
3y7y_ATM,2008-02-29,Normalized_Volatility,117.6125906
3y7y_ATM,2008-03-03,Normalized_Volatility,117.5606038
3y7y_ATM,2008-03-04,Normalized_Volatility,120.1122675
3y7y_ATM,2008-03-05,Normalized_Volatility,120.2116104
3y7y_ATM,2008-03-06,Normalized_Volatility,123.7903182
3y7y_ATM,2008-03-07,Normalized_Volatility,124.9105388
3y7y_ATM,2008-03-10,Normalized_Volatility,124.9716474
3y7y_ATM,2008-03-11,Normalized_Volatility,121.218462
3y7y_ATM,2008-03-12,Normalized_Volatility,119.945805
3y7y_ATM,2008-03-13,Normalized_Volatility,121.2002743
3y7y_ATM,2008-03-14,Normalized_Volatility,123.4193364
3y7y_ATM,2008-03-17,Normalized_Volatility,122.856555
3y7y_ATM,2008-03-18,Normalized_Volatility,118.3618332
3y7y_ATM,2008-03-19,Normalized_Volatility,115.600124
3y7y_ATM,2008-03-20,Normalized_Volatility,116.6139361
3y7y_ATM,2008-03-24,Normalized_Volatility,117.5763975
3y7y_ATM,2008-03-25,Normalized_Volatility,117.7556813
3y7y_ATM,2008-03-26,Normalized_Volatility,116.8972948
3y7y_ATM,2008-03-27,Normalized_Volatility,116.4969168
3y7y_ATM,2008-03-28,Normalized_Volatility,112.548409
3y7y_ATM,2008-03-31,Normalized_Volatility,112.885028
3y7y_ATM,2008-04-01,Normalized_Volatility,109.479168
3y7y_ATM,2008-04-02,Normalized_Volatility,108.049004
3y7y_ATM,2008-04-03,Normalized_Volatility,107.3596349
3y7y_ATM,2008-04-04,Normalized_Volatility,108.75141
3y7y_ATM,2008-04-07,Normalized_Volatility,109.244485
3y7y_ATM,2008-04-08,Normalized_Volatility,107.55154
3y7y_ATM,2008-04-09,Normalized_Volatility,107.6239726
3y7y_ATM,2008-04-10,Normalized_Volatility,109.7401544
3y7y_ATM,2008-04-11,Normalized_Volatility,111.4826544
3y7y_ATM,2008-04-14,Normalized_Volatility,110.5829334
3y7y_ATM,2008-04-15,Normalized_Volatility,110.9464668
3y7y_ATM,2008-04-16,Normalized_Volatility,113.9370139
3y7y_ATM,2008-04-17,Normalized_Volatility,114.3659972
3y7y_ATM,2008-04-18,Normalized_Volatility,111.209625
3y7y_ATM,2008-04-21,Normalized_Volatility,110.5833387
3y7y_ATM,2008-04-22,Normalized_Volatility,110.63179
3y7y_ATM,2008-04-23,Normalized_Volatility,110.2897402
3y7y_ATM,2008-04-24,Normalized_Volatility,111.1724509
3y7y_ATM,2008-04-25,Normalized_Volatility,110.3284875
3y7y_ATM,2008-04-28,Normalized_Volatility,110.1317668
3y7y_ATM,2008-04-29,Normalized_Volatility,109.76049
3y7y_ATM,2008-04-30,Normalized_Volatility,108.3040896
3y7y_ATM,2008-05-01,Normalized_Volatility,104.9716672
3y7y_ATM,2008-05-02,Normalized_Volatility,102.188271
3y7y_ATM,2008-05-05,Normalized_Volatility,102.5777
3y7y_ATM,2008-05-06,Normalized_Volatility,103.3819188
3y7y_ATM,2008-05-07,Normalized_Volatility,103.865839
3y7y_ATM,2008-05-08,Normalized_Volatility,106.6758881
3y7y_ATM,2008-05-09,Normalized_Volatility,108.1219327
3y7y_ATM,2008-05-12,Normalized_Volatility,108.3478968
3y7y_ATM,2008-05-13,Normalized_Volatility,108.67464
3y7y_ATM,2008-05-14,Normalized_Volatility,107.938986
3y7y_ATM,2008-05-15,Normalized_Volatility,106.2926522
3y7y_ATM,2008-05-16,Normalized_Volatility,105.197427
3y7y_ATM,2008-05-19,Normalized_Volatility,103.1564387
3y7y_ATM,2008-05-20,Normalized_Volatility,103.700575
3y7y_ATM,2008-05-21,Normalized_Volatility,102.912057
3y7y_ATM,2008-05-22,Normalized_Volatility,103.94002
3y7y_ATM,2008-05-23,Normalized_Volatility,103.586099
3y7y_ATM,2008-05-27,Normalized_Volatility,103.973323
3y7y_ATM,2008-05-28,Normalized_Volatility,103.5624879
3y7y_ATM,2008-05-29,Normalized_Volatility,104.8211844
3y7y_ATM,2008-05-30,Normalized_Volatility,103.962955
3y7y_ATM,2008-06-02,Normalized_Volatility,104.9167148
3y7y_ATM,2008-06-03,Normalized_Volatility,104.7866967
3y7y_ATM,2008-06-04,Normalized_Volatility,105.2899976
3y7y_ATM,2008-06-05,Normalized_Volatility,106.2836331
3y7y_ATM,2008-06-06,Normalized_Volatility,110.5572736
3y7y_ATM,2008-06-09,Normalized_Volatility,113.4853952
3y7y_ATM,2008-06-10,Normalized_Volatility,111.8710188
3y7y_ATM,2008-06-11,Normalized_Volatility,109.15981
3y7y_ATM,2008-06-12,Normalized_Volatility,109.041218
3y7y_ATM,2008-06-13,Normalized_Volatility,109.275156
3y7y_ATM,2008-06-16,Normalized_Volatility,108.2080944
3y7y_ATM,2008-06-17,Normalized_Volatility,107.4651039
3y7y_ATM,2008-06-18,Normalized_Volatility,106.498175
3y7y_ATM,2008-06-19,Normalized_Volatility,106.509204
3y7y_ATM,2008-06-20,Normalized_Volatility,107.885008
3y7y_ATM,2008-06-23,Normalized_Volatility,108.2189988
3y7y_ATM,2008-06-24,Normalized_Volatility,109.3842533
3y7y_ATM,2008-06-25,Normalized_Volatility,109.6743865
3y7y_ATM,2008-06-26,Normalized_Volatility,111.9454092
3y7y_ATM,2008-06-27,Normalized_Volatility,112.2664921
3y7y_ATM,2008-06-30,Normalized_Volatility,111.5012688
3y7y_ATM,2008-07-01,Normalized_Volatility,111.670416
3y7y_ATM,2008-07-02,Normalized_Volatility,111.2558944
3y7y_ATM,2008-07-03,Normalized_Volatility,110.251701
3y7y_ATM,2008-07-07,Normalized_Volatility,109.5677472
3y7y_ATM,2008-07-08,Normalized_Volatility,109.6641653
3y7y_ATM,2008-07-09,Normalized_Volatility,109.1297772
3y7y_ATM,2008-07-10,Normalized_Volatility,109.4695784
3y7y_ATM,2008-07-11,Normalized_Volatility,110.82757
3y7y_ATM,2008-07-14,Normalized_Volatility,111.2126918
3y7y_ATM,2008-07-15,Normalized_Volatility,110.357356
3y7y_ATM,2008-07-16,Normalized_Volatility,108.753404
3y7y_ATM,2008-07-17,Normalized_Volatility,109.166125
3y7y_ATM,2008-07-18,Normalized_Volatility,108.9369135
3y7y_ATM,2008-07-21,Normalized_Volatility,108.7369704
3y7y_ATM,2008-07-22,Normalized_Volatility,106.7547338
3y7y_ATM,2008-07-23,Normalized_Volatility,106.5955894
3y7y_ATM,2008-07-24,Normalized_Volatility,107.3176803
3y7y_ATM,2008-07-25,Normalized_Volatility,105.790014
3y7y_ATM,2008-07-28,Normalized_Volatility,105.4072545
3y7y_ATM,2008-07-29,Normalized_Volatility,105.4052274
3y7y_ATM,2008-07-30,Normalized_Volatility,104.0728104
3y7y_ATM,2008-07-31,Normalized_Volatility,103.5814656
3y7y_ATM,2008-08-01,Normalized_Volatility,102.6022449
3y7y_ATM,2008-08-04,Normalized_Volatility,102.5039752
3y7y_ATM,2008-08-05,Normalized_Volatility,102.1645152
3y7y_ATM,2008-08-06,Normalized_Volatility,102.643623
3y7y_ATM,2008-08-07,Normalized_Volatility,102.2469008
3y7y_ATM,2008-08-08,Normalized_Volatility,101.5990885
3y7y_ATM,2008-08-11,Normalized_Volatility,101.2614025
3y7y_ATM,2008-08-12,Normalized_Volatility,102.0121856
3y7y_ATM,2008-08-13,Normalized_Volatility,103.2610416
3y7y_ATM,2008-08-14,Normalized_Volatility,102.7319616
3y7y_ATM,2008-08-15,Normalized_Volatility,103.302381
3y7y_ATM,2008-08-18,Normalized_Volatility,103.7453544
3y7y_ATM,2008-08-19,Normalized_Volatility,104.8720617
3y7y_ATM,2008-08-20,Normalized_Volatility,106.6031343
3y7y_ATM,2008-08-21,Normalized_Volatility,107.4629552
3y7y_ATM,2008-08-22,Normalized_Volatility,107.1163387
3y7y_ATM,2008-08-25,Normalized_Volatility,107.9563576
3y7y_ATM,2008-08-26,Normalized_Volatility,107.6383508
3y7y_ATM,2008-08-27,Normalized_Volatility,106.622304
3y7y_ATM,2008-08-28,Normalized_Volatility,106.9512084
3y7y_ATM,2008-08-29,Normalized_Volatility,106.526667
3y7y_ATM,2008-09-02,Normalized_Volatility,106.6470656
3y7y_ATM,2008-09-03,Normalized_Volatility,106.9272425
3y7y_ATM,2008-09-04,Normalized_Volatility,108.95054
3y7y_ATM,2008-09-05,Normalized_Volatility,108.32613
3y7y_ATM,2008-09-08,Normalized_Volatility,107.0385773
3y7y_ATM,2008-09-09,Normalized_Volatility,107.320572
3y7y_ATM,2008-09-10,Normalized_Volatility,107.2360494
3y7y_ATM,2008-09-11,Normalized_Volatility,107.1139564
3y7y_ATM,2008-09-12,Normalized_Volatility,106.8655819
3y7y_ATM,2008-09-15,Normalized_Volatility,113.1604034
3y7y_ATM,2008-09-16,Normalized_Volatility,119.0027564
3y7y_ATM,2008-09-17,Normalized_Volatility,118.615119
3y7y_ATM,2008-09-18,Normalized_Volatility,118.0321736
3y7y_ATM,2008-09-19,Normalized_Volatility,112.1470105
3y7y_ATM,2008-09-22,Normalized_Volatility,109.3927128
3y7y_ATM,2008-09-23,Normalized_Volatility,109.3913547
3y7y_ATM,2008-09-24,Normalized_Volatility,114.5279615
3y7y_ATM,2008-09-25,Normalized_Volatility,114.9787989
3y7y_ATM,2008-09-26,Normalized_Volatility,113.791212
3y7y_ATM,2008-09-29,Normalized_Volatility,120.3836284
3y7y_ATM,2008-09-30,Normalized_Volatility,120.6004954
3y7y_ATM,2008-10-01,Normalized_Volatility,120.4879914
3y7y_ATM,2008-10-02,Normalized_Volatility,121.68996
3y7y_ATM,2008-10-03,Normalized_Volatility,121.668156
3y7y_ATM,2008-10-06,Normalized_Volatility,121.7138064
3y7y_ATM,2008-10-07,Normalized_Volatility,128.287705
3y7y_ATM,2008-10-08,Normalized_Volatility,127.6978584
3y7y_ATM,2008-10-09,Normalized_Volatility,134.90989
3y7y_ATM,2008-10-10,Normalized_Volatility,145.3879888
3y7y_ATM,2008-10-14,Normalized_Volatility,145.6347622
3y7y_ATM,2008-10-15,Normalized_Volatility,133.34805
3y7y_ATM,2008-10-16,Normalized_Volatility,134.7118033
3y7y_ATM,2008-10-17,Normalized_Volatility,132.2392552
3y7y_ATM,2008-10-20,Normalized_Volatility,126.612465
3y7y_ATM,2008-10-21,Normalized_Volatility,126.6791056
3y7y_ATM,2008-10-22,Normalized_Volatility,127.27616
3y7y_ATM,2008-10-23,Normalized_Volatility,136.8039384
3y7y_ATM,2008-10-24,Normalized_Volatility,134.6791238
3y7y_ATM,2008-10-27,Normalized_Volatility,135.0239884
3y7y_ATM,2008-10-28,Normalized_Volatility,132.7376592
3y7y_ATM,2008-10-29,Normalized_Volatility,129.8916108
3y7y_ATM,2008-10-30,Normalized_Volatility,126.3655764
3y7y_ATM,2008-10-31,Normalized_Volatility,126.503792
3y7y_ATM,2008-11-03,Normalized_Volatility,126.4818303
3y7y_ATM,2008-11-04,Normalized_Volatility,124.9602816
3y7y_ATM,2008-11-05,Normalized_Volatility,128.5342136
3y7y_ATM,2008-11-06,Normalized_Volatility,129.5210559
3y7y_ATM,2008-11-07,Normalized_Volatility,131.5646241
3y7y_ATM,2008-11-10,Normalized_Volatility,132.3507757
3y7y_ATM,2008-11-12,Normalized_Volatility,131.016431
3y7y_ATM,2008-11-13,Normalized_Volatility,133.326258
3y7y_ATM,2008-11-14,Normalized_Volatility,140.4938912
3y7y_ATM,2008-11-17,Normalized_Volatility,144.516288
3y7y_ATM,2008-11-18,Normalized_Volatility,149.4680693484
3y7y_ATM,2008-11-19,Normalized_Volatility,155.8544746538
3y7y_ATM,2008-11-20,Normalized_Volatility,162.1866224536
3y7y_ATM,2008-11-21,Normalized_Volatility,155.387923944
3y7y_ATM,2008-11-24,Normalized_Volatility,142.2477071007
3y7y_ATM,2008-11-25,Normalized_Volatility,143.2783543982
3y7y_ATM,2008-11-26,Normalized_Volatility,142.9991412998
3y7y_ATM,2008-11-28,Normalized_Volatility,143.2218586322
3y7y_ATM,2008-12-01,Normalized_Volatility,140.6632396299
3y7y_ATM,2008-12-02,Normalized_Volatility,133.4848439848
3y7y_ATM,2008-12-03,Normalized_Volatility,130.4806763337
3y7y_ATM,2008-12-04,Normalized_Volatility,133.4149059244
3y7y_ATM,2008-12-05,Normalized_Volatility,135.1840220841
3y7y_ATM,2008-12-08,Normalized_Volatility,134.2745197014
3y7y_ATM,2008-12-09,Normalized_Volatility,135.6594590579
3y7y_ATM,2008-12-10,Normalized_Volatility,135.9841547088
3y7y_ATM,2008-12-11,Normalized_Volatility,138.3556570844
3y7y_ATM,2008-12-12,Normalized_Volatility,139.1992311152
3y7y_ATM,2008-12-15,Normalized_Volatility,133.8045357485
3y7y_ATM,2008-12-16,Normalized_Volatility,121.677843006
3y7y_ATM,2008-12-17,Normalized_Volatility,113.6991952944
3y7y_ATM,2008-12-18,Normalized_Volatility,113.214757096
3y7y_ATM,2008-12-19,Normalized_Volatility,113.06820033
3y7y_ATM,2008-12-22,Normalized_Volatility,114.3649790541
3y7y_ATM,2008-12-23,Normalized_Volatility,116.1339245955
3y7y_ATM,2008-12-24,Normalized_Volatility,115.857556308
3y7y_ATM,2008-12-26,Normalized_Volatility,117.1307273114
3y7y_ATM,2008-12-29,Normalized_Volatility,117.7212126118
3y7y_ATM,2008-12-30,Normalized_Volatility,116.1994802752
3y7y_ATM,2008-12-31,Normalized_Volatility,115.977299152
3y7y_ATM,2009-01-02,Normalized_Volatility,115.0114359933
3y7y_ATM,2009-01-05,Normalized_Volatility,114.1129800027
3y7y_ATM,2009-01-06,Normalized_Volatility,111.673579584
3y7y_ATM,2009-01-07,Normalized_Volatility,108.354517225
3y7y_ATM,2009-01-08,Normalized_Volatility,105.653959936
3y7y_ATM,2009-01-09,Normalized_Volatility,102.2041320142
3y7y_ATM,2009-01-12,Normalized_Volatility,102.2392191694
3y7y_ATM,2009-01-13,Normalized_Volatility,100.419460506
3y7y_ATM,2009-01-14,Normalized_Volatility,102.520096276
3y7y_ATM,2009-01-15,Normalized_Volatility,106.4655511819
3y7y_ATM,2009-01-16,Normalized_Volatility,106.202960402
3y7y_ATM,2009-01-20,Normalized_Volatility,108.169576218
3y7y_ATM,2009-01-21,Normalized_Volatility,109.0679679162
3y7y_ATM,2009-01-22,Normalized_Volatility,110.5237231695
3y7y_ATM,2009-01-23,Normalized_Volatility,112.3528325585
3y7y_ATM,2009-01-26,Normalized_Volatility,115.8685777608
3y7y_ATM,2009-01-27,Normalized_Volatility,115.4048667376
3y7y_ATM,2009-01-28,Normalized_Volatility,115.6347402084
3y7y_ATM,2009-01-29,Normalized_Volatility,116.6406094854
3y7y_ATM,2009-01-30,Normalized_Volatility,118.0551592545
3y7y_ATM,2009-02-02,Normalized_Volatility,121.170716457
3y7y_ATM,2009-02-03,Normalized_Volatility,122.25587545
3y7y_ATM,2009-02-04,Normalized_Volatility,126.8611920832
3y7y_ATM,2009-02-05,Normalized_Volatility,126.0967969134
3y7y_ATM,2009-02-06,Normalized_Volatility,128.1246243048
3y7y_ATM,2009-02-09,Normalized_Volatility,125.7570779473
3y7y_ATM,2009-02-10,Normalized_Volatility,125.4189396241
3y7y_ATM,2009-02-11,Normalized_Volatility,118.688709987
3y7y_ATM,2009-02-12,Normalized_Volatility,118.64883987
3y7y_ATM,2009-02-13,Normalized_Volatility,121.887324633
3y7y_ATM,2009-02-17,Normalized_Volatility,121.55388864
3y7y_ATM,2009-02-18,Normalized_Volatility,120.589828965
3y7y_ATM,2009-02-19,Normalized_Volatility,122.0170504681
3y7y_ATM,2009-02-20,Normalized_Volatility,122.6805137595
3y7y_ATM,2009-02-23,Normalized_Volatility,121.6569879152
3y7y_ATM,2009-02-24,Normalized_Volatility,122.2017051708
3y7y_ATM,2009-02-25,Normalized_Volatility,127.5916906999
3y7y_ATM,2009-02-26,Normalized_Volatility,125.8643991528
3y7y_ATM,2009-02-27,Normalized_Volatility,128.9662699185
3y7y_ATM,2009-03-02,Normalized_Volatility,128.4181584588
3y7y_ATM,2009-03-03,Normalized_Volatility,129.1559545744
3y7y_ATM,2009-03-04,Normalized_Volatility,129.411663003
3y7y_ATM,2009-03-05,Normalized_Volatility,128.203163814
3y7y_ATM,2009-03-06,Normalized_Volatility,127.1770431008
3y7y_ATM,2009-03-09,Normalized_Volatility,127.919504405
3y7y_ATM,2009-03-10,Normalized_Volatility,126.3933888376
3y7y_ATM,2009-03-11,Normalized_Volatility,124.7571286596
3y7y_ATM,2009-03-12,Normalized_Volatility,124.0992393648
3y7y_ATM,2009-03-13,Normalized_Volatility,121.0770334002
3y7y_ATM,2009-03-16,Normalized_Volatility,120.2230385568
3y7y_ATM,2009-03-17,Normalized_Volatility,118.0353762826
3y7y_ATM,2009-03-18,Normalized_Volatility,110.26766857
3y7y_ATM,2009-03-19,Normalized_Volatility,100.7973078193
3y7y_ATM,2009-03-20,Normalized_Volatility,102.2572335083
3y7y_ATM,2009-03-23,Normalized_Volatility,100.1866651392
3y7y_ATM,2009-03-24,Normalized_Volatility,97.3077923344
3y7y_ATM,2009-03-25,Normalized_Volatility,99.6559568595
3y7y_ATM,2009-03-26,Normalized_Volatility,100.2470515365
3y7y_ATM,2009-03-27,Normalized_Volatility,100.8043071762
3y7y_ATM,2009-03-30,Normalized_Volatility,102.42558445
3y7y_ATM,2009-03-31,Normalized_Volatility,103.9424706916
3y7y_ATM,2009-04-01,Normalized_Volatility,103.14744066
3y7y_ATM,2009-04-02,Normalized_Volatility,103.9794896972
3y7y_ATM,2009-04-03,Normalized_Volatility,106.4473602192
3y7y_ATM,2009-04-06,Normalized_Volatility,109.5388008028
3y7y_ATM,2009-04-07,Normalized_Volatility,107.2616925066
3y7y_ATM,2009-04-08,Normalized_Volatility,106.5026187952
3y7y_ATM,2009-04-09,Normalized_Volatility,106.7272139916
3y7y_ATM,2009-04-13,Normalized_Volatility,105.311443545
3y7y_ATM,2009-04-14,Normalized_Volatility,103.5152073748
3y7y_ATM,2009-04-15,Normalized_Volatility,104.122342467
3y7y_ATM,2009-04-16,Normalized_Volatility,106.5135985951
3y7y_ATM,2009-04-17,Normalized_Volatility,110.0169402926
3y7y_ATM,2009-04-20,Normalized_Volatility,108.7519119652
3y7y_ATM,2009-04-21,Normalized_Volatility,109.1035553205
3y7y_ATM,2009-04-22,Normalized_Volatility,111.0680388476
3y7y_ATM,2009-04-23,Normalized_Volatility,110.8932824646
3y7y_ATM,2009-04-24,Normalized_Volatility,113.6677493115
3y7y_ATM,2009-04-27,Normalized_Volatility,112.4007209802
3y7y_ATM,2009-04-28,Normalized_Volatility,110.5270710034
3y7y_ATM,2009-04-29,Normalized_Volatility,110.7505380872
3y7y_ATM,2009-04-30,Normalized_Volatility,111.8284352436
3y7y_ATM,2009-05-01,Normalized_Volatility,114.223479543
3y7y_ATM,2009-05-04,Normalized_Volatility,114.4058205777
3y7y_ATM,2009-05-05,Normalized_Volatility,114.5983015364
3y7y_ATM,2009-05-06,Normalized_Volatility,114.1368755853
3y7y_ATM,2009-05-07,Normalized_Volatility,115.3884592017
3y7y_ATM,2009-05-08,Normalized_Volatility,114.438799904
3y7y_ATM,2009-05-11,Normalized_Volatility,112.6626835026
3y7y_ATM,2009-05-12,Normalized_Volatility,112.5096720624
3y7y_ATM,2009-05-13,Normalized_Volatility,115.02939831
3y7y_ATM,2009-05-14,Normalized_Volatility,118.0863228516
3y7y_ATM,2009-05-15,Normalized_Volatility,119.315666985
3y7y_ATM,2009-05-18,Normalized_Volatility,118.9478405832
3y7y_ATM,2009-05-19,Normalized_Volatility,119.7832368851
3y7y_ATM,2009-05-20,Normalized_Volatility,119.9986652448
3y7y_ATM,2009-05-21,Normalized_Volatility,124.2822799461
3y7y_ATM,2009-05-22,Normalized_Volatility,128.31986283
3y7y_ATM,2009-05-26,Normalized_Volatility,133.1171706012
3y7y_ATM,2009-05-27,Normalized_Volatility,142.2860570217
3y7y_ATM,2009-05-28,Normalized_Volatility,138.6406139772
3y7y_ATM,2009-05-29,Normalized_Volatility,131.8790539366
3y7y_ATM,2009-06-01,Normalized_Volatility,140.5809027201
3y7y_ATM,2009-06-02,Normalized_Volatility,136.2447694678
3y7y_ATM,2009-06-03,Normalized_Volatility,133.6167381575
3y7y_ATM,2009-06-04,Normalized_Volatility,141.2128848692
3y7y_ATM,2009-06-05,Normalized_Volatility,147.3179246424
3y7y_ATM,2009-06-08,Normalized_Volatility,147.6891205086
3y7y_ATM,2009-06-09,Normalized_Volatility,145.814248764
3y7y_ATM,2009-06-10,Normalized_Volatility,148.8248048711
3y7y_ATM,2009-06-11,Normalized_Volatility,146.433308009
3y7y_ATM,2009-06-12,Normalized_Volatility,141.6932845676
3y7y_ATM,2009-06-15,Normalized_Volatility,139.1673977848
3y7y_ATM,2009-06-16,Normalized_Volatility,139.4012483696
3y7y_ATM,2009-06-17,Normalized_Volatility,139.8808064862
3y7y_ATM,2009-06-18,Normalized_Volatility,147.042090188
3y7y_ATM,2009-06-19,Normalized_Volatility,143.7731851919
3y7y_ATM,2009-06-22,Normalized_Volatility,143.2897405936
3y7y_ATM,2009-06-23,Normalized_Volatility,142.7009805405
3y7y_ATM,2009-06-24,Normalized_Volatility,139.6362111872
3y7y_ATM,2009-06-25,Normalized_Volatility,140.6808959212
3y7y_ATM,2009-06-26,Normalized_Volatility,140.4427782528
3y7y_ATM,2009-06-29,Normalized_Volatility,140.789015145
3y7y_ATM,2009-06-30,Normalized_Volatility,140.8647541372
3y7y_ATM,2009-07-01,Normalized_Volatility,140.6645488224
3y7y_ATM,2009-07-02,Normalized_Volatility,138.6825070894
3y7y_ATM,2009-07-06,Normalized_Volatility,137.5843971978
3y7y_ATM,2009-07-07,Normalized_Volatility,135.699328395
3y7y_ATM,2009-07-08,Normalized_Volatility,134.4937425621
3y7y_ATM,2009-07-09,Normalized_Volatility,134.8290202275
3y7y_ATM,2009-07-10,Normalized_Volatility,134.1899511202
3y7y_ATM,2009-07-13,Normalized_Volatility,135.3681107338
3y7y_ATM,2009-07-14,Normalized_Volatility,137.7121931523
3y7y_ATM,2009-07-15,Normalized_Volatility,141.5587544525
3y7y_ATM,2009-07-16,Normalized_Volatility,140.3534695256
3y7y_ATM,2009-07-17,Normalized_Volatility,142.026196893
3y7y_ATM,2009-07-20,Normalized_Volatility,139.7218021008
3y7y_ATM,2009-07-21,Normalized_Volatility,139.5986358096
3y7y_ATM,2009-07-22,Normalized_Volatility,137.2631646783
3y7y_ATM,2009-07-23,Normalized_Volatility,138.9695119268
3y7y_ATM,2009-07-24,Normalized_Volatility,139.200135644
3y7y_ATM,2009-07-27,Normalized_Volatility,140.1068716032
3y7y_ATM,2009-07-28,Normalized_Volatility,137.7438272973
3y7y_ATM,2009-07-29,Normalized_Volatility,137.4796193835
3y7y_ATM,2009-07-30,Normalized_Volatility,137.2058549885
3y7y_ATM,2009-07-31,Normalized_Volatility,137.7380463264
3y7y_ATM,2009-08-03,Normalized_Volatility,142.3092735159
3y7y_ATM,2009-08-04,Normalized_Volatility,142.1806609418
3y7y_ATM,2009-08-05,Normalized_Volatility,144.2743119675
3y7y_ATM,2009-08-06,Normalized_Volatility,143.3456315272
3y7y_ATM,2009-08-07,Normalized_Volatility,146.46591762
3y7y_ATM,2009-08-10,Normalized_Volatility,144.9665167508
3y7y_ATM,2009-08-11,Normalized_Volatility,143.7358123296
3y7y_ATM,2009-08-12,Normalized_Volatility,142.8458059044
3y7y_ATM,2009-08-13,Normalized_Volatility,142.2610092872
3y7y_ATM,2009-08-14,Normalized_Volatility,141.3028982232
3y7y_ATM,2009-08-17,Normalized_Volatility,140.606461528
3y7y_ATM,2009-08-18,Normalized_Volatility,139.1818728164
3y7y_ATM,2009-08-19,Normalized_Volatility,139.8980052288
3y7y_ATM,2009-08-20,Normalized_Volatility,139.6779465765
3y7y_ATM,2009-08-21,Normalized_Volatility,140.8158664482
3y7y_ATM,2009-08-24,Normalized_Volatility,139.7686218396
3y7y_ATM,2009-08-25,Normalized_Volatility,137.2593558721
3y7y_ATM,2009-08-26,Normalized_Volatility,137.64190846
3y7y_ATM,2009-08-27,Normalized_Volatility,136.1323415473
3y7y_ATM,2009-08-28,Normalized_Volatility,135.9040714932
3y7y_ATM,2009-08-31,Normalized_Volatility,135.4854318336
3y7y_ATM,2009-09-01,Normalized_Volatility,135.7853831383
3y7y_ATM,2009-09-02,Normalized_Volatility,136.1785354835
3y7y_ATM,2009-09-03,Normalized_Volatility,135.6990743334
3y7y_ATM,2009-09-04,Normalized_Volatility,134.9654445012
3y7y_ATM,2009-09-08,Normalized_Volatility,136.5759219969
3y7y_ATM,2009-09-09,Normalized_Volatility,134.4252837116
3y7y_ATM,2009-09-10,Normalized_Volatility,135.5410945339
3y7y_ATM,2009-09-11,Normalized_Volatility,136.0801777363
3y7y_ATM,2009-09-14,Normalized_Volatility,137.0278611738
3y7y_ATM,2009-09-15,Normalized_Volatility,138.731279262
3y7y_ATM,2009-09-16,Normalized_Volatility,140.3437514562
3y7y_ATM,2009-09-17,Normalized_Volatility,138.3526268796
3y7y_ATM,2009-09-18,Normalized_Volatility,137.70955029
3y7y_ATM,2009-09-21,Normalized_Volatility,135.9188825876
3y7y_ATM,2009-09-22,Normalized_Volatility,135.8750238075
3y7y_ATM,2009-09-23,Normalized_Volatility,133.6293096556
3y7y_ATM,2009-09-24,Normalized_Volatility,131.400678097
3y7y_ATM,2009-09-25,Normalized_Volatility,130.6823025271
3y7y_ATM,2009-09-28,Normalized_Volatility,130.194443634
3y7y_ATM,2009-09-29,Normalized_Volatility,131.9163395958
3y7y_ATM,2009-09-30,Normalized_Volatility,132.392867467
3y7y_ATM,2009-10-01,Normalized_Volatility,132.2476178235
3y7y_ATM,2009-10-02,Normalized_Volatility,130.902466904
3y7y_ATM,2009-10-05,Normalized_Volatility,131.639715648
3y7y_ATM,2009-10-06,Normalized_Volatility,131.7575190274
3y7y_ATM,2009-10-07,Normalized_Volatility,130.3425863142
3y7y_ATM,2009-10-08,Normalized_Volatility,129.5273153434
3y7y_ATM,2009-10-09,Normalized_Volatility,133.2399382035
3y7y_ATM,2009-10-13,Normalized_Volatility,131.658360255
3y7y_ATM,2009-10-14,Normalized_Volatility,133.9061177315
3y7y_ATM,2009-10-15,Normalized_Volatility,135.1845797238
3y7y_ATM,2009-10-16,Normalized_Volatility,133.8894808125
3y7y_ATM,2009-10-19,Normalized_Volatility,133.4622319862
3y7y_ATM,2009-10-20,Normalized_Volatility,132.4209963155
3y7y_ATM,2009-10-21,Normalized_Volatility,134.4764177931
3y7y_ATM,2009-10-22,Normalized_Volatility,134.51363272
3y7y_ATM,2009-10-23,Normalized_Volatility,136.1937348585
3y7y_ATM,2009-10-26,Normalized_Volatility,137.9787172784
3y7y_ATM,2009-10-27,Normalized_Volatility,136.7714546654
3y7y_ATM,2009-10-28,Normalized_Volatility,135.8277076587
3y7y_ATM,2009-10-29,Normalized_Volatility,137.1278849967
3y7y_ATM,2009-10-30,Normalized_Volatility,135.1238062318
3y7y_ATM,2009-11-02,Normalized_Volatility,135.5248546848
3y7y_ATM,2009-11-03,Normalized_Volatility,135.1678572846
3y7y_ATM,2009-11-04,Normalized_Volatility,136.907598397
3y7y_ATM,2009-11-05,Normalized_Volatility,136.4622737068
3y7y_ATM,2009-11-06,Normalized_Volatility,133.8942560151
3y7y_ATM,2009-11-09,Normalized_Volatility,131.9753618469
3y7y_ATM,2009-11-10,Normalized_Volatility,130.5725047497
3y7y_ATM,2009-11-12,Normalized_Volatility,129.9940281906
3y7y_ATM,2009-11-13,Normalized_Volatility,131.600871522
3y7y_ATM,2009-11-16,Normalized_Volatility,130.6080296172
3y7y_ATM,2009-11-17,Normalized_Volatility,130.3099634016
3y7y_ATM,2009-11-18,Normalized_Volatility,130.2950924935
3y7y_ATM,2009-11-19,Normalized_Volatility,128.8636930602
3y7y_ATM,2009-11-20,Normalized_Volatility,129.2292510363
3y7y_ATM,2009-11-23,Normalized_Volatility,130.157692275
3y7y_ATM,2009-11-24,Normalized_Volatility,128.4506056803
3y7y_ATM,2009-11-25,Normalized_Volatility,128.8342832592
3y7y_ATM,2009-11-27,Normalized_Volatility,130.3252680996
3y7y_ATM,2009-11-30,Normalized_Volatility,130.4215188043
3y7y_ATM,2009-12-01,Normalized_Volatility,132.0827220258
3y7y_ATM,2009-12-02,Normalized_Volatility,132.607334322
3y7y_ATM,2009-12-03,Normalized_Volatility,134.9564120352
3y7y_ATM,2009-12-04,Normalized_Volatility,136.064741274
3y7y_ATM,2009-12-07,Normalized_Volatility,133.8124994375
3y7y_ATM,2009-12-08,Normalized_Volatility,132.0899444592
3y7y_ATM,2009-12-09,Normalized_Volatility,132.7021172288
3y7y_ATM,2009-12-10,Normalized_Volatility,133.9762397616
3y7y_ATM,2009-12-11,Normalized_Volatility,135.1938766255
3y7y_ATM,2009-12-14,Normalized_Volatility,135.3360790502
3y7y_ATM,2009-12-15,Normalized_Volatility,137.6966176982
3y7y_ATM,2009-12-16,Normalized_Volatility,136.9982552652
3y7y_ATM,2009-12-17,Normalized_Volatility,137.5877806366
3y7y_ATM,2009-12-18,Normalized_Volatility,137.973107349
3y7y_ATM,2009-12-21,Normalized_Volatility,141.1636759038
3y7y_ATM,2009-12-22,Normalized_Volatility,141.41404356
3y7y_ATM,2009-12-23,Normalized_Volatility,139.0560856291
3y7y_ATM,2009-12-24,Normalized_Volatility,139.4244871248
3y7y_ATM,2009-12-28,Normalized_Volatility,139.741611482
3y7y_ATM,2009-12-29,Normalized_Volatility,137.85307636
3y7y_ATM,2009-12-30,Normalized_Volatility,135.0668526256
3y7y_ATM,2009-12-31,Normalized_Volatility,136.2144418075
3y7y_ATM,2010-01-04,Normalized_Volatility,136.3139395566
3y7y_ATM,2010-01-05,Normalized_Volatility,134.4272295051
3y7y_ATM,2010-01-06,Normalized_Volatility,135.1834372555
3y7y_ATM,2010-01-07,Normalized_Volatility,134.6560006168
3y7y_ATM,2010-01-08,Normalized_Volatility,132.726012066
3y7y_ATM,2010-01-11,Normalized_Volatility,131.4612882765
3y7y_ATM,2010-01-12,Normalized_Volatility,130.8272050854
3y7y_ATM,2010-01-13,Normalized_Volatility,133.160119995
3y7y_ATM,2010-01-14,Normalized_Volatility,133.8477441152
3y7y_ATM,2010-01-15,Normalized_Volatility,133.9910630555
3y7y_ATM,2010-01-19,Normalized_Volatility,134.915109912
3y7y_ATM,2010-01-20,Normalized_Volatility,133.918350228
3y7y_ATM,2010-01-21,Normalized_Volatility,133.2795103968
3y7y_ATM,2010-01-22,Normalized_Volatility,133.6753877361
3y7y_ATM,2010-01-25,Normalized_Volatility,133.858845096
3y7y_ATM,2010-01-26,Normalized_Volatility,131.8978747944
3y7y_ATM,2010-01-27,Normalized_Volatility,130.990182912
3y7y_ATM,2010-01-28,Normalized_Volatility,131.1429368403
3y7y_ATM,2010-01-29,Normalized_Volatility,129.5395694056
3y7y_ATM,2010-02-01,Normalized_Volatility,127.802348937
3y7y_ATM,2010-02-02,Normalized_Volatility,126.3412558124
3y7y_ATM,2010-02-03,Normalized_Volatility,127.2995847132
3y7y_ATM,2010-02-04,Normalized_Volatility,126.3986620552
3y7y_ATM,2010-02-05,Normalized_Volatility,125.714753036
3y7y_ATM,2010-02-08,Normalized_Volatility,125.8949536418
3y7y_ATM,2010-02-09,Normalized_Volatility,127.819174392
3y7y_ATM,2010-02-10,Normalized_Volatility,128.3955804735
3y7y_ATM,2010-02-11,Normalized_Volatility,126.5446836654
3y7y_ATM,2010-02-12,Normalized_Volatility,124.4255001268
3y7y_ATM,2010-02-16,Normalized_Volatility,123.4043637554
3y7y_ATM,2010-02-17,Normalized_Volatility,123.1431196576
3y7y_ATM,2010-02-18,Normalized_Volatility,123.0321944148
3y7y_ATM,2010-02-19,Normalized_Volatility,122.1281057556
3y7y_ATM,2010-02-22,Normalized_Volatility,120.1859202552
3y7y_ATM,2010-02-23,Normalized_Volatility,120.021062667
3y7y_ATM,2010-02-24,Normalized_Volatility,120.278247736
3y7y_ATM,2010-02-25,Normalized_Volatility,120.2993655072
3y7y_ATM,2010-02-26,Normalized_Volatility,120.6782082066
3y7y_ATM,2010-03-01,Normalized_Volatility,120.7595502584
3y7y_ATM,2010-03-02,Normalized_Volatility,120.40465998
3y7y_ATM,2010-03-03,Normalized_Volatility,120.5919036
3y7y_ATM,2010-03-04,Normalized_Volatility,118.6400302498
3y7y_ATM,2010-03-05,Normalized_Volatility,118.5566315052
3y7y_ATM,2010-03-08,Normalized_Volatility,118.0935949863
3y7y_ATM,2010-03-09,Normalized_Volatility,116.7200299113
3y7y_ATM,2010-03-10,Normalized_Volatility,116.294662008
3y7y_ATM,2010-03-11,Normalized_Volatility,116.600049042
3y7y_ATM,2010-03-12,Normalized_Volatility,115.8052506537
3y7y_ATM,2010-03-15,Normalized_Volatility,115.3821834322
3y7y_ATM,2010-03-16,Normalized_Volatility,113.9404452837
3y7y_ATM,2010-03-17,Normalized_Volatility,113.000054544
3y7y_ATM,2010-03-18,Normalized_Volatility,113.8414914411
3y7y_ATM,2010-03-19,Normalized_Volatility,114.6993646285
3y7y_ATM,2010-03-22,Normalized_Volatility,114.4566857775
3y7y_ATM,2010-03-23,Normalized_Volatility,115.9923767968
3y7y_ATM,2010-03-24,Normalized_Volatility,117.671209704
3y7y_ATM,2010-03-25,Normalized_Volatility,116.3174631525
3y7y_ATM,2010-03-26,Normalized_Volatility,114.377461292
3y7y_ATM,2010-03-29,Normalized_Volatility,114.6336495868
3y7y_ATM,2010-03-30,Normalized_Volatility,112.9792635408
3y7y_ATM,2010-03-31,Normalized_Volatility,112.5440615289
3y7y_ATM,2010-04-01,Normalized_Volatility,113.9519019732
3y7y_ATM,2010-04-05,Normalized_Volatility,113.839235139
3y7y_ATM,2010-04-06,Normalized_Volatility,112.476836688
3y7y_ATM,2010-04-07,Normalized_Volatility,113.0735620444
3y7y_ATM,2010-04-08,Normalized_Volatility,115.0514903351
3y7y_ATM,2010-04-09,Normalized_Volatility,114.606911903
3y7y_ATM,2010-04-12,Normalized_Volatility,114.7436621856
3y7y_ATM,2010-04-13,Normalized_Volatility,114.7388435144
3y7y_ATM,2010-04-14,Normalized_Volatility,113.64966803
3y7y_ATM,2010-04-15,Normalized_Volatility,112.7417200075
3y7y_ATM,2010-04-16,Normalized_Volatility,111.6093563128
3y7y_ATM,2010-04-19,Normalized_Volatility,111.9392655192
3y7y_ATM,2010-04-20,Normalized_Volatility,113.049064168
3y7y_ATM,2010-04-21,Normalized_Volatility,114.3824579172
3y7y_ATM,2010-04-22,Normalized_Volatility,115.2564919556
3y7y_ATM,2010-04-23,Normalized_Volatility,116.5895643862
3y7y_ATM,2010-04-26,Normalized_Volatility,116.871935392
3y7y_ATM,2010-04-27,Normalized_Volatility,120.3828052843
3y7y_ATM,2010-04-28,Normalized_Volatility,119.3301889206
3y7y_ATM,2010-04-29,Normalized_Volatility,117.6487570986
3y7y_ATM,2010-04-30,Normalized_Volatility,121.6806126756
3y7y_ATM,2010-05-03,Normalized_Volatility,122.2777261056
3y7y_ATM,2010-05-04,Normalized_Volatility,127.7914546992
3y7y_ATM,2010-05-05,Normalized_Volatility,130.7810917822
3y7y_ATM,2010-05-06,Normalized_Volatility,135.1389310907
3y7y_ATM,2010-05-07,Normalized_Volatility,128.396108347
3y7y_ATM,2010-05-10,Normalized_Volatility,126.5480456681
3y7y_ATM,2010-05-11,Normalized_Volatility,123.9107517309
3y7y_ATM,2010-05-12,Normalized_Volatility,122.8152032288
3y7y_ATM,2010-05-13,Normalized_Volatility,121.4514660723
3y7y_ATM,2010-05-14,Normalized_Volatility,124.9434310366
3y7y_ATM,2010-05-17,Normalized_Volatility,124.7955645376
3y7y_ATM,2010-05-18,Normalized_Volatility,125.3968611408
3y7y_ATM,2010-05-19,Normalized_Volatility,126.3066248916
3y7y_ATM,2010-05-20,Normalized_Volatility,127.8574243464
3y7y_ATM,2010-05-21,Normalized_Volatility,125.2707629403
3y7y_ATM,2010-05-24,Normalized_Volatility,122.8842414845
3y7y_ATM,2010-05-25,Normalized_Volatility,123.489972353
3y7y_ATM,2010-05-26,Normalized_Volatility,121.8087887856
3y7y_ATM,2010-05-27,Normalized_Volatility,121.2644077167
3y7y_ATM,2010-05-28,Normalized_Volatility,121.1490442644
3y7y_ATM,2010-06-01,Normalized_Volatility,121.514353056
3y7y_ATM,2010-06-02,Normalized_Volatility,120.5418928608
3y7y_ATM,2010-06-03,Normalized_Volatility,120.0092730468
3y7y_ATM,2010-06-04,Normalized_Volatility,121.397447094
3y7y_ATM,2010-06-07,Normalized_Volatility,121.70462185
3y7y_ATM,2010-06-08,Normalized_Volatility,123.0273249127
3y7y_ATM,2010-06-09,Normalized_Volatility,121.0609212156
3y7y_ATM,2010-06-10,Normalized_Volatility,120.3836805183
3y7y_ATM,2010-06-11,Normalized_Volatility,119.989711314
3y7y_ATM,2010-06-14,Normalized_Volatility,119.2045785602
3y7y_ATM,2010-06-15,Normalized_Volatility,118.6966002618
3y7y_ATM,2010-06-16,Normalized_Volatility,118.076450861
3y7y_ATM,2010-06-17,Normalized_Volatility,117.9512752614
3y7y_ATM,2010-06-18,Normalized_Volatility,117.9889785126
3y7y_ATM,2010-06-21,Normalized_Volatility,117.380608449
3y7y_ATM,2010-06-22,Normalized_Volatility,117.531438554
3y7y_ATM,2010-06-23,Normalized_Volatility,115.7722723667
3y7y_ATM,2010-06-24,Normalized_Volatility,115.9609883584
3y7y_ATM,2010-06-25,Normalized_Volatility,114.504123552
3y7y_ATM,2010-06-28,Normalized_Volatility,112.2733446586
3y7y_ATM,2010-06-29,Normalized_Volatility,112.0826893088
3y7y_ATM,2010-06-30,Normalized_Volatility,111.473453638
3y7y_ATM,2010-07-01,Normalized_Volatility,111.0579487391
3y7y_ATM,2010-07-02,Normalized_Volatility,109.0055029406
3y7y_ATM,2010-07-06,Normalized_Volatility,107.8567962996
3y7y_ATM,2010-07-07,Normalized_Volatility,107.0496891477
3y7y_ATM,2010-07-08,Normalized_Volatility,107.8295367555
3y7y_ATM,2010-07-09,Normalized_Volatility,107.2634567365
3y7y_ATM,2010-07-12,Normalized_Volatility,106.5840923657
3y7y_ATM,2010-07-13,Normalized_Volatility,106.9708489472
3y7y_ATM,2010-07-14,Normalized_Volatility,106.5751736714
3y7y_ATM,2010-07-15,Normalized_Volatility,106.3286873917
3y7y_ATM,2010-07-16,Normalized_Volatility,105.0246634059
3y7y_ATM,2010-07-19,Normalized_Volatility,105.1121231972
3y7y_ATM,2010-07-20,Normalized_Volatility,104.6399452725
3y7y_ATM,2010-07-21,Normalized_Volatility,105.119514828
3y7y_ATM,2010-07-22,Normalized_Volatility,104.6233016994
3y7y_ATM,2010-07-23,Normalized_Volatility,102.9043271285
3y7y_ATM,2010-07-26,Normalized_Volatility,101.9437873929
3y7y_ATM,2010-07-27,Normalized_Volatility,102.9580305201
3y7y_ATM,2010-07-28,Normalized_Volatility,101.3579714056
3y7y_ATM,2010-07-29,Normalized_Volatility,101.8728368449
3y7y_ATM,2010-07-30,Normalized_Volatility,101.6510458212
3y7y_ATM,2010-08-02,Normalized_Volatility,102.351160322
3y7y_ATM,2010-08-03,Normalized_Volatility,102.3522288775
3y7y_ATM,2010-08-04,Normalized_Volatility,101.9237131474
3y7y_ATM,2010-08-05,Normalized_Volatility,100.5078462036
3y7y_ATM,2010-08-06,Normalized_Volatility,98.6521726424
3y7y_ATM,2010-08-09,Normalized_Volatility,98.3875905155
3y7y_ATM,2010-08-10,Normalized_Volatility,95.8141242495
3y7y_ATM,2010-08-11,Normalized_Volatility,93.548678337
3y7y_ATM,2010-08-12,Normalized_Volatility,94.4056716294
3y7y_ATM,2010-08-13,Normalized_Volatility,96.5537226286
3y7y_ATM,2010-08-16,Normalized_Volatility,98.6240107965
3y7y_ATM,2010-08-17,Normalized_Volatility,96.284495538
3y7y_ATM,2010-08-18,Normalized_Volatility,94.7933094614
3y7y_ATM,2010-08-19,Normalized_Volatility,94.8461210235
3y7y_ATM,2010-08-20,Normalized_Volatility,94.855595028
3y7y_ATM,2010-08-23,Normalized_Volatility,95.127740062
3y7y_ATM,2010-08-24,Normalized_Volatility,94.422977431
3y7y_ATM,2010-08-25,Normalized_Volatility,94.5641098914
3y7y_ATM,2010-08-26,Normalized_Volatility,95.9806017364
3y7y_ATM,2010-08-27,Normalized_Volatility,94.7904928147
3y7y_ATM,2010-08-30,Normalized_Volatility,96.77449134
3y7y_ATM,2010-08-31,Normalized_Volatility,96.6563047863
3y7y_ATM,2010-09-01,Normalized_Volatility,99.060754384
3y7y_ATM,2010-09-02,Normalized_Volatility,98.0492097258
3y7y_ATM,2010-09-03,Normalized_Volatility,96.3016244796
3y7y_ATM,2010-09-07,Normalized_Volatility,97.5848111723
3y7y_ATM,2010-09-08,Normalized_Volatility,98.988124938
3y7y_ATM,2010-09-09,Normalized_Volatility,100.5364244157
3y7y_ATM,2010-09-10,Normalized_Volatility,101.9632592008
3y7y_ATM,2010-09-13,Normalized_Volatility,101.4262170186
3y7y_ATM,2010-09-14,Normalized_Volatility,101.132088949
3y7y_ATM,2010-09-15,Normalized_Volatility,102.5099267764
3y7y_ATM,2010-09-16,Normalized_Volatility,103.8931856562
3y7y_ATM,2010-09-17,Normalized_Volatility,103.5792994694
3y7y_ATM,2010-09-20,Normalized_Volatility,104.8063599048
3y7y_ATM,2010-09-21,Normalized_Volatility,103.726569716
3y7y_ATM,2010-09-22,Normalized_Volatility,102.9106413713
3y7y_ATM,2010-09-23,Normalized_Volatility,104.1993947962
3y7y_ATM,2010-09-24,Normalized_Volatility,105.0962956291
3y7y_ATM,2010-09-27,Normalized_Volatility,106.0722800748
3y7y_ATM,2010-09-28,Normalized_Volatility,106.1935523688
3y7y_ATM,2010-09-29,Normalized_Volatility,107.603436933
3y7y_ATM,2010-09-30,Normalized_Volatility,106.1285530188
3y7y_ATM,2010-10-01,Normalized_Volatility,104.6629081112
3y7y_ATM,2010-10-04,Normalized_Volatility,104.9680941832
3y7y_ATM,2010-10-05,Normalized_Volatility,104.3265639444
3y7y_ATM,2010-10-06,Normalized_Volatility,101.3846644935
3y7y_ATM,2010-10-07,Normalized_Volatility,100.6401932816
3y7y_ATM,2010-10-08,Normalized_Volatility,97.7206066307
3y7y_ATM,2010-10-12,Normalized_Volatility,96.7947964144
3y7y_ATM,2010-10-13,Normalized_Volatility,94.9131553326
3y7y_ATM,2010-10-14,Normalized_Volatility,96.331315504
3y7y_ATM,2010-10-15,Normalized_Volatility,95.7691416935
3y7y_ATM,2010-10-18,Normalized_Volatility,94.9897649344
3y7y_ATM,2010-10-19,Normalized_Volatility,94.3995267762
3y7y_ATM,2010-10-20,Normalized_Volatility,94.1421207744
3y7y_ATM,2010-10-21,Normalized_Volatility,95.8062947643
3y7y_ATM,2010-10-22,Normalized_Volatility,97.7198817504
3y7y_ATM,2010-10-25,Normalized_Volatility,96.9631035588
3y7y_ATM,2010-10-26,Normalized_Volatility,98.0268988171
3y7y_ATM,2010-10-27,Normalized_Volatility,98.6461741266
3y7y_ATM,2010-10-28,Normalized_Volatility,99.021619158
3y7y_ATM,2010-10-29,Normalized_Volatility,98.8383206544
3y7y_ATM,2010-11-01,Normalized_Volatility,99.9673344
3y7y_ATM,2010-11-02,Normalized_Volatility,100.28788563
3y7y_ATM,2010-11-03,Normalized_Volatility,98.739617113
3y7y_ATM,2010-11-04,Normalized_Volatility,97.9799868675
3y7y_ATM,2010-11-05,Normalized_Volatility,98.888401634
3y7y_ATM,2010-11-08,Normalized_Volatility,99.162424155
3y7y_ATM,2010-11-09,Normalized_Volatility,100.9289895796
3y7y_ATM,2010-11-10,Normalized_Volatility,101.226262208
3y7y_ATM,2010-11-12,Normalized_Volatility,102.6634757511
3y7y_ATM,2010-11-15,Normalized_Volatility,105.8783530011
3y7y_ATM,2010-11-16,Normalized_Volatility,105.5715491172
3y7y_ATM,2010-11-17,Normalized_Volatility,105.334092864
3y7y_ATM,2010-11-18,Normalized_Volatility,107.7208702194
3y7y_ATM,2010-11-19,Normalized_Volatility,107.3086703794
3y7y_ATM,2010-11-22,Normalized_Volatility,106.2095239104
3y7y_ATM,2010-11-23,Normalized_Volatility,106.333128057
3y7y_ATM,2010-11-24,Normalized_Volatility,108.5251240538
3y7y_ATM,2010-11-26,Normalized_Volatility,108.68957505
3y7y_ATM,2010-11-29,Normalized_Volatility,108.826049349
3y7y_ATM,2010-11-30,Normalized_Volatility,110.1039991224
3y7y_ATM,2010-12-01,Normalized_Volatility,112.5159370412
3y7y_ATM,2010-12-02,Normalized_Volatility,112.7994088788
3y7y_ATM,2010-12-03,Normalized_Volatility,112.220981628
3y7y_ATM,2010-12-06,Normalized_Volatility,112.9415993755
3y7y_ATM,2010-12-07,Normalized_Volatility,117.4610392791
3y7y_ATM,2010-12-08,Normalized_Volatility,117.6008942768
3y7y_ATM,2010-12-09,Normalized_Volatility,117.0361170443
3y7y_ATM,2010-12-10,Normalized_Volatility,118.867487146
3y7y_ATM,2010-12-13,Normalized_Volatility,118.06988032
3y7y_ATM,2010-12-14,Normalized_Volatility,120.2842615175
3y7y_ATM,2010-12-15,Normalized_Volatility,123.4623430176
3y7y_ATM,2010-12-16,Normalized_Volatility,121.5614022504
3y7y_ATM,2010-12-17,Normalized_Volatility,118.929404587
3y7y_ATM,2010-12-20,Normalized_Volatility,117.7475510016
3y7y_ATM,2010-12-21,Normalized_Volatility,116.3363757255
3y7y_ATM,2010-12-22,Normalized_Volatility,116.2741825388
3y7y_ATM,2010-12-23,Normalized_Volatility,118.063809226
3y7y_ATM,2010-12-27,Normalized_Volatility,118.1548389384
3y7y_ATM,2010-12-28,Normalized_Volatility,119.5407085127
3y7y_ATM,2010-12-29,Normalized_Volatility,118.8415858788
3y7y_ATM,2010-12-30,Normalized_Volatility,119.3651724344
3y7y_ATM,2010-12-31,Normalized_Volatility,119.3798065592
3y7y_ATM,2011-01-03,Normalized_Volatility,117.744321261
3y7y_ATM,2011-01-04,Normalized_Volatility,115.2677278728
3y7y_ATM,2011-01-05,Normalized_Volatility,117.6546017088
3y7y_ATM,2011-01-06,Normalized_Volatility,117.3983681664
3y7y_ATM,2011-01-07,Normalized_Volatility,114.9463286908
3y7y_ATM,2011-01-10,Normalized_Volatility,114.7113532755
3y7y_ATM,2011-01-11,Normalized_Volatility,115.1603990775
3y7y_ATM,2011-01-12,Normalized_Volatility,114.8098499225
3y7y_ATM,2011-01-13,Normalized_Volatility,115.9795286316
3y7y_ATM,2011-01-14,Normalized_Volatility,117.03527353
3y7y_ATM,2011-01-18,Normalized_Volatility,117.6744072294
3y7y_ATM,2011-01-19,Normalized_Volatility,117.6264929736
3y7y_ATM,2011-01-20,Normalized_Volatility,117.1930974734
3y7y_ATM,2011-01-21,Normalized_Volatility,117.3371834064
3y7y_ATM,2011-01-24,Normalized_Volatility,116.9586535442
3y7y_ATM,2011-01-25,Normalized_Volatility,116.4103332678
3y7y_ATM,2011-01-26,Normalized_Volatility,117.3940911503
3y7y_ATM,2011-01-27,Normalized_Volatility,116.3722973437
3y7y_ATM,2011-01-28,Normalized_Volatility,117.15312462
3y7y_ATM,2011-01-31,Normalized_Volatility,118.2740801576
3y7y_ATM,2011-02-01,Normalized_Volatility,119.102545836
3y7y_ATM,2011-02-02,Normalized_Volatility,119.4375278872
3y7y_ATM,2011-02-03,Normalized_Volatility,119.42316724
3y7y_ATM,2011-02-04,Normalized_Volatility,120.5119743676
3y7y_ATM,2011-02-07,Normalized_Volatility,120.3401393654
3y7y_ATM,2011-02-08,Normalized_Volatility,120.3653843814
3y7y_ATM,2011-02-09,Normalized_Volatility,118.4811594608
3y7y_ATM,2011-02-10,Normalized_Volatility,117.7307799822
3y7y_ATM,2011-02-11,Normalized_Volatility,115.3157228262
3y7y_ATM,2011-02-14,Normalized_Volatility,114.5028729096
3y7y_ATM,2011-02-15,Normalized_Volatility,114.0210796282
3y7y_ATM,2011-02-16,Normalized_Volatility,115.2008522858
3y7y_ATM,2011-02-17,Normalized_Volatility,115.1726210463
3y7y_ATM,2011-02-18,Normalized_Volatility,115.971538078
3y7y_ATM,2011-02-22,Normalized_Volatility,116.2785361192
3y7y_ATM,2011-02-23,Normalized_Volatility,117.004925057
3y7y_ATM,2011-02-24,Normalized_Volatility,116.9971320498
3y7y_ATM,2011-02-25,Normalized_Volatility,114.8960866365
3y7y_ATM,2011-02-28,Normalized_Volatility,114.6059375431
3y7y_ATM,2011-03-01,Normalized_Volatility,114.4269310932
3y7y_ATM,2011-03-02,Normalized_Volatility,114.6199072689
3y7y_ATM,2011-03-03,Normalized_Volatility,115.464842265
3y7y_ATM,2011-03-04,Normalized_Volatility,114.20188688
3y7y_ATM,2011-03-07,Normalized_Volatility,114.3288362805
3y7y_ATM,2011-03-08,Normalized_Volatility,115.6217998516
3y7y_ATM,2011-03-09,Normalized_Volatility,114.6955123861
3y7y_ATM,2011-03-10,Normalized_Volatility,114.6940149483
3y7y_ATM,2011-03-11,Normalized_Volatility,114.4471606047
3y7y_ATM,2011-03-14,Normalized_Volatility,114.7914437906
3y7y_ATM,2011-03-15,Normalized_Volatility,116.2575990114
3y7y_ATM,2011-03-16,Normalized_Volatility,117.6074213815
3y7y_ATM,2011-03-17,Normalized_Volatility,116.7311585709
3y7y_ATM,2011-03-18,Normalized_Volatility,115.9834409461
3y7y_ATM,2011-03-21,Normalized_Volatility,115.516384956
3y7y_ATM,2011-03-22,Normalized_Volatility,114.7602238146
3y7y_ATM,2011-03-23,Normalized_Volatility,114.7634408967
3y7y_ATM,2011-03-24,Normalized_Volatility,114.265866393
3y7y_ATM,2011-03-25,Normalized_Volatility,115.4148234904
3y7y_ATM,2011-03-28,Normalized_Volatility,115.6601614175
3y7y_ATM,2011-03-29,Normalized_Volatility,115.6721144362
3y7y_ATM,2011-03-30,Normalized_Volatility,115.5788341194
3y7y_ATM,2011-03-31,Normalized_Volatility,116.1415884024
3y7y_ATM,2011-04-01,Normalized_Volatility,114.450440052
3y7y_ATM,2011-04-04,Normalized_Volatility,114.1660227796
3y7y_ATM,2011-04-05,Normalized_Volatility,114.941004882
3y7y_ATM,2011-04-06,Normalized_Volatility,115.3493128944
3y7y_ATM,2011-04-07,Normalized_Volatility,115.564151871
3y7y_ATM,2011-04-08,Normalized_Volatility,116.0070011595
3y7y_ATM,2011-04-11,Normalized_Volatility,116.0403443958
3y7y_ATM,2011-04-12,Normalized_Volatility,115.5908282418
3y7y_ATM,2011-04-13,Normalized_Volatility,115.1930658517
3y7y_ATM,2011-04-14,Normalized_Volatility,114.8302537383
3y7y_ATM,2011-04-15,Normalized_Volatility,114.1513146414
3y7y_ATM,2011-04-18,Normalized_Volatility,114.4904100984
3y7y_ATM,2011-04-19,Normalized_Volatility,114.5066731361
3y7y_ATM,2011-04-20,Normalized_Volatility,114.13407768
3y7y_ATM,2011-04-21,Normalized_Volatility,113.1643615878
3y7y_ATM,2011-04-25,Normalized_Volatility,112.8780035846
3y7y_ATM,2011-04-26,Normalized_Volatility,113.7690054831
3y7y_ATM,2011-04-27,Normalized_Volatility,113.2624037961
3y7y_ATM,2011-04-28,Normalized_Volatility,112.1026463577
3y7y_ATM,2011-04-29,Normalized_Volatility,112.4038934966
3y7y_ATM,2011-05-02,Normalized_Volatility,112.8541621764
3y7y_ATM,2011-05-03,Normalized_Volatility,113.1132452522
3y7y_ATM,2011-05-04,Normalized_Volatility,112.6362451132
3y7y_ATM,2011-05-05,Normalized_Volatility,112.7255367924
3y7y_ATM,2011-05-06,Normalized_Volatility,112.064403066
3y7y_ATM,2011-05-09,Normalized_Volatility,112.7287346631
3y7y_ATM,2011-05-10,Normalized_Volatility,113.1160821876
3y7y_ATM,2011-05-11,Normalized_Volatility,113.1624489112
3y7y_ATM,2011-05-12,Normalized_Volatility,113.4112643892
3y7y_ATM,2011-05-13,Normalized_Volatility,113.155000665
3y7y_ATM,2011-05-16,Normalized_Volatility,112.9822889797
3y7y_ATM,2011-05-17,Normalized_Volatility,112.8486506605
3y7y_ATM,2011-05-18,Normalized_Volatility,113.8262093982
3y7y_ATM,2011-05-19,Normalized_Volatility,114.140007731
3y7y_ATM,2011-05-20,Normalized_Volatility,113.8510185775
3y7y_ATM,2011-05-23,Normalized_Volatility,113.6376836998
3y7y_ATM,2011-05-24,Normalized_Volatility,113.3824782096
3y7y_ATM,2011-05-25,Normalized_Volatility,112.804978256
3y7y_ATM,2011-05-26,Normalized_Volatility,111.7970072385
3y7y_ATM,2011-05-27,Normalized_Volatility,111.627448005
3y7y_ATM,2011-05-31,Normalized_Volatility,111.191958555
3y7y_ATM,2011-06-01,Normalized_Volatility,109.9980836676
3y7y_ATM,2011-06-02,Normalized_Volatility,111.1802188257
3y7y_ATM,2011-06-03,Normalized_Volatility,111.2071494825
3y7y_ATM,2011-06-06,Normalized_Volatility,112.048597286
3y7y_ATM,2011-06-07,Normalized_Volatility,111.5362658808
3y7y_ATM,2011-06-08,Normalized_Volatility,110.7236044626
3y7y_ATM,2011-06-09,Normalized_Volatility,110.822266932
3y7y_ATM,2011-06-10,Normalized_Volatility,110.8449292032
3y7y_ATM,2011-06-13,Normalized_Volatility,111.2330328357
3y7y_ATM,2011-06-14,Normalized_Volatility,112.6232412413
3y7y_ATM,2011-06-15,Normalized_Volatility,112.2420037391
3y7y_ATM,2011-06-16,Normalized_Volatility,112.887160288
3y7y_ATM,2011-06-17,Normalized_Volatility,112.9176980685
3y7y_ATM,2011-06-20,Normalized_Volatility,113.2406387751
3y7y_ATM,2011-06-21,Normalized_Volatility,113.1298659056
3y7y_ATM,2011-06-22,Normalized_Volatility,113.1301566486
3y7y_ATM,2011-06-23,Normalized_Volatility,113.6298504306
3y7y_ATM,2011-06-24,Normalized_Volatility,113.2921087839
3y7y_ATM,2011-06-27,Normalized_Volatility,113.7082411652
3y7y_ATM,2011-06-28,Normalized_Volatility,115.1307266592
3y7y_ATM,2011-06-29,Normalized_Volatility,114.71807553
3y7y_ATM,2011-06-30,Normalized_Volatility,115.3408954844
3y7y_ATM,2011-07-01,Normalized_Volatility,115.3910182782
3y7y_ATM,2011-07-05,Normalized_Volatility,115.14369252
3y7y_ATM,2011-07-06,Normalized_Volatility,116.0768393055
3y7y_ATM,2011-07-07,Normalized_Volatility,116.929087536
3y7y_ATM,2011-07-08,Normalized_Volatility,116.0909339135
3y7y_ATM,2011-07-11,Normalized_Volatility,116.852626803
3y7y_ATM,2011-07-12,Normalized_Volatility,117.31686624
3y7y_ATM,2011-07-13,Normalized_Volatility,117.296078309
3y7y_ATM,2011-07-14,Normalized_Volatility,117.732346188
3y7y_ATM,2011-07-15,Normalized_Volatility,117.961020801
3y7y_ATM,2011-07-18,Normalized_Volatility,119.514864
3y7y_ATM,2011-07-19,Normalized_Volatility,118.627729178
3y7y_ATM,2011-07-20,Normalized_Volatility,117.106479456
3y7y_ATM,2011-07-21,Normalized_Volatility,116.504298496
3y7y_ATM,2011-07-22,Normalized_Volatility,115.134635558
3y7y_ATM,2011-07-25,Normalized_Volatility,116.111990892
3y7y_ATM,2011-07-26,Normalized_Volatility,116.156811816
3y7y_ATM,2011-07-27,Normalized_Volatility,116.555761152
3y7y_ATM,2011-07-28,Normalized_Volatility,115.42987469
3y7y_ATM,2011-07-29,Normalized_Volatility,115.143453041
3y7y_ATM,2011-08-01,Normalized_Volatility,114.152791024
3y7y_ATM,2011-08-02,Normalized_Volatility,114.071125869
3y7y_ATM,2011-08-03,Normalized_Volatility,113.1451128
3y7y_ATM,2011-08-04,Normalized_Volatility,112.083521868
3y7y_ATM,2011-08-05,Normalized_Volatility,112.297933551
3y7y_ATM,2011-08-08,Normalized_Volatility,114.7946709
3y7y_ATM,2011-08-09,Normalized_Volatility,104.29625718
3y7y_ATM,2011-08-10,Normalized_Volatility,104.185083951
3y7y_ATM,2011-08-11,Normalized_Volatility,104.463945411
3y7y_ATM,2011-08-12,Normalized_Volatility,103.751702447
3y7y_ATM,2011-08-15,Normalized_Volatility,103.420754415
3y7y_ATM,2011-08-16,Normalized_Volatility,102.446143662
3y7y_ATM,2011-08-17,Normalized_Volatility,102.29165375
3y7y_ATM,2011-08-18,Normalized_Volatility,102.05046544
3y7y_ATM,2011-08-19,Normalized_Volatility,103.491489648
3y7y_ATM,2011-08-22,Normalized_Volatility,103.223315056
3y7y_ATM,2011-08-23,Normalized_Volatility,103.936547325
3y7y_ATM,2011-08-24,Normalized_Volatility,103.26126099
3y7y_ATM,2011-08-25,Normalized_Volatility,104.481704613
3y7y_ATM,2011-08-26,Normalized_Volatility,104.462687329
3y7y_ATM,2011-08-29,Normalized_Volatility,104.834481852
3y7y_ATM,2011-08-30,Normalized_Volatility,104.56497128
3y7y_ATM,2011-08-31,Normalized_Volatility,104.450352385
3y7y_ATM,2011-09-01,Normalized_Volatility,104.620974227
3y7y_ATM,2011-09-02,Normalized_Volatility,104.039894175
3y7y_ATM,2011-09-06,Normalized_Volatility,104.21377707
3y7y_ATM,2011-09-07,Normalized_Volatility,104.316126277
3y7y_ATM,2011-09-08,Normalized_Volatility,103.71469461
3y7y_ATM,2011-09-09,Normalized_Volatility,103.282558764
3y7y_ATM,2011-09-12,Normalized_Volatility,102.637713195
3y7y_ATM,2011-09-13,Normalized_Volatility,103.771833075
3y7y_ATM,2011-09-14,Normalized_Volatility,104.168192284
3y7y_ATM,2011-09-15,Normalized_Volatility,104.9296339
3y7y_ATM,2011-09-16,Normalized_Volatility,105.8475316
3y7y_ATM,2011-09-19,Normalized_Volatility,105.191599888
3y7y_ATM,2011-09-20,Normalized_Volatility,106.06261205
3y7y_ATM,2011-09-21,Normalized_Volatility,104.656822546
3y7y_ATM,2011-09-22,Normalized_Volatility,104.060551348
3y7y_ATM,2011-09-23,Normalized_Volatility,102.521926764
3y7y_ATM,2011-09-26,Normalized_Volatility,103.845254256
3y7y_ATM,2011-09-27,Normalized_Volatility,105.800161274
3y7y_ATM,2011-09-28,Normalized_Volatility,104.680898595
3y7y_ATM,2011-09-29,Normalized_Volatility,103.948017096
3y7y_ATM,2011-09-30,Normalized_Volatility,103.909953411
3y7y_ATM,2011-10-03,Normalized_Volatility,104.254495702
3y7y_ATM,2011-10-04,Normalized_Volatility,103.80427426
3y7y_ATM,2011-10-05,Normalized_Volatility,103.748972924
3y7y_ATM,2011-10-06,Normalized_Volatility,104.127785678
3y7y_ATM,2011-10-07,Normalized_Volatility,104.535218628
3y7y_ATM,2011-10-11,Normalized_Volatility,105.068587165
3y7y_ATM,2011-10-12,Normalized_Volatility,105.79272008
3y7y_ATM,2011-10-13,Normalized_Volatility,105.711545313
3y7y_ATM,2011-10-14,Normalized_Volatility,106.599845418
3y7y_ATM,2011-10-17,Normalized_Volatility,107.786928404
3y7y_ATM,2011-10-18,Normalized_Volatility,107.401372065
3y7y_ATM,2011-10-19,Normalized_Volatility,108.173433648
3y7y_ATM,2011-10-20,Normalized_Volatility,108.19558717
3y7y_ATM,2011-10-21,Normalized_Volatility,108.04633302
3y7y_ATM,2011-10-24,Normalized_Volatility,108.77498823
3y7y_ATM,2011-10-25,Normalized_Volatility,107.843673005
3y7y_ATM,2011-10-26,Normalized_Volatility,108.145485531
3y7y_ATM,2011-10-27,Normalized_Volatility,108.089649866
3y7y_ATM,2011-10-28,Normalized_Volatility,108.288309234
3y7y_ATM,2011-10-31,Normalized_Volatility,107.818396569
3y7y_ATM,2011-11-01,Normalized_Volatility,110.620142392
3y7y_ATM,2011-11-02,Normalized_Volatility,108.25057876
3y7y_ATM,2011-11-03,Normalized_Volatility,107.63737319
3y7y_ATM,2011-11-04,Normalized_Volatility,108.0565884
3y7y_ATM,2011-11-07,Normalized_Volatility,107.759584402
3y7y_ATM,2011-11-08,Normalized_Volatility,107.1994372
3y7y_ATM,2011-11-09,Normalized_Volatility,108.38991756
3y7y_ATM,2011-11-10,Normalized_Volatility,108.915776369
3y7y_ATM,2011-11-14,Normalized_Volatility,108.770581767
3y7y_ATM,2011-11-15,Normalized_Volatility,108.492115068
3y7y_ATM,2011-11-16,Normalized_Volatility,109.228220025
3y7y_ATM,2011-11-17,Normalized_Volatility,109.3874484
3y7y_ATM,2011-11-18,Normalized_Volatility,109.612126632
3y7y_ATM,2011-11-21,Normalized_Volatility,109.776021776
3y7y_ATM,2011-11-22,Normalized_Volatility,109.874439402
3y7y_ATM,2011-11-23,Normalized_Volatility,109.80841266
3y7y_ATM,2011-11-25,Normalized_Volatility,109.437431061
3y7y_ATM,2011-11-28,Normalized_Volatility,109.754431059
3y7y_ATM,2011-11-29,Normalized_Volatility,109.525103412
3y7y_ATM,2011-11-30,Normalized_Volatility,108.25980442
3y7y_ATM,2011-12-01,Normalized_Volatility,108.185020296
3y7y_ATM,2011-12-02,Normalized_Volatility,107.717348335
3y7y_ATM,2011-12-05,Normalized_Volatility,106.866454464
3y7y_ATM,2011-12-06,Normalized_Volatility,105.913508064
3y7y_ATM,2011-12-07,Normalized_Volatility,104.824949058
3y7y_ATM,2011-12-08,Normalized_Volatility,105.995509242
3y7y_ATM,2011-12-09,Normalized_Volatility,107.01910936
3y7y_ATM,2011-12-12,Normalized_Volatility,106.831750115
3y7y_ATM,2011-12-13,Normalized_Volatility,106.110160044
3y7y_ATM,2011-12-14,Normalized_Volatility,105.569279358
3y7y_ATM,2011-12-15,Normalized_Volatility,104.33669553
3y7y_ATM,2011-12-16,Normalized_Volatility,104.91289336
3y7y_ATM,2011-12-19,Normalized_Volatility,103.369313901
3y7y_ATM,2011-12-20,Normalized_Volatility,104.350568952
3y7y_ATM,2011-12-21,Normalized_Volatility,104.002096016
3y7y_ATM,2011-12-22,Normalized_Volatility,103.279361575
3y7y_ATM,2011-12-23,Normalized_Volatility,104.678903186
3y7y_ATM,2011-12-27,Normalized_Volatility,104.893788558
3y7y_ATM,2011-12-28,Normalized_Volatility,104.412629511
3y7y_ATM,2011-12-29,Normalized_Volatility,104.647900914
3y7y_ATM,2011-12-30,Normalized_Volatility,102.638697734
3y7y_ATM,2012-01-03,Normalized_Volatility,102.743735274
3y7y_ATM,2012-01-04,Normalized_Volatility,100.875526893
3y7y_ATM,2012-01-05,Normalized_Volatility,100.425078069
3y7y_ATM,2012-01-06,Normalized_Volatility,99.128209202
3y7y_ATM,2012-01-09,Normalized_Volatility,97.732720422
3y7y_ATM,2012-01-10,Normalized_Volatility,98.550701784
3y7y_ATM,2012-01-11,Normalized_Volatility,97.60681559
3y7y_ATM,2012-01-12,Normalized_Volatility,98.734975086
3y7y_ATM,2012-01-13,Normalized_Volatility,97.437231053
3y7y_ATM,2012-01-17,Normalized_Volatility,97.21421854
3y7y_ATM,2012-01-18,Normalized_Volatility,96.54309469
3y7y_ATM,2012-01-19,Normalized_Volatility,98.783747236
3y7y_ATM,2012-01-20,Normalized_Volatility,100.221023715
3y7y_ATM,2012-01-23,Normalized_Volatility,100.55380797
3y7y_ATM,2012-01-24,Normalized_Volatility,100.273543377
3y7y_ATM,2012-01-25,Normalized_Volatility,97.46013046
3y7y_ATM,2012-01-26,Normalized_Volatility,93.951374738
3y7y_ATM,2012-01-27,Normalized_Volatility,94.031945436
3y7y_ATM,2012-01-30,Normalized_Volatility,93.986083765
3y7y_ATM,2012-01-31,Normalized_Volatility,93.816489408
3y7y_ATM,2012-02-01,Normalized_Volatility,93.612561516
3y7y_ATM,2012-02-02,Normalized_Volatility,93.191603382
3y7y_ATM,2012-02-03,Normalized_Volatility,95.77273176
3y7y_ATM,2012-02-06,Normalized_Volatility,94.454132048
3y7y_ATM,2012-02-07,Normalized_Volatility,95.905445526
3y7y_ATM,2012-02-08,Normalized_Volatility,95.671505072
3y7y_ATM,2012-02-09,Normalized_Volatility,97.60867952
3y7y_ATM,2012-02-10,Normalized_Volatility,97.098783719
3y7y_ATM,2012-02-13,Normalized_Volatility,98.4697623
3y7y_ATM,2012-02-14,Normalized_Volatility,97.571143228
3y7y_ATM,2012-02-15,Normalized_Volatility,95.80577987
3y7y_ATM,2012-02-16,Normalized_Volatility,96.846862738
3y7y_ATM,2012-02-17,Normalized_Volatility,97.514070196
3y7y_ATM,2012-02-21,Normalized_Volatility,98.10531272
3y7y_ATM,2012-02-22,Normalized_Volatility,98.383563177
3y7y_ATM,2012-02-23,Normalized_Volatility,98.56531344
3y7y_ATM,2012-02-24,Normalized_Volatility,98.683151526
3y7y_ATM,2012-02-27,Normalized_Volatility,98.587053552
3y7y_ATM,2012-02-28,Normalized_Volatility,98.401795712
3y7y_ATM,2012-02-29,Normalized_Volatility,100.0191825
3y7y_ATM,2012-03-01,Normalized_Volatility,101.487080664
3y7y_ATM,2012-03-02,Normalized_Volatility,100.5079482
3y7y_ATM,2012-03-05,Normalized_Volatility,101.315632593
3y7y_ATM,2012-03-06,Normalized_Volatility,100.925645517
3y7y_ATM,2012-03-07,Normalized_Volatility,100.05967226
3y7y_ATM,2012-03-08,Normalized_Volatility,99.890204375
3y7y_ATM,2012-03-09,Normalized_Volatility,100.10847447
3y7y_ATM,2012-03-12,Normalized_Volatility,99.88284747
3y7y_ATM,2012-03-13,Normalized_Volatility,101.21902451
3y7y_ATM,2012-03-14,Normalized_Volatility,105.675676216
3y7y_ATM,2012-03-15,Normalized_Volatility,104.07445983
3y7y_ATM,2012-03-16,Normalized_Volatility,103.887125062
3y7y_ATM,2012-03-19,Normalized_Volatility,106.369008496
3y7y_ATM,2012-03-20,Normalized_Volatility,106.6578543
3y7y_ATM,2012-03-21,Normalized_Volatility,105.420737331
3y7y_ATM,2012-03-22,Normalized_Volatility,104.494583722
3y7y_ATM,2012-03-23,Normalized_Volatility,103.785300325
3y7y_ATM,2012-03-26,Normalized_Volatility,103.984927865
3y7y_ATM,2012-03-27,Normalized_Volatility,102.09152927
3y7y_ATM,2012-03-28,Normalized_Volatility,101.09273225
3y7y_ATM,2012-03-29,Normalized_Volatility,99.859829714
3y7y_ATM,2012-03-30,Normalized_Volatility,100.86819096
3y7y_ATM,2012-04-02,Normalized_Volatility,99.660085602
3y7y_ATM,2012-04-03,Normalized_Volatility,101.668035993
3y7y_ATM,2012-04-04,Normalized_Volatility,102.19032528
3y7y_ATM,2012-04-05,Normalized_Volatility,102.201195096
3y7y_ATM,2012-04-06,Normalized_Volatility,98.958752202
3y7y_ATM,2012-04-09,Normalized_Volatility,98.041599552
3y7y_ATM,2012-04-10,Normalized_Volatility,98.35952976
3y7y_ATM,2012-04-11,Normalized_Volatility,98.69382036
3y7y_ATM,2012-04-12,Normalized_Volatility,99.401179238
3y7y_ATM,2012-04-13,Normalized_Volatility,99.483897837
3y7y_ATM,2012-04-16,Normalized_Volatility,99.477918708
3y7y_ATM,2012-04-17,Normalized_Volatility,99.85254156
3y7y_ATM,2012-04-18,Normalized_Volatility,99.714954806
3y7y_ATM,2012-04-19,Normalized_Volatility,98.929283094
3y7y_ATM,2012-04-20,Normalized_Volatility,99.292028976
3y7y_ATM,2012-04-23,Normalized_Volatility,98.679057975
3y7y_ATM,2012-04-24,Normalized_Volatility,98.513345614
3y7y_ATM,2012-04-25,Normalized_Volatility,98.063132288
3y7y_ATM,2012-04-26,Normalized_Volatility,97.01847584
3y7y_ATM,2012-04-27,Normalized_Volatility,95.87488768
3y7y_ATM,2012-04-30,Normalized_Volatility,94.809584961
3y7y_ATM,2012-05-01,Normalized_Volatility,96.741501705
3y7y_ATM,2012-05-02,Normalized_Volatility,95.511674546
3y7y_ATM,2012-05-03,Normalized_Volatility,95.8098772
3y7y_ATM,2012-05-04,Normalized_Volatility,93.77000217
3y7y_ATM,2012-05-07,Normalized_Volatility,94.374922096
3y7y_ATM,2012-05-08,Normalized_Volatility,94.38775281
3y7y_ATM,2012-05-09,Normalized_Volatility,94.446511731
3y7y_ATM,2012-05-10,Normalized_Volatility,94.555838544
3y7y_ATM,2012-05-11,Normalized_Volatility,94.638804177
3y7y_ATM,2012-05-14,Normalized_Volatility,94.976794462
3y7y_ATM,2012-05-15,Normalized_Volatility,94.900000098
3y7y_ATM,2012-05-16,Normalized_Volatility,93.506191528
3y7y_ATM,2012-05-17,Normalized_Volatility,92.915945094
3y7y_ATM,2012-05-18,Normalized_Volatility,92.863662324
3y7y_ATM,2012-05-21,Normalized_Volatility,93.05243743
3y7y_ATM,2012-05-22,Normalized_Volatility,94.611900301
3y7y_ATM,2012-05-23,Normalized_Volatility,93.804285504
3y7y_ATM,2012-05-24,Normalized_Volatility,93.15188213
3y7y_ATM,2012-05-25,Normalized_Volatility,92.818459242
3y7y_ATM,2012-05-29,Normalized_Volatility,92.129144789
3y7y_ATM,2012-05-30,Normalized_Volatility,90.45248103
3y7y_ATM,2012-05-31,Normalized_Volatility,90.111102898
3y7y_ATM,2012-06-01,Normalized_Volatility,89.3579211
3y7y_ATM,2012-06-04,Normalized_Volatility,89.928469706
3y7y_ATM,2012-06-05,Normalized_Volatility,89.91889496
3y7y_ATM,2012-06-06,Normalized_Volatility,90.596926739
3y7y_ATM,2012-06-07,Normalized_Volatility,91.361358945
3y7y_ATM,2012-06-08,Normalized_Volatility,91.243159273
3y7y_ATM,2012-06-11,Normalized_Volatility,92.248631548
3y7y_ATM,2012-06-12,Normalized_Volatility,92.540166438
3y7y_ATM,2012-06-13,Normalized_Volatility,92.625568672
3y7y_ATM,2012-06-14,Normalized_Volatility,92.76522527
3y7y_ATM,2012-06-15,Normalized_Volatility,92.357056066
3y7y_ATM,2012-06-18,Normalized_Volatility,91.552363992
3y7y_ATM,2012-06-19,Normalized_Volatility,91.298855808
3y7y_ATM,2012-06-20,Normalized_Volatility,89.654847894
3y7y_ATM,2012-06-21,Normalized_Volatility,89.492804504
3y7y_ATM,2012-06-22,Normalized_Volatility,89.75138604
3y7y_ATM,2012-06-25,Normalized_Volatility,89.492994126
3y7y_ATM,2012-06-26,Normalized_Volatility,89.729548308
3y7y_ATM,2012-06-27,Normalized_Volatility,89.603129187
3y7y_ATM,2012-06-28,Normalized_Volatility,89.528561712
3y7y_ATM,2012-06-29,Normalized_Volatility,89.889201986
3y7y_ATM,2012-07-02,Normalized_Volatility,89.859792152
3y7y_ATM,2012-07-03,Normalized_Volatility,89.787107904
3y7y_ATM,2012-07-05,Normalized_Volatility,89.579588343
3y7y_ATM,2012-07-06,Normalized_Volatility,88.896314584
3y7y_ATM,2012-07-09,Normalized_Volatility,88.115341596
3y7y_ATM,2012-07-10,Normalized_Volatility,88.578749846
3y7y_ATM,2012-07-11,Normalized_Volatility,87.982073586
3y7y_ATM,2012-07-12,Normalized_Volatility,87.779145271
3y7y_ATM,2012-07-13,Normalized_Volatility,87.954807126
3y7y_ATM,2012-07-16,Normalized_Volatility,87.987965911
3y7y_ATM,2012-07-17,Normalized_Volatility,87.960491892
3y7y_ATM,2012-07-18,Normalized_Volatility,87.660205465
3y7y_ATM,2012-07-19,Normalized_Volatility,87.245816868
3y7y_ATM,2012-07-20,Normalized_Volatility,86.961043156
3y7y_ATM,2012-07-23,Normalized_Volatility,86.491923
3y7y_ATM,2012-07-24,Normalized_Volatility,86.407966284
3y7y_ATM,2012-07-25,Normalized_Volatility,85.972662336
3y7y_ATM,2012-07-26,Normalized_Volatility,86.347805166
3y7y_ATM,2012-07-27,Normalized_Volatility,88.438194838
3y7y_ATM,2012-07-30,Normalized_Volatility,87.334213529
3y7y_ATM,2012-07-31,Normalized_Volatility,87.1362258
3y7y_ATM,2012-08-01,Normalized_Volatility,87.92465528
3y7y_ATM,2012-08-02,Normalized_Volatility,87.43054236
3y7y_ATM,2012-08-03,Normalized_Volatility,88.932019772
3y7y_ATM,2012-08-06,Normalized_Volatility,87.84592698
3y7y_ATM,2012-08-07,Normalized_Volatility,89.10637461
3y7y_ATM,2012-08-08,Normalized_Volatility,89.6561494
3y7y_ATM,2012-08-09,Normalized_Volatility,89.59566231
3y7y_ATM,2012-08-10,Normalized_Volatility,89.127686571
3y7y_ATM,2012-08-13,Normalized_Volatility,89.454315775
3y7y_ATM,2012-08-14,Normalized_Volatility,90.998375715
3y7y_ATM,2012-08-15,Normalized_Volatility,92.619938345
3y7y_ATM,2012-08-16,Normalized_Volatility,93.717869586
3y7y_ATM,2012-08-17,Normalized_Volatility,92.560347418
3y7y_ATM,2012-08-20,Normalized_Volatility,92.396350746
3y7y_ATM,2012-08-21,Normalized_Volatility,90.599809923
3y7y_ATM,2012-08-22,Normalized_Volatility,89.981042256
3y7y_ATM,2012-08-23,Normalized_Volatility,90.013276332
3y7y_ATM,2012-08-24,Normalized_Volatility,90.225088346
3y7y_ATM,2012-08-27,Normalized_Volatility,90.20902914
3y7y_ATM,2012-08-28,Normalized_Volatility,90.474617832
3y7y_ATM,2012-08-29,Normalized_Volatility,90.867470972
3y7y_ATM,2012-08-30,Normalized_Volatility,91.247666338
3y7y_ATM,2012-08-31,Normalized_Volatility,90.598586688
3y7y_ATM,2012-09-04,Normalized_Volatility,89.63739288
3y7y_ATM,2012-09-05,Normalized_Volatility,88.772699694
3y7y_ATM,2012-09-06,Normalized_Volatility,89.757768645
3y7y_ATM,2012-09-07,Normalized_Volatility,88.795051744
3y7y_ATM,2012-09-10,Normalized_Volatility,88.906901741
3y7y_ATM,2012-09-11,Normalized_Volatility,88.88339768
3y7y_ATM,2012-09-12,Normalized_Volatility,90.321767568
3y7y_ATM,2012-09-13,Normalized_Volatility,88.028804334
3y7y_ATM,2012-09-14,Normalized_Volatility,89.594948312
3y7y_ATM,2012-09-17,Normalized_Volatility,88.603701328
3y7y_ATM,2012-09-18,Normalized_Volatility,87.5594104
3y7y_ATM,2012-09-19,Normalized_Volatility,86.710577504
3y7y_ATM,2012-09-20,Normalized_Volatility,86.449687155
3y7y_ATM,2012-09-21,Normalized_Volatility,86.344231295
3y7y_ATM,2012-09-24,Normalized_Volatility,85.41404625
3y7y_ATM,2012-09-25,Normalized_Volatility,85.53840367
3y7y_ATM,2012-09-26,Normalized_Volatility,84.609054447
3y7y_ATM,2012-09-27,Normalized_Volatility,84.609169944
3y7y_ATM,2012-09-28,Normalized_Volatility,84.744438468
3y7y_ATM,2012-10-01,Normalized_Volatility,84.499713938
3y7y_ATM,2012-10-02,Normalized_Volatility,84.464524474
3y7y_ATM,2012-10-03,Normalized_Volatility,84.109324072
3y7y_ATM,2012-10-04,Normalized_Volatility,84.423371528
3y7y_ATM,2012-10-05,Normalized_Volatility,84.498752032
3y7y_ATM,2012-10-09,Normalized_Volatility,83.78549508
3y7y_ATM,2012-10-10,Normalized_Volatility,82.95856662
3y7y_ATM,2012-10-11,Normalized_Volatility,82.855616081
3y7y_ATM,2012-10-12,Normalized_Volatility,82.517008892
3y7y_ATM,2012-10-15,Normalized_Volatility,83.078128368
3y7y_ATM,2012-10-16,Normalized_Volatility,83.44625097
3y7y_ATM,2012-10-17,Normalized_Volatility,85.783608064
3y7y_ATM,2012-10-18,Normalized_Volatility,85.555013636
3y7y_ATM,2012-10-19,Normalized_Volatility,84.538750296
3y7y_ATM,2012-10-22,Normalized_Volatility,85.4846888
3y7y_ATM,2012-10-23,Normalized_Volatility,84.923178726
3y7y_ATM,2012-10-24,Normalized_Volatility,84.88176102
3y7y_ATM,2012-10-25,Normalized_Volatility,85.539982194
3y7y_ATM,2012-10-26,Normalized_Volatility,84.682539102
3y7y_ATM,2012-10-29,Normalized_Volatility,84.123158412
3y7y_ATM,2012-10-31,Normalized_Volatility,84.235662558
3y7y_ATM,2012-11-01,Normalized_Volatility,84.65177705
3y7y_ATM,2012-11-02,Normalized_Volatility,84.834733256
3y7y_ATM,2012-11-05,Normalized_Volatility,84.534942012
3y7y_ATM,2012-11-06,Normalized_Volatility,85.0575546
3y7y_ATM,2012-11-07,Normalized_Volatility,82.82671856
3y7y_ATM,2012-11-08,Normalized_Volatility,82.252199552
3y7y_ATM,2012-11-09,Normalized_Volatility,83.308104064
3y7y_ATM,2012-11-13,Normalized_Volatility,82.99791616
3y7y_ATM,2012-11-14,Normalized_Volatility,83.48795293
3y7y_ATM,2012-11-15,Normalized_Volatility,83.724269544
3y7y_ATM,2012-11-16,Normalized_Volatility,83.682566139
3y7y_ATM,2012-11-19,Normalized_Volatility,84.17170785
3y7y_ATM,2012-11-20,Normalized_Volatility,84.305456544
3y7y_ATM,2012-11-21,Normalized_Volatility,84.30202143
3y7y_ATM,2012-11-23,Normalized_Volatility,84.158596885
3y7y_ATM,2012-11-26,Normalized_Volatility,83.59535982
3y7y_ATM,2012-11-27,Normalized_Volatility,82.726961856
3y7y_ATM,2012-11-28,Normalized_Volatility,82.231835352
3y7y_ATM,2012-11-29,Normalized_Volatility,82.115788392
3y7y_ATM,2012-11-30,Normalized_Volatility,82.172159125
3y7y_ATM,2012-12-03,Normalized_Volatility,81.835567222
3y7y_ATM,2012-12-04,Normalized_Volatility,81.514792009
3y7y_ATM,2012-12-05,Normalized_Volatility,81.511970742
3y7y_ATM,2012-12-06,Normalized_Volatility,81.519009234
3y7y_ATM,2012-12-07,Normalized_Volatility,81.999816756
3y7y_ATM,2012-12-10,Normalized_Volatility,81.773098032
3y7y_ATM,2012-12-11,Normalized_Volatility,82.063174543
3y7y_ATM,2012-12-12,Normalized_Volatility,83.231344206
3y7y_ATM,2012-12-13,Normalized_Volatility,83.812695616
3y7y_ATM,2012-12-14,Normalized_Volatility,83.964085464
3y7y_ATM,2012-12-17,Normalized_Volatility,84.8551236
3y7y_ATM,2012-12-18,Normalized_Volatility,86.010652948
3y7y_ATM,2012-12-19,Normalized_Volatility,84.815103759
3y7y_ATM,2012-12-20,Normalized_Volatility,83.640415117
3y7y_ATM,2012-12-21,Normalized_Volatility,83.343362476
3y7y_ATM,2012-12-24,Normalized_Volatility,83.588742354
3y7y_ATM,2012-12-26,Normalized_Volatility,83.383010592
3y7y_ATM,2012-12-27,Normalized_Volatility,83.189108672
3y7y_ATM,2012-12-28,Normalized_Volatility,82.759543327
3y7y_ATM,2012-12-31,Normalized_Volatility,84.158835116
3y7y_ATM,2013-01-02,Normalized_Volatility,84.685979217
3y7y_ATM,2013-01-03,Normalized_Volatility,84.533462971
3y7y_ATM,2013-01-04,Normalized_Volatility,84.529030197
3y7y_ATM,2013-01-07,Normalized_Volatility,84.062441892
3y7y_ATM,2013-01-08,Normalized_Volatility,83.98371882
3y7y_ATM,2013-01-09,Normalized_Volatility,83.778559154
3y7y_ATM,2013-01-10,Normalized_Volatility,84.395393478
3y7y_ATM,2013-01-11,Normalized_Volatility,84.228846336
3y7y_ATM,2013-01-14,Normalized_Volatility,83.890958512
3y7y_ATM,2013-01-15,Normalized_Volatility,83.02219002
3y7y_ATM,2013-01-16,Normalized_Volatility,83.085171777
3y7y_ATM,2013-01-17,Normalized_Volatility,84.342128014
3y7y_ATM,2013-01-18,Normalized_Volatility,84.175186563
3y7y_ATM,2013-01-22,Normalized_Volatility,84.160571825
3y7y_ATM,2013-01-23,Normalized_Volatility,84.73932974
3y7y_ATM,2013-01-24,Normalized_Volatility,85.3476888
3y7y_ATM,2013-01-25,Normalized_Volatility,87.41376684
3y7y_ATM,2013-01-28,Normalized_Volatility,88.607783544
3y7y_ATM,2013-01-29,Normalized_Volatility,89.225866944
3y7y_ATM,2013-01-30,Normalized_Volatility,89.509891302
3y7y_ATM,2013-01-31,Normalized_Volatility,89.020986866
3y7y_ATM,2013-02-01,Normalized_Volatility,89.463413403
3y7y_ATM,2013-02-04,Normalized_Volatility,88.312978728
3y7y_ATM,2013-02-05,Normalized_Volatility,90.331741815
3y7y_ATM,2013-02-06,Normalized_Volatility,90.128033896
3y7y_ATM,2013-02-07,Normalized_Volatility,90.590134656
3y7y_ATM,2013-02-08,Normalized_Volatility,90.540806415
3y7y_ATM,2013-02-11,Normalized_Volatility,90.215674143
3y7y_ATM,2013-02-12,Normalized_Volatility,90.41733228
3y7y_ATM,2013-02-13,Normalized_Volatility,90.99528471
3y7y_ATM,2013-02-14,Normalized_Volatility,90.214929441
3y7y_ATM,2013-02-15,Normalized_Volatility,90.100179374
3y7y_ATM,2013-02-19,Normalized_Volatility,90.178556643
3y7y_ATM,2013-02-20,Normalized_Volatility,90.115516288
3y7y_ATM,2013-02-21,Normalized_Volatility,90.534233307
3y7y_ATM,2013-02-22,Normalized_Volatility,90.425848684
3y7y_ATM,2013-02-25,Normalized_Volatility,90.290819344
3y7y_ATM,2013-02-26,Normalized_Volatility,90.30249622
3y7y_ATM,2013-02-27,Normalized_Volatility,90.804406485
3y7y_ATM,2013-02-28,Normalized_Volatility,90.991261413
3y7y_ATM,2013-03-01,Normalized_Volatility,90.950499405
3y7y_ATM,2013-03-04,Normalized_Volatility,90.26336099
3y7y_ATM,2013-03-05,Normalized_Volatility,90.120362388
3y7y_ATM,2013-03-06,Normalized_Volatility,90.351535062
3y7y_ATM,2013-03-07,Normalized_Volatility,90.988266303
3y7y_ATM,2013-03-08,Normalized_Volatility,91.45358112
3y7y_ATM,2013-03-11,Normalized_Volatility,91.265174892
3y7y_ATM,2013-03-12,Normalized_Volatility,91.119442204
3y7y_ATM,2013-03-13,Normalized_Volatility,91.42505514
3y7y_ATM,2013-03-14,Normalized_Volatility,92.031848768
3y7y_ATM,2013-03-15,Normalized_Volatility,91.69276721
3y7y_ATM,2013-03-18,Normalized_Volatility,92.266427843
3y7y_ATM,2013-03-19,Normalized_Volatility,91.822917185
3y7y_ATM,2013-03-20,Normalized_Volatility,91.875715074
3y7y_ATM,2013-03-21,Normalized_Volatility,92.007414624
3y7y_ATM,2013-03-22,Normalized_Volatility,91.63849229
3y7y_ATM,2013-03-25,Normalized_Volatility,90.784570022
3y7y_ATM,2013-03-26,Normalized_Volatility,90.403549912
3y7y_ATM,2013-03-27,Normalized_Volatility,89.921839707
3y7y_ATM,2013-03-28,Normalized_Volatility,89.808416881
3y7y_ATM,2013-04-01,Normalized_Volatility,89.50847246
3y7y_ATM,2013-04-02,Normalized_Volatility,89.647981829
3y7y_ATM,2013-04-03,Normalized_Volatility,88.700377682
3y7y_ATM,2013-04-04,Normalized_Volatility,88.233292682
3y7y_ATM,2013-04-05,Normalized_Volatility,87.40130751
3y7y_ATM,2013-04-08,Normalized_Volatility,87.88646136
3y7y_ATM,2013-04-09,Normalized_Volatility,87.721153211
3y7y_ATM,2013-04-10,Normalized_Volatility,88.159150201
3y7y_ATM,2013-04-11,Normalized_Volatility,87.403651715
3y7y_ATM,2013-04-12,Normalized_Volatility,86.98941
3y7y_ATM,2013-04-15,Normalized_Volatility,86.675363272
3y7y_ATM,2013-04-16,Normalized_Volatility,86.972403525
3y7y_ATM,2013-04-17,Normalized_Volatility,86.860873891
3y7y_ATM,2013-04-18,Normalized_Volatility,86.598803844
3y7y_ATM,2013-04-19,Normalized_Volatility,87.286906245
3y7y_ATM,2013-04-22,Normalized_Volatility,87.140391744
3y7y_ATM,2013-04-23,Normalized_Volatility,86.962188357
3y7y_ATM,2013-04-24,Normalized_Volatility,86.987061852
3y7y_ATM,2013-04-25,Normalized_Volatility,86.856379666
3y7y_ATM,2013-04-26,Normalized_Volatility,86.44262022
3y7y_ATM,2013-04-29,Normalized_Volatility,86.452436712
3y7y_ATM,2013-04-30,Normalized_Volatility,86.59287796
3y7y_ATM,2013-05-01,Normalized_Volatility,86.48204562
3y7y_ATM,2013-05-02,Normalized_Volatility,86.70263563
3y7y_ATM,2013-05-03,Normalized_Volatility,87.57165004
3y7y_ATM,2013-05-06,Normalized_Volatility,87.677089253
3y7y_ATM,2013-05-07,Normalized_Volatility,87.701216658
3y7y_ATM,2013-05-08,Normalized_Volatility,87.677973049
3y7y_ATM,2013-05-09,Normalized_Volatility,87.26108625
3y7y_ATM,2013-05-10,Normalized_Volatility,87.640395425
3y7y_ATM,2013-05-13,Normalized_Volatility,88.085165988
3y7y_ATM,2013-05-14,Normalized_Volatility,88.433164092
3y7y_ATM,2013-05-15,Normalized_Volatility,88.462650771
3y7y_ATM,2013-05-16,Normalized_Volatility,88.53461397
3y7y_ATM,2013-05-17,Normalized_Volatility,89.292702495
3y7y_ATM,2013-05-20,Normalized_Volatility,89.35324156
3y7y_ATM,2013-05-21,Normalized_Volatility,89.090817852
3y7y_ATM,2013-05-22,Normalized_Volatility,90.196797015
3y7y_ATM,2013-05-23,Normalized_Volatility,90.74980616
3y7y_ATM,2013-05-24,Normalized_Volatility,90.887147323
3y7y_ATM,2013-05-28,Normalized_Volatility,93.910797243
3y7y_ATM,2013-05-29,Normalized_Volatility,95.570968012
3y7y_ATM,2013-05-30,Normalized_Volatility,96.503923553
3y7y_ATM,2013-05-31,Normalized_Volatility,97.885559132
3y7y_ATM,2013-06-03,Normalized_Volatility,99.622360875
3y7y_ATM,2013-06-04,Normalized_Volatility,101.257658326
3y7y_ATM,2013-06-05,Normalized_Volatility,101.19278592
3y7y_ATM,2013-06-06,Normalized_Volatility,100.71892281
3y7y_ATM,2013-06-07,Normalized_Volatility,101.96332545
3y7y_ATM,2013-06-10,Normalized_Volatility,102.939245052
3y7y_ATM,2013-06-11,Normalized_Volatility,102.74086953
3y7y_ATM,2013-06-12,Normalized_Volatility,102.1269137
3y7y_ATM,2013-06-13,Normalized_Volatility,100.394684988
3y7y_ATM,2013-06-14,Normalized_Volatility,98.987459142
3y7y_ATM,2013-06-17,Normalized_Volatility,99.878341512
3y7y_ATM,2013-06-18,Normalized_Volatility,100.001488085
3y7y_ATM,2013-06-19,Normalized_Volatility,102.883254122
3y7y_ATM,2013-06-20,Normalized_Volatility,106.15293429
3y7y_ATM,2013-06-21,Normalized_Volatility,106.877683652
3y7y_ATM,2013-06-24,Normalized_Volatility,108.628135668
3y7y_ATM,2013-06-25,Normalized_Volatility,108.57410668
3y7y_ATM,2013-06-26,Normalized_Volatility,107.821525755
3y7y_ATM,2013-06-27,Normalized_Volatility,104.580106425
3y7y_ATM,2013-06-28,Normalized_Volatility,105.796542744
3y7y_ATM,2013-07-01,Normalized_Volatility,105.25228022
3y7y_ATM,2013-07-02,Normalized_Volatility,105.087522954
3y7y_ATM,2013-07-03,Normalized_Volatility,106.063902791
3y7y_ATM,2013-07-05,Normalized_Volatility,109.888283925
3y7y_ATM,2013-07-08,Normalized_Volatility,108.701372559
3y7y_ATM,2013-07-09,Normalized_Volatility,107.936647577
3y7y_ATM,2013-07-10,Normalized_Volatility,108.46254462
3y7y_ATM,2013-07-11,Normalized_Volatility,106.75982772
3y7y_ATM,2013-07-12,Normalized_Volatility,107.285091144
3y7y_ATM,2013-07-15,Normalized_Volatility,106.27783062
3y7y_ATM,2013-07-16,Normalized_Volatility,105.7926272
3y7y_ATM,2013-07-17,Normalized_Volatility,104.556143062
3y7y_ATM,2013-07-18,Normalized_Volatility,104.362658598
3y7y_ATM,2013-07-19,Normalized_Volatility,103.928860369
3y7y_ATM,2013-07-22,Normalized_Volatility,104.15807844
3y7y_ATM,2013-07-23,Normalized_Volatility,104.732806639
3y7y_ATM,2013-07-24,Normalized_Volatility,106.950051585
3y7y_ATM,2013-07-25,Normalized_Volatility,107.209451424
3y7y_ATM,2013-07-26,Normalized_Volatility,107.408495104
3y7y_ATM,2013-07-29,Normalized_Volatility,107.760169087
3y7y_ATM,2013-07-30,Normalized_Volatility,107.81492724
3y7y_ATM,2013-07-31,Normalized_Volatility,107.996445734
3y7y_ATM,2013-08-01,Normalized_Volatility,109.883379375
3y7y_ATM,2013-08-02,Normalized_Volatility,107.715428352
3y7y_ATM,2013-08-05,Normalized_Volatility,108.02872764
3y7y_ATM,2013-08-06,Normalized_Volatility,108.130681418
3y7y_ATM,2013-08-07,Normalized_Volatility,106.729080512
3y7y_ATM,2013-08-08,Normalized_Volatility,105.858931358
3y7y_ATM,2013-08-09,Normalized_Volatility,105.610596589
3y7y_ATM,2013-08-12,Normalized_Volatility,105.995214576
3y7y_ATM,2013-08-13,Normalized_Volatility,106.793037
3y7y_ATM,2013-08-14,Normalized_Volatility,106.791449562
3y7y_ATM,2013-08-15,Normalized_Volatility,107.523767597
3y7y_ATM,2013-08-16,Normalized_Volatility,108.37501326
3y7y_ATM,2013-08-19,Normalized_Volatility,109.288823448
3y7y_ATM,2013-08-20,Normalized_Volatility,108.628108593
3y7y_ATM,2013-08-21,Normalized_Volatility,110.14937595
3y7y_ATM,2013-08-22,Normalized_Volatility,110.078151062
3y7y_ATM,2013-08-23,Normalized_Volatility,109.125489732
3y7y_ATM,2013-08-26,Normalized_Volatility,108.974224826
3y7y_ATM,2013-08-27,Normalized_Volatility,108.828670016
3y7y_ATM,2013-08-28,Normalized_Volatility,110.422810663
3y7y_ATM,2013-08-29,Normalized_Volatility,110.23173005
3y7y_ATM,2013-08-30,Normalized_Volatility,111.037596364
3y7y_ATM,2013-09-03,Normalized_Volatility,112.17481236
3y7y_ATM,2013-09-04,Normalized_Volatility,112.72864915
3y7y_ATM,2013-09-05,Normalized_Volatility,113.738302736
3y7y_ATM,2013-09-06,Normalized_Volatility,113.30809726
3y7y_ATM,2013-09-09,Normalized_Volatility,113.32384598
3y7y_ATM,2013-09-10,Normalized_Volatility,113.71963478
3y7y_ATM,2013-09-11,Normalized_Volatility,112.95480153
3y7y_ATM,2013-09-12,Normalized_Volatility,111.999490176
3y7y_ATM,2013-09-13,Normalized_Volatility,110.9741208
3y7y_ATM,2013-09-16,Normalized_Volatility,109.846201025
3y7y_ATM,2013-09-17,Normalized_Volatility,108.873678903
3y7y_ATM,2013-09-18,Normalized_Volatility,105.924862476
3y7y_ATM,2013-09-19,Normalized_Volatility,105.71711355
3y7y_ATM,2013-09-20,Normalized_Volatility,105.06547634
3y7y_ATM,2013-09-23,Normalized_Volatility,104.49348882
3y7y_ATM,2013-09-24,Normalized_Volatility,104.030628624
3y7y_ATM,2013-09-25,Normalized_Volatility,103.47303829
3y7y_ATM,2013-09-26,Normalized_Volatility,104.342517968
3y7y_ATM,2013-09-27,Normalized_Volatility,105.274191093
3y7y_ATM,2013-09-30,Normalized_Volatility,105.347592208
3y7y_ATM,2013-10-01,Normalized_Volatility,105.7484736
3y7y_ATM,2013-10-02,Normalized_Volatility,105.187848192
3y7y_ATM,2013-10-03,Normalized_Volatility,104.27228598
3y7y_ATM,2013-10-04,Normalized_Volatility,104.789195406
3y7y_ATM,2013-10-07,Normalized_Volatility,104.329541925
3y7y_ATM,2013-10-08,Normalized_Volatility,104.133701155
3y7y_ATM,2013-10-09,Normalized_Volatility,104.676379164
3y7y_ATM,2013-10-10,Normalized_Volatility,104.930455595
3y7y_ATM,2013-10-11,Normalized_Volatility,105.000326568
3y7y_ATM,2013-10-15,Normalized_Volatility,105.421273121
3y7y_ATM,2013-10-16,Normalized_Volatility,104.66391399
3y7y_ATM,2013-10-17,Normalized_Volatility,103.559286699
3y7y_ATM,2013-10-18,Normalized_Volatility,103.414727454
3y7y_ATM,2013-10-21,Normalized_Volatility,103.362763064
3y7y_ATM,2013-10-22,Normalized_Volatility,101.335199553
3y7y_ATM,2013-10-23,Normalized_Volatility,100.432537128
3y7y_ATM,2013-10-24,Normalized_Volatility,100.79294282
3y7y_ATM,2013-10-25,Normalized_Volatility,100.35893016
3y7y_ATM,2013-10-28,Normalized_Volatility,99.81079176
3y7y_ATM,2013-10-29,Normalized_Volatility,99.564866176
3y7y_ATM,2013-10-30,Normalized_Volatility,100.143874545
3y7y_ATM,2013-10-31,Normalized_Volatility,101.234247652
3y7y_ATM,2013-11-01,Normalized_Volatility,102.7472278
3y7y_ATM,2013-11-04,Normalized_Volatility,102.3582938
3y7y_ATM,2013-11-05,Normalized_Volatility,103.959062123
3y7y_ATM,2013-11-06,Normalized_Volatility,103.674865758
3y7y_ATM,2013-11-07,Normalized_Volatility,103.47901546
3y7y_ATM,2013-11-08,Normalized_Volatility,106.054917084
3y7y_ATM,2013-11-12,Normalized_Volatility,106.268538135
3y7y_ATM,2013-11-13,Normalized_Volatility,105.562002679
3y7y_ATM,2013-11-14,Normalized_Volatility,103.79574225
3y7y_ATM,2013-11-15,Normalized_Volatility,103.220118178
3y7y_ATM,2013-11-18,Normalized_Volatility,101.836914942
3y7y_ATM,2013-11-19,Normalized_Volatility,102.17973284
3y7y_ATM,2013-11-20,Normalized_Volatility,103.261780008
3y7y_ATM,2013-11-21,Normalized_Volatility,103.494871296
3y7y_ATM,2013-11-22,Normalized_Volatility,103.443492656
3y7y_ATM,2013-12-03,Normalized_Volatility,106.458369591
3y7y_ATM,2013-12-04,Normalized_Volatility,107.600871204
3y7y_ATM,2013-12-05,Normalized_Volatility,107.594945283
3y7y_ATM,2013-12-06,Normalized_Volatility,107.018245992
3y7y_ATM,2013-12-09,Normalized_Volatility,106.46476578
3y7y_ATM,2013-12-10,Normalized_Volatility,105.7933734
3y7y_ATM,2013-12-11,Normalized_Volatility,106.29719079
3y7y_ATM,2013-12-12,Normalized_Volatility,106.6612932
3y7y_ATM,2013-12-13,Normalized_Volatility,106.313168801
3y7y_ATM,2013-12-16,Normalized_Volatility,106.144246264
3y7y_ATM,2013-12-17,Normalized_Volatility,105.656743204
3y7y_ATM,2013-12-18,Normalized_Volatility,105.869753626
3y7y_ATM,2013-12-19,Normalized_Volatility,106.450552788
3y7y_ATM,2013-12-20,Normalized_Volatility,106.13832736
3y7y_ATM,2013-12-23,Normalized_Volatility,106.233395541
3y7y_ATM,2013-12-24,Normalized_Volatility,106.2527737
3y7y_ATM,2013-12-26,Normalized_Volatility,106.35509696
3y7y_ATM,2013-12-27,Normalized_Volatility,105.731335189
3y7y_ATM,2013-12-30,Normalized_Volatility,105.525036288
3y7y_ATM,2013-12-31,Normalized_Volatility,106.22634354
3y7y_ATM,2014-01-02,Normalized_Volatility,105.585603375
3y7y_ATM,2014-01-03,Normalized_Volatility,104.8841367
3y7y_ATM,2014-01-06,Normalized_Volatility,104.078827092
3y7y_ATM,2014-01-07,Normalized_Volatility,102.818947602
3y7y_ATM,2014-01-08,Normalized_Volatility,103.19911965
3y7y_ATM,2014-01-09,Normalized_Volatility,102.421927944
3y7y_ATM,2014-01-10,Normalized_Volatility,99.426284602
3y7y_ATM,2014-01-13,Normalized_Volatility,98.384407224
3y7y_ATM,2014-01-14,Normalized_Volatility,99.228971064
3y7y_ATM,2014-01-15,Normalized_Volatility,99.27902732
3y7y_ATM,2014-01-16,Normalized_Volatility,98.738705335
3y7y_ATM,2014-01-17,Normalized_Volatility,98.418667072
3y7y_ATM,2014-01-21,Normalized_Volatility,98.53586568
3y7y_ATM,2014-01-22,Normalized_Volatility,98.774814958
3y7y_ATM,2014-01-23,Normalized_Volatility,97.875794016
3y7y_ATM,2014-01-24,Normalized_Volatility,97.354437542
3y7y_ATM,2014-01-27,Normalized_Volatility,97.73650373
3y7y_ATM,2014-01-28,Normalized_Volatility,98.635520256
3y7y_ATM,2014-01-29,Normalized_Volatility,98.604605213
3y7y_ATM,2014-01-30,Normalized_Volatility,99.731923635
3y7y_ATM,2014-01-31,Normalized_Volatility,99.714249588
3y7y_ATM,2014-02-03,Normalized_Volatility,99.443034408
3y7y_ATM,2014-02-04,Normalized_Volatility,100.270989364
3y7y_ATM,2014-02-05,Normalized_Volatility,100.265989185
3y7y_ATM,2014-02-06,Normalized_Volatility,100.151558314
3y7y_ATM,2014-02-07,Normalized_Volatility,98.883377656
3y7y_ATM,2014-02-10,Normalized_Volatility,98.36542413
3y7y_ATM,2014-02-11,Normalized_Volatility,98.639861502
3y7y_ATM,2014-02-12,Normalized_Volatility,98.757040656
3y7y_ATM,2014-02-13,Normalized_Volatility,97.688942145
3y7y_ATM,2014-02-14,Normalized_Volatility,96.97219184
3y7y_ATM,2014-02-18,Normalized_Volatility,96.6844575
3y7y_ATM,2014-02-19,Normalized_Volatility,96.950493678
3y7y_ATM,2014-02-20,Normalized_Volatility,96.82352775
3y7y_ATM,2014-02-21,Normalized_Volatility,96.33244843
3y7y_ATM,2014-02-24,Normalized_Volatility,95.988224932
3y7y_ATM,2014-02-25,Normalized_Volatility,95.47612611
3y7y_ATM,2014-02-26,Normalized_Volatility,95.24415456
3y7y_ATM,2014-02-27,Normalized_Volatility,95.478919945
3y7y_ATM,2014-02-28,Normalized_Volatility,95.42474747
3y7y_ATM,2014-03-03,Normalized_Volatility,95.257205431
3y7y_ATM,2014-03-04,Normalized_Volatility,97.3021544
3y7y_ATM,2014-03-05,Normalized_Volatility,96.623556572
3y7y_ATM,2014-03-06,Normalized_Volatility,96.884809344
3y7y_ATM,2014-03-07,Normalized_Volatility,96.930474138
3y7y_ATM,2014-03-10,Normalized_Volatility,96.143767188
3y7y_ATM,2014-03-11,Normalized_Volatility,95.7459139
3y7y_ATM,2014-03-12,Normalized_Volatility,95.449057579
3y7y_ATM,2014-03-13,Normalized_Volatility,95.616431075
3y7y_ATM,2014-03-14,Normalized_Volatility,96.025682142
3y7y_ATM,2014-03-17,Normalized_Volatility,96.065398022
3y7y_ATM,2014-03-18,Normalized_Volatility,95.800934255
3y7y_ATM,2014-03-19,Normalized_Volatility,97.036290312
3y7y_ATM,2014-03-20,Normalized_Volatility,96.708511636
3y7y_ATM,2014-03-21,Normalized_Volatility,96.31474944
3y7y_ATM,2014-03-24,Normalized_Volatility,96.400437705
3y7y_ATM,2014-03-25,Normalized_Volatility,96.38697927
3y7y_ATM,2014-03-26,Normalized_Volatility,96.05740571
3y7y_ATM,2014-03-27,Normalized_Volatility,95.6432026
3y7y_ATM,2014-03-28,Normalized_Volatility,95.109247264
3y7y_ATM,2014-03-31,Normalized_Volatility,94.667502992
3y7y_ATM,2014-04-01,Normalized_Volatility,94.6761885
3y7y_ATM,2014-04-02,Normalized_Volatility,94.40694324
3y7y_ATM,2014-04-03,Normalized_Volatility,94.183908924
3y7y_ATM,2014-04-04,Normalized_Volatility,92.84227017
3y7y_ATM,2014-04-07,Normalized_Volatility,91.87350365
3y7y_ATM,2014-04-08,Normalized_Volatility,91.315237212
3y7y_ATM,2014-04-09,Normalized_Volatility,91.31524164
3y7y_ATM,2014-04-10,Normalized_Volatility,91.296510695
3y7y_ATM,2014-04-11,Normalized_Volatility,91.761430368
3y7y_ATM,2014-04-14,Normalized_Volatility,92.069646375
3y7y_ATM,2014-04-15,Normalized_Volatility,91.878129756
3y7y_ATM,2014-04-16,Normalized_Volatility,92.21337792
3y7y_ATM,2014-04-17,Normalized_Volatility,92.959734485
3y7y_ATM,2014-04-21,Normalized_Volatility,92.647723395
3y7y_ATM,2014-04-22,Normalized_Volatility,92.68676899
3y7y_ATM,2014-04-23,Normalized_Volatility,92.47748246
3y7y_ATM,2014-04-24,Normalized_Volatility,92.496338928
3y7y_ATM,2014-04-25,Normalized_Volatility,92.29890726
3y7y_ATM,2014-04-28,Normalized_Volatility,92.747652165
3y7y_ATM,2014-04-29,Normalized_Volatility,92.81943025
3y7y_ATM,2014-04-30,Normalized_Volatility,92.328840485
3y7y_ATM,2014-05-01,Normalized_Volatility,92.188243455
3y7y_ATM,2014-05-02,Normalized_Volatility,91.734848548
3y7y_ATM,2014-05-05,Normalized_Volatility,91.799543306
3y7y_ATM,2014-05-06,Normalized_Volatility,91.75338987
3y7y_ATM,2014-05-07,Normalized_Volatility,91.764404495
3y7y_ATM,2014-05-08,Normalized_Volatility,91.553916974
3y7y_ATM,2014-05-09,Normalized_Volatility,91.73565708
3y7y_ATM,2014-05-12,Normalized_Volatility,92.086936884
3y7y_ATM,2014-05-13,Normalized_Volatility,91.9634424
3y7y_ATM,2014-05-14,Normalized_Volatility,91.850909724
3y7y_ATM,2014-05-15,Normalized_Volatility,92.25288387
3y7y_ATM,2014-05-16,Normalized_Volatility,92.358136496
3y7y_ATM,2014-05-19,Normalized_Volatility,92.482223985
3y7y_ATM,2014-05-20,Normalized_Volatility,92.315791725
3y7y_ATM,2014-05-21,Normalized_Volatility,92.531852625
3y7y_ATM,2014-05-22,Normalized_Volatility,92.603306254
3y7y_ATM,2014-05-23,Normalized_Volatility,92.24105793
3y7y_ATM,2014-05-27,Normalized_Volatility,92.063480591
3y7y_ATM,2014-05-28,Normalized_Volatility,92.192397024
3y7y_ATM,2014-05-29,Normalized_Volatility,93.25373373
3y7y_ATM,2014-05-30,Normalized_Volatility,93.468712095
3y7y_ATM,2014-06-02,Normalized_Volatility,94.431846688
3y7y_ATM,2014-06-03,Normalized_Volatility,94.740686551
3y7y_ATM,2014-06-04,Normalized_Volatility,94.96371865
3y7y_ATM,2014-06-05,Normalized_Volatility,94.73801788
3y7y_ATM,2014-06-06,Normalized_Volatility,93.926253772
3y7y_ATM,2014-06-09,Normalized_Volatility,93.61076684
3y7y_ATM,2014-06-10,Normalized_Volatility,93.226131198
3y7y_ATM,2014-06-11,Normalized_Volatility,92.306440739
3y7y_ATM,2014-06-12,Normalized_Volatility,91.286952864
3y7y_ATM,2014-06-13,Normalized_Volatility,91.20994155
3y7y_ATM,2014-06-16,Normalized_Volatility,90.44503644
3y7y_ATM,2014-06-17,Normalized_Volatility,90.818587556
3y7y_ATM,2014-06-18,Normalized_Volatility,90.089102907
3y7y_ATM,2014-06-19,Normalized_Volatility,90.615440358
3y7y_ATM,2014-06-20,Normalized_Volatility,90.779816963
3y7y_ATM,2014-06-23,Normalized_Volatility,90.65148102
3y7y_ATM,2014-06-24,Normalized_Volatility,90.229803516
3y7y_ATM,2014-06-25,Normalized_Volatility,89.625643812
3y7y_ATM,2014-06-26,Normalized_Volatility,89.304310599
3y7y_ATM,2014-06-27,Normalized_Volatility,89.311946942
3y7y_ATM,2014-06-30,Normalized_Volatility,89.227846026
3y7y_ATM,2014-07-01,Normalized_Volatility,89.720990525
3y7y_ATM,2014-07-02,Normalized_Volatility,90.35663632
3y7y_ATM,2014-07-03,Normalized_Volatility,89.892245266
3y7y_ATM,2014-07-07,Normalized_Volatility,89.494651029
3y7y_ATM,2014-07-08,Normalized_Volatility,88.414550735
3y7y_ATM,2014-07-09,Normalized_Volatility,88.439928408
3y7y_ATM,2014-07-10,Normalized_Volatility,88.538896236
3y7y_ATM,2014-07-11,Normalized_Volatility,88.44930038
3y7y_ATM,2014-07-14,Normalized_Volatility,88.879256022
3y7y_ATM,2014-07-15,Normalized_Volatility,88.833931506
3y7y_ATM,2014-07-16,Normalized_Volatility,88.672476
3y7y_ATM,2014-07-17,Normalized_Volatility,88.84228398
3y7y_ATM,2014-07-18,Normalized_Volatility,88.694582721
3y7y_ATM,2014-07-21,Normalized_Volatility,89.524509415
3y7y_ATM,2014-07-22,Normalized_Volatility,89.721090816
3y7y_ATM,2014-07-23,Normalized_Volatility,89.709780258
3y7y_ATM,2014-07-24,Normalized_Volatility,90.3444528
3y7y_ATM,2014-07-25,Normalized_Volatility,90.272809612
3y7y_ATM,2014-07-28,Normalized_Volatility,90.681081846
3y7y_ATM,2014-07-29,Normalized_Volatility,91.39940856
3y7y_ATM,2014-07-30,Normalized_Volatility,92.837001197
3y7y_ATM,2014-07-31,Normalized_Volatility,93.14466516
3y7y_ATM,2014-08-01,Normalized_Volatility,93.138372696
3y7y_ATM,2014-08-04,Normalized_Volatility,92.945164908
3y7y_ATM,2014-08-05,Normalized_Volatility,92.606153094
3y7y_ATM,2014-08-06,Normalized_Volatility,92.49327292
3y7y_ATM,2014-08-07,Normalized_Volatility,92.884587147
3y7y_ATM,2014-08-08,Normalized_Volatility,93.128975975
3y7y_ATM,2014-08-11,Normalized_Volatility,92.792865384
3y7y_ATM,2014-08-12,Normalized_Volatility,92.917034184
3y7y_ATM,2014-08-13,Normalized_Volatility,92.676302152
3y7y_ATM,2014-08-14,Normalized_Volatility,93.5191339
3y7y_ATM,2014-08-15,Normalized_Volatility,94.540521304
3y7y_ATM,2014-08-18,Normalized_Volatility,94.721250193
3y7y_ATM,2014-08-19,Normalized_Volatility,94.482427795
3y7y_ATM,2014-08-20,Normalized_Volatility,94.074306126
3y7y_ATM,2014-08-21,Normalized_Volatility,93.665763759
3y7y_ATM,2014-08-22,Normalized_Volatility,92.112830052
3y7y_ATM,2014-08-25,Normalized_Volatility,90.740647228
3y7y_ATM,2014-08-26,Normalized_Volatility,90.27606357
3y7y_ATM,2014-08-27,Normalized_Volatility,90.37493283
3y7y_ATM,2014-08-28,Normalized_Volatility,90.54966552
3y7y_ATM,2014-08-29,Normalized_Volatility,90.616953818
3y7y_ATM,2014-09-02,Normalized_Volatility,90.773925996
3y7y_ATM,2014-09-03,Normalized_Volatility,90.44652148
3y7y_ATM,2014-09-04,Normalized_Volatility,90.656216199
3y7y_ATM,2014-09-05,Normalized_Volatility,90.488425671
3y7y_ATM,2014-09-08,Normalized_Volatility,90.6002386
3y7y_ATM,2014-09-09,Normalized_Volatility,90.70408692
3y7y_ATM,2014-09-10,Normalized_Volatility,90.81808308
3y7y_ATM,2014-09-11,Normalized_Volatility,90.42268208
3y7y_ATM,2014-09-12,Normalized_Volatility,90.2570946
3y7y_ATM,2014-09-15,Normalized_Volatility,90.287908095
3y7y_ATM,2014-09-16,Normalized_Volatility,90.17614113
3y7y_ATM,2014-09-17,Normalized_Volatility,90.43603722
3y7y_ATM,2014-09-18,Normalized_Volatility,90.513052445
3y7y_ATM,2014-09-19,Normalized_Volatility,90.17556984
3y7y_ATM,2014-09-22,Normalized_Volatility,89.77031208
3y7y_ATM,2014-09-23,Normalized_Volatility,89.774244846
3y7y_ATM,2014-09-24,Normalized_Volatility,90.005567904
3y7y_ATM,2014-09-25,Normalized_Volatility,90.314335332
3y7y_ATM,2014-09-26,Normalized_Volatility,91.012914792
3y7y_ATM,2014-09-29,Normalized_Volatility,91.482585675
3y7y_ATM,2014-09-30,Normalized_Volatility,91.738801753
3y7y_ATM,2014-10-01,Normalized_Volatility,91.661361307
3y7y_ATM,2014-10-02,Normalized_Volatility,92.236079334
3y7y_ATM,2014-10-03,Normalized_Volatility,92.01967205
3y7y_ATM,2014-10-06,Normalized_Volatility,91.81568981
3y7y_ATM,2014-10-07,Normalized_Volatility,92.086507866
3y7y_ATM,2014-10-08,Normalized_Volatility,91.768142872
3y7y_ATM,2014-10-09,Normalized_Volatility,91.99925532
3y7y_ATM,2014-10-10,Normalized_Volatility,92.25825249
3y7y_ATM,2014-10-14,Normalized_Volatility,93.13194065
3y7y_ATM,2014-10-15,Normalized_Volatility,97.427752722
3y7y_ATM,2014-10-16,Normalized_Volatility,96.020133067
3y7y_ATM,2014-10-17,Normalized_Volatility,94.019175783
3y7y_ATM,2014-10-20,Normalized_Volatility,93.63983902
3y7y_ATM,2014-10-21,Normalized_Volatility,95.057683821
3y7y_ATM,2014-10-22,Normalized_Volatility,95.267282112
3y7y_ATM,2014-10-23,Normalized_Volatility,95.864564373
3y7y_ATM,2014-10-24,Normalized_Volatility,95.74843236
3y7y_ATM,2014-10-27,Normalized_Volatility,95.067674325
3y7y_ATM,2014-10-28,Normalized_Volatility,94.60134138
3y7y_ATM,2014-10-29,Normalized_Volatility,92.679961754
3y7y_ATM,2014-10-30,Normalized_Volatility,92.367787475
3y7y_ATM,2014-10-31,Normalized_Volatility,92.227676496
3y7y_ATM,2014-11-03,Normalized_Volatility,91.85074381
3y7y_ATM,2014-11-04,Normalized_Volatility,91.730788611
3y7y_ATM,2014-11-05,Normalized_Volatility,91.539346392
3y7y_ATM,2014-11-06,Normalized_Volatility,91.509294753
3y7y_ATM,2014-11-07,Normalized_Volatility,90.879584748
3y7y_ATM,2014-11-10,Normalized_Volatility,90.936007398
3y7y_ATM,2014-11-12,Normalized_Volatility,90.582908075
3y7y_ATM,2014-11-13,Normalized_Volatility,89.990020224
3y7y_ATM,2014-11-14,Normalized_Volatility,90.173918016
3y7y_ATM,2014-11-17,Normalized_Volatility,90.79673904
3y7y_ATM,2014-11-18,Normalized_Volatility,90.854278779
3y7y_ATM,2014-11-19,Normalized_Volatility,91.45490613
3y7y_ATM,2014-11-20,Normalized_Volatility,91.5891056
3y7y_ATM,2014-11-21,Normalized_Volatility,91.373775952
3y7y_ATM,2014-11-24,Normalized_Volatility,91.422379629
3y7y_ATM,2014-11-25,Normalized_Volatility,91.480454868
3y7y_ATM,2014-11-26,Normalized_Volatility,91.421529632
3y7y_ATM,2014-11-28,Normalized_Volatility,91.032908001
3y7y_ATM,2014-12-01,Normalized_Volatility,91.519832529
3y7y_ATM,2014-12-02,Normalized_Volatility,91.679862534
3y7y_ATM,2014-12-03,Normalized_Volatility,91.305211402
3y7y_ATM,2014-12-04,Normalized_Volatility,90.6357695
3y7y_ATM,2014-12-05,Normalized_Volatility,90.977139352
3y7y_ATM,2014-12-08,Normalized_Volatility,90.62702222
3y7y_ATM,2014-12-09,Normalized_Volatility,90.434958712
3y7y_ATM,2014-12-10,Normalized_Volatility,90.483316824
3y7y_ATM,2014-12-11,Normalized_Volatility,91.464226591
3y7y_ATM,2014-12-12,Normalized_Volatility,92.661200298
3y7y_ATM,2014-12-15,Normalized_Volatility,92.97539064
3y7y_ATM,2014-12-16,Normalized_Volatility,93.959518572
3y7y_ATM,2014-12-17,Normalized_Volatility,93.304746432
3y7y_ATM,2014-12-18,Normalized_Volatility,93.673743
3y7y_ATM,2014-12-19,Normalized_Volatility,92.928631914
3y7y_ATM,2014-12-22,Normalized_Volatility,92.669345762
3y7y_ATM,2014-12-23,Normalized_Volatility,92.269216975
3y7y_ATM,2014-12-24,Normalized_Volatility,92.05271335
3y7y_ATM,2014-12-26,Normalized_Volatility,92.051041416
3y7y_ATM,2014-12-29,Normalized_Volatility,91.54157166
3y7y_ATM,2014-12-30,Normalized_Volatility,91.255900645
3y7y_ATM,2014-12-31,Normalized_Volatility,91.168474924
