5y10y_ATM	12/31/2014	Normalized_Volatility	87.84007775
5y10y_ATM	12/30/2014	Normalized_Volatility	87.81705544
5y10y_ATM	12/29/2014	Normalized_Volatility	88.11034949
5y10y_ATM	12/26/2014	Normalized_Volatility	88.25851053
5y10y_ATM	12/24/2014	Normalized_Volatility	88.43982589
5y10y_ATM	12/23/2014	Normalized_Volatility	88.96369014
5y10y_ATM	12/22/2014	Normalized_Volatility	89.18504403
5y10y_ATM	12/19/2014	Normalized_Volatility	89.38259298
5y10y_ATM	12/18/2014	Normalized_Volatility	89.89937276
5y10y_ATM	12/17/2014	Normalized_Volatility	89.41496934
5y10y_ATM	12/16/2014	Normalized_Volatility	90.33226452
5y10y_ATM	12/15/2014	Normalized_Volatility	89.2240595
5y10y_ATM	12/12/2014	Normalized_Volatility	88.85427291
5y10y_ATM	12/11/2014	Normalized_Volatility	87.817104
5y10y_ATM	12/10/2014	Normalized_Volatility	87.24794907
5y10y_ATM	12/9/2014	Normalized_Volatility	86.80394072
5y10y_ATM	12/8/2014	Normalized_Volatility	86.82218025
5y10y_ATM	12/5/2014	Normalized_Volatility	87.10195356
5y10y_ATM	12/4/2014	Normalized_Volatility	87.03514539
5y10y_ATM	12/3/2014	Normalized_Volatility	87.43999693
5y10y_ATM	12/2/2014	Normalized_Volatility	87.97417941
5y10y_ATM	12/1/2014	Normalized_Volatility	87.89062832
5y10y_ATM	11/28/2014	Normalized_Volatility	87.39934509
5y10y_ATM	11/26/2014	Normalized_Volatility	87.50947068
5y10y_ATM	11/25/2014	Normalized_Volatility	87.35619417
5y10y_ATM	11/24/2014	Normalized_Volatility	87.13918609
5y10y_ATM	11/21/2014	Normalized_Volatility	87.14782177
5y10y_ATM	11/20/2014	Normalized_Volatility	87.36277522
5y10y_ATM	11/19/2014	Normalized_Volatility	87.40878592
5y10y_ATM	11/18/2014	Normalized_Volatility	86.9742889
5y10y_ATM	11/17/2014	Normalized_Volatility	87.05972385
5y10y_ATM	11/14/2014	Normalized_Volatility	86.93760236
5y10y_ATM	11/13/2014	Normalized_Volatility	86.76807157
5y10y_ATM	11/12/2014	Normalized_Volatility	87.30200246
5y10y_ATM	11/10/2014	Normalized_Volatility	87.5613589
5y10y_ATM	11/7/2014	Normalized_Volatility	87.39300261
5y10y_ATM	11/6/2014	Normalized_Volatility	88.52806889
5y10y_ATM	11/5/2014	Normalized_Volatility	88.34586768
5y10y_ATM	11/4/2014	Normalized_Volatility	88.50197161
5y10y_ATM	11/3/2014	Normalized_Volatility	88.52814272
5y10y_ATM	10/31/2014	Normalized_Volatility	88.96421216
5y10y_ATM	10/30/2014	Normalized_Volatility	88.98677338
5y10y_ATM	10/29/2014	Normalized_Volatility	89.86150173
5y10y_ATM	10/28/2014	Normalized_Volatility	91.65789397
5y10y_ATM	10/27/2014	Normalized_Volatility	91.8171952
5y10y_ATM	10/24/2014	Normalized_Volatility	91.9721885
5y10y_ATM	10/23/2014	Normalized_Volatility	92.05517541
5y10y_ATM	10/22/2014	Normalized_Volatility	91.43601328
5y10y_ATM	10/21/2014	Normalized_Volatility	91.05655437
5y10y_ATM	10/20/2014	Normalized_Volatility	90.23159639
5y10y_ATM	10/17/2014	Normalized_Volatility	90.16410302
5y10y_ATM	10/16/2014	Normalized_Volatility	92.08669425
5y10y_ATM	10/15/2014	Normalized_Volatility	93.41039246
5y10y_ATM	10/14/2014	Normalized_Volatility	90.15318377
5y10y_ATM	10/10/2014	Normalized_Volatility	89.55583021
5y10y_ATM	10/9/2014	Normalized_Volatility	89.15191423
5y10y_ATM	10/8/2014	Normalized_Volatility	89.06611022
5y10y_ATM	10/7/2014	Normalized_Volatility	89.02575755
5y10y_ATM	10/6/2014	Normalized_Volatility	88.87714125
5y10y_ATM	10/3/2014	Normalized_Volatility	88.94031564
5y10y_ATM	10/2/2014	Normalized_Volatility	89.12579845
5y10y_ATM	10/1/2014	Normalized_Volatility	88.1532469
5y10y_ATM	9/30/2014	Normalized_Volatility	88.01186405
5y10y_ATM	9/29/2014	Normalized_Volatility	87.87296404
5y10y_ATM	9/26/2014	Normalized_Volatility	87.31341988
5y10y_ATM	9/25/2014	Normalized_Volatility	86.65935923
5y10y_ATM	9/24/2014	Normalized_Volatility	86.47970033
5y10y_ATM	9/23/2014	Normalized_Volatility	86.43292734
5y10y_ATM	9/22/2014	Normalized_Volatility	86.4449658
5y10y_ATM	9/19/2014	Normalized_Volatility	87.42418251
5y10y_ATM	9/18/2014	Normalized_Volatility	87.65028418
5y10y_ATM	9/17/2014	Normalized_Volatility	87.66782238
5y10y_ATM	9/16/2014	Normalized_Volatility	87.46674243
5y10y_ATM	9/15/2014	Normalized_Volatility	87.12067339
5y10y_ATM	9/12/2014	Normalized_Volatility	87.07912133
5y10y_ATM	9/11/2014	Normalized_Volatility	88.3854541
5y10y_ATM	9/10/2014	Normalized_Volatility	89.1805815
5y10y_ATM	9/9/2014	Normalized_Volatility	89.62625657
5y10y_ATM	9/8/2014	Normalized_Volatility	89.68828119
5y10y_ATM	9/5/2014	Normalized_Volatility	89.42026876
5y10y_ATM	9/4/2014	Normalized_Volatility	89.55392157
5y10y_ATM	9/3/2014	Normalized_Volatility	89.34445898
5y10y_ATM	9/2/2014	Normalized_Volatility	89.74248842
5y10y_ATM	8/29/2014	Normalized_Volatility	89.42856088
5y10y_ATM	8/28/2014	Normalized_Volatility	89.30187218
5y10y_ATM	8/27/2014	Normalized_Volatility	89.14166686
5y10y_ATM	8/26/2014	Normalized_Volatility	89.21029766
5y10y_ATM	8/25/2014	Normalized_Volatility	89.54485204
5y10y_ATM	8/22/2014	Normalized_Volatility	90.47276617
5y10y_ATM	8/21/2014	Normalized_Volatility	91.1064586
5y10y_ATM	8/20/2014	Normalized_Volatility	91.41651028
5y10y_ATM	8/19/2014	Normalized_Volatility	91.67927107
5y10y_ATM	8/18/2014	Normalized_Volatility	91.80380093
5y10y_ATM	8/15/2014	Normalized_Volatility	91.61801877
5y10y_ATM	8/14/2014	Normalized_Volatility	90.93659275
5y10y_ATM	8/13/2014	Normalized_Volatility	90.56676387
5y10y_ATM	8/12/2014	Normalized_Volatility	90.53312237
5y10y_ATM	8/11/2014	Normalized_Volatility	90.37385218
5y10y_ATM	8/8/2014	Normalized_Volatility	90.62990811
5y10y_ATM	8/7/2014	Normalized_Volatility	90.38216198
5y10y_ATM	8/6/2014	Normalized_Volatility	89.94313603
5y10y_ATM	8/5/2014	Normalized_Volatility	89.8630034
5y10y_ATM	8/4/2014	Normalized_Volatility	90.02857597
5y10y_ATM	8/1/2014	Normalized_Volatility	90.04560232
5y10y_ATM	7/31/2014	Normalized_Volatility	89.96621525
5y10y_ATM	7/30/2014	Normalized_Volatility	89.928954
5y10y_ATM	7/29/2014	Normalized_Volatility	89.16560211
5y10y_ATM	7/28/2014	Normalized_Volatility	88.43485413
5y10y_ATM	7/25/2014	Normalized_Volatility	88.18921008
5y10y_ATM	7/24/2014	Normalized_Volatility	88.06573152
5y10y_ATM	7/23/2014	Normalized_Volatility	87.78302902
5y10y_ATM	7/22/2014	Normalized_Volatility	87.75388205
5y10y_ATM	7/21/2014	Normalized_Volatility	87.63637905
5y10y_ATM	7/18/2014	Normalized_Volatility	87.3596045
5y10y_ATM	7/17/2014	Normalized_Volatility	87.2051277
5y10y_ATM	7/16/2014	Normalized_Volatility	87.00604965
5y10y_ATM	7/15/2014	Normalized_Volatility	87.12965292
5y10y_ATM	7/14/2014	Normalized_Volatility	87.06874538
5y10y_ATM	7/11/2014	Normalized_Volatility	86.81262621
5y10y_ATM	7/10/2014	Normalized_Volatility	86.83957712
5y10y_ATM	7/9/2014	Normalized_Volatility	86.79172181
5y10y_ATM	7/8/2014	Normalized_Volatility	86.65506079
5y10y_ATM	7/7/2014	Normalized_Volatility	87.25447433
5y10y_ATM	7/3/2014	Normalized_Volatility	87.34459428
5y10y_ATM	7/2/2014	Normalized_Volatility	87.63349258
5y10y_ATM	7/1/2014	Normalized_Volatility	87.33522838
5y10y_ATM	6/30/2014	Normalized_Volatility	87.04528072
5y10y_ATM	6/27/2014	Normalized_Volatility	87.05380404
5y10y_ATM	6/26/2014	Normalized_Volatility	86.99523686
5y10y_ATM	6/25/2014	Normalized_Volatility	87.16535134
5y10y_ATM	6/24/2014	Normalized_Volatility	87.54532449
5y10y_ATM	6/23/2014	Normalized_Volatility	87.94403221
5y10y_ATM	6/20/2014	Normalized_Volatility	87.80916338
5y10y_ATM	6/19/2014	Normalized_Volatility	87.85549107
5y10y_ATM	6/18/2014	Normalized_Volatility	87.18660717
5y10y_ATM	6/17/2014	Normalized_Volatility	87.54232436
5y10y_ATM	6/16/2014	Normalized_Volatility	87.40502034
5y10y_ATM	6/13/2014	Normalized_Volatility	88.62254097
5y10y_ATM	6/12/2014	Normalized_Volatility	88.60005763
5y10y_ATM	6/11/2014	Normalized_Volatility	89.09182357
5y10y_ATM	6/10/2014	Normalized_Volatility	89.9617325
5y10y_ATM	6/9/2014	Normalized_Volatility	90.25984511
5y10y_ATM	6/6/2014	Normalized_Volatility	90.47111901
5y10y_ATM	6/5/2014	Normalized_Volatility	90.99650611
5y10y_ATM	6/4/2014	Normalized_Volatility	91.09668618
5y10y_ATM	6/3/2014	Normalized_Volatility	90.96451562
5y10y_ATM	6/2/2014	Normalized_Volatility	90.79195047
5y10y_ATM	5/30/2014	Normalized_Volatility	90.29493734
5y10y_ATM	5/29/2014	Normalized_Volatility	90.25125705
5y10y_ATM	5/28/2014	Normalized_Volatility	89.49632384
5y10y_ATM	5/27/2014	Normalized_Volatility	89.25264907
5y10y_ATM	5/23/2014	Normalized_Volatility	89.25629031
5y10y_ATM	5/22/2014	Normalized_Volatility	89.36884366
5y10y_ATM	5/21/2014	Normalized_Volatility	89.26040358
5y10y_ATM	5/20/2014	Normalized_Volatility	89.20673016
5y10y_ATM	5/19/2014	Normalized_Volatility	89.41565631
5y10y_ATM	5/16/2014	Normalized_Volatility	89.40360544
5y10y_ATM	5/15/2014	Normalized_Volatility	89.36913048
5y10y_ATM	5/14/2014	Normalized_Volatility	89.04884661
5y10y_ATM	5/13/2014	Normalized_Volatility	89.00532367
5y10y_ATM	5/12/2014	Normalized_Volatility	89.25363589
5y10y_ATM	5/9/2014	Normalized_Volatility	89.06085885
5y10y_ATM	5/8/2014	Normalized_Volatility	88.99988491
5y10y_ATM	5/7/2014	Normalized_Volatility	89.10500222
5y10y_ATM	5/6/2014	Normalized_Volatility	89.00777446
5y10y_ATM	5/5/2014	Normalized_Volatility	88.97569596
5y10y_ATM	5/2/2014	Normalized_Volatility	88.86108768
5y10y_ATM	5/1/2014	Normalized_Volatility	89.16902574
5y10y_ATM	4/30/2014	Normalized_Volatility	89.27474485
5y10y_ATM	4/29/2014	Normalized_Volatility	89.24850029
5y10y_ATM	4/28/2014	Normalized_Volatility	89.35518977
5y10y_ATM	4/25/2014	Normalized_Volatility	89.01776416
5y10y_ATM	4/24/2014	Normalized_Volatility	89.05918685
5y10y_ATM	4/23/2014	Normalized_Volatility	89.19510102
5y10y_ATM	4/22/2014	Normalized_Volatility	89.24881038
5y10y_ATM	4/21/2014	Normalized_Volatility	89.23360992
5y10y_ATM	4/17/2014	Normalized_Volatility	89.51300089
5y10y_ATM	4/16/2014	Normalized_Volatility	88.94592289
5y10y_ATM	4/15/2014	Normalized_Volatility	88.56414536
5y10y_ATM	4/14/2014	Normalized_Volatility	88.84283697
5y10y_ATM	4/11/2014	Normalized_Volatility	88.72967154
5y10y_ATM	4/10/2014	Normalized_Volatility	88.34830076
5y10y_ATM	4/9/2014	Normalized_Volatility	88.35869292
5y10y_ATM	4/8/2014	Normalized_Volatility	88.21898623
5y10y_ATM	4/7/2014	Normalized_Volatility	88.53836254
5y10y_ATM	4/4/2014	Normalized_Volatility	89.12000119
5y10y_ATM	4/3/2014	Normalized_Volatility	90.00316874
5y10y_ATM	4/2/2014	Normalized_Volatility	90.16168312
5y10y_ATM	4/1/2014	Normalized_Volatility	90.35326523
5y10y_ATM	3/31/2014	Normalized_Volatility	90.35363377
5y10y_ATM	3/28/2014	Normalized_Volatility	90.61147849
5y10y_ATM	3/27/2014	Normalized_Volatility	90.53889732
5y10y_ATM	3/26/2014	Normalized_Volatility	90.92657327
5y10y_ATM	3/25/2014	Normalized_Volatility	91.34470238
5y10y_ATM	3/24/2014	Normalized_Volatility	91.22145124
5y10y_ATM	3/21/2014	Normalized_Volatility	91.56605827
5y10y_ATM	3/20/2014	Normalized_Volatility	92.42336312
5y10y_ATM	3/19/2014	Normalized_Volatility	92.84369532
5y10y_ATM	3/18/2014	Normalized_Volatility	92.46043286
5y10y_ATM	3/17/2014	Normalized_Volatility	92.3990877
5y10y_ATM	3/14/2014	Normalized_Volatility	92.50766463
5y10y_ATM	3/13/2014	Normalized_Volatility	92.10606229
5y10y_ATM	3/12/2014	Normalized_Volatility	92.059968
5y10y_ATM	3/11/2014	Normalized_Volatility	92.25074609
5y10y_ATM	3/10/2014	Normalized_Volatility	92.57382208
5y10y_ATM	3/7/2014	Normalized_Volatility	92.92312973
5y10y_ATM	3/6/2014	Normalized_Volatility	93.06295747
5y10y_ATM	3/5/2014	Normalized_Volatility	92.95073909
5y10y_ATM	3/4/2014	Normalized_Volatility	93.43377439
5y10y_ATM	3/3/2014	Normalized_Volatility	92.3795285
5y10y_ATM	2/28/2014	Normalized_Volatility	92.46131078
5y10y_ATM	2/27/2014	Normalized_Volatility	92.60971343
5y10y_ATM	2/26/2014	Normalized_Volatility	92.64128729
5y10y_ATM	2/25/2014	Normalized_Volatility	93.00510625
5y10y_ATM	2/24/2014	Normalized_Volatility	93.68042891
5y10y_ATM	2/21/2014	Normalized_Volatility	94.13273118
5y10y_ATM	2/20/2014	Normalized_Volatility	94.37928073
5y10y_ATM	2/19/2014	Normalized_Volatility	94.54273183
5y10y_ATM	2/18/2014	Normalized_Volatility	94.36117614
5y10y_ATM	2/14/2014	Normalized_Volatility	94.49511301
5y10y_ATM	2/13/2014	Normalized_Volatility	94.92526462
5y10y_ATM	2/12/2014	Normalized_Volatility	95.36659507
5y10y_ATM	2/11/2014	Normalized_Volatility	95.38964438
5y10y_ATM	2/10/2014	Normalized_Volatility	95.34515462
5y10y_ATM	2/7/2014	Normalized_Volatility	95.75455676
5y10y_ATM	2/6/2014	Normalized_Volatility	96.20014705
5y10y_ATM	2/5/2014	Normalized_Volatility	96.41844925
5y10y_ATM	2/4/2014	Normalized_Volatility	96.38363982
5y10y_ATM	2/3/2014	Normalized_Volatility	95.59608078
5y10y_ATM	1/31/2014	Normalized_Volatility	95.44397868
5y10y_ATM	1/30/2014	Normalized_Volatility	95.11765171
5y10y_ATM	1/29/2014	Normalized_Volatility	94.63756648
5y10y_ATM	1/28/2014	Normalized_Volatility	94.40780859
5y10y_ATM	1/27/2014	Normalized_Volatility	93.55108728
5y10y_ATM	1/24/2014	Normalized_Volatility	93.25499718
5y10y_ATM	1/23/2014	Normalized_Volatility	93.43444765
5y10y_ATM	1/22/2014	Normalized_Volatility	93.82018193
5y10y_ATM	1/21/2014	Normalized_Volatility	93.69701412
5y10y_ATM	1/17/2014	Normalized_Volatility	93.54717055
5y10y_ATM	1/16/2014	Normalized_Volatility	93.74137407
5y10y_ATM	1/15/2014	Normalized_Volatility	94.063556
5y10y_ATM	1/14/2014	Normalized_Volatility	93.98956952
5y10y_ATM	1/13/2014	Normalized_Volatility	93.55359013
5y10y_ATM	1/10/2014	Normalized_Volatility	94.34327718
5y10y_ATM	1/9/2014	Normalized_Volatility	96.27368069
5y10y_ATM	1/8/2014	Normalized_Volatility	97.0523041
5y10y_ATM	1/7/2014	Normalized_Volatility	96.90021376
5y10y_ATM	1/6/2014	Normalized_Volatility	97.90715808
5y10y_ATM	1/3/2014	Normalized_Volatility	98.43939547
5y10y_ATM	1/2/2014	Normalized_Volatility	99.14378905
5y10y_ATM	12/31/2013	Normalized_Volatility	99.50547281
5y10y_ATM	12/30/2013	Normalized_Volatility	98.9182112
5y10y_ATM	12/27/2013	Normalized_Volatility	98.91892791
5y10y_ATM	12/26/2013	Normalized_Volatility	99.33223603
5y10y_ATM	12/24/2013	Normalized_Volatility	99.321478
5y10y_ATM	12/23/2013	Normalized_Volatility	99.06392789
5y10y_ATM	12/20/2013	Normalized_Volatility	98.93709126
5y10y_ATM	12/19/2013	Normalized_Volatility	99.51841656
5y10y_ATM	12/18/2013	Normalized_Volatility	99.06636406
5y10y_ATM	12/17/2013	Normalized_Volatility	98.97048152
5y10y_ATM	12/16/2013	Normalized_Volatility	99.35791142
5y10y_ATM	12/13/2013	Normalized_Volatility	99.44329661
5y10y_ATM	12/12/2013	Normalized_Volatility	99.69366398
5y10y_ATM	12/11/2013	Normalized_Volatility	99.56051675
5y10y_ATM	12/10/2013	Normalized_Volatility	99.3918823
5y10y_ATM	12/9/2013	Normalized_Volatility	99.8073116
5y10y_ATM	12/6/2013	Normalized_Volatility	100.0891002
5y10y_ATM	12/5/2013	Normalized_Volatility	100.5387929
5y10y_ATM	12/4/2013	Normalized_Volatility	100.3630719
5y10y_ATM	12/3/2013	Normalized_Volatility	100.0957558
5y10y_ATM	11/22/2013	Normalized_Volatility	99.03904904
5y10y_ATM	11/21/2013	Normalized_Volatility	99.10544706
5y10y_ATM	11/20/2013	Normalized_Volatility	99.07930639
5y10y_ATM	11/19/2013	Normalized_Volatility	98.3201834
5y10y_ATM	11/18/2013	Normalized_Volatility	98.02768236
5y10y_ATM	11/15/2013	Normalized_Volatility	98.66403777
5y10y_ATM	11/14/2013	Normalized_Volatility	98.92853452
5y10y_ATM	11/13/2013	Normalized_Volatility	99.92011445
5y10y_ATM	11/12/2013	Normalized_Volatility	100.2945936
5y10y_ATM	11/8/2013	Normalized_Volatility	100.1034389
5y10y_ATM	11/7/2013	Normalized_Volatility	99.00532622
5y10y_ATM	11/6/2013	Normalized_Volatility	99.30163422
5y10y_ATM	11/5/2013	Normalized_Volatility	99.58281077
5y10y_ATM	11/4/2013	Normalized_Volatility	98.70237228
5y10y_ATM	11/1/2013	Normalized_Volatility	98.99583026
5y10y_ATM	10/31/2013	Normalized_Volatility	98.49017481
5y10y_ATM	10/30/2013	Normalized_Volatility	97.70643414
5y10y_ATM	10/29/2013	Normalized_Volatility	97.37115804
5y10y_ATM	10/28/2013	Normalized_Volatility	97.48739964
5y10y_ATM	10/25/2013	Normalized_Volatility	97.99770596
5y10y_ATM	10/24/2013	Normalized_Volatility	98.17386999
5y10y_ATM	10/23/2013	Normalized_Volatility	98.07964989
5y10y_ATM	10/22/2013	Normalized_Volatility	98.41668306
5y10y_ATM	10/21/2013	Normalized_Volatility	99.32898742
5y10y_ATM	10/18/2013	Normalized_Volatility	99.41255345
5y10y_ATM	10/17/2013	Normalized_Volatility	99.3051879
5y10y_ATM	10/16/2013	Normalized_Volatility	99.63374688
5y10y_ATM	10/15/2013	Normalized_Volatility	99.97480227
5y10y_ATM	10/11/2013	Normalized_Volatility	99.5726586
5y10y_ATM	10/10/2013	Normalized_Volatility	99.51187654
5y10y_ATM	10/9/2013	Normalized_Volatility	99.6519119
5y10y_ATM	10/8/2013	Normalized_Volatility	99.41528979
5y10y_ATM	10/7/2013	Normalized_Volatility	99.4856926
5y10y_ATM	10/4/2013	Normalized_Volatility	99.63605264
5y10y_ATM	10/3/2013	Normalized_Volatility	99.38111127
5y10y_ATM	10/2/2013	Normalized_Volatility	100.0510538
5y10y_ATM	10/1/2013	Normalized_Volatility	100.3720708
5y10y_ATM	9/30/2013	Normalized_Volatility	100.2693436
5y10y_ATM	9/27/2013	Normalized_Volatility	100.1442105
5y10y_ATM	9/26/2013	Normalized_Volatility	99.61537978
5y10y_ATM	9/25/2013	Normalized_Volatility	99.21061764
5y10y_ATM	9/24/2013	Normalized_Volatility	99.51498211
5y10y_ATM	9/23/2013	Normalized_Volatility	99.68918364
5y10y_ATM	9/20/2013	Normalized_Volatility	100.1062839
5y10y_ATM	9/19/2013	Normalized_Volatility	100.232883
5y10y_ATM	9/18/2013	Normalized_Volatility	100.2837351
5y10y_ATM	9/17/2013	Normalized_Volatility	101.8351475
5y10y_ATM	9/16/2013	Normalized_Volatility	102.8027756
5y10y_ATM	9/13/2013	Normalized_Volatility	103.140562
5y10y_ATM	9/12/2013	Normalized_Volatility	103.5137011
5y10y_ATM	9/11/2013	Normalized_Volatility	104.3530003
5y10y_ATM	9/10/2013	Normalized_Volatility	105.0376267
5y10y_ATM	9/9/2013	Normalized_Volatility	104.8586567
5y10y_ATM	9/6/2013	Normalized_Volatility	104.8051518
5y10y_ATM	9/5/2013	Normalized_Volatility	104.915733
5y10y_ATM	9/4/2013	Normalized_Volatility	104.1560503
5y10y_ATM	9/3/2013	Normalized_Volatility	103.9014917
5y10y_ATM	8/30/2013	Normalized_Volatility	103.3595607
5y10y_ATM	8/29/2013	Normalized_Volatility	102.9864424
5y10y_ATM	8/28/2013	Normalized_Volatility	102.903515
5y10y_ATM	8/27/2013	Normalized_Volatility	101.9774577
5y10y_ATM	8/26/2013	Normalized_Volatility	102.0813825
5y10y_ATM	8/23/2013	Normalized_Volatility	102.3312397
5y10y_ATM	8/22/2013	Normalized_Volatility	102.6261089
5y10y_ATM	8/21/2013	Normalized_Volatility	102.9544104
5y10y_ATM	8/20/2013	Normalized_Volatility	102.0652839
5y10y_ATM	8/19/2013	Normalized_Volatility	102.3151079
5y10y_ATM	8/16/2013	Normalized_Volatility	101.7818585
5y10y_ATM	8/15/2013	Normalized_Volatility	101.7447777
5y10y_ATM	8/14/2013	Normalized_Volatility	101.2934951
5y10y_ATM	8/13/2013	Normalized_Volatility	101.235272
5y10y_ATM	8/12/2013	Normalized_Volatility	100.7770432
5y10y_ATM	8/9/2013	Normalized_Volatility	100.4910445
5y10y_ATM	8/8/2013	Normalized_Volatility	100.6053665
5y10y_ATM	8/7/2013	Normalized_Volatility	101.0703721
5y10y_ATM	8/6/2013	Normalized_Volatility	101.758093
5y10y_ATM	8/5/2013	Normalized_Volatility	101.6779625
5y10y_ATM	8/2/2013	Normalized_Volatility	101.5452189
5y10y_ATM	8/1/2013	Normalized_Volatility	102.1497006
5y10y_ATM	7/31/2013	Normalized_Volatility	101.2540673
5y10y_ATM	7/30/2013	Normalized_Volatility	101.1994928
5y10y_ATM	7/29/2013	Normalized_Volatility	101.1709539
5y10y_ATM	7/26/2013	Normalized_Volatility	101.0689298
5y10y_ATM	7/25/2013	Normalized_Volatility	100.709982
5y10y_ATM	7/24/2013	Normalized_Volatility	100.7094516
5y10y_ATM	7/23/2013	Normalized_Volatility	98.95552632
5y10y_ATM	7/22/2013	Normalized_Volatility	98.67562188
5y10y_ATM	7/19/2013	Normalized_Volatility	98.47321026
5y10y_ATM	7/18/2013	Normalized_Volatility	98.64107461
5y10y_ATM	7/17/2013	Normalized_Volatility	98.54724592
5y10y_ATM	7/16/2013	Normalized_Volatility	99.25487911
5y10y_ATM	7/15/2013	Normalized_Volatility	99.50599565
5y10y_ATM	7/12/2013	Normalized_Volatility	99.7734253
5y10y_ATM	7/11/2013	Normalized_Volatility	99.52983401
5y10y_ATM	7/10/2013	Normalized_Volatility	99.96477626
5y10y_ATM	7/9/2013	Normalized_Volatility	99.67533781
5y10y_ATM	7/8/2013	Normalized_Volatility	100.297854
5y10y_ATM	7/5/2013	Normalized_Volatility	100.9979708
5y10y_ATM	7/3/2013	Normalized_Volatility	99.6563544
5y10y_ATM	7/2/2013	Normalized_Volatility	99.24986555
5y10y_ATM	7/1/2013	Normalized_Volatility	99.21332635
5y10y_ATM	6/28/2013	Normalized_Volatility	99.52356667
5y10y_ATM	6/27/2013	Normalized_Volatility	98.61555813
5y10y_ATM	6/26/2013	Normalized_Volatility	99.63391228
5y10y_ATM	6/25/2013	Normalized_Volatility	99.78544127
5y10y_ATM	6/24/2013	Normalized_Volatility	100.3757348
5y10y_ATM	6/21/2013	Normalized_Volatility	99.92526588
5y10y_ATM	6/20/2013	Normalized_Volatility	100.1479924
5y10y_ATM	6/19/2013	Normalized_Volatility	99.66106448
5y10y_ATM	6/18/2013	Normalized_Volatility	97.66497476
5y10y_ATM	6/17/2013	Normalized_Volatility	97.6042467
5y10y_ATM	6/14/2013	Normalized_Volatility	97.24112125
5y10y_ATM	6/13/2013	Normalized_Volatility	97.56216442
5y10y_ATM	6/12/2013	Normalized_Volatility	98.57765412
5y10y_ATM	6/11/2013	Normalized_Volatility	98.90163374
5y10y_ATM	6/10/2013	Normalized_Volatility	98.88708689
5y10y_ATM	6/7/2013	Normalized_Volatility	98.52729072
5y10y_ATM	6/6/2013	Normalized_Volatility	97.75754586
5y10y_ATM	6/5/2013	Normalized_Volatility	98.12000678
5y10y_ATM	6/4/2013	Normalized_Volatility	97.99873385
5y10y_ATM	6/3/2013	Normalized_Volatility	96.94143576
5y10y_ATM	5/31/2013	Normalized_Volatility	95.56566638
5y10y_ATM	5/30/2013	Normalized_Volatility	94.9731717
5y10y_ATM	5/29/2013	Normalized_Volatility	94.27142621
5y10y_ATM	5/28/2013	Normalized_Volatility	93.75146771
5y10y_ATM	5/24/2013	Normalized_Volatility	92.27424621
5y10y_ATM	5/23/2013	Normalized_Volatility	91.94323709
5y10y_ATM	5/22/2013	Normalized_Volatility	91.93554373
5y10y_ATM	5/21/2013	Normalized_Volatility	91.74301682
5y10y_ATM	5/20/2013	Normalized_Volatility	91.77128542
5y10y_ATM	5/17/2013	Normalized_Volatility	91.7440628
5y10y_ATM	5/16/2013	Normalized_Volatility	91.67209349
5y10y_ATM	5/15/2013	Normalized_Volatility	91.70550867
5y10y_ATM	5/14/2013	Normalized_Volatility	91.90189588
5y10y_ATM	5/13/2013	Normalized_Volatility	91.70480547
5y10y_ATM	5/10/2013	Normalized_Volatility	91.59223706
5y10y_ATM	5/9/2013	Normalized_Volatility	92.42284978
5y10y_ATM	5/8/2013	Normalized_Volatility	93.11893436
5y10y_ATM	5/7/2013	Normalized_Volatility	93.09989013
5y10y_ATM	5/6/2013	Normalized_Volatility	93.10447388
5y10y_ATM	5/3/2013	Normalized_Volatility	93.26582835
5y10y_ATM	5/2/2013	Normalized_Volatility	93.02313855
5y10y_ATM	5/1/2013	Normalized_Volatility	93.0222029
5y10y_ATM	4/30/2013	Normalized_Volatility	93.01104918
5y10y_ATM	4/29/2013	Normalized_Volatility	92.99861458
5y10y_ATM	4/26/2013	Normalized_Volatility	92.94014146
5y10y_ATM	4/25/2013	Normalized_Volatility	93.19294508
5y10y_ATM	4/24/2013	Normalized_Volatility	93.52755299
5y10y_ATM	4/23/2013	Normalized_Volatility	93.48926346
5y10y_ATM	4/22/2013	Normalized_Volatility	93.52910623
5y10y_ATM	4/19/2013	Normalized_Volatility	93.61070173
5y10y_ATM	4/18/2013	Normalized_Volatility	93.1967615
5y10y_ATM	4/17/2013	Normalized_Volatility	93.3261655
5y10y_ATM	4/16/2013	Normalized_Volatility	93.41925714
5y10y_ATM	4/15/2013	Normalized_Volatility	93.02050103
5y10y_ATM	4/12/2013	Normalized_Volatility	93.1064934
5y10y_ATM	4/11/2013	Normalized_Volatility	92.47915622
5y10y_ATM	4/10/2013	Normalized_Volatility	93.42916689
5y10y_ATM	4/9/2013	Normalized_Volatility	92.97865392
5y10y_ATM	4/8/2013	Normalized_Volatility	92.99641371
5y10y_ATM	4/5/2013	Normalized_Volatility	92.74606002
5y10y_ATM	4/4/2013	Normalized_Volatility	92.79620319
5y10y_ATM	4/3/2013	Normalized_Volatility	93.04258927
5y10y_ATM	4/2/2013	Normalized_Volatility	93.34233943
5y10y_ATM	4/1/2013	Normalized_Volatility	93.37480046
5y10y_ATM	3/28/2013	Normalized_Volatility	93.3936147
5y10y_ATM	3/27/2013	Normalized_Volatility	93.35258619
5y10y_ATM	3/26/2013	Normalized_Volatility	93.48019709
5y10y_ATM	3/25/2013	Normalized_Volatility	93.65691819
5y10y_ATM	3/22/2013	Normalized_Volatility	94.35266108
5y10y_ATM	3/21/2013	Normalized_Volatility	94.53627464
5y10y_ATM	3/20/2013	Normalized_Volatility	94.63279305
5y10y_ATM	3/19/2013	Normalized_Volatility	94.50719336
5y10y_ATM	3/18/2013	Normalized_Volatility	94.59737866
5y10y_ATM	3/15/2013	Normalized_Volatility	93.64510897
5y10y_ATM	3/14/2013	Normalized_Volatility	93.36553163
5y10y_ATM	3/13/2013	Normalized_Volatility	93.0997687
5y10y_ATM	3/12/2013	Normalized_Volatility	92.83945519
5y10y_ATM	3/11/2013	Normalized_Volatility	93.36721284
5y10y_ATM	3/8/2013	Normalized_Volatility	93.67574328
5y10y_ATM	3/7/2013	Normalized_Volatility	93.65549198
5y10y_ATM	3/6/2013	Normalized_Volatility	93.8024947
5y10y_ATM	3/5/2013	Normalized_Volatility	93.77533787
5y10y_ATM	3/4/2013	Normalized_Volatility	93.76716021
5y10y_ATM	3/1/2013	Normalized_Volatility	94.21914942
5y10y_ATM	2/28/2013	Normalized_Volatility	93.73826
5y10y_ATM	2/27/2013	Normalized_Volatility	93.61541889
5y10y_ATM	2/26/2013	Normalized_Volatility	93.11871545
5y10y_ATM	2/25/2013	Normalized_Volatility	92.57703099
5y10y_ATM	2/22/2013	Normalized_Volatility	92.34427272
5y10y_ATM	2/21/2013	Normalized_Volatility	92.29081016
5y10y_ATM	2/20/2013	Normalized_Volatility	91.91286846
5y10y_ATM	2/19/2013	Normalized_Volatility	92.16186502
5y10y_ATM	2/15/2013	Normalized_Volatility	92.22701611
5y10y_ATM	2/14/2013	Normalized_Volatility	92.1433543
5y10y_ATM	2/13/2013	Normalized_Volatility	92.94867403
5y10y_ATM	2/12/2013	Normalized_Volatility	92.53355118
5y10y_ATM	2/11/2013	Normalized_Volatility	92.6609362
5y10y_ATM	2/8/2013	Normalized_Volatility	92.31875645
5y10y_ATM	2/7/2013	Normalized_Volatility	92.54791644
5y10y_ATM	2/6/2013	Normalized_Volatility	92.3655915
5y10y_ATM	2/5/2013	Normalized_Volatility	92.78077996
5y10y_ATM	2/4/2013	Normalized_Volatility	90.77265308
5y10y_ATM	2/1/2013	Normalized_Volatility	91.16355955
5y10y_ATM	1/31/2013	Normalized_Volatility	90.87358873
5y10y_ATM	1/30/2013	Normalized_Volatility	90.63169271
5y10y_ATM	1/29/2013	Normalized_Volatility	90.58038263
5y10y_ATM	1/28/2013	Normalized_Volatility	89.83137807
5y10y_ATM	1/25/2013	Normalized_Volatility	89.42754016
5y10y_ATM	1/24/2013	Normalized_Volatility	88.64882659
5y10y_ATM	1/23/2013	Normalized_Volatility	87.85886822
5y10y_ATM	1/22/2013	Normalized_Volatility	87.26138295
5y10y_ATM	1/18/2013	Normalized_Volatility	87.06555626
5y10y_ATM	1/17/2013	Normalized_Volatility	87.29371676
5y10y_ATM	1/16/2013	Normalized_Volatility	86.99074379
5y10y_ATM	1/15/2013	Normalized_Volatility	86.90910931
5y10y_ATM	1/14/2013	Normalized_Volatility	87.59350181
5y10y_ATM	1/11/2013	Normalized_Volatility	87.69037025
5y10y_ATM	1/10/2013	Normalized_Volatility	88.55460208
5y10y_ATM	1/9/2013	Normalized_Volatility	88.46233701
5y10y_ATM	1/8/2013	Normalized_Volatility	88.43272067
5y10y_ATM	1/7/2013	Normalized_Volatility	88.3375446
5y10y_ATM	1/4/2013	Normalized_Volatility	88.46060317
5y10y_ATM	1/3/2013	Normalized_Volatility	88.93993444
5y10y_ATM	1/2/2013	Normalized_Volatility	89.78632865
5y10y_ATM	12/31/2012	Normalized_Volatility	89.93194476
5y10y_ATM	12/28/2012	Normalized_Volatility	88.94565309
5y10y_ATM	12/27/2012	Normalized_Volatility	89.2293118
5y10y_ATM	12/26/2012	Normalized_Volatility	89.04615737
5y10y_ATM	12/24/2012	Normalized_Volatility	89.32270278
5y10y_ATM	12/21/2012	Normalized_Volatility	89.29994535
5y10y_ATM	12/20/2012	Normalized_Volatility	89.47121006
5y10y_ATM	12/19/2012	Normalized_Volatility	90.44755368
5y10y_ATM	12/18/2012	Normalized_Volatility	91.11385987
5y10y_ATM	12/17/2012	Normalized_Volatility	90.88331964
5y10y_ATM	12/14/2012	Normalized_Volatility	90.24318557
5y10y_ATM	12/13/2012	Normalized_Volatility	90.0562689
5y10y_ATM	12/12/2012	Normalized_Volatility	90.04276221
5y10y_ATM	12/11/2012	Normalized_Volatility	89.45742681
5y10y_ATM	12/10/2012	Normalized_Volatility	89.19948523
5y10y_ATM	12/7/2012	Normalized_Volatility	89.37049199
5y10y_ATM	12/6/2012	Normalized_Volatility	89.25983035
5y10y_ATM	12/5/2012	Normalized_Volatility	89.2906221
5y10y_ATM	12/4/2012	Normalized_Volatility	89.28825091
5y10y_ATM	12/3/2012	Normalized_Volatility	89.4990805
5y10y_ATM	11/30/2012	Normalized_Volatility	89.80871132
5y10y_ATM	11/29/2012	Normalized_Volatility	89.56651795
5y10y_ATM	11/28/2012	Normalized_Volatility	89.38846092
5y10y_ATM	11/27/2012	Normalized_Volatility	89.71109384
5y10y_ATM	11/26/2012	Normalized_Volatility	90.25959813
5y10y_ATM	11/23/2012	Normalized_Volatility	90.51997002
5y10y_ATM	11/21/2012	Normalized_Volatility	90.58111864
5y10y_ATM	11/20/2012	Normalized_Volatility	91.01266193
5y10y_ATM	11/19/2012	Normalized_Volatility	90.50405614
5y10y_ATM	11/16/2012	Normalized_Volatility	90.01835155
5y10y_ATM	11/15/2012	Normalized_Volatility	89.91240291
5y10y_ATM	11/14/2012	Normalized_Volatility	89.60227559
5y10y_ATM	11/13/2012	Normalized_Volatility	89.30835116
5y10y_ATM	11/9/2012	Normalized_Volatility	89.18410944
5y10y_ATM	11/8/2012	Normalized_Volatility	88.3067467
5y10y_ATM	11/7/2012	Normalized_Volatility	88.46375881
5y10y_ATM	11/6/2012	Normalized_Volatility	89.7416086
5y10y_ATM	11/5/2012	Normalized_Volatility	89.63784878
5y10y_ATM	11/2/2012	Normalized_Volatility	89.73895739
5y10y_ATM	11/1/2012	Normalized_Volatility	89.62250669
5y10y_ATM	10/31/2012	Normalized_Volatility	89.24805076
5y10y_ATM	10/29/2012	Normalized_Volatility	89.24654917
5y10y_ATM	10/26/2012	Normalized_Volatility	89.56909095
5y10y_ATM	10/25/2012	Normalized_Volatility	90.19579609
5y10y_ATM	10/24/2012	Normalized_Volatility	90.6402396
5y10y_ATM	10/23/2012	Normalized_Volatility	90.37163952
5y10y_ATM	10/22/2012	Normalized_Volatility	92.37102731
5y10y_ATM	10/19/2012	Normalized_Volatility	90.38452754
5y10y_ATM	10/18/2012	Normalized_Volatility	90.98256135
5y10y_ATM	10/17/2012	Normalized_Volatility	91.22710913
5y10y_ATM	10/16/2012	Normalized_Volatility	90.62077323
5y10y_ATM	10/15/2012	Normalized_Volatility	90.67883385
5y10y_ATM	10/12/2012	Normalized_Volatility	90.0955102
5y10y_ATM	10/11/2012	Normalized_Volatility	90.46056128
5y10y_ATM	10/10/2012	Normalized_Volatility	90.55319325
5y10y_ATM	10/9/2012	Normalized_Volatility	91.16425367
5y10y_ATM	10/5/2012	Normalized_Volatility	91.53182332
5y10y_ATM	10/4/2012	Normalized_Volatility	91.79947097
5y10y_ATM	10/3/2012	Normalized_Volatility	91.6481942
5y10y_ATM	10/2/2012	Normalized_Volatility	91.68529814
5y10y_ATM	10/1/2012	Normalized_Volatility	91.5751505
5y10y_ATM	9/28/2012	Normalized_Volatility	91.71091329
5y10y_ATM	9/27/2012	Normalized_Volatility	91.52560232
5y10y_ATM	9/26/2012	Normalized_Volatility	91.34369269
5y10y_ATM	9/25/2012	Normalized_Volatility	91.88072462
5y10y_ATM	9/24/2012	Normalized_Volatility	92.32401114
5y10y_ATM	9/21/2012	Normalized_Volatility	92.55656508
5y10y_ATM	9/20/2012	Normalized_Volatility	92.65104326
5y10y_ATM	9/19/2012	Normalized_Volatility	92.8692634
5y10y_ATM	9/18/2012	Normalized_Volatility	92.97318488
5y10y_ATM	9/17/2012	Normalized_Volatility	94.29073345
5y10y_ATM	9/14/2012	Normalized_Volatility	95.05295844
5y10y_ATM	9/13/2012	Normalized_Volatility	94.07877988
5y10y_ATM	9/12/2012	Normalized_Volatility	95.82921934
5y10y_ATM	9/11/2012	Normalized_Volatility	94.29043468
5y10y_ATM	9/10/2012	Normalized_Volatility	94.29055579
5y10y_ATM	9/7/2012	Normalized_Volatility	94.5147866
5y10y_ATM	9/6/2012	Normalized_Volatility	94.98623974
5y10y_ATM	9/5/2012	Normalized_Volatility	94.412899
5y10y_ATM	9/4/2012	Normalized_Volatility	94.8366714
5y10y_ATM	8/31/2012	Normalized_Volatility	95.40408486
5y10y_ATM	8/30/2012	Normalized_Volatility	95.6944245
5y10y_ATM	8/29/2012	Normalized_Volatility	95.48190532
5y10y_ATM	8/28/2012	Normalized_Volatility	95.23148021
5y10y_ATM	8/27/2012	Normalized_Volatility	94.95994001
5y10y_ATM	8/24/2012	Normalized_Volatility	94.94032178
5y10y_ATM	8/23/2012	Normalized_Volatility	94.52091404
5y10y_ATM	8/22/2012	Normalized_Volatility	94.48265585
5y10y_ATM	8/21/2012	Normalized_Volatility	93.22152637
5y10y_ATM	8/20/2012	Normalized_Volatility	96.07717505
5y10y_ATM	8/17/2012	Normalized_Volatility	96.16103671
5y10y_ATM	8/16/2012	Normalized_Volatility	96.94909974
5y10y_ATM	8/15/2012	Normalized_Volatility	96.1838526
5y10y_ATM	8/14/2012	Normalized_Volatility	95.11927315
5y10y_ATM	8/13/2012	Normalized_Volatility	94.1687237
5y10y_ATM	8/10/2012	Normalized_Volatility	93.5528255
5y10y_ATM	8/9/2012	Normalized_Volatility	93.63949644
5y10y_ATM	8/8/2012	Normalized_Volatility	93.58409861
5y10y_ATM	8/7/2012	Normalized_Volatility	93.56974834
5y10y_ATM	8/6/2012	Normalized_Volatility	92.94300465
5y10y_ATM	8/3/2012	Normalized_Volatility	93.28702942
5y10y_ATM	8/2/2012	Normalized_Volatility	92.69995534
5y10y_ATM	8/1/2012	Normalized_Volatility	92.62095469
5y10y_ATM	7/31/2012	Normalized_Volatility	92.19170157
5y10y_ATM	7/30/2012	Normalized_Volatility	92.30484712
5y10y_ATM	7/27/2012	Normalized_Volatility	92.27321057
5y10y_ATM	7/26/2012	Normalized_Volatility	91.69751802
5y10y_ATM	7/25/2012	Normalized_Volatility	91.66108997
5y10y_ATM	7/24/2012	Normalized_Volatility	91.67252086
5y10y_ATM	7/23/2012	Normalized_Volatility	91.50235452
5y10y_ATM	7/20/2012	Normalized_Volatility	91.60960165
5y10y_ATM	7/19/2012	Normalized_Volatility	91.79347066
5y10y_ATM	7/18/2012	Normalized_Volatility	92.47164378
5y10y_ATM	7/17/2012	Normalized_Volatility	92.89354822
5y10y_ATM	7/16/2012	Normalized_Volatility	92.81025089
5y10y_ATM	7/13/2012	Normalized_Volatility	92.68616732
5y10y_ATM	7/12/2012	Normalized_Volatility	92.50142907
5y10y_ATM	7/11/2012	Normalized_Volatility	92.65155504
5y10y_ATM	7/10/2012	Normalized_Volatility	93.34160264
5y10y_ATM	7/9/2012	Normalized_Volatility	93.07088801
5y10y_ATM	7/6/2012	Normalized_Volatility	93.35591212
5y10y_ATM	7/5/2012	Normalized_Volatility	93.69287646
5y10y_ATM	7/3/2012	Normalized_Volatility	93.98490397
5y10y_ATM	7/2/2012	Normalized_Volatility	94.07592624
5y10y_ATM	6/29/2012	Normalized_Volatility	93.86962525
5y10y_ATM	6/28/2012	Normalized_Volatility	93.66201115
5y10y_ATM	6/27/2012	Normalized_Volatility	93.65412134
5y10y_ATM	6/26/2012	Normalized_Volatility	93.74252397
5y10y_ATM	6/25/2012	Normalized_Volatility	93.23878759
5y10y_ATM	6/22/2012	Normalized_Volatility	93.66723555
5y10y_ATM	6/21/2012	Normalized_Volatility	93.31627389
5y10y_ATM	6/20/2012	Normalized_Volatility	92.84501617
5y10y_ATM	6/19/2012	Normalized_Volatility	93.67772433
5y10y_ATM	6/18/2012	Normalized_Volatility	93.54009933
5y10y_ATM	6/15/2012	Normalized_Volatility	94.28545775
5y10y_ATM	6/14/2012	Normalized_Volatility	94.25500778
5y10y_ATM	6/13/2012	Normalized_Volatility	94.1257904
5y10y_ATM	6/12/2012	Normalized_Volatility	94.52638463
5y10y_ATM	6/11/2012	Normalized_Volatility	94.36662322
5y10y_ATM	6/8/2012	Normalized_Volatility	94.08249754
5y10y_ATM	6/7/2012	Normalized_Volatility	94.61914726
5y10y_ATM	6/6/2012	Normalized_Volatility	94.1504564
5y10y_ATM	6/5/2012	Normalized_Volatility	94.24904623
5y10y_ATM	6/4/2012	Normalized_Volatility	94.46608523
5y10y_ATM	6/1/2012	Normalized_Volatility	93.94256742
5y10y_ATM	5/31/2012	Normalized_Volatility	94.13879753
5y10y_ATM	5/30/2012	Normalized_Volatility	94.27604091
5y10y_ATM	5/29/2012	Normalized_Volatility	96.06826045
5y10y_ATM	5/25/2012	Normalized_Volatility	96.68797789
5y10y_ATM	5/24/2012	Normalized_Volatility	96.83076185
5y10y_ATM	5/23/2012	Normalized_Volatility	97.382095
5y10y_ATM	5/22/2012	Normalized_Volatility	98.10516334
5y10y_ATM	5/21/2012	Normalized_Volatility	97.0077649
5y10y_ATM	5/18/2012	Normalized_Volatility	96.83263356
5y10y_ATM	5/17/2012	Normalized_Volatility	97.06432896
5y10y_ATM	5/16/2012	Normalized_Volatility	97.34291212
5y10y_ATM	5/15/2012	Normalized_Volatility	98.1248234
5y10y_ATM	5/14/2012	Normalized_Volatility	98.11298671
5y10y_ATM	5/11/2012	Normalized_Volatility	97.64126078
5y10y_ATM	5/10/2012	Normalized_Volatility	97.5922249
5y10y_ATM	5/9/2012	Normalized_Volatility	97.92915761
5y10y_ATM	5/8/2012	Normalized_Volatility	97.60192984
5y10y_ATM	5/7/2012	Normalized_Volatility	97.79958432
5y10y_ATM	5/4/2012	Normalized_Volatility	97.27226981
5y10y_ATM	5/3/2012	Normalized_Volatility	98.87264206
5y10y_ATM	5/2/2012	Normalized_Volatility	99.0301851
5y10y_ATM	5/1/2012	Normalized_Volatility	100.2918152
5y10y_ATM	4/30/2012	Normalized_Volatility	98.5331534
5y10y_ATM	4/27/2012	Normalized_Volatility	99.60269862
5y10y_ATM	4/26/2012	Normalized_Volatility	101.33244
5y10y_ATM	4/25/2012	Normalized_Volatility	101.7635356
5y10y_ATM	4/24/2012	Normalized_Volatility	102.0895301
5y10y_ATM	4/23/2012	Normalized_Volatility	102.1883689
5y10y_ATM	4/20/2012	Normalized_Volatility	102.4316423
5y10y_ATM	4/19/2012	Normalized_Volatility	102.2656059
5y10y_ATM	4/18/2012	Normalized_Volatility	102.6853209
5y10y_ATM	4/17/2012	Normalized_Volatility	102.7625718
5y10y_ATM	4/16/2012	Normalized_Volatility	102.1602404
5y10y_ATM	4/13/2012	Normalized_Volatility	101.9926736
5y10y_ATM	4/12/2012	Normalized_Volatility	101.6947712
5y10y_ATM	4/11/2012	Normalized_Volatility	101.433552
5y10y_ATM	4/10/2012	Normalized_Volatility	101.3739835
5y10y_ATM	4/9/2012	Normalized_Volatility	100.4665408
5y10y_ATM	4/6/2012	Normalized_Volatility	101.4878013
5y10y_ATM	4/5/2012	Normalized_Volatility	102.8166466
5y10y_ATM	4/4/2012	Normalized_Volatility	102.4883768
5y10y_ATM	4/3/2012	Normalized_Volatility	101.7927489
5y10y_ATM	4/2/2012	Normalized_Volatility	101.0563847
5y10y_ATM	3/30/2012	Normalized_Volatility	101.6889565
5y10y_ATM	3/29/2012	Normalized_Volatility	100.9712113
5y10y_ATM	3/28/2012	Normalized_Volatility	101.7749168
5y10y_ATM	3/27/2012	Normalized_Volatility	102.5800002
5y10y_ATM	3/26/2012	Normalized_Volatility	102.9539679
5y10y_ATM	3/23/2012	Normalized_Volatility	103.229675
5y10y_ATM	3/22/2012	Normalized_Volatility	103.2047691
5y10y_ATM	3/21/2012	Normalized_Volatility	103.7098063
5y10y_ATM	3/20/2012	Normalized_Volatility	104.1128323
5y10y_ATM	3/19/2012	Normalized_Volatility	104.4196583
5y10y_ATM	3/16/2012	Normalized_Volatility	103.5297307
5y10y_ATM	3/15/2012	Normalized_Volatility	104.5682614
5y10y_ATM	3/14/2012	Normalized_Volatility	105.5527378
5y10y_ATM	3/13/2012	Normalized_Volatility	104.69201
5y10y_ATM	3/12/2012	Normalized_Volatility	104.0943324
5y10y_ATM	3/9/2012	Normalized_Volatility	103.8159829
5y10y_ATM	3/8/2012	Normalized_Volatility	103.9198974
5y10y_ATM	3/7/2012	Normalized_Volatility	104.285661
5y10y_ATM	3/6/2012	Normalized_Volatility	105.1747567
5y10y_ATM	3/5/2012	Normalized_Volatility	105.1947413
5y10y_ATM	3/2/2012	Normalized_Volatility	104.8595157
5y10y_ATM	3/1/2012	Normalized_Volatility	104.897876
5y10y_ATM	2/29/2012	Normalized_Volatility	104.268557
5y10y_ATM	2/28/2012	Normalized_Volatility	102.9615126
5y10y_ATM	2/27/2012	Normalized_Volatility	102.9860473
5y10y_ATM	2/24/2012	Normalized_Volatility	103.184874
5y10y_ATM	2/23/2012	Normalized_Volatility	102.5946489
5y10y_ATM	2/22/2012	Normalized_Volatility	102.7156559
5y10y_ATM	2/21/2012	Normalized_Volatility	102.4228081
5y10y_ATM	2/17/2012	Normalized_Volatility	102.3184387
5y10y_ATM	2/16/2012	Normalized_Volatility	102.4106978
5y10y_ATM	2/15/2012	Normalized_Volatility	102.3937908
5y10y_ATM	2/14/2012	Normalized_Volatility	103.1259531
5y10y_ATM	2/13/2012	Normalized_Volatility	103.9621009
5y10y_ATM	2/10/2012	Normalized_Volatility	102.4374004
5y10y_ATM	2/9/2012	Normalized_Volatility	102.0463152
5y10y_ATM	2/8/2012	Normalized_Volatility	101.8089381
5y10y_ATM	2/7/2012	Normalized_Volatility	101.6228193
5y10y_ATM	2/6/2012	Normalized_Volatility	101.4290636
5y10y_ATM	2/3/2012	Normalized_Volatility	102.1725366
5y10y_ATM	2/2/2012	Normalized_Volatility	101.6382437
5y10y_ATM	2/1/2012	Normalized_Volatility	101.4092886
5y10y_ATM	1/31/2012	Normalized_Volatility	101.0077933
5y10y_ATM	1/30/2012	Normalized_Volatility	100.5758411
5y10y_ATM	1/27/2012	Normalized_Volatility	100.454829
5y10y_ATM	1/26/2012	Normalized_Volatility	100.3095796
5y10y_ATM	1/25/2012	Normalized_Volatility	102.1664242
5y10y_ATM	1/24/2012	Normalized_Volatility	103.2514703
5y10y_ATM	1/23/2012	Normalized_Volatility	103.7632865
5y10y_ATM	1/20/2012	Normalized_Volatility	103.8328019
5y10y_ATM	1/19/2012	Normalized_Volatility	103.701369
5y10y_ATM	1/18/2012	Normalized_Volatility	103.0151525
5y10y_ATM	1/17/2012	Normalized_Volatility	103.3409097
5y10y_ATM	1/13/2012	Normalized_Volatility	103.0421896
5y10y_ATM	1/12/2012	Normalized_Volatility	103.7546874
5y10y_ATM	1/11/2012	Normalized_Volatility	103.1312408
5y10y_ATM	1/10/2012	Normalized_Volatility	103.9406883
5y10y_ATM	1/9/2012	Normalized_Volatility	103.2852318
5y10y_ATM	1/6/2012	Normalized_Volatility	104.7448826
5y10y_ATM	1/5/2012	Normalized_Volatility	105.7609107
5y10y_ATM	1/4/2012	Normalized_Volatility	106.1204201
5y10y_ATM	1/3/2012	Normalized_Volatility	107.4943858
5y10y_ATM	12/30/2011	Normalized_Volatility	106.9481254
5y10y_ATM	12/29/2011	Normalized_Volatility	108.0153953
5y10y_ATM	12/28/2011	Normalized_Volatility	107.6880469
5y10y_ATM	12/27/2011	Normalized_Volatility	108.19823
5y10y_ATM	12/23/2011	Normalized_Volatility	107.7914735
5y10y_ATM	12/22/2011	Normalized_Volatility	106.651354
5y10y_ATM	12/21/2011	Normalized_Volatility	107.0609423
5y10y_ATM	12/20/2011	Normalized_Volatility	107.4157834
5y10y_ATM	12/19/2011	Normalized_Volatility	105.5353674
5y10y_ATM	12/16/2011	Normalized_Volatility	107.0761541
5y10y_ATM	12/15/2011	Normalized_Volatility	106.6372634
5y10y_ATM	12/14/2011	Normalized_Volatility	107.6910859
5y10y_ATM	12/13/2011	Normalized_Volatility	108.3451549
5y10y_ATM	12/12/2011	Normalized_Volatility	109.0235448
5y10y_ATM	12/9/2011	Normalized_Volatility	109.0858289
5y10y_ATM	12/8/2011	Normalized_Volatility	108.1745666
5y10y_ATM	12/7/2011	Normalized_Volatility	106.815581
5y10y_ATM	12/6/2011	Normalized_Volatility	107.8136345
5y10y_ATM	12/5/2011	Normalized_Volatility	108.6615026
5y10y_ATM	12/2/2011	Normalized_Volatility	108.8329335
5y10y_ATM	12/1/2011	Normalized_Volatility	108.6807982
5y10y_ATM	11/30/2011	Normalized_Volatility	109.4107168
5y10y_ATM	11/29/2011	Normalized_Volatility	109.9578825
5y10y_ATM	11/28/2011	Normalized_Volatility	110.1452302
5y10y_ATM	11/25/2011	Normalized_Volatility	109.9191503
5y10y_ATM	11/23/2011	Normalized_Volatility	110.1285258
5y10y_ATM	11/22/2011	Normalized_Volatility	110.221319
5y10y_ATM	11/21/2011	Normalized_Volatility	109.9595259
5y10y_ATM	11/18/2011	Normalized_Volatility	109.6484765
5y10y_ATM	11/17/2011	Normalized_Volatility	109.1649862
5y10y_ATM	11/16/2011	Normalized_Volatility	109.2480644
5y10y_ATM	11/15/2011	Normalized_Volatility	108.8943894
5y10y_ATM	11/14/2011	Normalized_Volatility	109.3274007
5y10y_ATM	11/10/2011	Normalized_Volatility	109.3475364
5y10y_ATM	11/9/2011	Normalized_Volatility	109.1270552
5y10y_ATM	11/8/2011	Normalized_Volatility	108.3203265
5y10y_ATM	11/7/2011	Normalized_Volatility	108.9704945
5y10y_ATM	11/4/2011	Normalized_Volatility	108.7511199
5y10y_ATM	11/3/2011	Normalized_Volatility	108.5528802
5y10y_ATM	11/2/2011	Normalized_Volatility	109.1256315
5y10y_ATM	11/1/2011	Normalized_Volatility	110.5617643
5y10y_ATM	10/31/2011	Normalized_Volatility	107.6031446
5y10y_ATM	10/28/2011	Normalized_Volatility	106.9181672
5y10y_ATM	10/27/2011	Normalized_Volatility	107.0884268
5y10y_ATM	10/26/2011	Normalized_Volatility	107.4503051
5y10y_ATM	10/25/2011	Normalized_Volatility	107.3991027
5y10y_ATM	10/24/2011	Normalized_Volatility	107.8083927
5y10y_ATM	10/21/2011	Normalized_Volatility	107.2875429
5y10y_ATM	10/20/2011	Normalized_Volatility	107.5412192
5y10y_ATM	10/19/2011	Normalized_Volatility	107.8332774
5y10y_ATM	10/18/2011	Normalized_Volatility	107.5069047
5y10y_ATM	10/17/2011	Normalized_Volatility	107.4163104
5y10y_ATM	10/14/2011	Normalized_Volatility	106.4309628
5y10y_ATM	10/13/2011	Normalized_Volatility	106.1654732
5y10y_ATM	10/12/2011	Normalized_Volatility	105.870352
5y10y_ATM	10/11/2011	Normalized_Volatility	105.4160355
5y10y_ATM	10/7/2011	Normalized_Volatility	105.0123432
5y10y_ATM	10/6/2011	Normalized_Volatility	105.3335174
5y10y_ATM	10/5/2011	Normalized_Volatility	105.8158753
5y10y_ATM	10/4/2011	Normalized_Volatility	106.1952751
5y10y_ATM	10/3/2011	Normalized_Volatility	106.8777692
5y10y_ATM	9/30/2011	Normalized_Volatility	106.1510619
5y10y_ATM	9/29/2011	Normalized_Volatility	106.2615424
5y10y_ATM	9/28/2011	Normalized_Volatility	107.1298061
5y10y_ATM	9/27/2011	Normalized_Volatility	108.0854321
5y10y_ATM	9/26/2011	Normalized_Volatility	107.8439638
5y10y_ATM	9/23/2011	Normalized_Volatility	107.3051921
5y10y_ATM	9/22/2011	Normalized_Volatility	109.3493037
5y10y_ATM	9/21/2011	Normalized_Volatility	108.2246375
5y10y_ATM	9/20/2011	Normalized_Volatility	108.7455785
5y10y_ATM	9/19/2011	Normalized_Volatility	107.5512407
5y10y_ATM	9/16/2011	Normalized_Volatility	108.482985
5y10y_ATM	9/15/2011	Normalized_Volatility	108.124885
5y10y_ATM	9/14/2011	Normalized_Volatility	107.9797
5y10y_ATM	9/13/2011	Normalized_Volatility	107.666219
5y10y_ATM	9/12/2011	Normalized_Volatility	106.9351578
5y10y_ATM	9/9/2011	Normalized_Volatility	107.1354071
5y10y_ATM	9/8/2011	Normalized_Volatility	107.3526582
5y10y_ATM	9/7/2011	Normalized_Volatility	108.0832523
5y10y_ATM	9/6/2011	Normalized_Volatility	108.7130854
5y10y_ATM	9/2/2011	Normalized_Volatility	108.0074886
5y10y_ATM	9/1/2011	Normalized_Volatility	107.684686
5y10y_ATM	8/31/2011	Normalized_Volatility	107.4955104
5y10y_ATM	8/30/2011	Normalized_Volatility	107.8759937
5y10y_ATM	8/29/2011	Normalized_Volatility	108.0800069
5y10y_ATM	8/26/2011	Normalized_Volatility	107.9878441
5y10y_ATM	8/25/2011	Normalized_Volatility	108.5159975
5y10y_ATM	8/24/2011	Normalized_Volatility	107.440149
5y10y_ATM	8/23/2011	Normalized_Volatility	108.9167764
5y10y_ATM	8/22/2011	Normalized_Volatility	108.3391654
5y10y_ATM	8/19/2011	Normalized_Volatility	108.701004
5y10y_ATM	8/18/2011	Normalized_Volatility	108.1391817
5y10y_ATM	8/17/2011	Normalized_Volatility	106.9657779
5y10y_ATM	8/16/2011	Normalized_Volatility	106.653257
5y10y_ATM	8/15/2011	Normalized_Volatility	107.9546569
5y10y_ATM	8/12/2011	Normalized_Volatility	108.6605949
5y10y_ATM	8/11/2011	Normalized_Volatility	108.89973
5y10y_ATM	8/10/2011	Normalized_Volatility	108.8274367
5y10y_ATM	8/9/2011	Normalized_Volatility	105.9572487
5y10y_ATM	8/8/2011	Normalized_Volatility	112.7185215
5y10y_ATM	8/5/2011	Normalized_Volatility	110.2905849
5y10y_ATM	8/4/2011	Normalized_Volatility	111.2172224
5y10y_ATM	8/3/2011	Normalized_Volatility	111.6218609
5y10y_ATM	8/2/2011	Normalized_Volatility	112.7205216
5y10y_ATM	8/1/2011	Normalized_Volatility	111.5364343
5y10y_ATM	7/29/2011	Normalized_Volatility	112.1433257
5y10y_ATM	7/28/2011	Normalized_Volatility	111.4942267
5y10y_ATM	7/27/2011	Normalized_Volatility	112.172348
5y10y_ATM	7/26/2011	Normalized_Volatility	112.432676
5y10y_ATM	7/25/2011	Normalized_Volatility	112.4390951
5y10y_ATM	7/22/2011	Normalized_Volatility	111.6615669
5y10y_ATM	7/21/2011	Normalized_Volatility	112.2053097
5y10y_ATM	7/20/2011	Normalized_Volatility	112.6359628
5y10y_ATM	7/19/2011	Normalized_Volatility	114.1222685
5y10y_ATM	7/18/2011	Normalized_Volatility	115.8486524
5y10y_ATM	7/15/2011	Normalized_Volatility	113.659475
5y10y_ATM	7/14/2011	Normalized_Volatility	112.643252
5y10y_ATM	7/13/2011	Normalized_Volatility	111.3573098
5y10y_ATM	7/12/2011	Normalized_Volatility	111.1724773
5y10y_ATM	7/11/2011	Normalized_Volatility	110.7732703
5y10y_ATM	7/8/2011	Normalized_Volatility	109.8153688
5y10y_ATM	7/7/2011	Normalized_Volatility	110.234419
5y10y_ATM	7/6/2011	Normalized_Volatility	109.780773
5y10y_ATM	7/5/2011	Normalized_Volatility	108.7556392
5y10y_ATM	7/1/2011	Normalized_Volatility	109.1416603
5y10y_ATM	6/30/2011	Normalized_Volatility	109.6012366
5y10y_ATM	6/29/2011	Normalized_Volatility	109.4861994
5y10y_ATM	6/28/2011	Normalized_Volatility	109.9613001
5y10y_ATM	6/27/2011	Normalized_Volatility	109.2771252
5y10y_ATM	6/24/2011	Normalized_Volatility	109.1839571
5y10y_ATM	6/23/2011	Normalized_Volatility	108.6646813
5y10y_ATM	6/22/2011	Normalized_Volatility	108.587944
5y10y_ATM	6/21/2011	Normalized_Volatility	108.3097927
5y10y_ATM	6/20/2011	Normalized_Volatility	108.3848484
5y10y_ATM	6/17/2011	Normalized_Volatility	107.6708092
5y10y_ATM	6/16/2011	Normalized_Volatility	107.7345475
5y10y_ATM	6/15/2011	Normalized_Volatility	107.3409373
5y10y_ATM	6/14/2011	Normalized_Volatility	107.9123882
5y10y_ATM	6/13/2011	Normalized_Volatility	107.6865708
5y10y_ATM	6/10/2011	Normalized_Volatility	107.669165
5y10y_ATM	6/9/2011	Normalized_Volatility	107.6415106
5y10y_ATM	6/8/2011	Normalized_Volatility	107.7450541
5y10y_ATM	6/7/2011	Normalized_Volatility	108.0396254
5y10y_ATM	6/6/2011	Normalized_Volatility	108.3748074
5y10y_ATM	6/3/2011	Normalized_Volatility	108.1768015
5y10y_ATM	6/2/2011	Normalized_Volatility	107.9319033
5y10y_ATM	6/1/2011	Normalized_Volatility	107.0213888
5y10y_ATM	5/31/2011	Normalized_Volatility	108.0658363
5y10y_ATM	5/27/2011	Normalized_Volatility	108.2600157
5y10y_ATM	5/26/2011	Normalized_Volatility	108.3087212
5y10y_ATM	5/25/2011	Normalized_Volatility	108.7232755
5y10y_ATM	5/24/2011	Normalized_Volatility	108.9823545
5y10y_ATM	5/23/2011	Normalized_Volatility	109.1141768
5y10y_ATM	5/20/2011	Normalized_Volatility	109.0980357
5y10y_ATM	5/19/2011	Normalized_Volatility	109.1862017
5y10y_ATM	5/18/2011	Normalized_Volatility	108.8458525
5y10y_ATM	5/17/2011	Normalized_Volatility	107.4949034
5y10y_ATM	5/16/2011	Normalized_Volatility	107.0864555
5y10y_ATM	5/13/2011	Normalized_Volatility	106.8457804
5y10y_ATM	5/12/2011	Normalized_Volatility	107.060629
5y10y_ATM	5/11/2011	Normalized_Volatility	107.0301947
5y10y_ATM	5/10/2011	Normalized_Volatility	106.9939406
5y10y_ATM	5/9/2011	Normalized_Volatility	106.7659082
5y10y_ATM	5/6/2011	Normalized_Volatility	106.203231
5y10y_ATM	5/5/2011	Normalized_Volatility	106.5011495
5y10y_ATM	5/4/2011	Normalized_Volatility	106.6126089
5y10y_ATM	5/3/2011	Normalized_Volatility	107.1763887
5y10y_ATM	5/2/2011	Normalized_Volatility	106.771435
5y10y_ATM	4/29/2011	Normalized_Volatility	106.3250186
5y10y_ATM	4/28/2011	Normalized_Volatility	106.0467004
5y10y_ATM	4/27/2011	Normalized_Volatility	106.8937942
5y10y_ATM	4/26/2011	Normalized_Volatility	106.9711041
5y10y_ATM	4/25/2011	Normalized_Volatility	106.1890437
5y10y_ATM	4/21/2011	Normalized_Volatility	106.3604065
5y10y_ATM	4/20/2011	Normalized_Volatility	106.7820035
5y10y_ATM	4/19/2011	Normalized_Volatility	107.2418558
5y10y_ATM	4/18/2011	Normalized_Volatility	107.319115
5y10y_ATM	4/15/2011	Normalized_Volatility	106.9187506
5y10y_ATM	4/14/2011	Normalized_Volatility	107.3407623
5y10y_ATM	4/13/2011	Normalized_Volatility	107.5036486
5y10y_ATM	4/12/2011	Normalized_Volatility	107.8519929
5y10y_ATM	4/11/2011	Normalized_Volatility	108.120798
5y10y_ATM	4/8/2011	Normalized_Volatility	108.3263792
5y10y_ATM	4/7/2011	Normalized_Volatility	107.9758516
5y10y_ATM	4/6/2011	Normalized_Volatility	107.7861969
5y10y_ATM	4/5/2011	Normalized_Volatility	107.3474463
5y10y_ATM	4/4/2011	Normalized_Volatility	106.9821568
5y10y_ATM	4/1/2011	Normalized_Volatility	107.2086294
5y10y_ATM	3/31/2011	Normalized_Volatility	108.5635676
5y10y_ATM	3/30/2011	Normalized_Volatility	108.0916646
5y10y_ATM	3/29/2011	Normalized_Volatility	108.4087503
5y10y_ATM	3/28/2011	Normalized_Volatility	108.3815909
5y10y_ATM	3/25/2011	Normalized_Volatility	108.1426091
5y10y_ATM	3/24/2011	Normalized_Volatility	107.5523049
5y10y_ATM	3/23/2011	Normalized_Volatility	107.5535193
5y10y_ATM	3/22/2011	Normalized_Volatility	107.4546471
5y10y_ATM	3/21/2011	Normalized_Volatility	108.134671
5y10y_ATM	3/18/2011	Normalized_Volatility	108.9664513
5y10y_ATM	3/17/2011	Normalized_Volatility	109.6148775
5y10y_ATM	3/16/2011	Normalized_Volatility	110.6441824
5y10y_ATM	3/15/2011	Normalized_Volatility	109.7406744
5y10y_ATM	3/14/2011	Normalized_Volatility	108.3204153
5y10y_ATM	3/11/2011	Normalized_Volatility	108.0246117
5y10y_ATM	3/10/2011	Normalized_Volatility	107.6546622
5y10y_ATM	3/9/2011	Normalized_Volatility	107.5170738
5y10y_ATM	3/8/2011	Normalized_Volatility	108.2515282
5y10y_ATM	3/7/2011	Normalized_Volatility	107.1708622
5y10y_ATM	3/4/2011	Normalized_Volatility	107.0668339
5y10y_ATM	3/3/2011	Normalized_Volatility	107.0435067
5y10y_ATM	3/2/2011	Normalized_Volatility	107.0516069
5y10y_ATM	3/1/2011	Normalized_Volatility	106.8577439
5y10y_ATM	2/28/2011	Normalized_Volatility	106.6889987
5y10y_ATM	2/25/2011	Normalized_Volatility	106.74713
5y10y_ATM	2/24/2011	Normalized_Volatility	108.0428871
5y10y_ATM	2/23/2011	Normalized_Volatility	108.2233926
5y10y_ATM	2/22/2011	Normalized_Volatility	107.8485147
5y10y_ATM	2/18/2011	Normalized_Volatility	107.5588276
5y10y_ATM	2/17/2011	Normalized_Volatility	106.9821279
5y10y_ATM	2/16/2011	Normalized_Volatility	106.7190074
5y10y_ATM	2/15/2011	Normalized_Volatility	105.3222136
5y10y_ATM	2/14/2011	Normalized_Volatility	105.7644652
5y10y_ATM	2/11/2011	Normalized_Volatility	106.2797182
5y10y_ATM	2/10/2011	Normalized_Volatility	107.7890993
5y10y_ATM	2/9/2011	Normalized_Volatility	109.0861134
5y10y_ATM	2/8/2011	Normalized_Volatility	110.4986205
5y10y_ATM	2/7/2011	Normalized_Volatility	111.1109209
5y10y_ATM	2/4/2011	Normalized_Volatility	111.9321741
5y10y_ATM	2/3/2011	Normalized_Volatility	111.8854315
5y10y_ATM	2/2/2011	Normalized_Volatility	112.2022039
5y10y_ATM	2/1/2011	Normalized_Volatility	112.2921719
5y10y_ATM	1/31/2011	Normalized_Volatility	111.6280865
5y10y_ATM	1/28/2011	Normalized_Volatility	110.7589992
5y10y_ATM	1/27/2011	Normalized_Volatility	109.6101311
5y10y_ATM	1/26/2011	Normalized_Volatility	110.3409752
5y10y_ATM	1/25/2011	Normalized_Volatility	109.6732122
5y10y_ATM	1/24/2011	Normalized_Volatility	109.8087909
5y10y_ATM	1/21/2011	Normalized_Volatility	110.2512196
5y10y_ATM	1/20/2011	Normalized_Volatility	110.3451389
5y10y_ATM	1/19/2011	Normalized_Volatility	111.2734822
5y10y_ATM	1/18/2011	Normalized_Volatility	111.1237556
5y10y_ATM	1/14/2011	Normalized_Volatility	110.2201693
5y10y_ATM	1/13/2011	Normalized_Volatility	108.7674153
5y10y_ATM	1/12/2011	Normalized_Volatility	107.2362049
5y10y_ATM	1/11/2011	Normalized_Volatility	107.0384062
5y10y_ATM	1/10/2011	Normalized_Volatility	106.3251857
5y10y_ATM	1/7/2011	Normalized_Volatility	106.3421653
5y10y_ATM	1/6/2011	Normalized_Volatility	108.1114519
5y10y_ATM	1/5/2011	Normalized_Volatility	108.4426711
5y10y_ATM	1/4/2011	Normalized_Volatility	106.7767608
5y10y_ATM	1/3/2011	Normalized_Volatility	108.8848221
5y10y_ATM	12/31/2010	Normalized_Volatility	110.1467684
5y10y_ATM	12/30/2010	Normalized_Volatility	110.1635279
5y10y_ATM	12/29/2010	Normalized_Volatility	110.3240044
5y10y_ATM	12/28/2010	Normalized_Volatility	110.8798515
5y10y_ATM	12/27/2010	Normalized_Volatility	109.5419347
5y10y_ATM	12/23/2010	Normalized_Volatility	110.0895109
5y10y_ATM	12/22/2010	Normalized_Volatility	109.2651379
5y10y_ATM	12/21/2010	Normalized_Volatility	109.1112343
5y10y_ATM	12/20/2010	Normalized_Volatility	110.1288263
5y10y_ATM	12/17/2010	Normalized_Volatility	110.9118545
5y10y_ATM	12/16/2010	Normalized_Volatility	112.090808
5y10y_ATM	12/15/2010	Normalized_Volatility	112.5766845
5y10y_ATM	12/14/2010	Normalized_Volatility	111.6559227
5y10y_ATM	12/13/2010	Normalized_Volatility	110.9629199
5y10y_ATM	12/10/2010	Normalized_Volatility	111.9143569
5y10y_ATM	12/9/2010	Normalized_Volatility	110.8337491
5y10y_ATM	12/8/2010	Normalized_Volatility	111.7220347
5y10y_ATM	12/7/2010	Normalized_Volatility	111.9623429
5y10y_ATM	12/6/2010	Normalized_Volatility	109.4694164
5y10y_ATM	12/3/2010	Normalized_Volatility	108.5729435
5y10y_ATM	12/2/2010	Normalized_Volatility	107.7875488
5y10y_ATM	12/1/2010	Normalized_Volatility	107.5701205
5y10y_ATM	11/30/2010	Normalized_Volatility	106.4709637
5y10y_ATM	11/29/2010	Normalized_Volatility	104.9963994
5y10y_ATM	11/26/2010	Normalized_Volatility	104.2263449
5y10y_ATM	11/24/2010	Normalized_Volatility	104.2087726
5y10y_ATM	11/23/2010	Normalized_Volatility	102.7483759
5y10y_ATM	11/22/2010	Normalized_Volatility	102.475519
5y10y_ATM	11/19/2010	Normalized_Volatility	102.7637584
5y10y_ATM	11/18/2010	Normalized_Volatility	102.8703948
5y10y_ATM	11/17/2010	Normalized_Volatility	101.8235026
5y10y_ATM	11/16/2010	Normalized_Volatility	100.7459933
5y10y_ATM	11/15/2010	Normalized_Volatility	101.3170288
5y10y_ATM	11/12/2010	Normalized_Volatility	99.61554929
5y10y_ATM	11/10/2010	Normalized_Volatility	100.0111067
5y10y_ATM	11/9/2010	Normalized_Volatility	99.91749371
5y10y_ATM	11/8/2010	Normalized_Volatility	98.49424413
5y10y_ATM	11/5/2010	Normalized_Volatility	98.25692601
5y10y_ATM	11/4/2010	Normalized_Volatility	97.13573092
5y10y_ATM	11/3/2010	Normalized_Volatility	97.64060822
5y10y_ATM	11/2/2010	Normalized_Volatility	99.37098465
5y10y_ATM	11/1/2010	Normalized_Volatility	98.08936375
5y10y_ATM	10/29/2010	Normalized_Volatility	97.09026917
5y10y_ATM	10/28/2010	Normalized_Volatility	97.23411863
5y10y_ATM	10/27/2010	Normalized_Volatility	96.56327209
5y10y_ATM	10/26/2010	Normalized_Volatility	96.96805011
5y10y_ATM	10/25/2010	Normalized_Volatility	97.02876062
5y10y_ATM	10/22/2010	Normalized_Volatility	97.30028485
5y10y_ATM	10/21/2010	Normalized_Volatility	96.11309768
5y10y_ATM	10/20/2010	Normalized_Volatility	94.82844515
5y10y_ATM	10/19/2010	Normalized_Volatility	94.40845265
5y10y_ATM	10/18/2010	Normalized_Volatility	94.26943814
5y10y_ATM	10/15/2010	Normalized_Volatility	94.62000937
5y10y_ATM	10/14/2010	Normalized_Volatility	96.31989972
5y10y_ATM	10/13/2010	Normalized_Volatility	96.28434746
5y10y_ATM	10/12/2010	Normalized_Volatility	98.95168188
5y10y_ATM	10/8/2010	Normalized_Volatility	99.17190482
5y10y_ATM	10/7/2010	Normalized_Volatility	100.8968138
5y10y_ATM	10/6/2010	Normalized_Volatility	101.0136423
5y10y_ATM	10/5/2010	Normalized_Volatility	102.2414803
5y10y_ATM	10/4/2010	Normalized_Volatility	102.0717048
5y10y_ATM	10/1/2010	Normalized_Volatility	101.8783249
5y10y_ATM	9/30/2010	Normalized_Volatility	103.5464953
5y10y_ATM	9/29/2010	Normalized_Volatility	105.143422
5y10y_ATM	9/28/2010	Normalized_Volatility	102.9635773
5y10y_ATM	9/27/2010	Normalized_Volatility	102.1142439
5y10y_ATM	9/24/2010	Normalized_Volatility	100.4583854
5y10y_ATM	9/23/2010	Normalized_Volatility	98.89452623
5y10y_ATM	9/22/2010	Normalized_Volatility	97.93914651
5y10y_ATM	9/21/2010	Normalized_Volatility	98.26127857
5y10y_ATM	9/20/2010	Normalized_Volatility	99.10694281
5y10y_ATM	9/17/2010	Normalized_Volatility	98.06071504
5y10y_ATM	9/16/2010	Normalized_Volatility	98.45380704
5y10y_ATM	9/15/2010	Normalized_Volatility	97.10898979
5y10y_ATM	9/14/2010	Normalized_Volatility	95.73914413
5y10y_ATM	9/13/2010	Normalized_Volatility	95.17497641
5y10y_ATM	9/10/2010	Normalized_Volatility	95.80761808
5y10y_ATM	9/9/2010	Normalized_Volatility	94.66708218
5y10y_ATM	9/8/2010	Normalized_Volatility	94.13316718
5y10y_ATM	9/7/2010	Normalized_Volatility	93.24070266
5y10y_ATM	9/3/2010	Normalized_Volatility	92.42997346
5y10y_ATM	9/2/2010	Normalized_Volatility	93.92356116
5y10y_ATM	9/1/2010	Normalized_Volatility	95.57573634
5y10y_ATM	8/31/2010	Normalized_Volatility	94.54170561
5y10y_ATM	8/30/2010	Normalized_Volatility	94.90397107
5y10y_ATM	8/27/2010	Normalized_Volatility	93.27713327
5y10y_ATM	8/26/2010	Normalized_Volatility	94.59231
5y10y_ATM	8/25/2010	Normalized_Volatility	94.42893059
5y10y_ATM	8/24/2010	Normalized_Volatility	94.71358027
5y10y_ATM	8/23/2010	Normalized_Volatility	95.56336265
5y10y_ATM	8/20/2010	Normalized_Volatility	95.06689329
5y10y_ATM	8/19/2010	Normalized_Volatility	94.89799705
5y10y_ATM	8/18/2010	Normalized_Volatility	94.34510408
5y10y_ATM	8/17/2010	Normalized_Volatility	95.24957914
5y10y_ATM	8/16/2010	Normalized_Volatility	97.25098081
5y10y_ATM	8/13/2010	Normalized_Volatility	94.54399342
5y10y_ATM	8/12/2010	Normalized_Volatility	92.80642006
5y10y_ATM	8/11/2010	Normalized_Volatility	91.8081197
5y10y_ATM	8/10/2010	Normalized_Volatility	93.00217142
5y10y_ATM	8/9/2010	Normalized_Volatility	95.22892964
5y10y_ATM	8/6/2010	Normalized_Volatility	95.48842469
5y10y_ATM	8/5/2010	Normalized_Volatility	97.16588498
5y10y_ATM	8/4/2010	Normalized_Volatility	98.79794831
5y10y_ATM	8/3/2010	Normalized_Volatility	99.07693847
5y10y_ATM	8/2/2010	Normalized_Volatility	99.19888792
5y10y_ATM	7/30/2010	Normalized_Volatility	98.49613131
5y10y_ATM	7/29/2010	Normalized_Volatility	98.45643778
5y10y_ATM	7/28/2010	Normalized_Volatility	97.84623325
5y10y_ATM	7/27/2010	Normalized_Volatility	99.4230826
5y10y_ATM	7/26/2010	Normalized_Volatility	98.01759514
5y10y_ATM	7/23/2010	Normalized_Volatility	98.43680981
5y10y_ATM	7/22/2010	Normalized_Volatility	99.80354429
5y10y_ATM	7/21/2010	Normalized_Volatility	100.159253
5y10y_ATM	7/20/2010	Normalized_Volatility	99.54301067
5y10y_ATM	7/19/2010	Normalized_Volatility	99.62921635
5y10y_ATM	7/16/2010	Normalized_Volatility	99.13631199
5y10y_ATM	7/15/2010	Normalized_Volatility	99.92110848
5y10y_ATM	7/14/2010	Normalized_Volatility	100.4547583
5y10y_ATM	7/13/2010	Normalized_Volatility	100.9220584
5y10y_ATM	7/12/2010	Normalized_Volatility	100.3926705
5y10y_ATM	7/9/2010	Normalized_Volatility	101.0093165
5y10y_ATM	7/8/2010	Normalized_Volatility	101.6851923
5y10y_ATM	7/7/2010	Normalized_Volatility	101.0481209
5y10y_ATM	7/6/2010	Normalized_Volatility	101.2091427
5y10y_ATM	7/2/2010	Normalized_Volatility	101.952298
5y10y_ATM	7/1/2010	Normalized_Volatility	103.7107789
5y10y_ATM	6/30/2010	Normalized_Volatility	104.2798145
5y10y_ATM	6/29/2010	Normalized_Volatility	105.0563239
5y10y_ATM	6/28/2010	Normalized_Volatility	105.0952446
5y10y_ATM	6/25/2010	Normalized_Volatility	107.0520428
5y10y_ATM	6/24/2010	Normalized_Volatility	108.122498
5y10y_ATM	6/23/2010	Normalized_Volatility	107.6455806
5y10y_ATM	6/22/2010	Normalized_Volatility	108.8430167
5y10y_ATM	6/21/2010	Normalized_Volatility	108.4541656
5y10y_ATM	6/18/2010	Normalized_Volatility	108.9030105
5y10y_ATM	6/17/2010	Normalized_Volatility	108.685627
5y10y_ATM	6/16/2010	Normalized_Volatility	108.6891131
5y10y_ATM	6/15/2010	Normalized_Volatility	108.9846103
5y10y_ATM	6/14/2010	Normalized_Volatility	109.1561557
5y10y_ATM	6/11/2010	Normalized_Volatility	109.7996504
5y10y_ATM	6/10/2010	Normalized_Volatility	110.1230155
5y10y_ATM	6/9/2010	Normalized_Volatility	110.9152366
5y10y_ATM	6/8/2010	Normalized_Volatility	112.4722882
5y10y_ATM	6/7/2010	Normalized_Volatility	111.0861021
5y10y_ATM	6/4/2010	Normalized_Volatility	110.6949636
5y10y_ATM	6/3/2010	Normalized_Volatility	109.5681766
5y10y_ATM	6/2/2010	Normalized_Volatility	110.4374186
5y10y_ATM	6/1/2010	Normalized_Volatility	111.3373166
5y10y_ATM	5/28/2010	Normalized_Volatility	110.7326777
5y10y_ATM	5/27/2010	Normalized_Volatility	111.202703
5y10y_ATM	5/26/2010	Normalized_Volatility	112.1147123
5y10y_ATM	5/25/2010	Normalized_Volatility	113.8694834
5y10y_ATM	5/24/2010	Normalized_Volatility	113.0804145
5y10y_ATM	5/21/2010	Normalized_Volatility	114.813154
5y10y_ATM	5/20/2010	Normalized_Volatility	118.030254
5y10y_ATM	5/19/2010	Normalized_Volatility	116.9675339
5y10y_ATM	5/18/2010	Normalized_Volatility	115.6301518
5y10y_ATM	5/17/2010	Normalized_Volatility	114.7778903
5y10y_ATM	5/14/2010	Normalized_Volatility	114.9818921
5y10y_ATM	5/13/2010	Normalized_Volatility	111.3148076
5y10y_ATM	5/12/2010	Normalized_Volatility	112.711359
5y10y_ATM	5/11/2010	Normalized_Volatility	113.221608
5y10y_ATM	5/10/2010	Normalized_Volatility	115.0978981
5y10y_ATM	5/7/2010	Normalized_Volatility	116.4927348
5y10y_ATM	5/6/2010	Normalized_Volatility	122.0703942
5y10y_ATM	5/5/2010	Normalized_Volatility	119.4090865
5y10y_ATM	5/4/2010	Normalized_Volatility	118.0708932
5y10y_ATM	5/3/2010	Normalized_Volatility	113.0300893
5y10y_ATM	4/30/2010	Normalized_Volatility	112.9182919
5y10y_ATM	4/29/2010	Normalized_Volatility	109.3950395
5y10y_ATM	4/28/2010	Normalized_Volatility	110.3311725
5y10y_ATM	4/27/2010	Normalized_Volatility	111.0743968
5y10y_ATM	4/26/2010	Normalized_Volatility	108.1244989
5y10y_ATM	4/23/2010	Normalized_Volatility	107.8973643
5y10y_ATM	4/22/2010	Normalized_Volatility	107.0255905
5y10y_ATM	4/21/2010	Normalized_Volatility	106.2753082
5y10y_ATM	4/20/2010	Normalized_Volatility	104.792394
5y10y_ATM	4/19/2010	Normalized_Volatility	104.0684408
5y10y_ATM	4/16/2010	Normalized_Volatility	103.5070717
5y10y_ATM	4/15/2010	Normalized_Volatility	104.2511208
5y10y_ATM	4/14/2010	Normalized_Volatility	104.8187232
5y10y_ATM	4/13/2010	Normalized_Volatility	105.2266587
5y10y_ATM	4/12/2010	Normalized_Volatility	105.2473446
5y10y_ATM	4/9/2010	Normalized_Volatility	104.9758262
5y10y_ATM	4/8/2010	Normalized_Volatility	105.438896
5y10y_ATM	4/7/2010	Normalized_Volatility	103.869326
5y10y_ATM	4/6/2010	Normalized_Volatility	103.1107853
5y10y_ATM	4/5/2010	Normalized_Volatility	103.5174242
5y10y_ATM	4/1/2010	Normalized_Volatility	105.0269695
5y10y_ATM	3/31/2010	Normalized_Volatility	103.8509984
5y10y_ATM	3/30/2010	Normalized_Volatility	103.9290348
5y10y_ATM	3/29/2010	Normalized_Volatility	105.3333021
5y10y_ATM	3/26/2010	Normalized_Volatility	105.0292299
5y10y_ATM	3/25/2010	Normalized_Volatility	106.2202329
5y10y_ATM	3/24/2010	Normalized_Volatility	107.3316794
5y10y_ATM	3/23/2010	Normalized_Volatility	106.057806
5y10y_ATM	3/22/2010	Normalized_Volatility	105.3353184
5y10y_ATM	3/19/2010	Normalized_Volatility	105.2951316
5y10y_ATM	3/18/2010	Normalized_Volatility	105.2566238
5y10y_ATM	3/17/2010	Normalized_Volatility	104.6525198
5y10y_ATM	3/16/2010	Normalized_Volatility	105.9086661
5y10y_ATM	3/15/2010	Normalized_Volatility	106.9298892
5y10y_ATM	3/12/2010	Normalized_Volatility	107.5401048
5y10y_ATM	3/11/2010	Normalized_Volatility	108.2399961
5y10y_ATM	3/10/2010	Normalized_Volatility	107.1636745
5y10y_ATM	3/9/2010	Normalized_Volatility	108.4804539
5y10y_ATM	3/8/2010	Normalized_Volatility	109.5299611
5y10y_ATM	3/5/2010	Normalized_Volatility	110.0577235
5y10y_ATM	3/4/2010	Normalized_Volatility	110.1295134
5y10y_ATM	3/3/2010	Normalized_Volatility	111.2809056
5y10y_ATM	3/2/2010	Normalized_Volatility	111.0015932
5y10y_ATM	3/1/2010	Normalized_Volatility	111.207143
5y10y_ATM	2/26/2010	Normalized_Volatility	111.2152829
5y10y_ATM	2/25/2010	Normalized_Volatility	110.6802753
5y10y_ATM	2/24/2010	Normalized_Volatility	110.7904929
5y10y_ATM	2/23/2010	Normalized_Volatility	110.8415574
5y10y_ATM	2/22/2010	Normalized_Volatility	110.8495403
5y10y_ATM	2/19/2010	Normalized_Volatility	112.4259785
5y10y_ATM	2/18/2010	Normalized_Volatility	113.458911
5y10y_ATM	2/17/2010	Normalized_Volatility	113.4440159
5y10y_ATM	2/16/2010	Normalized_Volatility	113.6594608
5y10y_ATM	2/12/2010	Normalized_Volatility	114.3585891
5y10y_ATM	2/11/2010	Normalized_Volatility	116.079027
5y10y_ATM	2/10/2010	Normalized_Volatility	117.2002526
5y10y_ATM	2/9/2010	Normalized_Volatility	116.6362464
5y10y_ATM	2/8/2010	Normalized_Volatility	114.7905451
5y10y_ATM	2/5/2010	Normalized_Volatility	114.728263
5y10y_ATM	2/4/2010	Normalized_Volatility	114.8216771
5y10y_ATM	2/3/2010	Normalized_Volatility	115.8594208
5y10y_ATM	2/2/2010	Normalized_Volatility	115.3590512
5y10y_ATM	2/1/2010	Normalized_Volatility	116.4790584
5y10y_ATM	1/29/2010	Normalized_Volatility	116.9901919
5y10y_ATM	1/28/2010	Normalized_Volatility	118.0614146
5y10y_ATM	1/27/2010	Normalized_Volatility	118.0904527
5y10y_ATM	1/26/2010	Normalized_Volatility	118.8614725
5y10y_ATM	1/25/2010	Normalized_Volatility	120.1803778
5y10y_ATM	1/22/2010	Normalized_Volatility	120.0631813
5y10y_ATM	1/21/2010	Normalized_Volatility	119.5459468
5y10y_ATM	1/20/2010	Normalized_Volatility	119.9423159
5y10y_ATM	1/19/2010	Normalized_Volatility	120.361523
5y10y_ATM	1/15/2010	Normalized_Volatility	119.6703302
5y10y_ATM	1/14/2010	Normalized_Volatility	118.946245
5y10y_ATM	1/13/2010	Normalized_Volatility	118.6322803
5y10y_ATM	1/12/2010	Normalized_Volatility	116.0254456
5y10y_ATM	1/11/2010	Normalized_Volatility	116.0791538
5y10y_ATM	1/8/2010	Normalized_Volatility	117.040249
5y10y_ATM	1/7/2010	Normalized_Volatility	118.1775507
5y10y_ATM	1/6/2010	Normalized_Volatility	118.643904
5y10y_ATM	1/5/2010	Normalized_Volatility	117.949067
5y10y_ATM	1/4/2010	Normalized_Volatility	119.2479495
5y10y_ATM	12/31/2009	Normalized_Volatility	119.1310143
5y10y_ATM	12/30/2009	Normalized_Volatility	118.5386008
5y10y_ATM	12/29/2009	Normalized_Volatility	120.7727571
5y10y_ATM	12/28/2009	Normalized_Volatility	123.2911877
5y10y_ATM	12/24/2009	Normalized_Volatility	123.2063723
5y10y_ATM	12/23/2009	Normalized_Volatility	123.1803473
5y10y_ATM	12/22/2009	Normalized_Volatility	125.653901
5y10y_ATM	12/21/2009	Normalized_Volatility	125.6226298
5y10y_ATM	12/18/2009	Normalized_Volatility	123.1634033
5y10y_ATM	12/17/2009	Normalized_Volatility	123.0737824
5y10y_ATM	12/16/2009	Normalized_Volatility	123.2682352
5y10y_ATM	12/15/2009	Normalized_Volatility	123.6148282
5y10y_ATM	12/14/2009	Normalized_Volatility	120.9000739
5y10y_ATM	12/11/2009	Normalized_Volatility	121.5051556
5y10y_ATM	12/10/2009	Normalized_Volatility	120.9299907
5y10y_ATM	12/9/2009	Normalized_Volatility	120.1665251
5y10y_ATM	12/8/2009	Normalized_Volatility	119.8502571
5y10y_ATM	12/7/2009	Normalized_Volatility	120.958852
5y10y_ATM	12/4/2009	Normalized_Volatility	123.177928
5y10y_ATM	12/3/2009	Normalized_Volatility	122.9799834
5y10y_ATM	12/2/2009	Normalized_Volatility	121.4839042
5y10y_ATM	12/1/2009	Normalized_Volatility	120.6013454
5y10y_ATM	11/30/2009	Normalized_Volatility	119.0695924
5y10y_ATM	11/27/2009	Normalized_Volatility	119.06605
5y10y_ATM	11/25/2009	Normalized_Volatility	118.3127882
5y10y_ATM	11/24/2009	Normalized_Volatility	117.922394
5y10y_ATM	11/23/2009	Normalized_Volatility	118.8331571
5y10y_ATM	11/20/2009	Normalized_Volatility	118.0119476
5y10y_ATM	11/19/2009	Normalized_Volatility	117.3627083
5y10y_ATM	11/18/2009	Normalized_Volatility	118.5975573
5y10y_ATM	11/17/2009	Normalized_Volatility	118.5421872
5y10y_ATM	11/16/2009	Normalized_Volatility	118.2394981
5y10y_ATM	11/13/2009	Normalized_Volatility	119.1706874
5y10y_ATM	11/12/2009	Normalized_Volatility	118.0582984
5y10y_ATM	11/10/2009	Normalized_Volatility	118.6991742
5y10y_ATM	11/9/2009	Normalized_Volatility	119.4603629
5y10y_ATM	11/6/2009	Normalized_Volatility	121.00536
5y10y_ATM	11/5/2009	Normalized_Volatility	122.4910323
5y10y_ATM	11/4/2009	Normalized_Volatility	123.0996578
5y10y_ATM	11/3/2009	Normalized_Volatility	122.1213238
5y10y_ATM	11/2/2009	Normalized_Volatility	122.3880629
5y10y_ATM	10/30/2009	Normalized_Volatility	122.4337429
5y10y_ATM	10/29/2009	Normalized_Volatility	123.9394897
5y10y_ATM	10/28/2009	Normalized_Volatility	123.0725437
5y10y_ATM	10/27/2009	Normalized_Volatility	123.8680565
5y10y_ATM	10/26/2009	Normalized_Volatility	124.6683114
5y10y_ATM	10/23/2009	Normalized_Volatility	123.7546263
5y10y_ATM	10/22/2009	Normalized_Volatility	122.2809603
5y10y_ATM	10/21/2009	Normalized_Volatility	122.2249139
5y10y_ATM	10/20/2009	Normalized_Volatility	120.4565844
5y10y_ATM	10/19/2009	Normalized_Volatility	121.0269241
5y10y_ATM	10/16/2009	Normalized_Volatility	121.0772577
5y10y_ATM	10/15/2009	Normalized_Volatility	122.1341561
5y10y_ATM	10/14/2009	Normalized_Volatility	121.0676897
5y10y_ATM	10/13/2009	Normalized_Volatility	119.3184111
5y10y_ATM	10/9/2009	Normalized_Volatility	120.8685541
5y10y_ATM	10/8/2009	Normalized_Volatility	117.0814976
5y10y_ATM	10/7/2009	Normalized_Volatility	117.6620086
5y10y_ATM	10/6/2009	Normalized_Volatility	118.8992251
5y10y_ATM	10/5/2009	Normalized_Volatility	118.6535179
5y10y_ATM	10/2/2009	Normalized_Volatility	117.650162
5y10y_ATM	10/1/2009	Normalized_Volatility	119.0085105
5y10y_ATM	9/30/2009	Normalized_Volatility	119.1960284
5y10y_ATM	9/29/2009	Normalized_Volatility	118.9485094
5y10y_ATM	9/28/2009	Normalized_Volatility	117.6171271
5y10y_ATM	9/25/2009	Normalized_Volatility	118.1021391
5y10y_ATM	9/24/2009	Normalized_Volatility	119.3091544
5y10y_ATM	9/23/2009	Normalized_Volatility	120.0718553
5y10y_ATM	9/22/2009	Normalized_Volatility	122.3935182
5y10y_ATM	9/21/2009	Normalized_Volatility	122.1129641
5y10y_ATM	9/18/2009	Normalized_Volatility	123.4398959
5y10y_ATM	9/17/2009	Normalized_Volatility	124.5479813
5y10y_ATM	9/16/2009	Normalized_Volatility	126.207611
5y10y_ATM	9/15/2009	Normalized_Volatility	125.237504
5y10y_ATM	9/14/2009	Normalized_Volatility	123.9536248
5y10y_ATM	9/11/2009	Normalized_Volatility	123.0171719
5y10y_ATM	9/10/2009	Normalized_Volatility	122.4534215
5y10y_ATM	9/9/2009	Normalized_Volatility	122.084671
5y10y_ATM	9/8/2009	Normalized_Volatility	122.9989076
5y10y_ATM	9/4/2009	Normalized_Volatility	122.501036
5y10y_ATM	9/3/2009	Normalized_Volatility	122.8855707
5y10y_ATM	9/2/2009	Normalized_Volatility	122.890615
5y10y_ATM	9/1/2009	Normalized_Volatility	123.1631973
5y10y_ATM	8/31/2009	Normalized_Volatility	123.5262563
5y10y_ATM	8/28/2009	Normalized_Volatility	123.458522
5y10y_ATM	8/27/2009	Normalized_Volatility	122.9074844
5y10y_ATM	8/26/2009	Normalized_Volatility	123.8439142
5y10y_ATM	8/25/2009	Normalized_Volatility	122.2275549
5y10y_ATM	8/24/2009	Normalized_Volatility	123.985624
5y10y_ATM	8/21/2009	Normalized_Volatility	125.0202114
5y10y_ATM	8/20/2009	Normalized_Volatility	123.8338044
5y10y_ATM	8/19/2009	Normalized_Volatility	123.2621719
5y10y_ATM	8/18/2009	Normalized_Volatility	122.4339094
5y10y_ATM	8/17/2009	Normalized_Volatility	122.719953
5y10y_ATM	8/14/2009	Normalized_Volatility	123.3249433
5y10y_ATM	8/13/2009	Normalized_Volatility	124.3444934
5y10y_ATM	8/12/2009	Normalized_Volatility	125.1580687
5y10y_ATM	8/11/2009	Normalized_Volatility	125.8408372
5y10y_ATM	8/10/2009	Normalized_Volatility	127.0249772
5y10y_ATM	8/7/2009	Normalized_Volatility	127.2588448
5y10y_ATM	8/6/2009	Normalized_Volatility	126.167834
5y10y_ATM	8/5/2009	Normalized_Volatility	126.6941806
5y10y_ATM	8/4/2009	Normalized_Volatility	124.9571863
5y10y_ATM	8/3/2009	Normalized_Volatility	125.7349736
5y10y_ATM	7/31/2009	Normalized_Volatility	120.989829
5y10y_ATM	7/30/2009	Normalized_Volatility	120.455653
5y10y_ATM	7/29/2009	Normalized_Volatility	120.8442598
5y10y_ATM	7/28/2009	Normalized_Volatility	122.8628275
5y10y_ATM	7/27/2009	Normalized_Volatility	126.0375759
5y10y_ATM	7/24/2009	Normalized_Volatility	124.5575469
5y10y_ATM	7/23/2009	Normalized_Volatility	124.2987009
5y10y_ATM	7/22/2009	Normalized_Volatility	122.8450297
5y10y_ATM	7/21/2009	Normalized_Volatility	123.9176303
5y10y_ATM	7/20/2009	Normalized_Volatility	123.9253034
5y10y_ATM	7/17/2009	Normalized_Volatility	125.21264
5y10y_ATM	7/16/2009	Normalized_Volatility	123.7589245
5y10y_ATM	7/15/2009	Normalized_Volatility	125.131243
5y10y_ATM	7/14/2009	Normalized_Volatility	122.2427601
5y10y_ATM	7/13/2009	Normalized_Volatility	120.1194076
5y10y_ATM	7/10/2009	Normalized_Volatility	119.4416951
5y10y_ATM	7/9/2009	Normalized_Volatility	119.3595686
5y10y_ATM	7/8/2009	Normalized_Volatility	118.3760479
5y10y_ATM	7/7/2009	Normalized_Volatility	119.0229649
5y10y_ATM	7/6/2009	Normalized_Volatility	118.6577838
5y10y_ATM	7/2/2009	Normalized_Volatility	119.5045757
5y10y_ATM	7/1/2009	Normalized_Volatility	121.5721185
5y10y_ATM	6/30/2009	Normalized_Volatility	120.8361376
5y10y_ATM	6/29/2009	Normalized_Volatility	120.5883389
5y10y_ATM	6/26/2009	Normalized_Volatility	120.3101574
5y10y_ATM	6/25/2009	Normalized_Volatility	119.7890279
5y10y_ATM	6/24/2009	Normalized_Volatility	118.8947016
5y10y_ATM	6/23/2009	Normalized_Volatility	121.7743292
5y10y_ATM	6/22/2009	Normalized_Volatility	122.2040211
5y10y_ATM	6/19/2009	Normalized_Volatility	122.7185534
5y10y_ATM	6/18/2009	Normalized_Volatility	125.5454004
5y10y_ATM	6/17/2009	Normalized_Volatility	120.4763334
5y10y_ATM	6/16/2009	Normalized_Volatility	120.2236913
5y10y_ATM	6/15/2009	Normalized_Volatility	119.8351084
5y10y_ATM	6/12/2009	Normalized_Volatility	122.1498458
5y10y_ATM	6/11/2009	Normalized_Volatility	124.9136533
5y10y_ATM	6/10/2009	Normalized_Volatility	126.6635188
5y10y_ATM	6/9/2009	Normalized_Volatility	123.3979115
5y10y_ATM	6/8/2009	Normalized_Volatility	124.1040682
5y10y_ATM	6/5/2009	Normalized_Volatility	124.1295326
5y10y_ATM	6/4/2009	Normalized_Volatility	121.8450042
5y10y_ATM	6/3/2009	Normalized_Volatility	115.232157
5y10y_ATM	6/2/2009	Normalized_Volatility	115.9521466
5y10y_ATM	6/1/2009	Normalized_Volatility	119.4950458
5y10y_ATM	5/29/2009	Normalized_Volatility	113.3254369
5y10y_ATM	5/28/2009	Normalized_Volatility	118.0338371
5y10y_ATM	5/27/2009	Normalized_Volatility	122.074198
5y10y_ATM	5/26/2009	Normalized_Volatility	115.2475012
5y10y_ATM	5/22/2009	Normalized_Volatility	112.7758296
5y10y_ATM	5/21/2009	Normalized_Volatility	108.9690724
5y10y_ATM	5/20/2009	Normalized_Volatility	105.9881238
5y10y_ATM	5/19/2009	Normalized_Volatility	105.6263535
5y10y_ATM	5/18/2009	Normalized_Volatility	105.1092857
5y10y_ATM	5/15/2009	Normalized_Volatility	105.7261469
5y10y_ATM	5/14/2009	Normalized_Volatility	104.4466236
5y10y_ATM	5/13/2009	Normalized_Volatility	101.5905905
5y10y_ATM	5/12/2009	Normalized_Volatility	100.2433544
5y10y_ATM	5/11/2009	Normalized_Volatility	100.2122642
5y10y_ATM	5/8/2009	Normalized_Volatility	101.9974492
5y10y_ATM	5/7/2009	Normalized_Volatility	103.0179219
5y10y_ATM	5/6/2009	Normalized_Volatility	102.105589
5y10y_ATM	5/5/2009	Normalized_Volatility	102.5807764
5y10y_ATM	5/4/2009	Normalized_Volatility	102.3087475
5y10y_ATM	5/1/2009	Normalized_Volatility	102.3395719
5y10y_ATM	4/30/2009	Normalized_Volatility	100.389094
5y10y_ATM	4/29/2009	Normalized_Volatility	99.64069294
5y10y_ATM	4/28/2009	Normalized_Volatility	98.61438227
5y10y_ATM	4/27/2009	Normalized_Volatility	100.4566408
5y10y_ATM	4/24/2009	Normalized_Volatility	101.2217726
5y10y_ATM	4/23/2009	Normalized_Volatility	99.73012255
5y10y_ATM	4/22/2009	Normalized_Volatility	99.98250882
5y10y_ATM	4/21/2009	Normalized_Volatility	98.40067477
5y10y_ATM	4/20/2009	Normalized_Volatility	98.12050328
5y10y_ATM	4/17/2009	Normalized_Volatility	98.88791364
5y10y_ATM	4/16/2009	Normalized_Volatility	95.84336846
5y10y_ATM	4/15/2009	Normalized_Volatility	94.04664671
5y10y_ATM	4/14/2009	Normalized_Volatility	93.77597265
5y10y_ATM	4/13/2009	Normalized_Volatility	95.50225323
5y10y_ATM	4/9/2009	Normalized_Volatility	96.79972298
5y10y_ATM	4/8/2009	Normalized_Volatility	96.59063537
5y10y_ATM	4/7/2009	Normalized_Volatility	97.56511148
5y10y_ATM	4/6/2009	Normalized_Volatility	100.3915225
5y10y_ATM	4/3/2009	Normalized_Volatility	98.40032506
5y10y_ATM	4/2/2009	Normalized_Volatility	96.68428148
5y10y_ATM	4/1/2009	Normalized_Volatility	95.81582703
5y10y_ATM	3/31/2009	Normalized_Volatility	97.22584159
5y10y_ATM	3/30/2009	Normalized_Volatility	95.63785478
5y10y_ATM	3/27/2009	Normalized_Volatility	94.45844588
5y10y_ATM	3/26/2009	Normalized_Volatility	92.62937853
5y10y_ATM	3/25/2009	Normalized_Volatility	90.49675996
5y10y_ATM	3/24/2009	Normalized_Volatility	87.70246598
5y10y_ATM	3/23/2009	Normalized_Volatility	90.24891616
5y10y_ATM	3/20/2009	Normalized_Volatility	92.07931992
5y10y_ATM	3/19/2009	Normalized_Volatility	90.59897472
5y10y_ATM	3/18/2009	Normalized_Volatility	96.12296748
5y10y_ATM	3/17/2009	Normalized_Volatility	103.6735335
5y10y_ATM	3/16/2009	Normalized_Volatility	105.7762699
5y10y_ATM	3/13/2009	Normalized_Volatility	106.6456631
5y10y_ATM	3/12/2009	Normalized_Volatility	109.5397625
5y10y_ATM	3/11/2009	Normalized_Volatility	110.2927536
5y10y_ATM	3/10/2009	Normalized_Volatility	112.007817
5y10y_ATM	3/9/2009	Normalized_Volatility	113.1892856
5y10y_ATM	3/6/2009	Normalized_Volatility	112.4752948
5y10y_ATM	3/5/2009	Normalized_Volatility	112.9390424
5y10y_ATM	3/4/2009	Normalized_Volatility	115.0980122
5y10y_ATM	3/3/2009	Normalized_Volatility	115.3778086
5y10y_ATM	3/2/2009	Normalized_Volatility	115.0954068
5y10y_ATM	2/27/2009	Normalized_Volatility	115.9615294
5y10y_ATM	2/26/2009	Normalized_Volatility	113.6446243
5y10y_ATM	2/25/2009	Normalized_Volatility	115.4075703
5y10y_ATM	2/24/2009	Normalized_Volatility	110.2968969
5y10y_ATM	2/23/2009	Normalized_Volatility	109.6861157
5y10y_ATM	2/20/2009	Normalized_Volatility	110.4651602
5y10y_ATM	2/19/2009	Normalized_Volatility	110.0823517
5y10y_ATM	2/18/2009	Normalized_Volatility	108.8772935
5y10y_ATM	2/17/2009	Normalized_Volatility	109.4586751
5y10y_ATM	2/13/2009	Normalized_Volatility	109.7956926
5y10y_ATM	2/12/2009	Normalized_Volatility	107.5756548
5y10y_ATM	2/11/2009	Normalized_Volatility	108.3505401
5y10y_ATM	2/10/2009	Normalized_Volatility	114.0120566
5y10y_ATM	2/9/2009	Normalized_Volatility	114.3249279
5y10y_ATM	2/6/2009	Normalized_Volatility	115.9573753
5y10y_ATM	2/5/2009	Normalized_Volatility	114.4738058
5y10y_ATM	2/4/2009	Normalized_Volatility	114.2111221
5y10y_ATM	2/3/2009	Normalized_Volatility	109.8111513
5y10y_ATM	2/2/2009	Normalized_Volatility	109.2682274
5y10y_ATM	1/30/2009	Normalized_Volatility	106.7826959
5y10y_ATM	1/29/2009	Normalized_Volatility	105.6716226
5y10y_ATM	1/28/2009	Normalized_Volatility	104.862872
5y10y_ATM	1/27/2009	Normalized_Volatility	104.8845374
5y10y_ATM	1/26/2009	Normalized_Volatility	105.2505382
5y10y_ATM	1/23/2009	Normalized_Volatility	101.9616752
5y10y_ATM	1/22/2009	Normalized_Volatility	99.90470687
5y10y_ATM	1/21/2009	Normalized_Volatility	98.4959744
5y10y_ATM	1/20/2009	Normalized_Volatility	97.62451517
5y10y_ATM	1/16/2009	Normalized_Volatility	96.42700583
5y10y_ATM	1/15/2009	Normalized_Volatility	96.62166727
5y10y_ATM	1/14/2009	Normalized_Volatility	93.70896207
5y10y_ATM	1/13/2009	Normalized_Volatility	92.10550047
5y10y_ATM	1/12/2009	Normalized_Volatility	93.12591948
5y10y_ATM	1/9/2009	Normalized_Volatility	93.01688655
5y10y_ATM	1/8/2009	Normalized_Volatility	93.92008781
5y10y_ATM	1/7/2009	Normalized_Volatility	95.40690336
5y10y_ATM	1/6/2009	Normalized_Volatility	97.38444415
5y10y_ATM	1/5/2009	Normalized_Volatility	98.32470944
5y10y_ATM	1/2/2009	Normalized_Volatility	99.60566401
5y10y_ATM	12/31/2008	Normalized_Volatility	100.1843007
5y10y_ATM	12/30/2008	Normalized_Volatility	100.3339409
5y10y_ATM	12/29/2008	Normalized_Volatility	99.95561569
5y10y_ATM	12/26/2008	Normalized_Volatility	100.3374393
5y10y_ATM	12/24/2008	Normalized_Volatility	99.99661164
5y10y_ATM	12/23/2008	Normalized_Volatility	100.016826
5y10y_ATM	12/22/2008	Normalized_Volatility	99.88414603
5y10y_ATM	12/19/2008	Normalized_Volatility	99.3398494
5y10y_ATM	12/18/2008	Normalized_Volatility	99.53947305
5y10y_ATM	12/17/2008	Normalized_Volatility	97.52952688
5y10y_ATM	12/16/2008	Normalized_Volatility	105.3128231
5y10y_ATM	12/15/2008	Normalized_Volatility	115.5752681
5y10y_ATM	12/12/2008	Normalized_Volatility	118.7350898
5y10y_ATM	12/11/2008	Normalized_Volatility	119.0720094
5y10y_ATM	12/10/2008	Normalized_Volatility	117.6889244
5y10y_ATM	12/9/2008	Normalized_Volatility	116.4206162
5y10y_ATM	12/8/2008	Normalized_Volatility	115.9737164
5y10y_ATM	12/5/2008	Normalized_Volatility	116.8483175
5y10y_ATM	12/4/2008	Normalized_Volatility	114.4972709
5y10y_ATM	12/3/2008	Normalized_Volatility	112.1388608
5y10y_ATM	12/2/2008	Normalized_Volatility	114.0849281
5y10y_ATM	12/1/2008	Normalized_Volatility	121.3392596
5y10y_ATM	11/28/2008	Normalized_Volatility	124.7666644
5y10y_ATM	11/26/2008	Normalized_Volatility	123.7924027
5y10y_ATM	11/25/2008	Normalized_Volatility	123.3709168
5y10y_ATM	11/24/2008	Normalized_Volatility	123.1480568
5y10y_ATM	11/21/2008	Normalized_Volatility	134.2653329
5y10y_ATM	11/20/2008	Normalized_Volatility	141.2940642
5y10y_ATM	11/19/2008	Normalized_Volatility	135.5193958
5y10y_ATM	11/18/2008	Normalized_Volatility	127.5415376
5y10y_ATM	11/17/2008	Normalized_Volatility	122.3686689
5y10y_ATM	11/14/2008	Normalized_Volatility	119.8254536
5y10y_ATM	11/13/2008	Normalized_Volatility	115.11292
5y10y_ATM	11/12/2008	Normalized_Volatility	113.3461862
5y10y_ATM	11/10/2008	Normalized_Volatility	113.9592428
5y10y_ATM	11/7/2008	Normalized_Volatility	112.9404744
5y10y_ATM	11/6/2008	Normalized_Volatility	111.5139525
5y10y_ATM	11/5/2008	Normalized_Volatility	110.7303966
5y10y_ATM	11/4/2008	Normalized_Volatility	108.1442634
5y10y_ATM	11/3/2008	Normalized_Volatility	108.6472988
5y10y_ATM	10/31/2008	Normalized_Volatility	108.5371434
5y10y_ATM	10/30/2008	Normalized_Volatility	108.0292796
5y10y_ATM	10/29/2008	Normalized_Volatility	110.1389606
5y10y_ATM	10/28/2008	Normalized_Volatility	114.142819
5y10y_ATM	10/27/2008	Normalized_Volatility	115.6778408
5y10y_ATM	10/24/2008	Normalized_Volatility	116.1031522
5y10y_ATM	10/23/2008	Normalized_Volatility	116.4514833
5y10y_ATM	10/22/2008	Normalized_Volatility	110.5803821
5y10y_ATM	10/21/2008	Normalized_Volatility	109.8014379
5y10y_ATM	10/20/2008	Normalized_Volatility	110.3969783
5y10y_ATM	10/17/2008	Normalized_Volatility	113.7531486
5y10y_ATM	10/16/2008	Normalized_Volatility	116.9884788
5y10y_ATM	10/15/2008	Normalized_Volatility	115.825836
5y10y_ATM	10/14/2008	Normalized_Volatility	126.2970033
5y10y_ATM	10/10/2008	Normalized_Volatility	126.2862916
5y10y_ATM	10/9/2008	Normalized_Volatility	117.3535488
5y10y_ATM	10/8/2008	Normalized_Volatility	111.3307073
5y10y_ATM	10/7/2008	Normalized_Volatility	112.5854124
5y10y_ATM	10/6/2008	Normalized_Volatility	106.6215384
5y10y_ATM	10/3/2008	Normalized_Volatility	106.133144
5y10y_ATM	10/2/2008	Normalized_Volatility	106.1341744
5y10y_ATM	10/1/2008	Normalized_Volatility	105.423027
5y10y_ATM	9/30/2008	Normalized_Volatility	105.4217115
5y10y_ATM	9/29/2008	Normalized_Volatility	104.9885508
5y10y_ATM	9/26/2008	Normalized_Volatility	100.3414751
5y10y_ATM	9/25/2008	Normalized_Volatility	100.943808
5y10y_ATM	9/24/2008	Normalized_Volatility	100.4897022
5y10y_ATM	9/23/2008	Normalized_Volatility	96.6684818
5y10y_ATM	9/22/2008	Normalized_Volatility	96.675481
5y10y_ATM	9/19/2008	Normalized_Volatility	98.9148672
5y10y_ATM	9/18/2008	Normalized_Volatility	102.802509
5y10y_ATM	9/17/2008	Normalized_Volatility	103.1989992
5y10y_ATM	9/16/2008	Normalized_Volatility	103.494096
5y10y_ATM	9/15/2008	Normalized_Volatility	98.5726032
5y10y_ATM	9/12/2008	Normalized_Volatility	94.401003
5y10y_ATM	9/11/2008	Normalized_Volatility	94.588812
5y10y_ATM	9/10/2008	Normalized_Volatility	94.8187436
5y10y_ATM	9/9/2008	Normalized_Volatility	94.8195542
5y10y_ATM	9/8/2008	Normalized_Volatility	94.254516
5y10y_ATM	9/5/2008	Normalized_Volatility	95.7279807
5y10y_ATM	9/4/2008	Normalized_Volatility	96.4015749
5y10y_ATM	9/3/2008	Normalized_Volatility	95.0116608
5y10y_ATM	9/2/2008	Normalized_Volatility	94.5146384
5y10y_ATM	8/29/2008	Normalized_Volatility	94.383142
5y10y_ATM	8/28/2008	Normalized_Volatility	94.4244957
5y10y_ATM	8/27/2008	Normalized_Volatility	94.289629
5y10y_ATM	8/26/2008	Normalized_Volatility	94.8788772
5y10y_ATM	8/25/2008	Normalized_Volatility	95.1977085
5y10y_ATM	8/22/2008	Normalized_Volatility	94.7241099
5y10y_ATM	8/21/2008	Normalized_Volatility	95.4242664
5y10y_ATM	8/20/2008	Normalized_Volatility	94.6601379
5y10y_ATM	8/19/2008	Normalized_Volatility	92.897948
5y10y_ATM	8/18/2008	Normalized_Volatility	92.456912
5y10y_ATM	8/15/2008	Normalized_Volatility	91.9867731
5y10y_ATM	8/14/2008	Normalized_Volatility	91.8490416
5y10y_ATM	8/13/2008	Normalized_Volatility	92.023227
5y10y_ATM	8/12/2008	Normalized_Volatility	91.3609532
5y10y_ATM	8/11/2008	Normalized_Volatility	90.8894222
5y10y_ATM	8/8/2008	Normalized_Volatility	91.407899
5y10y_ATM	8/7/2008	Normalized_Volatility	91.4387993
5y10y_ATM	8/6/2008	Normalized_Volatility	91.9705536
5y10y_ATM	8/5/2008	Normalized_Volatility	91.758843
5y10y_ATM	8/4/2008	Normalized_Volatility	91.2529585
5y10y_ATM	8/1/2008	Normalized_Volatility	91.586592
5y10y_ATM	7/31/2008	Normalized_Volatility	92.5002498
5y10y_ATM	7/30/2008	Normalized_Volatility	92.8692202
5y10y_ATM	7/29/2008	Normalized_Volatility	94.1356857
5y10y_ATM	7/28/2008	Normalized_Volatility	94.0033115
5y10y_ATM	7/25/2008	Normalized_Volatility	94.2001814
5y10y_ATM	7/24/2008	Normalized_Volatility	94.2055672
5y10y_ATM	7/23/2008	Normalized_Volatility	94.4865864
5y10y_ATM	7/22/2008	Normalized_Volatility	94.6146684
5y10y_ATM	7/21/2008	Normalized_Volatility	95.8123888
5y10y_ATM	7/18/2008	Normalized_Volatility	96.386624
5y10y_ATM	7/17/2008	Normalized_Volatility	96.232928
5y10y_ATM	7/16/2008	Normalized_Volatility	96.5127306
5y10y_ATM	7/15/2008	Normalized_Volatility	97.827066
5y10y_ATM	7/14/2008	Normalized_Volatility	98.663695
5y10y_ATM	7/11/2008	Normalized_Volatility	98.5009592
5y10y_ATM	7/10/2008	Normalized_Volatility	97.4891645
5y10y_ATM	7/9/2008	Normalized_Volatility	97.4437816
5y10y_ATM	7/8/2008	Normalized_Volatility	97.363884
5y10y_ATM	7/7/2008	Normalized_Volatility	97.2496465
5y10y_ATM	7/3/2008	Normalized_Volatility	97.6024518
5y10y_ATM	7/2/2008	Normalized_Volatility	98.3422362
5y10y_ATM	7/1/2008	Normalized_Volatility	98.5820052
5y10y_ATM	6/30/2008	Normalized_Volatility	98.3480816
5y10y_ATM	6/27/2008	Normalized_Volatility	98.138592
5y10y_ATM	6/26/2008	Normalized_Volatility	97.752068
5y10y_ATM	6/25/2008	Normalized_Volatility	95.7455106
5y10y_ATM	6/24/2008	Normalized_Volatility	95.7366405
5y10y_ATM	6/23/2008	Normalized_Volatility	95.0995472
5y10y_ATM	6/20/2008	Normalized_Volatility	94.2234026
5y10y_ATM	6/19/2008	Normalized_Volatility	92.9208348
5y10y_ATM	6/18/2008	Normalized_Volatility	92.6137186
5y10y_ATM	6/17/2008	Normalized_Volatility	93.3303884
5y10y_ATM	6/16/2008	Normalized_Volatility	93.62949
5y10y_ATM	6/13/2008	Normalized_Volatility	94.293132
5y10y_ATM	6/12/2008	Normalized_Volatility	93.4284844
5y10y_ATM	6/11/2008	Normalized_Volatility	93.4894912
5y10y_ATM	6/10/2008	Normalized_Volatility	95.8316499
5y10y_ATM	6/9/2008	Normalized_Volatility	98.405028
5y10y_ATM	6/6/2008	Normalized_Volatility	96.2143804
5y10y_ATM	6/5/2008	Normalized_Volatility	91.9433064
5y10y_ATM	6/4/2008	Normalized_Volatility	91.7791824
5y10y_ATM	6/3/2008	Normalized_Volatility	91.4852826
5y10y_ATM	6/2/2008	Normalized_Volatility	91.346266
5y10y_ATM	5/30/2008	Normalized_Volatility	90.6842976
5y10y_ATM	5/29/2008	Normalized_Volatility	91.141272
5y10y_ATM	5/28/2008	Normalized_Volatility	90.8662924
5y10y_ATM	5/27/2008	Normalized_Volatility	91.691268
5y10y_ATM	5/23/2008	Normalized_Volatility	91.304375
5y10y_ATM	5/22/2008	Normalized_Volatility	91.652789
5y10y_ATM	5/21/2008	Normalized_Volatility	91.0278327
5y10y_ATM	5/20/2008	Normalized_Volatility	90.9579528
5y10y_ATM	5/19/2008	Normalized_Volatility	90.5113055
5y10y_ATM	5/16/2008	Normalized_Volatility	92.0780321
5y10y_ATM	5/15/2008	Normalized_Volatility	92.946994
5y10y_ATM	5/14/2008	Normalized_Volatility	94.9220624
5y10y_ATM	5/13/2008	Normalized_Volatility	96.0513652
5y10y_ATM	5/12/2008	Normalized_Volatility	95.9713733
5y10y_ATM	5/9/2008	Normalized_Volatility	95.8299768
5y10y_ATM	5/8/2008	Normalized_Volatility	94.0784992
5y10y_ATM	5/7/2008	Normalized_Volatility	92.5151315
5y10y_ATM	5/6/2008	Normalized_Volatility	92.04111
5y10y_ATM	5/5/2008	Normalized_Volatility	91.0380336
5y10y_ATM	5/2/2008	Normalized_Volatility	91.1276268
5y10y_ATM	5/1/2008	Normalized_Volatility	93.1388418
5y10y_ATM	4/30/2008	Normalized_Volatility	95.2509936
5y10y_ATM	4/29/2008	Normalized_Volatility	96.557074
5y10y_ATM	4/28/2008	Normalized_Volatility	96.6823936
5y10y_ATM	4/25/2008	Normalized_Volatility	96.9827456
5y10y_ATM	4/24/2008	Normalized_Volatility	97.3498581
5y10y_ATM	4/23/2008	Normalized_Volatility	96.620529
5y10y_ATM	4/22/2008	Normalized_Volatility	96.6405588
5y10y_ATM	4/21/2008	Normalized_Volatility	96.6299756
5y10y_ATM	4/18/2008	Normalized_Volatility	98.0987326
5y10y_ATM	4/17/2008	Normalized_Volatility	99.6552888
5y10y_ATM	4/16/2008	Normalized_Volatility	99.4525389
5y10y_ATM	4/15/2008	Normalized_Volatility	98.0929719
5y10y_ATM	4/14/2008	Normalized_Volatility	98.0526771
5y10y_ATM	4/11/2008	Normalized_Volatility	98.0849433
5y10y_ATM	4/10/2008	Normalized_Volatility	96.571332
5y10y_ATM	4/9/2008	Normalized_Volatility	94.707675
5y10y_ATM	4/8/2008	Normalized_Volatility	95.10948
5y10y_ATM	4/7/2008	Normalized_Volatility	96.0510691
5y10y_ATM	4/4/2008	Normalized_Volatility	95.3292132
5y10y_ATM	4/3/2008	Normalized_Volatility	94.8456078
5y10y_ATM	4/2/2008	Normalized_Volatility	95.2638757
5y10y_ATM	4/1/2008	Normalized_Volatility	96.1772715
5y10y_ATM	3/31/2008	Normalized_Volatility	97.6189067
5y10y_ATM	3/28/2008	Normalized_Volatility	97.752758
5y10y_ATM	3/27/2008	Normalized_Volatility	99.9435236
5y10y_ATM	3/26/2008	Normalized_Volatility	99.8273269
5y10y_ATM	3/25/2008	Normalized_Volatility	100.4083992
5y10y_ATM	3/24/2008	Normalized_Volatility	100.0237392
5y10y_ATM	3/20/2008	Normalized_Volatility	99.4196242
5y10y_ATM	3/19/2008	Normalized_Volatility	98.6945065
5y10y_ATM	3/18/2008	Normalized_Volatility	101.3320054
5y10y_ATM	3/17/2008	Normalized_Volatility	104.6038425
5y10y_ATM	3/14/2008	Normalized_Volatility	104.5515416
5y10y_ATM	3/13/2008	Normalized_Volatility	103.077455
5y10y_ATM	3/12/2008	Normalized_Volatility	102.520512
5y10y_ATM	3/11/2008	Normalized_Volatility	103.860342
5y10y_ATM	3/10/2008	Normalized_Volatility	106.4079648
5y10y_ATM	3/7/2008	Normalized_Volatility	106.3176
5y10y_ATM	3/6/2008	Normalized_Volatility	106.010046
5y10y_ATM	3/5/2008	Normalized_Volatility	103.664988
5y10y_ATM	3/4/2008	Normalized_Volatility	105.4558901
5y10y_ATM	3/3/2008	Normalized_Volatility	102.2634546
5y10y_ATM	2/29/2008	Normalized_Volatility	101.982825
5y10y_ATM	2/28/2008	Normalized_Volatility	100.0734825
5y10y_ATM	2/27/2008	Normalized_Volatility	100.467648
5y10y_ATM	2/26/2008	Normalized_Volatility	101.9538652
5y10y_ATM	2/25/2008	Normalized_Volatility	103.2031781
5y10y_ATM	2/22/2008	Normalized_Volatility	102.3359325
5y10y_ATM	2/21/2008	Normalized_Volatility	102.1808736
5y10y_ATM	2/20/2008	Normalized_Volatility	100.7037654
5y10y_ATM	2/19/2008	Normalized_Volatility	100.8043915
5y10y_ATM	2/15/2008	Normalized_Volatility	100.7409234
5y10y_ATM	2/14/2008	Normalized_Volatility	99.6804809
5y10y_ATM	2/13/2008	Normalized_Volatility	97.085912
5y10y_ATM	2/12/2008	Normalized_Volatility	95.9516452
5y10y_ATM	2/11/2008	Normalized_Volatility	96.6149625
5y10y_ATM	2/8/2008	Normalized_Volatility	95.6911572
5y10y_ATM	2/7/2008	Normalized_Volatility	95.5730475
5y10y_ATM	2/6/2008	Normalized_Volatility	95.2057728
5y10y_ATM	2/5/2008	Normalized_Volatility	94.7879796
5y10y_ATM	2/4/2008	Normalized_Volatility	94.1327544
5y10y_ATM	2/1/2008	Normalized_Volatility	94.4050433
5y10y_ATM	1/31/2008	Normalized_Volatility	95.2835407
5y10y_ATM	1/30/2008	Normalized_Volatility	94.1087565
5y10y_ATM	1/29/2008	Normalized_Volatility	95.8282305
5y10y_ATM	1/28/2008	Normalized_Volatility	96.368408
5y10y_ATM	1/25/2008	Normalized_Volatility	97.633298
5y10y_ATM	1/24/2008	Normalized_Volatility	96.78082
5y10y_ATM	1/23/2008	Normalized_Volatility	95.9808573
5y10y_ATM	1/22/2008	Normalized_Volatility	93.7690418
5y10y_ATM	1/18/2008	Normalized_Volatility	92.9942428
5y10y_ATM	1/17/2008	Normalized_Volatility	92.341072
5y10y_ATM	1/16/2008	Normalized_Volatility	92.083101
5y10y_ATM	1/15/2008	Normalized_Volatility	92.3638968
5y10y_ATM	1/14/2008	Normalized_Volatility	92.0121804
5y10y_ATM	1/11/2008	Normalized_Volatility	91.3107
5y10y_ATM	1/10/2008	Normalized_Volatility	91.3255582
5y10y_ATM	1/9/2008	Normalized_Volatility	92.2771192
5y10y_ATM	1/8/2008	Normalized_Volatility	90.8668728
5y10y_ATM	1/7/2008	Normalized_Volatility	92.5075087
5y10y_ATM	1/4/2008	Normalized_Volatility	93.7827228
5y10y_ATM	1/3/2008	Normalized_Volatility	93.882884
5y10y_ATM	1/2/2008	Normalized_Volatility	94.417575
5y10y_ATM	12/31/2007	Normalized_Volatility	93.9451162
5y10y_ATM	12/28/2007	Normalized_Volatility	93.2653856
5y10y_ATM	12/27/2007	Normalized_Volatility	92.2102653
5y10y_ATM	12/26/2007	Normalized_Volatility	91.900664
5y10y_ATM	12/24/2007	Normalized_Volatility	92.0041655
5y10y_ATM	12/21/2007	Normalized_Volatility	91.9287138
5y10y_ATM	12/20/2007	Normalized_Volatility	92.1125016
5y10y_ATM	12/19/2007	Normalized_Volatility	90.91862
5y10y_ATM	12/18/2007	Normalized_Volatility	90.603576
5y10y_ATM	12/17/2007	Normalized_Volatility	90.3974072
5y10y_ATM	12/14/2007	Normalized_Volatility	89.9846598
5y10y_ATM	12/13/2007	Normalized_Volatility	90.4534528
5y10y_ATM	12/12/2007	Normalized_Volatility	90.7674089
5y10y_ATM	12/11/2007	Normalized_Volatility	91.8931027
5y10y_ATM	12/10/2007	Normalized_Volatility	91.278168
5y10y_ATM	12/7/2007	Normalized_Volatility	92.314395
5y10y_ATM	12/6/2007	Normalized_Volatility	92.036061
5y10y_ATM	12/5/2007	Normalized_Volatility	93.2538668
5y10y_ATM	12/4/2007	Normalized_Volatility	94.0836996
5y10y_ATM	12/3/2007	Normalized_Volatility	94.5797724
5y10y_ATM	11/30/2007	Normalized_Volatility	94.597674
5y10y_ATM	11/29/2007	Normalized_Volatility	97.0742498
5y10y_ATM	11/28/2007	Normalized_Volatility	97.00098
5y10y_ATM	11/27/2007	Normalized_Volatility	98.7465162
5y10y_ATM	11/26/2007	Normalized_Volatility	96.6113482
5y10y_ATM	11/23/2007	Normalized_Volatility	94.3008768
5y10y_ATM	11/21/2007	Normalized_Volatility	94.4157904
5y10y_ATM	11/20/2007	Normalized_Volatility	92.8942336
5y10y_ATM	11/19/2007	Normalized_Volatility	92.0199987
5y10y_ATM	11/16/2007	Normalized_Volatility	90.6489337
5y10y_ATM	11/15/2007	Normalized_Volatility	91.293798
5y10y_ATM	11/14/2007	Normalized_Volatility	89.4827997
5y10y_ATM	11/13/2007	Normalized_Volatility	90.1510714
5y10y_ATM	11/9/2007	Normalized_Volatility	91.6455456
5y10y_ATM	11/8/2007	Normalized_Volatility	91.6706696
5y10y_ATM	11/7/2007	Normalized_Volatility	88.989059
5y10y_ATM	11/6/2007	Normalized_Volatility	86.6777563
5y10y_ATM	11/5/2007	Normalized_Volatility	86.6258526
5y10y_ATM	11/2/2007	Normalized_Volatility	86.617782
5y10y_ATM	11/1/2007	Normalized_Volatility	85.9311376
5y10y_ATM	10/31/2007	Normalized_Volatility	84.2847568
5y10y_ATM	10/30/2007	Normalized_Volatility	85.6122608
5y10y_ATM	10/29/2007	Normalized_Volatility	87.002335
5y10y_ATM	10/26/2007	Normalized_Volatility	87.0782496
5y10y_ATM	10/25/2007	Normalized_Volatility	87.8377102
5y10y_ATM	10/24/2007	Normalized_Volatility	87.1895262
5y10y_ATM	10/23/2007	Normalized_Volatility	86.3133392
5y10y_ATM	10/22/2007	Normalized_Volatility	86.7420771
5y10y_ATM	10/19/2007	Normalized_Volatility	86.0078296
5y10y_ATM	10/18/2007	Normalized_Volatility	85.3598928
5y10y_ATM	10/17/2007	Normalized_Volatility	85.1073846
5y10y_ATM	10/16/2007	Normalized_Volatility	83.503599
5y10y_ATM	10/15/2007	Normalized_Volatility	82.080807
5y10y_ATM	10/12/2007	Normalized_Volatility	82.375098
5y10y_ATM	10/11/2007	Normalized_Volatility	83.2402818
5y10y_ATM	10/10/2007	Normalized_Volatility	83.8949068
5y10y_ATM	10/9/2007	Normalized_Volatility	85.0416055
5y10y_ATM	10/5/2007	Normalized_Volatility	86.4703775
5y10y_ATM	10/4/2007	Normalized_Volatility	86.5385919
5y10y_ATM	10/3/2007	Normalized_Volatility	85.7777499
5y10y_ATM	10/2/2007	Normalized_Volatility	86.5039212
5y10y_ATM	10/1/2007	Normalized_Volatility	87.4492416
5y10y_ATM	9/28/2007	Normalized_Volatility	87.7732408
5y10y_ATM	9/27/2007	Normalized_Volatility	88.046568
5y10y_ATM	9/26/2007	Normalized_Volatility	87.7496004
5y10y_ATM	9/25/2007	Normalized_Volatility	88.187724
5y10y_ATM	9/24/2007	Normalized_Volatility	87.3804224
5y10y_ATM	9/21/2007	Normalized_Volatility	87.6180906
5y10y_ATM	9/20/2007	Normalized_Volatility	87.117092
5y10y_ATM	9/19/2007	Normalized_Volatility	86.0716636
5y10y_ATM	9/18/2007	Normalized_Volatility	86.8811096
5y10y_ATM	9/17/2007	Normalized_Volatility	87.4065615
5y10y_ATM	9/14/2007	Normalized_Volatility	87.8280495
5y10y_ATM	9/13/2007	Normalized_Volatility	88.3404386
5y10y_ATM	9/12/2007	Normalized_Volatility	89.2244139
5y10y_ATM	9/11/2007	Normalized_Volatility	88.3423723
5y10y_ATM	9/10/2007	Normalized_Volatility	87.1414668
5y10y_ATM	9/7/2007	Normalized_Volatility	85.682637
5y10y_ATM	9/6/2007	Normalized_Volatility	84.2035655
5y10y_ATM	9/5/2007	Normalized_Volatility	85.0108046
5y10y_ATM	9/4/2007	Normalized_Volatility	84.5316394
5y10y_ATM	8/31/2007	Normalized_Volatility	84.7769315
5y10y_ATM	8/30/2007	Normalized_Volatility	84.92264
5y10y_ATM	8/29/2007	Normalized_Volatility	84.8809752
5y10y_ATM	8/28/2007	Normalized_Volatility	84.5271856
5y10y_ATM	8/27/2007	Normalized_Volatility	83.380104
5y10y_ATM	8/24/2007	Normalized_Volatility	83.6592786
5y10y_ATM	8/23/2007	Normalized_Volatility	85.3274028
5y10y_ATM	8/22/2007	Normalized_Volatility	87.125787
5y10y_ATM	8/21/2007	Normalized_Volatility	87.918068
5y10y_ATM	8/20/2007	Normalized_Volatility	87.8972924
5y10y_ATM	8/17/2007	Normalized_Volatility	88.0431496
5y10y_ATM	8/16/2007	Normalized_Volatility	90.1673472
5y10y_ATM	8/15/2007	Normalized_Volatility	87.743061
5y10y_ATM	8/14/2007	Normalized_Volatility	87.156233
5y10y_ATM	8/13/2007	Normalized_Volatility	87.0805188
5y10y_ATM	8/10/2007	Normalized_Volatility	87.6453816
5y10y_ATM	8/9/2007	Normalized_Volatility	87.425178
5y10y_ATM	8/8/2007	Normalized_Volatility	84.8267615
5y10y_ATM	8/7/2007	Normalized_Volatility	85.3374912
5y10y_ATM	8/6/2007	Normalized_Volatility	87.5625154
5y10y_ATM	8/3/2007	Normalized_Volatility	87.270516
5y10y_ATM	8/2/2007	Normalized_Volatility	86.5518514
5y10y_ATM	8/1/2007	Normalized_Volatility	87.8732118
5y10y_ATM	7/31/2007	Normalized_Volatility	89.2008936
5y10y_ATM	7/30/2007	Normalized_Volatility	89.63178
5y10y_ATM	7/27/2007	Normalized_Volatility	90.6292772
5y10y_ATM	7/26/2007	Normalized_Volatility	89.4808782
5y10y_ATM	7/25/2007	Normalized_Volatility	85.8703994
5y10y_ATM	7/24/2007	Normalized_Volatility	84.234272
5y10y_ATM	7/23/2007	Normalized_Volatility	82.3246088
5y10y_ATM	7/20/2007	Normalized_Volatility	82.456794
5y10y_ATM	7/19/2007	Normalized_Volatility	81.071555
5y10y_ATM	7/18/2007	Normalized_Volatility	81.085851
5y10y_ATM	7/17/2007	Normalized_Volatility	80.9440752
5y10y_ATM	7/16/2007	Normalized_Volatility	80.8822155
5y10y_ATM	7/13/2007	Normalized_Volatility	81.0610227
5y10y_ATM	7/12/2007	Normalized_Volatility	81.0256824
5y10y_ATM	7/11/2007	Normalized_Volatility	81.2177344
5y10y_ATM	7/10/2007	Normalized_Volatility	81.1278915
5y10y_ATM	7/9/2007	Normalized_Volatility	79.6424672
5y10y_ATM	7/6/2007	Normalized_Volatility	80.4954
5y10y_ATM	7/5/2007	Normalized_Volatility	80.1451065
5y10y_ATM	7/3/2007	Normalized_Volatility	80.0710281
5y10y_ATM	7/2/2007	Normalized_Volatility	80.128893
5y10y_ATM	6/29/2007	Normalized_Volatility	79.482388
5y10y_ATM	6/28/2007	Normalized_Volatility	78.8640732
5y10y_ATM	6/27/2007	Normalized_Volatility	79.1455203
5y10y_ATM	6/26/2007	Normalized_Volatility	78.6453668
5y10y_ATM	6/25/2007	Normalized_Volatility	78.5303415
5y10y_ATM	6/22/2007	Normalized_Volatility	78.6344075
5y10y_ATM	6/21/2007	Normalized_Volatility	78.3069025
5y10y_ATM	6/20/2007	Normalized_Volatility	77.8351658
5y10y_ATM	6/19/2007	Normalized_Volatility	77.095235
5y10y_ATM	6/18/2007	Normalized_Volatility	76.3109145
5y10y_ATM	6/15/2007	Normalized_Volatility	77.438689
5y10y_ATM	6/14/2007	Normalized_Volatility	78.6080162
5y10y_ATM	6/13/2007	Normalized_Volatility	78.8034582
5y10y_ATM	6/12/2007	Normalized_Volatility	79.2723351
5y10y_ATM	6/11/2007	Normalized_Volatility	76.098906
5y10y_ATM	6/8/2007	Normalized_Volatility	76.1334132
5y10y_ATM	6/7/2007	Normalized_Volatility	75.178741
5y10y_ATM	6/6/2007	Normalized_Volatility	73.0930337
5y10y_ATM	6/5/2007	Normalized_Volatility	72.5773536
5y10y_ATM	6/4/2007	Normalized_Volatility	72.9115653
5y10y_ATM	6/1/2007	Normalized_Volatility	72.9618077
5y10y_ATM	5/31/2007	Normalized_Volatility	73.25056
5y10y_ATM	5/30/2007	Normalized_Volatility	73.3782452
5y10y_ATM	5/29/2007	Normalized_Volatility	73.0183728
5y10y_ATM	5/25/2007	Normalized_Volatility	72.7587144
5y10y_ATM	5/24/2007	Normalized_Volatility	73.0575315
5y10y_ATM	5/23/2007	Normalized_Volatility	72.779365
5y10y_ATM	5/22/2007	Normalized_Volatility	72.4481856
5y10y_ATM	5/21/2007	Normalized_Volatility	72.9063712
5y10y_ATM	5/18/2007	Normalized_Volatility	73.391798
5y10y_ATM	5/17/2007	Normalized_Volatility	73.152694
5y10y_ATM	5/16/2007	Normalized_Volatility	73.824426
5y10y_ATM	5/15/2007	Normalized_Volatility	73.4867524
5y10y_ATM	5/14/2007	Normalized_Volatility	73.7048116
5y10y_ATM	5/11/2007	Normalized_Volatility	74.3575672
5y10y_ATM	5/10/2007	Normalized_Volatility	74.418484
5y10y_ATM	5/9/2007	Normalized_Volatility	74.2916592
5y10y_ATM	5/8/2007	Normalized_Volatility	74.3889262
5y10y_ATM	5/7/2007	Normalized_Volatility	74.0819244
5y10y_ATM	5/4/2007	Normalized_Volatility	73.6402356
5y10y_ATM	5/3/2007	Normalized_Volatility	73.7244612
5y10y_ATM	5/2/2007	Normalized_Volatility	73.657688
5y10y_ATM	5/1/2007	Normalized_Volatility	73.77115
5y10y_ATM	4/30/2007	Normalized_Volatility	73.842208
5y10y_ATM	4/27/2007	Normalized_Volatility	73.2531846
5y10y_ATM	4/26/2007	Normalized_Volatility	73.452613
5y10y_ATM	4/25/2007	Normalized_Volatility	73.9238472
5y10y_ATM	4/24/2007	Normalized_Volatility	74.0227122
5y10y_ATM	4/23/2007	Normalized_Volatility	74.013238
5y10y_ATM	4/20/2007	Normalized_Volatility	73.9568826
5y10y_ATM	4/19/2007	Normalized_Volatility	73.464688
5y10y_ATM	4/18/2007	Normalized_Volatility	73.3165596
5y10y_ATM	4/17/2007	Normalized_Volatility	72.8949492
5y10y_ATM	4/16/2007	Normalized_Volatility	72.0442048
5y10y_ATM	4/13/2007	Normalized_Volatility	71.8906944
5y10y_ATM	4/12/2007	Normalized_Volatility	72.5853759
5y10y_ATM	4/11/2007	Normalized_Volatility	73.05557
5y10y_ATM	4/10/2007	Normalized_Volatility	73.2974748
5y10y_ATM	4/9/2007	Normalized_Volatility	73.152694
5y10y_ATM	4/5/2007	Normalized_Volatility	74.30583
5y10y_ATM	4/4/2007	Normalized_Volatility	74.7573232
5y10y_ATM	4/3/2007	Normalized_Volatility	74.3705534
5y10y_ATM	4/2/2007	Normalized_Volatility	74.79329
5y10y_ATM	3/30/2007	Normalized_Volatility	75.0547182
5y10y_ATM	3/29/2007	Normalized_Volatility	74.8577854
5y10y_ATM	3/28/2007	Normalized_Volatility	75.50634
5y10y_ATM	3/27/2007	Normalized_Volatility	75.362588
5y10y_ATM	3/26/2007	Normalized_Volatility	74.9019969
5y10y_ATM	3/23/2007	Normalized_Volatility	74.7393472
5y10y_ATM	3/22/2007	Normalized_Volatility	74.85786
5y10y_ATM	3/21/2007	Normalized_Volatility	74.371577
5y10y_ATM	3/20/2007	Normalized_Volatility	74.5250232
5y10y_ATM	3/19/2007	Normalized_Volatility	74.79451
5y10y_ATM	3/16/2007	Normalized_Volatility	75.0269568
5y10y_ATM	3/15/2007	Normalized_Volatility	76.1336225
5y10y_ATM	3/14/2007	Normalized_Volatility	76.0588677
5y10y_ATM	3/13/2007	Normalized_Volatility	75.8728308
5y10y_ATM	3/12/2007	Normalized_Volatility	75.0597104
5y10y_ATM	3/9/2007	Normalized_Volatility	75.2910426
5y10y_ATM	3/8/2007	Normalized_Volatility	75.9184239
5y10y_ATM	3/7/2007	Normalized_Volatility	76.7123252
5y10y_ATM	3/6/2007	Normalized_Volatility	76.3497696
5y10y_ATM	3/5/2007	Normalized_Volatility	77.9310504
5y10y_ATM	3/2/2007	Normalized_Volatility	78.0034706
5y10y_ATM	3/1/2007	Normalized_Volatility	76.7965063
5y10y_ATM	2/28/2007	Normalized_Volatility	75.9021116
5y10y_ATM	2/27/2007	Normalized_Volatility	77.0033632
5y10y_ATM	2/26/2007	Normalized_Volatility	74.5938368
5y10y_ATM	2/23/2007	Normalized_Volatility	73.7527446
5y10y_ATM	2/22/2007	Normalized_Volatility	72.9739716
5y10y_ATM	2/21/2007	Normalized_Volatility	73.398843
5y10y_ATM	2/20/2007	Normalized_Volatility	74.5998691
5y10y_ATM	2/16/2007	Normalized_Volatility	73.6151637
5y10y_ATM	2/15/2007	Normalized_Volatility	72.831135
5y10y_ATM	2/14/2007	Normalized_Volatility	72.0114611
5y10y_ATM	2/13/2007	Normalized_Volatility	71.36829
5y10y_ATM	2/12/2007	Normalized_Volatility	71.276544
5y10y_ATM	2/9/2007	Normalized_Volatility	71.738541
5y10y_ATM	2/8/2007	Normalized_Volatility	71.8616992
5y10y_ATM	2/7/2007	Normalized_Volatility	72.1868238
5y10y_ATM	2/6/2007	Normalized_Volatility	71.364588
5y10y_ATM	2/5/2007	Normalized_Volatility	71.0144076
5y10y_ATM	2/2/2007	Normalized_Volatility	71.426124
5y10y_ATM	2/1/2007	Normalized_Volatility	72.400269
5y10y_ATM	1/31/2007	Normalized_Volatility	72.470268
5y10y_ATM	1/30/2007	Normalized_Volatility	73.6631896
5y10y_ATM	1/29/2007	Normalized_Volatility	74.1169914
5y10y_ATM	1/26/2007	Normalized_Volatility	74.5927732
5y10y_ATM	1/25/2007	Normalized_Volatility	74.7743648
5y10y_ATM	1/24/2007	Normalized_Volatility	74.632769
5y10y_ATM	1/23/2007	Normalized_Volatility	74.5815092
5y10y_ATM	1/22/2007	Normalized_Volatility	75.0763335
5y10y_ATM	1/19/2007	Normalized_Volatility	74.685708
5y10y_ATM	1/18/2007	Normalized_Volatility	74.1784764
5y10y_ATM	1/17/2007	Normalized_Volatility	73.9738512
5y10y_ATM	1/16/2007	Normalized_Volatility	74.2701305
5y10y_ATM	1/12/2007	Normalized_Volatility	75.3190776
5y10y_ATM	1/11/2007	Normalized_Volatility	76.1601447
5y10y_ATM	1/10/2007	Normalized_Volatility	76.0169672
5y10y_ATM	1/9/2007	Normalized_Volatility	76.0494008
5y10y_ATM	1/8/2007	Normalized_Volatility	76.789212
5y10y_ATM	1/5/2007	Normalized_Volatility	76.983174
5y10y_ATM	1/4/2007	Normalized_Volatility	78.541356
5y10y_ATM	1/3/2007	Normalized_Volatility	78.5922532
5y10y_ATM	1/2/2007	Normalized_Volatility	79.3318799
5y10y_ATM	12/29/2006	Normalized_Volatility	79.842191
5y10y_ATM	12/28/2006	Normalized_Volatility	80.0003412
5y10y_ATM	12/27/2006	Normalized_Volatility	80.477481
5y10y_ATM	12/26/2006	Normalized_Volatility	80.6399199
5y10y_ATM	12/22/2006	Normalized_Volatility	80.7713172
5y10y_ATM	12/21/2006	Normalized_Volatility	80.452361
5y10y_ATM	12/20/2006	Normalized_Volatility	80.1649011
5y10y_ATM	12/19/2006	Normalized_Volatility	80.64208
5y10y_ATM	12/18/2006	Normalized_Volatility	80.638208
5y10y_ATM	12/15/2006	Normalized_Volatility	80.797644
5y10y_ATM	12/14/2006	Normalized_Volatility	81.1145082
5y10y_ATM	12/13/2006	Normalized_Volatility	81.435627
5y10y_ATM	12/12/2006	Normalized_Volatility	82.06678
5y10y_ATM	12/11/2006	Normalized_Volatility	82.3859163
5y10y_ATM	12/8/2006	Normalized_Volatility	82.5420036
5y10y_ATM	12/7/2006	Normalized_Volatility	83.1804009
5y10y_ATM	12/6/2006	Normalized_Volatility	82.7028772
5y10y_ATM	12/5/2006	Normalized_Volatility	83.1794168
5y10y_ATM	12/4/2006	Normalized_Volatility	83.974893
5y10y_ATM	12/1/2006	Normalized_Volatility	84.1305762
5y10y_ATM	11/30/2006	Normalized_Volatility	83.815815
5y10y_ATM	11/29/2006	Normalized_Volatility	83.656898
5y10y_ATM	11/28/2006	Normalized_Volatility	83.9825094
5y10y_ATM	11/27/2006	Normalized_Volatility	83.3424592
5y10y_ATM	11/24/2006	Normalized_Volatility	83.1832992
5y10y_ATM	11/22/2006	Normalized_Volatility	82.5468576
5y10y_ATM	11/21/2006	Normalized_Volatility	82.5415384
5y10y_ATM	11/20/2006	Normalized_Volatility	82.703868
5y10y_ATM	11/17/2006	Normalized_Volatility	82.8623727
5y10y_ATM	11/16/2006	Normalized_Volatility	83.0957478
5y10y_ATM	11/15/2006	Normalized_Volatility	83.738148
5y10y_ATM	11/14/2006	Normalized_Volatility	84.6086775
5y10y_ATM	11/13/2006	Normalized_Volatility	84.2134502
5y10y_ATM	11/10/2006	Normalized_Volatility	84.4468572
5y10y_ATM	11/9/2006	Normalized_Volatility	83.81827
5y10y_ATM	11/8/2006	Normalized_Volatility	84.56476
5y10y_ATM	11/7/2006	Normalized_Volatility	84.7673863
5y10y_ATM	11/6/2006	Normalized_Volatility	84.607929
5y10y_ATM	11/3/2006	Normalized_Volatility	85.2435304
5y10y_ATM	11/2/2006	Normalized_Volatility	85.8793026
5y10y_ATM	11/1/2006	Normalized_Volatility	86.5106406
5y10y_ATM	10/31/2006	Normalized_Volatility	85.557447
5y10y_ATM	10/30/2006	Normalized_Volatility	85.0832532
5y10y_ATM	10/27/2006	Normalized_Volatility	85.2693138
5y10y_ATM	10/26/2006	Normalized_Volatility	84.6312697
5y10y_ATM	10/25/2006	Normalized_Volatility	84.4417348
5y10y_ATM	10/24/2006	Normalized_Volatility	84.6066664
5y10y_ATM	10/23/2006	Normalized_Volatility	85.246028
5y10y_ATM	10/20/2006	Normalized_Volatility	85.404357
5y10y_ATM	10/19/2006	Normalized_Volatility	85.55888
5y10y_ATM	10/18/2006	Normalized_Volatility	85.56324
5y10y_ATM	10/17/2006	Normalized_Volatility	86.0366023
5y10y_ATM	10/16/2006	Normalized_Volatility	85.8764294
5y10y_ATM	10/13/2006	Normalized_Volatility	85.8792896
5y10y_ATM	10/12/2006	Normalized_Volatility	86.354397
5y10y_ATM	10/11/2006	Normalized_Volatility	86.5125595
5y10y_ATM	10/10/2006	Normalized_Volatility	87.1459938
5y10y_ATM	10/6/2006	Normalized_Volatility	88.0976335
5y10y_ATM	10/5/2006	Normalized_Volatility	88.7305
5y10y_ATM	10/4/2006	Normalized_Volatility	88.8921061
5y10y_ATM	10/3/2006	Normalized_Volatility	88.2620838
5y10y_ATM	10/2/2006	Normalized_Volatility	88.57949
5y10y_ATM	9/29/2006	Normalized_Volatility	88.1032641
5y10y_ATM	9/28/2006	Normalized_Volatility	87.78642
5y10y_ATM	9/27/2006	Normalized_Volatility	88.1154067
5y10y_ATM	9/26/2006	Normalized_Volatility	88.1043856
5y10y_ATM	9/25/2006	Normalized_Volatility	89.053816
5y10y_ATM	9/22/2006	Normalized_Volatility	88.422491
5y10y_ATM	9/21/2006	Normalized_Volatility	86.2003053
5y10y_ATM	9/20/2006	Normalized_Volatility	85.7223582
5y10y_ATM	9/19/2006	Normalized_Volatility	86.0375583
5y10y_ATM	9/18/2006	Normalized_Volatility	85.723209
5y10y_ATM	9/15/2006	Normalized_Volatility	85.8783525
5y10y_ATM	9/14/2006	Normalized_Volatility	86.3560357
5y10y_ATM	9/13/2006	Normalized_Volatility	86.358654
5y10y_ATM	9/12/2006	Normalized_Volatility	86.1183066
5y10y_ATM	9/11/2006	Normalized_Volatility	85.711786
5y10y_ATM	9/8/2006	Normalized_Volatility	85.7145692
5y10y_ATM	9/7/2006	Normalized_Volatility	85.633367
5y10y_ATM	9/6/2006	Normalized_Volatility	85.63626
5y10y_ATM	9/5/2006	Normalized_Volatility	85.791392
5y10y_ATM	9/1/2006	Normalized_Volatility	86.1059322
5y10y_ATM	8/31/2006	Normalized_Volatility	86.7369354
5y10y_ATM	8/30/2006	Normalized_Volatility	86.8966164
5y10y_ATM	8/29/2006	Normalized_Volatility	86.1745071
5y10y_ATM	8/28/2006	Normalized_Volatility	85.7768785
5y10y_ATM	8/25/2006	Normalized_Volatility	85.7860052
5y10y_ATM	8/24/2006	Normalized_Volatility	85.7830754
5y10y_ATM	8/23/2006	Normalized_Volatility	85.4742504
5y10y_ATM	8/22/2006	Normalized_Volatility	85.001313
5y10y_ATM	8/21/2006	Normalized_Volatility	84.3643827
5y10y_ATM	8/18/2006	Normalized_Volatility	84.2109798
5y10y_ATM	8/17/2006	Normalized_Volatility	84.2104928
5y10y_ATM	8/16/2006	Normalized_Volatility	84.363687
5y10y_ATM	8/15/2006	Normalized_Volatility	84.2119011
5y10y_ATM	8/14/2006	Normalized_Volatility	84.6814353
5y10y_ATM	8/11/2006	Normalized_Volatility	84.8389536
5y10y_ATM	8/10/2006	Normalized_Volatility	84.6826305
5y10y_ATM	8/9/2006	Normalized_Volatility	84.5266742
5y10y_ATM	8/8/2006	Normalized_Volatility	85.1582565
5y10y_ATM	8/7/2006	Normalized_Volatility	85.9477891
5y10y_ATM	8/4/2006	Normalized_Volatility	86.265796
5y10y_ATM	8/3/2006	Normalized_Volatility	86.7395716
5y10y_ATM	8/2/2006	Normalized_Volatility	86.739525
5y10y_ATM	8/1/2006	Normalized_Volatility	87.213775
5y10y_ATM	7/31/2006	Normalized_Volatility	87.210942
5y10y_ATM	7/28/2006	Normalized_Volatility	87.2130456
5y10y_ATM	7/27/2006	Normalized_Volatility	86.934144
5y10y_ATM	7/26/2006	Normalized_Volatility	86.9003766
5y10y_ATM	7/25/2006	Normalized_Volatility	86.899865
5y10y_ATM	7/24/2006	Normalized_Volatility	87.2113515
5y10y_ATM	7/21/2006	Normalized_Volatility	87.8440475
5y10y_ATM	7/20/2006	Normalized_Volatility	87.8423909
5y10y_ATM	7/19/2006	Normalized_Volatility	87.846862
5y10y_ATM	7/18/2006	Normalized_Volatility	88.6382661
5y10y_ATM	7/17/2006	Normalized_Volatility	88.475157
5y10y_ATM	7/14/2006	Normalized_Volatility	88.4745624
5y10y_ATM	7/13/2006	Normalized_Volatility	88.0040645
5y10y_ATM	7/12/2006	Normalized_Volatility	87.5305026
5y10y_ATM	7/11/2006	Normalized_Volatility	87.69
5y10y_ATM	7/10/2006	Normalized_Volatility	87.2139925
5y10y_ATM	7/7/2006	Normalized_Volatility	87.2129024
5y10y_ATM	7/6/2006	Normalized_Volatility	87.3710456
5y10y_ATM	7/5/2006	Normalized_Volatility	87.6873224
5y10y_ATM	7/3/2006	Normalized_Volatility	87.3733952
5y10y_ATM	6/30/2006	Normalized_Volatility	87.372469
5y10y_ATM	6/29/2006	Normalized_Volatility	87.3720615
5y10y_ATM	6/28/2006	Normalized_Volatility	87.6052936
5y10y_ATM	6/27/2006	Normalized_Volatility	87.5370188
5y10y_ATM	6/26/2006	Normalized_Volatility	88.1644822
5y10y_ATM	6/23/2006	Normalized_Volatility	88.4958189
5y10y_ATM	6/22/2006	Normalized_Volatility	87.7090863
5y10y_ATM	6/21/2006	Normalized_Volatility	87.94758
5y10y_ATM	6/20/2006	Normalized_Volatility	87.1641612
5y10y_ATM	6/19/2006	Normalized_Volatility	87.0105108
5y10y_ATM	6/16/2006	Normalized_Volatility	87.1663624
5y10y_ATM	6/15/2006	Normalized_Volatility	86.8481991
5y10y_ATM	6/14/2006	Normalized_Volatility	86.8495508
5y10y_ATM	6/13/2006	Normalized_Volatility	86.7400508
5y10y_ATM	6/12/2006	Normalized_Volatility	87.1494806
5y10y_ATM	6/9/2006	Normalized_Volatility	87.627264
5y10y_ATM	6/8/2006	Normalized_Volatility	88.106572
5y10y_ATM	6/7/2006	Normalized_Volatility	87.9449166
5y10y_ATM	6/6/2006	Normalized_Volatility	88.2609918
5y10y_ATM	6/5/2006	Normalized_Volatility	88.1025234
5y10y_ATM	6/2/2006	Normalized_Volatility	88.104274
5y10y_ATM	6/1/2006	Normalized_Volatility	88.2623238
5y10y_ATM	5/31/2006	Normalized_Volatility	89.537558
5y10y_ATM	5/30/2006	Normalized_Volatility	89.213304
5y10y_ATM	5/26/2006	Normalized_Volatility	89.5555464
5y10y_ATM	5/25/2006	Normalized_Volatility	89.553872
5y10y_ATM	5/24/2006	Normalized_Volatility	89.6737314
5y10y_ATM	5/23/2006	Normalized_Volatility	89.369202
5y10y_ATM	5/22/2006	Normalized_Volatility	90.0028506
5y10y_ATM	5/19/2006	Normalized_Volatility	89.6868864
5y10y_ATM	5/18/2006	Normalized_Volatility	88.8918569
5y10y_ATM	5/17/2006	Normalized_Volatility	88.104527
5y10y_ATM	5/16/2006	Normalized_Volatility	87.6299931
5y10y_ATM	5/15/2006	Normalized_Volatility	88.1032572
5y10y_ATM	5/12/2006	Normalized_Volatility	88.263765
5y10y_ATM	5/11/2006	Normalized_Volatility	87.4707848
5y10y_ATM	5/10/2006	Normalized_Volatility	86.9928588
5y10y_ATM	5/9/2006	Normalized_Volatility	86.6677354
5y10y_ATM	5/8/2006	Normalized_Volatility	86.1935661
5y10y_ATM	5/5/2006	Normalized_Volatility	86.0356224
5y10y_ATM	5/4/2006	Normalized_Volatility	86.0366592
5y10y_ATM	5/3/2006	Normalized_Volatility	86.1992536
5y10y_ATM	5/2/2006	Normalized_Volatility	85.245138
5y10y_ATM	5/1/2006	Normalized_Volatility	84.7652302
5y10y_ATM	4/28/2006	Normalized_Volatility	84.9274676
5y10y_ATM	4/27/2006	Normalized_Volatility	85.08455
5y10y_ATM	4/26/2006	Normalized_Volatility	85.890024
5y10y_ATM	4/25/2006	Normalized_Volatility	85.562004
5y10y_ATM	4/24/2006	Normalized_Volatility	85.5657938
5y10y_ATM	4/21/2006	Normalized_Volatility	85.2494506
5y10y_ATM	4/20/2006	Normalized_Volatility	85.88114
5y10y_ATM	4/19/2006	Normalized_Volatility	86.044806
5y10y_ATM	4/18/2006	Normalized_Volatility	86.9940768
5y10y_ATM	4/17/2006	Normalized_Volatility	87.311243
5y10y_ATM	4/13/2006	Normalized_Volatility	88.7409642
5y10y_ATM	4/12/2006	Normalized_Volatility	88.4233014
5y10y_ATM	4/11/2006	Normalized_Volatility	87.9459424
5y10y_ATM	4/10/2006	Normalized_Volatility	88.0996312
5y10y_ATM	4/7/2006	Normalized_Volatility	88.4182614
5y10y_ATM	4/6/2006	Normalized_Volatility	89.6903865
5y10y_ATM	4/5/2006	Normalized_Volatility	89.8538825
5y10y_ATM	4/4/2006	Normalized_Volatility	90.1639935
5y10y_ATM	4/3/2006	Normalized_Volatility	90.328485
5y10y_ATM	3/31/2006	Normalized_Volatility	90.4880168
5y10y_ATM	3/30/2006	Normalized_Volatility	90.9589872
5y10y_ATM	3/29/2006	Normalized_Volatility	90.6548439
5y10y_ATM	3/28/2006	Normalized_Volatility	90.1675322
5y10y_ATM	3/27/2006	Normalized_Volatility	89.8596268
5y10y_ATM	3/24/2006	Normalized_Volatility	89.377392
5y10y_ATM	3/23/2006	Normalized_Volatility	89.5343352
5y10y_ATM	3/22/2006	Normalized_Volatility	89.53705
5y10y_ATM	3/21/2006	Normalized_Volatility	89.6946136
5y10y_ATM	3/20/2006	Normalized_Volatility	89.6887887
5y10y_ATM	3/17/2006	Normalized_Volatility	90.007904
5y10y_ATM	3/16/2006	Normalized_Volatility	89.8479842
5y10y_ATM	3/15/2006	Normalized_Volatility	90.3280602
5y10y_ATM	3/14/2006	Normalized_Volatility	89.8510548
5y10y_ATM	3/13/2006	Normalized_Volatility	90.8040456
5y10y_ATM	3/10/2006	Normalized_Volatility	90.1667718
5y10y_ATM	3/9/2006	Normalized_Volatility	90.170521
5y10y_ATM	3/8/2006	Normalized_Volatility	90.964149
5y10y_ATM	3/7/2006	Normalized_Volatility	90.4874748
5y10y_ATM	3/6/2006	Normalized_Volatility	90.6449568
5y10y_ATM	3/3/2006	Normalized_Volatility	89.5355133
5y10y_ATM	3/2/2006	Normalized_Volatility	90.170145
5y10y_ATM	3/1/2006	Normalized_Volatility	88.5777256
5y10y_ATM	2/28/2006	Normalized_Volatility	88.104653
5y10y_ATM	2/27/2006	Normalized_Volatility	87.1481133
5y10y_ATM	2/24/2006	Normalized_Volatility	87.3357111
5y10y_ATM	2/23/2006	Normalized_Volatility	88.8584178
5y10y_ATM	2/22/2006	Normalized_Volatility	88.7006064
5y10y_ATM	2/21/2006	Normalized_Volatility	89.6896049
5y10y_ATM	2/17/2006	Normalized_Volatility	89.8490658
5y10y_ATM	2/16/2006	Normalized_Volatility	89.845812
5y10y_ATM	2/15/2006	Normalized_Volatility	91.27816
5y10y_ATM	2/14/2006	Normalized_Volatility	91.9110015
5y10y_ATM	2/13/2006	Normalized_Volatility	92.226638
5y10y_ATM	2/10/2006	Normalized_Volatility	92.54873
5y10y_ATM	2/9/2006	Normalized_Volatility	92.8659064
5y10y_ATM	2/8/2006	Normalized_Volatility	93.181536
5y10y_ATM	2/7/2006	Normalized_Volatility	93.339732
5y10y_ATM	2/6/2006	Normalized_Volatility	92.8310279
5y10y_ATM	2/3/2006	Normalized_Volatility	92.5498431
5y10y_ATM	2/2/2006	Normalized_Volatility	93.3409026
5y10y_ATM	2/1/2006	Normalized_Volatility	93.0239184
5y10y_ATM	1/31/2006	Normalized_Volatility	92.3861092
5y10y_ATM	1/30/2006	Normalized_Volatility	92.387519
5y10y_ATM	1/27/2006	Normalized_Volatility	91.9478444
5y10y_ATM	1/26/2006	Normalized_Volatility	92.1832496
5y10y_ATM	1/25/2006	Normalized_Volatility	92.0652096
5y10y_ATM	1/24/2006	Normalized_Volatility	91.278173
5y10y_ATM	1/23/2006	Normalized_Volatility	91.1206296
5y10y_ATM	1/20/2006	Normalized_Volatility	90.64185
5y10y_ATM	1/19/2006	Normalized_Volatility	90.3264624
5y10y_ATM	1/18/2006	Normalized_Volatility	90.486693
5y10y_ATM	1/17/2006	Normalized_Volatility	90.8002975
5y10y_ATM	1/13/2006	Normalized_Volatility	90.484745
5y10y_ATM	1/12/2006	Normalized_Volatility	90.6399693
5y10y_ATM	1/11/2006	Normalized_Volatility	90.009972
5y10y_ATM	1/10/2006	Normalized_Volatility	89.693275
5y10y_ATM	1/9/2006	Normalized_Volatility	88.900092
5y10y_ATM	1/6/2006	Normalized_Volatility	90.3298616
5y10y_ATM	1/5/2006	Normalized_Volatility	90.962619
5y10y_ATM	1/4/2006	Normalized_Volatility	91.7593272
5y10y_ATM	1/3/2006	Normalized_Volatility	92.0737994
5y10y_ATM	12/30/2005	Normalized_Volatility	92.3820016
5y10y_ATM	12/29/2005	Normalized_Volatility	92.222865
5y10y_ATM	12/28/2005	Normalized_Volatility	92.2275072
5y10y_ATM	12/27/2005	Normalized_Volatility	92.2335804
5y10y_ATM	12/23/2005	Normalized_Volatility	92.2016774
5y10y_ATM	12/22/2005	Normalized_Volatility	92.2007303
5y10y_ATM	12/21/2005	Normalized_Volatility	92.3877402
5y10y_ATM	12/20/2005	Normalized_Volatility	92.38728
5y10y_ATM	12/19/2005	Normalized_Volatility	91.9119775
5y10y_ATM	12/16/2005	Normalized_Volatility	92.7050748
5y10y_ATM	12/15/2005	Normalized_Volatility	93.0252528
5y10y_ATM	12/14/2005	Normalized_Volatility	93.664305
5y10y_ATM	12/13/2005	Normalized_Volatility	93.81528
5y10y_ATM	12/12/2005	Normalized_Volatility	94.453156
5y10y_ATM	12/9/2005	Normalized_Volatility	94.29524
5y10y_ATM	12/8/2005	Normalized_Volatility	94.2916023
5y10y_ATM	12/7/2005	Normalized_Volatility	95.2477328
5y10y_ATM	12/6/2005	Normalized_Volatility	94.9307931
5y10y_ATM	12/5/2005	Normalized_Volatility	94.9321216
5y10y_ATM	12/2/2005	Normalized_Volatility	94.9309049
5y10y_ATM	12/1/2005	Normalized_Volatility	95.7199368
5y10y_ATM	11/30/2005	Normalized_Volatility	94.77636
5y10y_ATM	11/29/2005	Normalized_Volatility	94.1358302
5y10y_ATM	11/28/2005	Normalized_Volatility	93.1959906
5y10y_ATM	11/25/2005	Normalized_Volatility	93.1883865
5y10y_ATM	11/23/2005	Normalized_Volatility	93.1873748
5y10y_ATM	11/22/2005	Normalized_Volatility	93.183844
5y10y_ATM	11/21/2005	Normalized_Volatility	93.6553608
5y10y_ATM	11/18/2005	Normalized_Volatility	94.293045
5y10y_ATM	11/17/2005	Normalized_Volatility	94.767084
5y10y_ATM	11/16/2005	Normalized_Volatility	94.7763123
5y10y_ATM	11/15/2005	Normalized_Volatility	94.7720004
5y10y_ATM	11/14/2005	Normalized_Volatility	94.7712414
5y10y_ATM	11/10/2005	Normalized_Volatility	94.4543496
5y10y_ATM	11/9/2005	Normalized_Volatility	94.6097856
5y10y_ATM	11/8/2005	Normalized_Volatility	91.2785235
5y10y_ATM	11/7/2005	Normalized_Volatility	92.8619178
5y10y_ATM	11/4/2005	Normalized_Volatility	92.7060072
5y10y_ATM	11/3/2005	Normalized_Volatility	92.225497
5y10y_ATM	11/2/2005	Normalized_Volatility	90.8042177
5y10y_ATM	11/1/2005	Normalized_Volatility	90.3231411
5y10y_ATM	10/31/2005	Normalized_Volatility	90.3234782
5y10y_ATM	10/28/2005	Normalized_Volatility	89.688447
5y10y_ATM	10/27/2005	Normalized_Volatility	89.7204906
5y10y_ATM	10/26/2005	Normalized_Volatility	89.687346
5y10y_ATM	10/25/2005	Normalized_Volatility	89.3695318
5y10y_ATM	10/24/2005	Normalized_Volatility	89.0546391
5y10y_ATM	10/21/2005	Normalized_Volatility	89.0542181
5y10y_ATM	10/20/2005	Normalized_Volatility	89.5326777
5y10y_ATM	10/19/2005	Normalized_Volatility	89.534562
5y10y_ATM	10/18/2005	Normalized_Volatility	89.53203
5y10y_ATM	10/17/2005	Normalized_Volatility	89.8504548
5y10y_ATM	10/14/2005	Normalized_Volatility	89.3714679
5y10y_ATM	10/13/2005	Normalized_Volatility	89.0552832
5y10y_ATM	10/12/2005	Normalized_Volatility	88.901551
5y10y_ATM	10/11/2005	Normalized_Volatility	88.4198484
5y10y_ATM	10/7/2005	Normalized_Volatility	88.41666
5y10y_ATM	10/6/2005	Normalized_Volatility	88.8921398
5y10y_ATM	10/5/2005	Normalized_Volatility	88.5812018
5y10y_ATM	10/4/2005	Normalized_Volatility	89.0527248
5y10y_ATM	10/3/2005	Normalized_Volatility	89.3713725
5y10y_ATM	9/30/2005	Normalized_Volatility	89.3741475
5y10y_ATM	9/29/2005	Normalized_Volatility	89.5303125
5y10y_ATM	9/28/2005	Normalized_Volatility	89.54468
5y10y_ATM	9/27/2005	Normalized_Volatility	89.381546
5y10y_ATM	9/26/2005	Normalized_Volatility	89.0586312
5y10y_ATM	9/23/2005	Normalized_Volatility	89.0547719
5y10y_ATM	9/22/2005	Normalized_Volatility	88.5756098
5y10y_ATM	9/21/2005	Normalized_Volatility	89.0597826
5y10y_ATM	9/20/2005	Normalized_Volatility	89.0543711
5y10y_ATM	9/19/2005	Normalized_Volatility	89.8492696
5y10y_ATM	9/16/2005	Normalized_Volatility	89.8481892
5y10y_ATM	9/15/2005	Normalized_Volatility	90.1663308
5y10y_ATM	9/14/2005	Normalized_Volatility	90.4876995
5y10y_ATM	9/13/2005	Normalized_Volatility	90.6422286
5y10y_ATM	9/12/2005	Normalized_Volatility	90.1665232
5y10y_ATM	9/9/2005	Normalized_Volatility	90.4840125
5y10y_ATM	9/8/2005	Normalized_Volatility	90.8001822
5y10y_ATM	9/7/2005	Normalized_Volatility	90.0135775
5y10y_ATM	9/6/2005	Normalized_Volatility	89.3703756
5y10y_ATM	9/2/2005	Normalized_Volatility	89.3739572
5y10y_ATM	9/1/2005	Normalized_Volatility	94.5362
5y10y_ATM	8/31/2005	Normalized_Volatility	89.5341499
5y10y_ATM	8/30/2005	Normalized_Volatility	88.5769176
5y10y_ATM	8/29/2005	Normalized_Volatility	88.3382115
5y10y_ATM	8/26/2005	Normalized_Volatility	88.151473
5y10y_ATM	8/25/2005	Normalized_Volatility	87.696884
5y10y_ATM	8/24/2005	Normalized_Volatility	87.4837602
5y10y_ATM	8/23/2005	Normalized_Volatility	87.9400512
5y10y_ATM	8/22/2005	Normalized_Volatility	88.4187426
5y10y_ATM	8/19/2005	Normalized_Volatility	88.2608669
5y10y_ATM	8/18/2005	Normalized_Volatility	88.2565922
5y10y_ATM	8/17/2005	Normalized_Volatility	87.6283875
5y10y_ATM	8/16/2005	Normalized_Volatility	87.3084656
5y10y_ATM	8/15/2005	Normalized_Volatility	87.147034
5y10y_ATM	8/12/2005	Normalized_Volatility	86.991642
5y10y_ATM	8/11/2005	Normalized_Volatility	86.0363188
5y10y_ATM	8/10/2005	Normalized_Volatility	86.3600958
5y10y_ATM	8/9/2005	Normalized_Volatility	86.200646
5y10y_ATM	8/8/2005	Normalized_Volatility	86.35737
5y10y_ATM	8/5/2005	Normalized_Volatility	86.0389632
5y10y_ATM	8/4/2005	Normalized_Volatility	86.0366688
5y10y_ATM	8/3/2005	Normalized_Volatility	86.8366926
5y10y_ATM	8/2/2005	Normalized_Volatility	87.4679806
5y10y_ATM	8/1/2005	Normalized_Volatility	87.4660276
5y10y_ATM	7/29/2005	Normalized_Volatility	87.3105318
5y10y_ATM	7/28/2005	Normalized_Volatility	86.8304292
5y10y_ATM	7/27/2005	Normalized_Volatility	87.31164
5y10y_ATM	7/26/2005	Normalized_Volatility	87.7842126
5y10y_ATM	7/25/2005	Normalized_Volatility	87.6261043
5y10y_ATM	7/22/2005	Normalized_Volatility	87.6250973
5y10y_ATM	7/21/2005	Normalized_Volatility	87.939864
5y10y_ATM	7/20/2005	Normalized_Volatility	87.1574064
5y10y_ATM	7/19/2005	Normalized_Volatility	87.1508872
5y10y_ATM	7/18/2005	Normalized_Volatility	87.3098292
5y10y_ATM	7/15/2005	Normalized_Volatility	87.3095784
5y10y_ATM	7/14/2005	Normalized_Volatility	87.4657533
5y10y_ATM	7/13/2005	Normalized_Volatility	87.947265
5y10y_ATM	7/12/2005	Normalized_Volatility	87.641528
5y10y_ATM	7/11/2005	Normalized_Volatility	89.0558988
5y10y_ATM	7/8/2005	Normalized_Volatility	89.0540104
5y10y_ATM	7/7/2005	Normalized_Volatility	89.8482375
5y10y_ATM	7/6/2005	Normalized_Volatility	89.6927967
5y10y_ATM	7/5/2005	Normalized_Volatility	89.3697447
5y10y_ATM	7/1/2005	Normalized_Volatility	89.214909
5y10y_ATM	6/30/2005	Normalized_Volatility	89.5269562
5y10y_ATM	6/29/2005	Normalized_Volatility	89.5300968
5y10y_ATM	6/28/2005	Normalized_Volatility	89.700534
5y10y_ATM	6/27/2005	Normalized_Volatility	89.850417
5y10y_ATM	6/24/2005	Normalized_Volatility	90.0125127
5y10y_ATM	6/23/2005	Normalized_Volatility	89.2119634
5y10y_ATM	6/22/2005	Normalized_Volatility	89.2174234
5y10y_ATM	6/21/2005	Normalized_Volatility	88.101777
5y10y_ATM	6/20/2005	Normalized_Volatility	87.7841907
5y10y_ATM	6/17/2005	Normalized_Volatility	88.2608461
5y10y_ATM	6/16/2005	Normalized_Volatility	88.732701
5y10y_ATM	6/15/2005	Normalized_Volatility	88.7410604
5y10y_ATM	6/14/2005	Normalized_Volatility	89.68257
5y10y_ATM	6/13/2005	Normalized_Volatility	90.959051
5y10y_ATM	6/10/2005	Normalized_Volatility	91.25443
5y10y_ATM	6/9/2005	Normalized_Volatility	89.688256
5y10y_ATM	6/8/2005	Normalized_Volatility	89.2218875
5y10y_ATM	6/7/2005	Normalized_Volatility	89.0534838
5y10y_ATM	6/6/2005	Normalized_Volatility	88.5748575
5y10y_ATM	6/3/2005	Normalized_Volatility	88.260102
5y10y_ATM	6/2/2005	Normalized_Volatility	88.098786
5y10y_ATM	6/1/2005	Normalized_Volatility	87.949762
5y10y_ATM	5/31/2005	Normalized_Volatility	87.44715
5y10y_ATM	5/27/2005	Normalized_Volatility	86.832361
5y10y_ATM	5/26/2005	Normalized_Volatility	87.0223683
5y10y_ATM	5/25/2005	Normalized_Volatility	87.6217176
5y10y_ATM	5/24/2005	Normalized_Volatility	88.098879
5y10y_ATM	5/23/2005	Normalized_Volatility	88.097314
5y10y_ATM	5/20/2005	Normalized_Volatility	87.918759
5y10y_ATM	5/19/2005	Normalized_Volatility	88.570608
5y10y_ATM	5/18/2005	Normalized_Volatility	90.170452
5y10y_ATM	5/17/2005	Normalized_Volatility	90.007842
5y10y_ATM	5/16/2005	Normalized_Volatility	88.883388
5y10y_ATM	5/13/2005	Normalized_Volatility	88.5804348
5y10y_ATM	5/12/2005	Normalized_Volatility	88.2600016
5y10y_ATM	5/11/2005	Normalized_Volatility	88.4229336
5y10y_ATM	5/10/2005	Normalized_Volatility	87.4666748
5y10y_ATM	5/9/2005	Normalized_Volatility	86.822899
5y10y_ATM	5/6/2005	Normalized_Volatility	87.140628
5y10y_ATM	5/5/2005	Normalized_Volatility	87.746576
5y10y_ATM	5/4/2005	Normalized_Volatility	88.108924
5y10y_ATM	5/3/2005	Normalized_Volatility	88.432205
5y10y_ATM	5/2/2005	Normalized_Volatility	88.578588
5y10y_ATM	4/29/2005	Normalized_Volatility	87.961494
5y10y_ATM	4/28/2005	Normalized_Volatility	87.636452
5y10y_ATM	4/27/2005	Normalized_Volatility	87.1620215
5y10y_ATM	4/26/2005	Normalized_Volatility	86.8340022
5y10y_ATM	4/25/2005	Normalized_Volatility	87.3095968
5y10y_ATM	4/22/2005	Normalized_Volatility	87.3092848
5y10y_ATM	4/21/2005	Normalized_Volatility	87.3059958
5y10y_ATM	4/20/2005	Normalized_Volatility	88.1079653
5y10y_ATM	4/19/2005	Normalized_Volatility	87.9452217
5y10y_ATM	4/18/2005	Normalized_Volatility	88.580896
5y10y_ATM	4/15/2005	Normalized_Volatility	87.6257244
5y10y_ATM	4/14/2005	Normalized_Volatility	86.991936
5y10y_ATM	4/13/2005	Normalized_Volatility	85.5707565
5y10y_ATM	4/12/2005	Normalized_Volatility	85.4050914
5y10y_ATM	4/11/2005	Normalized_Volatility	86.5156032
5y10y_ATM	4/8/2005	Normalized_Volatility	86.5130976
5y10y_ATM	4/7/2005	Normalized_Volatility	86.0355604
5y10y_ATM	4/6/2005	Normalized_Volatility	84.768869
5y10y_ATM	4/5/2005	Normalized_Volatility	84.7673299
5y10y_ATM	4/4/2005	Normalized_Volatility	84.753904
5y10y_ATM	4/1/2005	Normalized_Volatility	83.7358
5y10y_ATM	3/31/2005	Normalized_Volatility	84.8379852
5y10y_ATM	3/30/2005	Normalized_Volatility	86.01949
5y10y_ATM	3/29/2005	Normalized_Volatility	86.714575
5y10y_ATM	3/28/2005	Normalized_Volatility	86.741422
5y10y_ATM	3/24/2005	Normalized_Volatility	86.461596
5y10y_ATM	3/23/2005	Normalized_Volatility	87.4863115
5y10y_ATM	3/22/2005	Normalized_Volatility	87.905705
5y10y_ATM	3/21/2005	Normalized_Volatility	87.3549
5y10y_ATM	3/18/2005	Normalized_Volatility	86.748078
5y10y_ATM	3/17/2005	Normalized_Volatility	86.6675936
5y10y_ATM	3/16/2005	Normalized_Volatility	86.7402888
5y10y_ATM	3/15/2005	Normalized_Volatility	86.0795056
5y10y_ATM	3/14/2005	Normalized_Volatility	85.819624
5y10y_ATM	3/11/2005	Normalized_Volatility	85.8235
5y10y_ATM	3/10/2005	Normalized_Volatility	85.712697
5y10y_ATM	3/9/2005	Normalized_Volatility	86.494338
5y10y_ATM	3/8/2005	Normalized_Volatility	84.6178632
5y10y_ATM	3/7/2005	Normalized_Volatility	83.763008
5y10y_ATM	3/4/2005	Normalized_Volatility	84.25743
5y10y_ATM	3/3/2005	Normalized_Volatility	85.154048
5y10y_ATM	3/2/2005	Normalized_Volatility	86.152488
5y10y_ATM	3/1/2005	Normalized_Volatility	86.7442615
5y10y_ATM	2/28/2005	Normalized_Volatility	87.2395075
5y10y_ATM	2/25/2005	Normalized_Volatility	86.0463
5y10y_ATM	2/24/2005	Normalized_Volatility	86.7591
5y10y_ATM	2/23/2005	Normalized_Volatility	87.079698
5y10y_ATM	2/22/2005	Normalized_Volatility	87.294092
5y10y_ATM	2/18/2005	Normalized_Volatility	87.002895
5y10y_ATM	2/17/2005	Normalized_Volatility	86.8833329
5y10y_ATM	2/16/2005	Normalized_Volatility	86.8486235
5y10y_ATM	2/15/2005	Normalized_Volatility	88.125055
5y10y_ATM	2/14/2005	Normalized_Volatility	87.9055065
5y10y_ATM	2/11/2005	Normalized_Volatility	88.0546248
5y10y_ATM	2/10/2005	Normalized_Volatility	88.5387921
5y10y_ATM	2/9/2005	Normalized_Volatility	87.2761576
5y10y_ATM	2/8/2005	Normalized_Volatility	86.10672
5y10y_ATM	2/7/2005	Normalized_Volatility	85.565724
5y10y_ATM	2/4/2005	Normalized_Volatility	85.9363521
5y10y_ATM	2/3/2005	Normalized_Volatility	85.8783552
5y10y_ATM	2/2/2005	Normalized_Volatility	86.762452
5y10y_ATM	2/1/2005	Normalized_Volatility	87.535878
5y10y_ATM	1/31/2005	Normalized_Volatility	87.363617
5y10y_ATM	1/28/2005	Normalized_Volatility	87.8577006
5y10y_ATM	1/27/2005	Normalized_Volatility	88.178544
5y10y_ATM	1/26/2005	Normalized_Volatility	89.4469686
5y10y_ATM	1/25/2005	Normalized_Volatility	89.3666019
5y10y_ATM	1/24/2005	Normalized_Volatility	87.9136
5y10y_ATM	1/21/2005	Normalized_Volatility	86.9914682
5y10y_ATM	1/20/2005	Normalized_Volatility	86.01195
5y10y_ATM	1/19/2005	Normalized_Volatility	87.1659414
5y10y_ATM	1/18/2005	Normalized_Volatility	88.0616513
5y10y_ATM	1/14/2005	Normalized_Volatility	88.5674075
5y10y_ATM	1/13/2005	Normalized_Volatility	88.2738
5y10y_ATM	1/12/2005	Normalized_Volatility	89.0251445
5y10y_ATM	1/11/2005	Normalized_Volatility	89.73074
5y10y_ATM	1/10/2005	Normalized_Volatility	89.84737
5y10y_ATM	1/7/2005	Normalized_Volatility	90.84306
5y10y_ATM	1/6/2005	Normalized_Volatility	92.51404
5y10y_ATM	1/5/2005	Normalized_Volatility	93.58748
5y10y_ATM	1/4/2005	Normalized_Volatility	93.452427
5y10y_ATM	1/3/2005	Normalized_Volatility	94.877295
5y10y_ATM	12/31/2004	Normalized_Volatility	94.8635
5y10y_ATM	12/30/2004	Normalized_Volatility	95.210076
5y10y_ATM	12/29/2004	Normalized_Volatility	95.498304
5y10y_ATM	12/28/2004	Normalized_Volatility	95.88824
5y10y_ATM	12/27/2004	Normalized_Volatility	96.140052
5y10y_ATM	12/23/2004	Normalized_Volatility	95.761306
5y10y_ATM	12/22/2004	Normalized_Volatility	95.436715
5y10y_ATM	12/21/2004	Normalized_Volatility	95.843452
5y10y_ATM	12/20/2004	Normalized_Volatility	97.44917
5y10y_ATM	12/17/2004	Normalized_Volatility	97.421866
5y10y_ATM	12/16/2004	Normalized_Volatility	97.05254
5y10y_ATM	12/15/2004	Normalized_Volatility	96.679452
5y10y_ATM	12/14/2004	Normalized_Volatility	94.8097832
5y10y_ATM	12/13/2004	Normalized_Volatility	94.010192
5y10y_ATM	12/10/2004	Normalized_Volatility	94.387925
5y10y_ATM	12/9/2004	Normalized_Volatility	92.809986
5y10y_ATM	12/8/2004	Normalized_Volatility	92.9963025
5y10y_ATM	12/7/2004	Normalized_Volatility	91.6420343
5y10y_ATM	12/6/2004	Normalized_Volatility	91.757016
5y10y_ATM	12/3/2004	Normalized_Volatility	92.77189
5y10y_ATM	12/2/2004	Normalized_Volatility	93.120305
5y10y_ATM	12/1/2004	Normalized_Volatility	93.624752
5y10y_ATM	11/30/2004	Normalized_Volatility	91.99383
5y10y_ATM	11/29/2004	Normalized_Volatility	91.66608
5y10y_ATM	11/26/2004	Normalized_Volatility	91.67343
5y10y_ATM	11/24/2004	Normalized_Volatility	91.71416
5y10y_ATM	11/23/2004	Normalized_Volatility	91.5082
5y10y_ATM	11/22/2004	Normalized_Volatility	92.17053
5y10y_ATM	11/19/2004	Normalized_Volatility	92.921955
5y10y_ATM	11/18/2004	Normalized_Volatility	93.72618
5y10y_ATM	11/17/2004	Normalized_Volatility	93.812709
5y10y_ATM	11/16/2004	Normalized_Volatility	94.021624
5y10y_ATM	11/15/2004	Normalized_Volatility	94.48317
5y10y_ATM	11/12/2004	Normalized_Volatility	94.630943
5y10y_ATM	11/10/2004	Normalized_Volatility	94.40557
5y10y_ATM	11/9/2004	Normalized_Volatility	94.0555125
5y10y_ATM	11/8/2004	Normalized_Volatility	95.03552
5y10y_ATM	11/5/2004	Normalized_Volatility	94.495032
5y10y_ATM	11/4/2004	Normalized_Volatility	96.514377
5y10y_ATM	11/3/2004	Normalized_Volatility	96.4184155
5y10y_ATM	11/2/2004	Normalized_Volatility	97.2864945
5y10y_ATM	11/1/2004	Normalized_Volatility	97.9098
5y10y_ATM	10/29/2004	Normalized_Volatility	99.469248
5y10y_ATM	10/28/2004	Normalized_Volatility	101.1339462
5y10y_ATM	10/27/2004	Normalized_Volatility	101.08912
5y10y_ATM	10/26/2004	Normalized_Volatility	101.84482
5y10y_ATM	10/25/2004	Normalized_Volatility	101.78238
5y10y_ATM	10/22/2004	Normalized_Volatility	101.5798875
5y10y_ATM	10/21/2004	Normalized_Volatility	101.494183
5y10y_ATM	10/20/2004	Normalized_Volatility	101.33906
5y10y_ATM	10/19/2004	Normalized_Volatility	100.1160825
5y10y_ATM	10/18/2004	Normalized_Volatility	100.089904
5y10y_ATM	10/15/2004	Normalized_Volatility	100.63375
5y10y_ATM	10/14/2004	Normalized_Volatility	99.971312
5y10y_ATM	10/13/2004	Normalized_Volatility	99.83052
5y10y_ATM	10/12/2004	Normalized_Volatility	97.76256
5y10y_ATM	10/8/2004	Normalized_Volatility	97.6832116
5y10y_ATM	10/7/2004	Normalized_Volatility	97.91231
5y10y_ATM	10/6/2004	Normalized_Volatility	96.720684
5y10y_ATM	10/5/2004	Normalized_Volatility	96.0958
5y10y_ATM	10/4/2004	Normalized_Volatility	96.484185
5y10y_ATM	10/1/2004	Normalized_Volatility	97.44309
5y10y_ATM	9/30/2004	Normalized_Volatility	98.8998516
5y10y_ATM	9/29/2004	Normalized_Volatility	99.7818966
5y10y_ATM	9/28/2004	Normalized_Volatility	99.9353983
5y10y_ATM	9/27/2004	Normalized_Volatility	98.3152716
5y10y_ATM	9/24/2004	Normalized_Volatility	97.9327976
5y10y_ATM	9/23/2004	Normalized_Volatility	97.706452
5y10y_ATM	9/22/2004	Normalized_Volatility	96.0624742
5y10y_ATM	9/21/2004	Normalized_Volatility	93.5808464
5y10y_ATM	9/20/2004	Normalized_Volatility	94.2693297
5y10y_ATM	9/17/2004	Normalized_Volatility	94.2529016
5y10y_ATM	9/16/2004	Normalized_Volatility	93.67332
5y10y_ATM	9/15/2004	Normalized_Volatility	93.1695754
5y10y_ATM	9/14/2004	Normalized_Volatility	92.5092
5y10y_ATM	9/13/2004	Normalized_Volatility	92.542492
5y10y_ATM	9/10/2004	Normalized_Volatility	92.5825348
5y10y_ATM	9/9/2004	Normalized_Volatility	92.713248
5y10y_ATM	9/8/2004	Normalized_Volatility	92.9885814
5y10y_ATM	9/7/2004	Normalized_Volatility	92.3656216
5y10y_ATM	9/3/2004	Normalized_Volatility	93.1836133
5y10y_ATM	9/2/2004	Normalized_Volatility	95.0798725
5y10y_ATM	9/1/2004	Normalized_Volatility	94.8538239
5y10y_ATM	8/31/2004	Normalized_Volatility	94.32192
5y10y_ATM	8/30/2004	Normalized_Volatility	93.3135051
5y10y_ATM	8/27/2004	Normalized_Volatility	93.2540175
5y10y_ATM	8/26/2004	Normalized_Volatility	94.1554865
5y10y_ATM	8/25/2004	Normalized_Volatility	94.0184875
5y10y_ATM	8/24/2004	Normalized_Volatility	94.63993
5y10y_ATM	8/23/2004	Normalized_Volatility	95.5608018
5y10y_ATM	8/20/2004	Normalized_Volatility	95.9318536
5y10y_ATM	8/19/2004	Normalized_Volatility	96.7056699
5y10y_ATM	8/18/2004	Normalized_Volatility	96.657915
5y10y_ATM	8/17/2004	Normalized_Volatility	96.2125744
5y10y_ATM	8/16/2004	Normalized_Volatility	94.9271544
5y10y_ATM	8/13/2004	Normalized_Volatility	94.7387035
5y10y_ATM	8/12/2004	Normalized_Volatility	92.893822
5y10y_ATM	8/11/2004	Normalized_Volatility	93.7312476
5y10y_ATM	8/10/2004	Normalized_Volatility	95.800166
5y10y_ATM	8/9/2004	Normalized_Volatility	95.881405
5y10y_ATM	8/6/2004	Normalized_Volatility	95.5623718
5y10y_ATM	8/5/2004	Normalized_Volatility	92.6530965
5y10y_ATM	8/4/2004	Normalized_Volatility	92.889973
5y10y_ATM	8/3/2004	Normalized_Volatility	92.6602468
5y10y_ATM	8/2/2004	Normalized_Volatility	92.126825
5y10y_ATM	7/30/2004	Normalized_Volatility	91.913019
5y10y_ATM	7/29/2004	Normalized_Volatility	92.1384992
5y10y_ATM	7/28/2004	Normalized_Volatility	92.34938
5y10y_ATM	7/27/2004	Normalized_Volatility	92.6263364
5y10y_ATM	7/26/2004	Normalized_Volatility	92.131875
5y10y_ATM	7/23/2004	Normalized_Volatility	91.845325
5y10y_ATM	7/22/2004	Normalized_Volatility	93.594707
5y10y_ATM	7/21/2004	Normalized_Volatility	94.2805428
5y10y_ATM	7/20/2004	Normalized_Volatility	95.57061
5y10y_ATM	7/19/2004	Normalized_Volatility	95.0084324
5y10y_ATM	7/16/2004	Normalized_Volatility	94.3819483
5y10y_ATM	7/15/2004	Normalized_Volatility	93.855762
5y10y_ATM	7/14/2004	Normalized_Volatility	94.8776786
5y10y_ATM	7/13/2004	Normalized_Volatility	96.4231866
5y10y_ATM	7/12/2004	Normalized_Volatility	94.988775
5y10y_ATM	7/9/2004	Normalized_Volatility	95.119935
5y10y_ATM	7/8/2004	Normalized_Volatility	94.7097036
5y10y_ATM	7/7/2004	Normalized_Volatility	94.5002916
5y10y_ATM	7/6/2004	Normalized_Volatility	93.0660546
5y10y_ATM	7/2/2004	Normalized_Volatility	92.4417728
5y10y_ATM	7/1/2004	Normalized_Volatility	91.088556
5y10y_ATM	6/30/2004	Normalized_Volatility	91.82686
5y10y_ATM	6/29/2004	Normalized_Volatility	92.0195458
5y10y_ATM	6/28/2004	Normalized_Volatility	92.9990656
5y10y_ATM	6/25/2004	Normalized_Volatility	92.6160777
5y10y_ATM	6/24/2004	Normalized_Volatility	94.45605
5y10y_ATM	6/23/2004	Normalized_Volatility	93.8179288
5y10y_ATM	6/22/2004	Normalized_Volatility	91.4500523
5y10y_ATM	6/21/2004	Normalized_Volatility	92.838523
5y10y_ATM	6/18/2004	Normalized_Volatility	93.7597674
5y10y_ATM	6/17/2004	Normalized_Volatility	94.0803745
5y10y_ATM	6/16/2004	Normalized_Volatility	96.5422881
5y10y_ATM	6/15/2004	Normalized_Volatility	96.6352498
5y10y_ATM	6/14/2004	Normalized_Volatility	97.99524
5y10y_ATM	6/10/2004	Normalized_Volatility	97.723985
5y10y_ATM	6/9/2004	Normalized_Volatility	97.8787971
5y10y_ATM	6/8/2004	Normalized_Volatility	97.310565
5y10y_ATM	6/7/2004	Normalized_Volatility	96.2299359
5y10y_ATM	6/4/2004	Normalized_Volatility	96.6112616
5y10y_ATM	6/3/2004	Normalized_Volatility	98.269098
5y10y_ATM	6/2/2004	Normalized_Volatility	99.5276464
5y10y_ATM	6/1/2004	Normalized_Volatility	99.5897376
5y10y_ATM	5/28/2004	Normalized_Volatility	100.0282704
5y10y_ATM	5/27/2004	Normalized_Volatility	101.3664079
5y10y_ATM	5/26/2004	Normalized_Volatility	102.570243
5y10y_ATM	5/25/2004	Normalized_Volatility	101.9872224
5y10y_ATM	5/24/2004	Normalized_Volatility	101.443013
5y10y_ATM	5/21/2004	Normalized_Volatility	101.8599456
5y10y_ATM	5/20/2004	Normalized_Volatility	101.244528
5y10y_ATM	5/19/2004	Normalized_Volatility	101.4398959
5y10y_ATM	5/18/2004	Normalized_Volatility	100.2816028
5y10y_ATM	5/17/2004	Normalized_Volatility	101.0533656
5y10y_ATM	5/14/2004	Normalized_Volatility	99.5560412
5y10y_ATM	5/13/2004	Normalized_Volatility	99.26804
5y10y_ATM	5/12/2004	Normalized_Volatility	98.3445484
5y10y_ATM	5/11/2004	Normalized_Volatility	98.5075916
5y10y_ATM	5/10/2004	Normalized_Volatility	98.5735888
5y10y_ATM	5/7/2004	Normalized_Volatility	101.6405888
5y10y_ATM	5/6/2004	Normalized_Volatility	103.2953053
5y10y_ATM	5/5/2004	Normalized_Volatility	102.3802737
5y10y_ATM	5/4/2004	Normalized_Volatility	103.3952
5y10y_ATM	5/3/2004	Normalized_Volatility	100.615608
5y10y_ATM	4/30/2004	Normalized_Volatility	99.6412782
5y10y_ATM	4/29/2004	Normalized_Volatility	99.779103
5y10y_ATM	4/28/2004	Normalized_Volatility	99.5602371
5y10y_ATM	4/27/2004	Normalized_Volatility	99.7378486
5y10y_ATM	4/26/2004	Normalized_Volatility	100.964892
5y10y_ATM	4/23/2004	Normalized_Volatility	101.441455
5y10y_ATM	4/22/2004	Normalized_Volatility	100.7108908
5y10y_ATM	4/21/2004	Normalized_Volatility	101.1032568
5y10y_ATM	4/20/2004	Normalized_Volatility	101.6493806
5y10y_ATM	4/19/2004	Normalized_Volatility	101.7211588
5y10y_ATM	4/16/2004	Normalized_Volatility	101.9132184
5y10y_ATM	4/15/2004	Normalized_Volatility	101.3703769
5y10y_ATM	4/14/2004	Normalized_Volatility	102.21335
5y10y_ATM	4/13/2004	Normalized_Volatility	102.8816325
5y10y_ATM	4/12/2004	Normalized_Volatility	104.22888
5y10y_ATM	4/8/2004	Normalized_Volatility	104.8765891
5y10y_ATM	4/7/2004	Normalized_Volatility	105.091331
5y10y_ATM	4/6/2004	Normalized_Volatility	105.510522
5y10y_ATM	4/5/2004	Normalized_Volatility	106.5893573
5y10y_ATM	4/2/2004	Normalized_Volatility	106.3364918
5y10y_ATM	4/1/2004	Normalized_Volatility	106.317342
5y10y_ATM	3/31/2004	Normalized_Volatility	106.4189392
5y10y_ATM	3/30/2004	Normalized_Volatility	107.4457634
5y10y_ATM	3/29/2004	Normalized_Volatility	108.283248
5y10y_ATM	3/26/2004	Normalized_Volatility	109.126745
5y10y_ATM	3/25/2004	Normalized_Volatility	108.763311
5y10y_ATM	3/24/2004	Normalized_Volatility	108.1315044
5y10y_ATM	3/23/2004	Normalized_Volatility	107.659809
5y10y_ATM	3/22/2004	Normalized_Volatility	106.894416
5y10y_ATM	3/19/2004	Normalized_Volatility	106.7947375
5y10y_ATM	3/18/2004	Normalized_Volatility	107.0284116
5y10y_ATM	3/17/2004	Normalized_Volatility	107.1875256
5y10y_ATM	3/16/2004	Normalized_Volatility	106.4941892
5y10y_ATM	3/15/2004	Normalized_Volatility	106.9302155
5y10y_ATM	3/12/2004	Normalized_Volatility	106.007789
5y10y_ATM	3/11/2004	Normalized_Volatility	106.2404225
5y10y_ATM	3/10/2004	Normalized_Volatility	105.8763414
5y10y_ATM	3/9/2004	Normalized_Volatility	104.5531025
5y10y_ATM	3/8/2004	Normalized_Volatility	104.1961985
5y10y_ATM	3/5/2004	Normalized_Volatility	103.9011028
5y10y_ATM	3/4/2004	Normalized_Volatility	105.689965
5y10y_ATM	3/3/2004	Normalized_Volatility	106.63542
5y10y_ATM	3/2/2004	Normalized_Volatility	107.10378
5y10y_ATM	3/1/2004	Normalized_Volatility	106.0647966
5y10y_ATM	2/27/2004	Normalized_Volatility	105.7462203
5y10y_ATM	2/26/2004	Normalized_Volatility	106.2676888
5y10y_ATM	2/25/2004	Normalized_Volatility	105.6702932
5y10y_ATM	2/24/2004	Normalized_Volatility	105.7179714
5y10y_ATM	2/23/2004	Normalized_Volatility	105.5373705
5y10y_ATM	2/20/2004	Normalized_Volatility	105.70005
5y10y_ATM	2/19/2004	Normalized_Volatility	105.5443932
5y10y_ATM	2/18/2004	Normalized_Volatility	105.3917934
5y10y_ATM	2/17/2004	Normalized_Volatility	105.6914196
5y10y_ATM	2/13/2004	Normalized_Volatility	105.6405515
5y10y_ATM	2/12/2004	Normalized_Volatility	105.72275
5y10y_ATM	2/11/2004	Normalized_Volatility	105.772968
5y10y_ATM	2/10/2004	Normalized_Volatility	108.1589476
5y10y_ATM	2/9/2004	Normalized_Volatility	109.0348721
5y10y_ATM	2/6/2004	Normalized_Volatility	109.577568
5y10y_ATM	2/5/2004	Normalized_Volatility	110.1556119
5y10y_ATM	2/4/2004	Normalized_Volatility	109.6253536
5y10y_ATM	2/3/2004	Normalized_Volatility	109.270836
5y10y_ATM	2/2/2004	Normalized_Volatility	108.676243
5y10y_ATM	1/30/2004	Normalized_Volatility	108.1878882
5y10y_ATM	1/29/2004	Normalized_Volatility	109.5739764
5y10y_ATM	1/28/2004	Normalized_Volatility	110.022539
5y10y_ATM	1/27/2004	Normalized_Volatility	109.6037754
5y10y_ATM	1/26/2004	Normalized_Volatility	110.2254912
5y10y_ATM	1/23/2004	Normalized_Volatility	110.0926773
5y10y_ATM	1/22/2004	Normalized_Volatility	109.5635274
5y10y_ATM	1/21/2004	Normalized_Volatility	109.17452
5y10y_ATM	1/20/2004	Normalized_Volatility	110.00496
5y10y_ATM	1/16/2004	Normalized_Volatility	108.899158
5y10y_ATM	1/15/2004	Normalized_Volatility	109.0893969
5y10y_ATM	1/14/2004	Normalized_Volatility	107.2423275
5y10y_ATM	1/13/2004	Normalized_Volatility	107.154612
5y10y_ATM	1/12/2004	Normalized_Volatility	106.4280369
5y10y_ATM	1/9/2004	Normalized_Volatility	105.6101492
5y10y_ATM	1/8/2004	Normalized_Volatility	106.98753
5y10y_ATM	1/7/2004	Normalized_Volatility	107.6118265
5y10y_ATM	1/6/2004	Normalized_Volatility	108.13926
5y10y_ATM	1/5/2004	Normalized_Volatility	109.8549
5y10y_ATM	1/2/2004	Normalized_Volatility	110.9320641
5y10y_ATM	12/31/2003	Normalized_Volatility	110.1335466
5y10y_ATM	12/30/2003	Normalized_Volatility	110.3383125
5y10y_ATM	12/29/2003	Normalized_Volatility	110.475264
5y10y_ATM	12/26/2003	Normalized_Volatility	109.2383463
5y10y_ATM	12/24/2003	Normalized_Volatility	109.2122493
5y10y_ATM	12/23/2003	Normalized_Volatility	110.013966
5y10y_ATM	12/22/2003	Normalized_Volatility	109.1035924
5y10y_ATM	12/19/2003	Normalized_Volatility	109.044096
5y10y_ATM	12/18/2003	Normalized_Volatility	109.0820918
5y10y_ATM	12/17/2003	Normalized_Volatility	109.867896
5y10y_ATM	12/16/2003	Normalized_Volatility	109.7488656
5y10y_ATM	12/15/2003	Normalized_Volatility	110.2590748
5y10y_ATM	12/12/2003	Normalized_Volatility	110.090112
5y10y_ATM	12/11/2003	Normalized_Volatility	109.9989315
5y10y_ATM	12/10/2003	Normalized_Volatility	111.038307
5y10y_ATM	12/9/2003	Normalized_Volatility	113.0616
5y10y_ATM	12/8/2003	Normalized_Volatility	111.870438
5y10y_ATM	12/5/2003	Normalized_Volatility	111.75346
5y10y_ATM	12/4/2003	Normalized_Volatility	112.518
5y10y_ATM	12/3/2003	Normalized_Volatility	113.2755568
5y10y_ATM	12/2/2003	Normalized_Volatility	113.2376868
5y10y_ATM	12/1/2003	Normalized_Volatility	113.3110962
5y10y_ATM	11/28/2003	Normalized_Volatility	111.7272075
5y10y_ATM	11/26/2003	Normalized_Volatility	111.29862
5y10y_ATM	11/25/2003	Normalized_Volatility	110.7654075
5y10y_ATM	11/24/2003	Normalized_Volatility	110.3893
5y10y_ATM	11/21/2003	Normalized_Volatility	109.6488
5y10y_ATM	11/20/2003	Normalized_Volatility	109.12062
5y10y_ATM	11/19/2003	Normalized_Volatility	108.827915
5y10y_ATM	11/18/2003	Normalized_Volatility	107.6052809
5y10y_ATM	11/17/2003	Normalized_Volatility	106.8103575
5y10y_ATM	11/14/2003	Normalized_Volatility	106.3481782
5y10y_ATM	11/13/2003	Normalized_Volatility	106.7300235
5y10y_ATM	11/12/2003	Normalized_Volatility	107.717174
5y10y_ATM	11/10/2003	Normalized_Volatility	109.4001
5y10y_ATM	11/7/2003	Normalized_Volatility	110.20247
5y10y_ATM	11/6/2003	Normalized_Volatility	110.7171648
5y10y_ATM	11/5/2003	Normalized_Volatility	109.9127736
5y10y_ATM	11/4/2003	Normalized_Volatility	110.482208
5y10y_ATM	11/3/2003	Normalized_Volatility	111.03225
5y10y_ATM	10/31/2003	Normalized_Volatility	110.7947505
5y10y_ATM	10/30/2003	Normalized_Volatility	111.5904375
5y10y_ATM	10/29/2003	Normalized_Volatility	110.2845196
5y10y_ATM	10/28/2003	Normalized_Volatility	111.182368
5y10y_ATM	10/27/2003	Normalized_Volatility	112.0896282
5y10y_ATM	10/24/2003	Normalized_Volatility	110.9936975
5y10y_ATM	10/23/2003	Normalized_Volatility	111.9814875
5y10y_ATM	10/22/2003	Normalized_Volatility	111.2487
5y10y_ATM	10/21/2003	Normalized_Volatility	112.2366825
5y10y_ATM	10/20/2003	Normalized_Volatility	112.659863
5y10y_ATM	10/17/2003	Normalized_Volatility	112.4847108
5y10y_ATM	10/16/2003	Normalized_Volatility	112.98336
5y10y_ATM	10/15/2003	Normalized_Volatility	112.4989912
5y10y_ATM	10/14/2003	Normalized_Volatility	111.5361422
5y10y_ATM	10/10/2003	Normalized_Volatility	111.7322558
5y10y_ATM	10/9/2003	Normalized_Volatility	112.404113
5y10y_ATM	10/8/2003	Normalized_Volatility	112.963368
5y10y_ATM	10/7/2003	Normalized_Volatility	113.7033352
5y10y_ATM	10/6/2003	Normalized_Volatility	111.8243025
5y10y_ATM	10/3/2003	Normalized_Volatility	112.8344166
5y10y_ATM	10/2/2003	Normalized_Volatility	110.8656318
5y10y_ATM	10/1/2003	Normalized_Volatility	109.9273599
5y10y_ATM	9/30/2003	Normalized_Volatility	109.87243
5y10y_ATM	9/29/2003	Normalized_Volatility	108.55728
5y10y_ATM	9/26/2003	Normalized_Volatility	107.8084947
5y10y_ATM	9/25/2003	Normalized_Volatility	108.24091
5y10y_ATM	9/24/2003	Normalized_Volatility	107.8318251
5y10y_ATM	9/23/2003	Normalized_Volatility	107.7426522
5y10y_ATM	9/22/2003	Normalized_Volatility	107.5464192
5y10y_ATM	9/19/2003	Normalized_Volatility	106.0833456
5y10y_ATM	9/18/2003	Normalized_Volatility	106.0361975
5y10y_ATM	9/17/2003	Normalized_Volatility	105.7252653
5y10y_ATM	9/16/2003	Normalized_Volatility	107.028339
5y10y_ATM	9/15/2003	Normalized_Volatility	106.3847979
5y10y_ATM	9/12/2003	Normalized_Volatility	106.7622192
5y10y_ATM	9/11/2003	Normalized_Volatility	106.05294
5y10y_ATM	9/10/2003	Normalized_Volatility	104.704303
5y10y_ATM	9/9/2003	Normalized_Volatility	106.960932
5y10y_ATM	9/8/2003	Normalized_Volatility	106.71972
5y10y_ATM	9/5/2003	Normalized_Volatility	107.6771448
5y10y_ATM	9/4/2003	Normalized_Volatility	109.8297375
5y10y_ATM	9/3/2003	Normalized_Volatility	112.588611
5y10y_ATM	9/2/2003	Normalized_Volatility	113.1442732
5y10y_ATM	8/29/2003	Normalized_Volatility	110.7892755
5y10y_ATM	8/28/2003	Normalized_Volatility	111.0916575
5y10y_ATM	8/27/2003	Normalized_Volatility	111.4899552
5y10y_ATM	8/26/2003	Normalized_Volatility	111.8624175
5y10y_ATM	8/25/2003	Normalized_Volatility	113.2977475
5y10y_ATM	8/22/2003	Normalized_Volatility	111.7914048
5y10y_ATM	8/21/2003	Normalized_Volatility	113.3000072
5y10y_ATM	8/20/2003	Normalized_Volatility	112.6987944
5y10y_ATM	8/19/2003	Normalized_Volatility	111.521848
5y10y_ATM	8/18/2003	Normalized_Volatility	114.4213868
5y10y_ATM	8/15/2003	Normalized_Volatility	117.44105
5y10y_ATM	8/14/2003	Normalized_Volatility	117.2052075
5y10y_ATM	8/13/2003	Normalized_Volatility	117.6308325
5y10y_ATM	8/12/2003	Normalized_Volatility	113.1797865
5y10y_ATM	8/11/2003	Normalized_Volatility	114.26376
5y10y_ATM	8/8/2003	Normalized_Volatility	112.2711975
5y10y_ATM	8/7/2003	Normalized_Volatility	109.6971825
5y10y_ATM	8/6/2003	Normalized_Volatility	111.74679
5y10y_ATM	8/5/2003	Normalized_Volatility	116.109
5y10y_ATM	8/4/2003	Normalized_Volatility	117.31649
5y10y_ATM	8/1/2003	Normalized_Volatility	120.0984232
5y10y_ATM	7/31/2003	Normalized_Volatility	122.192175
5y10y_ATM	7/30/2003	Normalized_Volatility	117.2263534
5y10y_ATM	7/29/2003	Normalized_Volatility	115.9235
5y10y_ATM	7/28/2003	Normalized_Volatility	113.48925
5y10y_ATM	7/25/2003	Normalized_Volatility	112.6886992
5y10y_ATM	7/24/2003	Normalized_Volatility	112.52952
5y10y_ATM	7/23/2003	Normalized_Volatility	111.4723575
5y10y_ATM	7/22/2003	Normalized_Volatility	111.447945
5y10y_ATM	7/21/2003	Normalized_Volatility	112.65976
5y10y_ATM	7/18/2003	Normalized_Volatility	109.52294
5y10y_ATM	7/17/2003	Normalized_Volatility	111.3011708
5y10y_ATM	7/16/2003	Normalized_Volatility	113.6231208
5y10y_ATM	7/15/2003	Normalized_Volatility	112.27264
5y10y_ATM	7/14/2003	Normalized_Volatility	109.8147589
5y10y_ATM	7/11/2003	Normalized_Volatility	109.4496457
5y10y_ATM	7/10/2003	Normalized_Volatility	111.0094
5y10y_ATM	7/9/2003	Normalized_Volatility	111.7966675
5y10y_ATM	7/8/2003	Normalized_Volatility	113.14075
5y10y_ATM	7/7/2003	Normalized_Volatility	113.5416942
5y10y_ATM	7/3/2003	Normalized_Volatility	113.1702
5y10y_ATM	7/2/2003	Normalized_Volatility	111.44758
5y10y_ATM	7/1/2003	Normalized_Volatility	111.675746
5y10y_ATM	6/30/2003	Normalized_Volatility	111.6716625
5y10y_ATM	6/27/2003	Normalized_Volatility	112.16441
5y10y_ATM	6/26/2003	Normalized_Volatility	111.650295
5y10y_ATM	6/25/2003	Normalized_Volatility	108.3942891
5y10y_ATM	6/24/2003	Normalized_Volatility	108.68106
5y10y_ATM	6/23/2003	Normalized_Volatility	108.06695
5y10y_ATM	6/20/2003	Normalized_Volatility	108.3416859
5y10y_ATM	6/19/2003	Normalized_Volatility	107.839164
5y10y_ATM	6/18/2003	Normalized_Volatility	107.17535
5y10y_ATM	6/17/2003	Normalized_Volatility	105.812805
5y10y_ATM	6/16/2003	Normalized_Volatility	104.31057
5y10y_ATM	6/13/2003	Normalized_Volatility	103.716839
5y10y_ATM	6/12/2003	Normalized_Volatility	103.187203
5y10y_ATM	6/11/2003	Normalized_Volatility	101.7956394
5y10y_ATM	6/10/2003	Normalized_Volatility	102.1376846
5y10y_ATM	6/9/2003	Normalized_Volatility	101.784213
5y10y_ATM	6/6/2003	Normalized_Volatility	102.2593798
5y10y_ATM	6/5/2003	Normalized_Volatility	103.1896975
5y10y_ATM	6/4/2003	Normalized_Volatility	103.063317
5y10y_ATM	6/3/2003	Normalized_Volatility	102.3119925
5y10y_ATM	6/2/2003	Normalized_Volatility	103.1162553
5y10y_ATM	5/30/2003	Normalized_Volatility	102.313825
5y10y_ATM	5/29/2003	Normalized_Volatility	102.548736
5y10y_ATM	5/28/2003	Normalized_Volatility	103.43572
5y10y_ATM	5/27/2003	Normalized_Volatility	103.2739947
5y10y_ATM	5/23/2003	Normalized_Volatility	102.056295
5y10y_ATM	5/22/2003	Normalized_Volatility	102.3873318
5y10y_ATM	5/21/2003	Normalized_Volatility	103.803075
5y10y_ATM	5/20/2003	Normalized_Volatility	102.4896688
5y10y_ATM	5/19/2003	Normalized_Volatility	101.74899
5y10y_ATM	5/16/2003	Normalized_Volatility	101.0389527
5y10y_ATM	5/15/2003	Normalized_Volatility	99.1821845
5y10y_ATM	5/14/2003	Normalized_Volatility	98.091825
5y10y_ATM	5/13/2003	Normalized_Volatility	98.32566
5y10y_ATM	5/12/2003	Normalized_Volatility	98.2390656
5y10y_ATM	5/9/2003	Normalized_Volatility	98.94816
5y10y_ATM	5/8/2003	Normalized_Volatility	100.64223
5y10y_ATM	5/7/2003	Normalized_Volatility	101.1114638
5y10y_ATM	5/6/2003	Normalized_Volatility	101.2401375
5y10y_ATM	5/5/2003	Normalized_Volatility	102.2282688
5y10y_ATM	5/2/2003	Normalized_Volatility	102.1065135
5y10y_ATM	5/1/2003	Normalized_Volatility	102.031028
5y10y_ATM	4/30/2003	Normalized_Volatility	102.021148
5y10y_ATM	4/29/2003	Normalized_Volatility	103.016375
5y10y_ATM	4/28/2003	Normalized_Volatility	102.7802325
5y10y_ATM	4/25/2003	Normalized_Volatility	102.09076
5y10y_ATM	4/24/2003	Normalized_Volatility	101.3297211
5y10y_ATM	4/23/2003	Normalized_Volatility	103.53105
5y10y_ATM	4/22/2003	Normalized_Volatility	104.011027
5y10y_ATM	4/21/2003	Normalized_Volatility	103.5254006
5y10y_ATM	4/17/2003	Normalized_Volatility	102.58444
5y10y_ATM	4/16/2003	Normalized_Volatility	102.088038
5y10y_ATM	4/15/2003	Normalized_Volatility	103.501965
5y10y_ATM	4/14/2003	Normalized_Volatility	104.1439946
5y10y_ATM	4/11/2003	Normalized_Volatility	104.6296944
5y10y_ATM	4/10/2003	Normalized_Volatility	104.504122
5y10y_ATM	4/9/2003	Normalized_Volatility	104.4061286
5y10y_ATM	4/8/2003	Normalized_Volatility	104.38993
5y10y_ATM	4/7/2003	Normalized_Volatility	105.7621017
5y10y_ATM	4/4/2003	Normalized_Volatility	105.902665
5y10y_ATM	4/3/2003	Normalized_Volatility	105.7495698
5y10y_ATM	4/2/2003	Normalized_Volatility	105.862544
5y10y_ATM	4/1/2003	Normalized_Volatility	106.0172
5y10y_ATM	3/31/2003	Normalized_Volatility	106.447386
5y10y_ATM	3/28/2003	Normalized_Volatility	106.507227
5y10y_ATM	3/27/2003	Normalized_Volatility	107.011736
5y10y_ATM	3/26/2003	Normalized_Volatility	107.1780702
5y10y_ATM	3/25/2003	Normalized_Volatility	108.1648275
5y10y_ATM	3/24/2003	Normalized_Volatility	109.4640075
5y10y_ATM	3/21/2003	Normalized_Volatility	110.02358
5y10y_ATM	3/20/2003	Normalized_Volatility	111.437703
5y10y_ATM	3/19/2003	Normalized_Volatility	110.0669002
5y10y_ATM	3/18/2003	Normalized_Volatility	108.9115416
5y10y_ATM	3/17/2003	Normalized_Volatility	108.8417292
5y10y_ATM	3/14/2003	Normalized_Volatility	108.11218
5y10y_ATM	3/13/2003	Normalized_Volatility	109.4462768
5y10y_ATM	3/12/2003	Normalized_Volatility	109.211872
5y10y_ATM	3/11/2003	Normalized_Volatility	109.37092
5y10y_ATM	3/10/2003	Normalized_Volatility	110.0951775
5y10y_ATM	3/7/2003	Normalized_Volatility	109.3672016
5y10y_ATM	3/6/2003	Normalized_Volatility	109.0724424
5y10y_ATM	3/5/2003	Normalized_Volatility	108.027105
5y10y_ATM	3/4/2003	Normalized_Volatility	108.0520025
5y10y_ATM	3/3/2003	Normalized_Volatility	107.7769587
5y10y_ATM	2/28/2003	Normalized_Volatility	106.416663
5y10y_ATM	2/27/2003	Normalized_Volatility	106.4778
5y10y_ATM	2/26/2003	Normalized_Volatility	106.807877
5y10y_ATM	2/25/2003	Normalized_Volatility	105.616225
5y10y_ATM	2/24/2003	Normalized_Volatility	104.82688
5y10y_ATM	2/21/2003	Normalized_Volatility	105.4121024
5y10y_ATM	2/20/2003	Normalized_Volatility	104.570582
5y10y_ATM	2/19/2003	Normalized_Volatility	104.71648
5y10y_ATM	2/18/2003	Normalized_Volatility	105.42525
5y10y_ATM	2/14/2003	Normalized_Volatility	106.57328
5y10y_ATM	2/13/2003	Normalized_Volatility	105.22512
5y10y_ATM	2/12/2003	Normalized_Volatility	105.22575
5y10y_ATM	2/11/2003	Normalized_Volatility	105.26775
5y10y_ATM	2/10/2003	Normalized_Volatility	104.97594
5y10y_ATM	2/7/2003	Normalized_Volatility	104.83725
5y10y_ATM	2/6/2003	Normalized_Volatility	105.27088
5y10y_ATM	2/5/2003	Normalized_Volatility	105.85925
5y10y_ATM	2/4/2003	Normalized_Volatility	105.81414
5y10y_ATM	2/3/2003	Normalized_Volatility	105.58275
5y10y_ATM	1/31/2003	Normalized_Volatility	106.4448
5y10y_ATM	1/30/2003	Normalized_Volatility	106.76864
5y10y_ATM	1/29/2003	Normalized_Volatility	108.04816
5y10y_ATM	1/28/2003	Normalized_Volatility	108.09213
5y10y_ATM	1/27/2003	Normalized_Volatility	107.33536
5y10y_ATM	1/24/2003	Normalized_Volatility	106.09984
5y10y_ATM	1/23/2003	Normalized_Volatility	106.8672
5y10y_ATM	1/22/2003	Normalized_Volatility	106.37088
5y10y_ATM	1/21/2003	Normalized_Volatility	106.5925
5y10y_ATM	1/17/2003	Normalized_Volatility	107.359
5y10y_ATM	1/16/2003	Normalized_Volatility	107.41194
5y10y_ATM	1/15/2003	Normalized_Volatility	107.6538
5y10y_ATM	1/14/2003	Normalized_Volatility	108.58575
5y10y_ATM	1/13/2003	Normalized_Volatility	109.319
5y10y_ATM	1/10/2003	Normalized_Volatility	109.711
5y10y_ATM	1/9/2003	Normalized_Volatility	109.44675
5y10y_ATM	1/8/2003	Normalized_Volatility	108.50702
5y10y_ATM	1/7/2003	Normalized_Volatility	109.29022
5y10y_ATM	1/6/2003	Normalized_Volatility	109.6269774
5y10y_ATM	1/3/2003	Normalized_Volatility	108.37376
5y10y_ATM	1/2/2003	Normalized_Volatility	108.42128
5y10y_ATM	12/31/2002	Normalized_Volatility	108.05519
5y10y_ATM	12/30/2002	Normalized_Volatility	107.12666
5y10y_ATM	12/27/2002	Normalized_Volatility	106.9902
5y10y_ATM	12/26/2002	Normalized_Volatility	108.05693
5y10y_ATM	12/24/2002	Normalized_Volatility	107.60278
5y10y_ATM	12/23/2002	Normalized_Volatility	108.35216
5y10y_ATM	12/20/2002	Normalized_Volatility	108.1083
5y10y_ATM	12/19/2002	Normalized_Volatility	108.90897
5y10y_ATM	12/18/2002	Normalized_Volatility	109.41786
5y10y_ATM	12/17/2002	Normalized_Volatility	108.9305
5y10y_ATM	12/16/2002	Normalized_Volatility	106.52616
5y10y_ATM	12/13/2002	Normalized_Volatility	105.94168
5y10y_ATM	12/12/2002	Normalized_Volatility	106.86896
5y10y_ATM	12/11/2002	Normalized_Volatility	108.8712
5y10y_ATM	12/10/2002	Normalized_Volatility	110.47516
5y10y_ATM	12/9/2002	Normalized_Volatility	111.3112
5y10y_ATM	12/6/2002	Normalized_Volatility	112.2212
5y10y_ATM	12/5/2002	Normalized_Volatility	111.65518
5y10y_ATM	12/4/2002	Normalized_Volatility	111.6
5y10y_ATM	12/3/2002	Normalized_Volatility	112.392
5y10y_ATM	12/2/2002	Normalized_Volatility	110.69998
5y10y_ATM	11/29/2002	Normalized_Volatility	109.11018
5y10y_ATM	11/27/2002	Normalized_Volatility	109.46166
5y10y_ATM	11/26/2002	Normalized_Volatility	106.63068
5y10y_ATM	11/25/2002	Normalized_Volatility	110.41614
5y10y_ATM	11/22/2002	Normalized_Volatility	110.8317
5y10y_ATM	11/21/2002	Normalized_Volatility	111.2796
5y10y_ATM	11/20/2002	Normalized_Volatility	110.65978
5y10y_ATM	11/19/2002	Normalized_Volatility	109.62265
5y10y_ATM	11/18/2002	Normalized_Volatility	108.7135
5y10y_ATM	11/15/2002	Normalized_Volatility	106.73754
5y10y_ATM	11/14/2002	Normalized_Volatility	106.37168
5y10y_ATM	11/13/2002	Normalized_Volatility	104.99825
5y10y_ATM	11/12/2002	Normalized_Volatility	104.39478
5y10y_ATM	11/8/2002	Normalized_Volatility	106.17564
5y10y_ATM	11/7/2002	Normalized_Volatility	107.29128
5y10y_ATM	11/6/2002	Normalized_Volatility	107.74596
5y10y_ATM	11/5/2002	Normalized_Volatility	110.98068
5y10y_ATM	11/4/2002	Normalized_Volatility	111.56464
5y10y_ATM	11/1/2002	Normalized_Volatility	113.6754
5y10y_ATM	10/31/2002	Normalized_Volatility	115.50968
5y10y_ATM	10/30/2002	Normalized_Volatility	116.61105
5y10y_ATM	10/29/2002	Normalized_Volatility	115.05888
5y10y_ATM	10/28/2002	Normalized_Volatility	116.60028
5y10y_ATM	10/25/2002	Normalized_Volatility	116.15742
5y10y_ATM	10/24/2002	Normalized_Volatility	116.41911
5y10y_ATM	10/23/2002	Normalized_Volatility	117.55198
5y10y_ATM	10/22/2002	Normalized_Volatility	118.50165
5y10y_ATM	10/21/2002	Normalized_Volatility	114.99855
5y10y_ATM	10/18/2002	Normalized_Volatility	115.8756
5y10y_ATM	10/17/2002	Normalized_Volatility	114.573
5y10y_ATM	10/16/2002	Normalized_Volatility	114.36336
5y10y_ATM	10/15/2002	Normalized_Volatility	113.84264
5y10y_ATM	10/11/2002	Normalized_Volatility	115.14244
5y10y_ATM	10/10/2002	Normalized_Volatility	114.62077
5y10y_ATM	10/9/2002	Normalized_Volatility	118.49313
5y10y_ATM	10/8/2002	Normalized_Volatility	119.63784
5y10y_ATM	10/7/2002	Normalized_Volatility	121.08886
5y10y_ATM	10/4/2002	Normalized_Volatility	122.96752
5y10y_ATM	10/3/2002	Normalized_Volatility	122.92176
5y10y_ATM	10/2/2002	Normalized_Volatility	123.7131
5y10y_ATM	10/1/2002	Normalized_Volatility	124.80861
5y10y_ATM	9/30/2002	Normalized_Volatility	125.9255
5y10y_ATM	9/27/2002	Normalized_Volatility	124.60074
5y10y_ATM	9/26/2002	Normalized_Volatility	124.68834
5y10y_ATM	9/25/2002	Normalized_Volatility	124.51532
5y10y_ATM	9/24/2002	Normalized_Volatility	125.4852
5y10y_ATM	9/23/2002	Normalized_Volatility	126.5817
5y10y_ATM	9/20/2002	Normalized_Volatility	123.3981
5y10y_ATM	9/19/2002	Normalized_Volatility	122.4048
5y10y_ATM	9/18/2002	Normalized_Volatility	119.66232
5y10y_ATM	9/17/2002	Normalized_Volatility	118.19626
5y10y_ATM	9/16/2002	Normalized_Volatility	116.94633
5y10y_ATM	9/13/2002	Normalized_Volatility	117.446848
5y10y_ATM	9/12/2002	Normalized_Volatility	117.50262
5y10y_ATM	9/11/2002	Normalized_Volatility	117.97722
5y10y_ATM	9/10/2002	Normalized_Volatility	117.87555
5y10y_ATM	9/9/2002	Normalized_Volatility	117.63929
5y10y_ATM	9/6/2002	Normalized_Volatility	117.4848
5y10y_ATM	9/5/2002	Normalized_Volatility	116.57295
5y10y_ATM	9/4/2002	Normalized_Volatility	116.571
5y10y_ATM	9/3/2002	Normalized_Volatility	117.68232
5y10y_ATM	8/30/2002	Normalized_Volatility	117.10401
5y10y_ATM	8/29/2002	Normalized_Volatility	117.73813
5y10y_ATM	8/28/2002	Normalized_Volatility	117.32742
5y10y_ATM	8/27/2002	Normalized_Volatility	118.26328
5y10y_ATM	8/26/2002	Normalized_Volatility	117.2034
5y10y_ATM	8/23/2002	Normalized_Volatility	116.69348
5y10y_ATM	8/22/2002	Normalized_Volatility	117.8661
5y10y_ATM	8/21/2002	Normalized_Volatility	118.7328
5y10y_ATM	8/20/2002	Normalized_Volatility	116.9868
5y10y_ATM	8/19/2002	Normalized_Volatility	117.55014
5y10y_ATM	8/16/2002	Normalized_Volatility	120.02067
5y10y_ATM	8/15/2002	Normalized_Volatility	121.12939
5y10y_ATM	8/14/2002	Normalized_Volatility	118.51126
5y10y_ATM	8/13/2002	Normalized_Volatility	115.87455
5y10y_ATM	8/12/2002	Normalized_Volatility	116.3724
5y10y_ATM	8/9/2002	Normalized_Volatility	115.16306
5y10y_ATM	8/8/2002	Normalized_Volatility	116.89953
5y10y_ATM	8/7/2002	Normalized_Volatility	119.84472
5y10y_ATM	8/6/2002	Normalized_Volatility	117.19309
5y10y_ATM	8/5/2002	Normalized_Volatility	117.53014
5y10y_ATM	8/2/2002	Normalized_Volatility	115.634
5y10y_ATM	8/1/2002	Normalized_Volatility	114.8875
5y10y_ATM	7/31/2002	Normalized_Volatility	114.6921
5y10y_ATM	7/30/2002	Normalized_Volatility	114.99404
5y10y_ATM	7/29/2002	Normalized_Volatility	115.70413
5y10y_ATM	7/26/2002	Normalized_Volatility	116.41821
5y10y_ATM	7/25/2002	Normalized_Volatility	115.13496
5y10y_ATM	7/24/2002	Normalized_Volatility	114.9346
5y10y_ATM	7/23/2002	Normalized_Volatility	113.67294
5y10y_ATM	7/22/2002	Normalized_Volatility	111.3687
5y10y_ATM	7/19/2002	Normalized_Volatility	111.36484
5y10y_ATM	7/18/2002	Normalized_Volatility	111.68181
5y10y_ATM	7/17/2002	Normalized_Volatility	113.0212
5y10y_ATM	7/16/2002	Normalized_Volatility	114.04679
5y10y_ATM	7/15/2002	Normalized_Volatility	117.75498
5y10y_ATM	7/12/2002	Normalized_Volatility	115.71992
5y10y_ATM	7/11/2002	Normalized_Volatility	116.2296
5y10y_ATM	7/10/2002	Normalized_Volatility	115.53498
5y10y_ATM	7/9/2002	Normalized_Volatility	114.82529
5y10y_ATM	7/8/2002	Normalized_Volatility	113.8167
5y10y_ATM	7/5/2002	Normalized_Volatility	113.69813
5y10y_ATM	7/3/2002	Normalized_Volatility	113.75564
5y10y_ATM	7/2/2002	Normalized_Volatility	113.42884
5y10y_ATM	7/1/2002	Normalized_Volatility	111.29715
5y10y_ATM	6/28/2002	Normalized_Volatility	111.9216
5y10y_ATM	6/27/2002	Normalized_Volatility	112.7542
5y10y_ATM	6/26/2002	Normalized_Volatility	114.55136
5y10y_ATM	6/25/2002	Normalized_Volatility	112.8953
5y10y_ATM	6/24/2002	Normalized_Volatility	113.08914
5y10y_ATM	6/21/2002	Normalized_Volatility	112.24032
5y10y_ATM	6/20/2002	Normalized_Volatility	112.3513
5y10y_ATM	6/19/2002	Normalized_Volatility	111.27141
5y10y_ATM	6/18/2002	Normalized_Volatility	110.47466
5y10y_ATM	6/17/2002	Normalized_Volatility	110.46304
5y10y_ATM	6/14/2002	Normalized_Volatility	109.14168
5y10y_ATM	6/13/2002	Normalized_Volatility	108.32616
5y10y_ATM	6/12/2002	Normalized_Volatility	107.75328
5y10y_ATM	6/11/2002	Normalized_Volatility	107.14533
5y10y_ATM	6/10/2002	Normalized_Volatility	107.28281
5y10y_ATM	6/7/2002	Normalized_Volatility	108.02071
5y10y_ATM	6/6/2002	Normalized_Volatility	107.97531
5y10y_ATM	6/5/2002	Normalized_Volatility	108.28695
5y10y_ATM	6/4/2002	Normalized_Volatility	109.67076
5y10y_ATM	6/3/2002	Normalized_Volatility	108.4416
5y10y_ATM	5/31/2002	Normalized_Volatility	108.4064
5y10y_ATM	5/30/2002	Normalized_Volatility	108.88591
5y10y_ATM	5/29/2002	Normalized_Volatility	107.13822
5y10y_ATM	5/28/2002	Normalized_Volatility	106.71648
5y10y_ATM	5/24/2002	Normalized_Volatility	107.72555
5y10y_ATM	5/23/2002	Normalized_Volatility	108.80828
5y10y_ATM	5/22/2002	Normalized_Volatility	108.53976
5y10y_ATM	5/21/2002	Normalized_Volatility	108.85299
5y10y_ATM	5/20/2002	Normalized_Volatility	108.73402
5y10y_ATM	5/17/2002	Normalized_Volatility	107.7343
5y10y_ATM	5/16/2002	Normalized_Volatility	107.77416
5y10y_ATM	5/15/2002	Normalized_Volatility	110.59404
5y10y_ATM	5/14/2002	Normalized_Volatility	113.16024
5y10y_ATM	5/13/2002	Normalized_Volatility	113.80288
5y10y_ATM	5/10/2002	Normalized_Volatility	112.23176
5y10y_ATM	5/9/2002	Normalized_Volatility	112.4876
5y10y_ATM	5/8/2002	Normalized_Volatility	112.26462
5y10y_ATM	5/7/2002	Normalized_Volatility	110.5114
5y10y_ATM	5/6/2002	Normalized_Volatility	109.05678
5y10y_ATM	5/3/2002	Normalized_Volatility	108.73764
5y10y_ATM	5/2/2002	Normalized_Volatility	108.78931
5y10y_ATM	5/1/2002	Normalized_Volatility	108.83925
5y10y_ATM	4/30/2002	Normalized_Volatility	107.21847
5y10y_ATM	4/29/2002	Normalized_Volatility	108.21858
5y10y_ATM	4/26/2002	Normalized_Volatility	106.83012
5y10y_ATM	4/25/2002	Normalized_Volatility	106.60928
5y10y_ATM	4/24/2002	Normalized_Volatility	105.47316
5y10y_ATM	4/23/2002	Normalized_Volatility	105.20356
5y10y_ATM	4/22/2002	Normalized_Volatility	105.42686
5y10y_ATM	4/19/2002	Normalized_Volatility	106.30312
5y10y_ATM	4/18/2002	Normalized_Volatility	106.23555
5y10y_ATM	4/17/2002	Normalized_Volatility	106.15905
5y10y_ATM	4/16/2002	Normalized_Volatility	103.80042
5y10y_ATM	4/15/2002	Normalized_Volatility	105.03144
5y10y_ATM	4/12/2002	Normalized_Volatility	106.06596
5y10y_ATM	4/11/2002	Normalized_Volatility	107.04455
5y10y_ATM	4/10/2002	Normalized_Volatility	107.76948
5y10y_ATM	4/9/2002	Normalized_Volatility	106.6741
5y10y_ATM	4/8/2002	Normalized_Volatility	107.1515
5y10y_ATM	4/5/2002	Normalized_Volatility	106.38425
5y10y_ATM	4/4/2002	Normalized_Volatility	107.18715
5y10y_ATM	4/3/2002	Normalized_Volatility	106.36713
5y10y_ATM	4/2/2002	Normalized_Volatility	107.1459
5y10y_ATM	4/1/2002	Normalized_Volatility	109.08128
5y10y_ATM	3/28/2002	Normalized_Volatility	108.22608
5y10y_ATM	3/27/2002	Normalized_Volatility	107.5844
5y10y_ATM	3/26/2002	Normalized_Volatility	106.64253
5y10y_ATM	3/25/2002	Normalized_Volatility	106.79976
5y10y_ATM	3/22/2002	Normalized_Volatility	106.99128
5y10y_ATM	3/21/2002	Normalized_Volatility	107.07488
5y10y_ATM	3/20/2002	Normalized_Volatility	107.90632
5y10y_ATM	3/19/2002	Normalized_Volatility	106.21944
5y10y_ATM	3/18/2002	Normalized_Volatility	104.33874
5y10y_ATM	3/15/2002	Normalized_Volatility	104.1201
5y10y_ATM	3/14/2002	Normalized_Volatility	106.2122
5y10y_ATM	3/13/2002	Normalized_Volatility	105.867
5y10y_ATM	3/12/2002	Normalized_Volatility	104.50132
5y10y_ATM	3/11/2002	Normalized_Volatility	104.076
5y10y_ATM	3/8/2002	Normalized_Volatility	105.54564
5y10y_ATM	3/7/2002	Normalized_Volatility	107.92628
5y10y_ATM	3/6/2002	Normalized_Volatility	106.9458
5y10y_ATM	3/5/2002	Normalized_Volatility	108.7792
5y10y_ATM	3/4/2002	Normalized_Volatility	109.46551
5y10y_ATM	3/1/2002	Normalized_Volatility	109.88946
5y10y_ATM	2/28/2002	Normalized_Volatility	107.25337
5y10y_ATM	2/27/2002	Normalized_Volatility	106.936
5y10y_ATM	2/26/2002	Normalized_Volatility	110.13084
5y10y_ATM	2/25/2002	Normalized_Volatility	110.8899
5y10y_ATM	2/22/2002	Normalized_Volatility	111.18514
5y10y_ATM	2/21/2002	Normalized_Volatility	110.33428
5y10y_ATM	2/20/2002	Normalized_Volatility	108.54137
5y10y_ATM	2/19/2002	Normalized_Volatility	110.15866
5y10y_ATM	2/15/2002	Normalized_Volatility	109.48384
5y10y_ATM	2/14/2002	Normalized_Volatility	109.67803
5y10y_ATM	2/13/2002	Normalized_Volatility	113.46885
5y10y_ATM	2/12/2002	Normalized_Volatility	115.06801
5y10y_ATM	2/11/2002	Normalized_Volatility	114.65664
5y10y_ATM	2/8/2002	Normalized_Volatility	115.39658
5y10y_ATM	2/7/2002	Normalized_Volatility	114.37997
5y10y_ATM	2/6/2002	Normalized_Volatility	114.51216
5y10y_ATM	2/5/2002	Normalized_Volatility	114.39441
5y10y_ATM	2/4/2002	Normalized_Volatility	114.325
5y10y_ATM	2/1/2002	Normalized_Volatility	112.068
5y10y_ATM	1/31/2002	Normalized_Volatility	113.84056
5y10y_ATM	1/30/2002	Normalized_Volatility	114.62304
5y10y_ATM	1/29/2002	Normalized_Volatility	116.61858
5y10y_ATM	1/28/2002	Normalized_Volatility	114.302
5y10y_ATM	1/25/2002	Normalized_Volatility	113.69008
5y10y_ATM	1/24/2002	Normalized_Volatility	120.14992
5y10y_ATM	1/23/2002	Normalized_Volatility	123.3108
5y10y_ATM	1/22/2002	Normalized_Volatility	124.6419
5y10y_ATM	1/18/2002	Normalized_Volatility	124.6086
5y10y_ATM	1/17/2002	Normalized_Volatility	126.13032
5y10y_ATM	1/16/2002	Normalized_Volatility	125.78892
5y10y_ATM	1/15/2002	Normalized_Volatility	124.6729
5y10y_ATM	1/14/2002	Normalized_Volatility	124.1683
5y10y_ATM	1/11/2002	Normalized_Volatility	122.72529
5y10y_ATM	1/10/2002	Normalized_Volatility	120.58788
5y10y_ATM	1/9/2002	Normalized_Volatility	121.60785
5y10y_ATM	1/8/2002	Normalized_Volatility	121.738375
5y10y_ATM	1/7/2002	Normalized_Volatility	120.5864
5y10y_ATM	1/4/2002	Normalized_Volatility	120.93696
5y10y_ATM	1/3/2002	Normalized_Volatility	121.61072
5y10y_ATM	1/2/2002	Normalized_Volatility	123.70707
5y10y_ATM	12/31/2001	Normalized_Volatility	120.505
5y10y_ATM	12/28/2001	Normalized_Volatility	121.877
5y10y_ATM	12/27/2001	Normalized_Volatility	120.7038
5y10y_ATM	12/26/2001	Normalized_Volatility	121.28165
5y10y_ATM	12/24/2001	Normalized_Volatility	120.81974
5y10y_ATM	12/21/2001	Normalized_Volatility	119.84748
5y10y_ATM	12/20/2001	Normalized_Volatility	118.1898
5y10y_ATM	12/19/2001	Normalized_Volatility	117.58302
5y10y_ATM	12/18/2001	Normalized_Volatility	117.05531
5y10y_ATM	12/17/2001	Normalized_Volatility	118.41885
5y10y_ATM	12/14/2001	Normalized_Volatility	116.69625
5y10y_ATM	12/13/2001	Normalized_Volatility	113.00634
5y10y_ATM	12/12/2001	Normalized_Volatility	110.18518
5y10y_ATM	12/11/2001	Normalized_Volatility	112.0224
5y10y_ATM	12/10/2001	Normalized_Volatility	113.97024
5y10y_ATM	12/7/2001	Normalized_Volatility	116.60107
5y10y_ATM	12/6/2001	Normalized_Volatility	116.85336
5y10y_ATM	12/5/2001	Normalized_Volatility	117.18
5y10y_ATM	12/4/2001	Normalized_Volatility	115.12862
5y10y_ATM	12/3/2001	Normalized_Volatility	116.99762
5y10y_ATM	11/30/2001	Normalized_Volatility	118.5624
5y10y_ATM	11/29/2001	Normalized_Volatility	120.72606
5y10y_ATM	11/28/2001	Normalized_Volatility	122.3222
5y10y_ATM	11/27/2001	Normalized_Volatility	120.91524
5y10y_ATM	11/26/2001	Normalized_Volatility	121.00936
5y10y_ATM	11/23/2001	Normalized_Volatility	119.64539
5y10y_ATM	11/21/2001	Normalized_Volatility	119.50398
5y10y_ATM	11/20/2001	Normalized_Volatility	119.9471
5y10y_ATM	11/19/2001	Normalized_Volatility	119.23158
5y10y_ATM	11/16/2001	Normalized_Volatility	116.349475
5y10y_ATM	11/15/2001	Normalized_Volatility	111.05389
5y10y_ATM	11/14/2001	Normalized_Volatility	108.98976
5y10y_ATM	11/13/2001	Normalized_Volatility	110.80706
5y10y_ATM	11/9/2001	Normalized_Volatility	111.82695
5y10y_ATM	11/8/2001	Normalized_Volatility	113.58006
5y10y_ATM	11/7/2001	Normalized_Volatility	112.59696
5y10y_ATM	11/6/2001	Normalized_Volatility	112.12665
5y10y_ATM	11/5/2001	Normalized_Volatility	111.94376
5y10y_ATM	11/2/2001	Normalized_Volatility	113.71936
5y10y_ATM	11/1/2001	Normalized_Volatility	116.47935
5y10y_ATM	10/31/2001	Normalized_Volatility	114.86612
5y10y_ATM	10/30/2001	Normalized_Volatility	111.19328
5y10y_ATM	10/29/2001	Normalized_Volatility	110.65008
5y10y_ATM	10/26/2001	Normalized_Volatility	109.94412
5y10y_ATM	10/25/2001	Normalized_Volatility	109.98712
5y10y_ATM	10/24/2001	Normalized_Volatility	109.6279
5y10y_ATM	10/23/2001	Normalized_Volatility	108.80718
5y10y_ATM	10/22/2001	Normalized_Volatility	111.16876
5y10y_ATM	10/19/2001	Normalized_Volatility	111.26799
5y10y_ATM	10/18/2001	Normalized_Volatility	110.06586
5y10y_ATM	10/17/2001	Normalized_Volatility	107.9148
5y10y_ATM	10/16/2001	Normalized_Volatility	108.5532
5y10y_ATM	10/15/2001	Normalized_Volatility	107.81994
5y10y_ATM	10/12/2001	Normalized_Volatility	107.721975
5y10y_ATM	10/11/2001	Normalized_Volatility	107.75304
5y10y_ATM	10/10/2001	Normalized_Volatility	107.15595
5y10y_ATM	10/9/2001	Normalized_Volatility	108.38306
5y10y_ATM	10/5/2001	Normalized_Volatility	108.01635
5y10y_ATM	10/4/2001	Normalized_Volatility	107.20684
5y10y_ATM	10/3/2001	Normalized_Volatility	106.977
5y10y_ATM	10/2/2001	Normalized_Volatility	107.6376
5y10y_ATM	10/1/2001	Normalized_Volatility	107.35428
5y10y_ATM	9/28/2001	Normalized_Volatility	107.19118
5y10y_ATM	9/27/2001	Normalized_Volatility	107.7153
5y10y_ATM	9/26/2001	Normalized_Volatility	106.3648
5y10y_ATM	9/25/2001	Normalized_Volatility	107.084185
5y10y_ATM	9/24/2001	Normalized_Volatility	106.625194
5y10y_ATM	9/21/2001	Normalized_Volatility	107.896322
5y10y_ATM	9/20/2001	Normalized_Volatility	108.128018
5y10y_ATM	9/19/2001	Normalized_Volatility	107.218933
5y10y_ATM	9/18/2001	Normalized_Volatility	107.051895
5y10y_ATM	9/17/2001	Normalized_Volatility	111.300695
5y10y_ATM	9/14/2001	Normalized_Volatility	112.27008
5y10y_ATM	9/13/2001	Normalized_Volatility	113.87552
5y10y_ATM	9/12/2001	Normalized_Volatility	107.6855
5y10y_ATM	9/11/2001	Normalized_Volatility	106.574
5y10y_ATM	9/10/2001	Normalized_Volatility	106.574
5y10y_ATM	9/7/2001	Normalized_Volatility	105.60465
5y10y_ATM	9/6/2001	Normalized_Volatility	103.8272
5y10y_ATM	9/5/2001	Normalized_Volatility	103.498145
5y10y_ATM	9/4/2001	Normalized_Volatility	101.34235
5y10y_ATM	8/31/2001	Normalized_Volatility	103.5936
5y10y_ATM	8/30/2001	Normalized_Volatility	104.97689
5y10y_ATM	8/29/2001	Normalized_Volatility	105.501
5y10y_ATM	8/28/2001	Normalized_Volatility	104.647605
5y10y_ATM	8/27/2001	Normalized_Volatility	104.244525
5y10y_ATM	8/24/2001	Normalized_Volatility	104.71144
5y10y_ATM	8/23/2001	Normalized_Volatility	105.53067
5y10y_ATM	8/22/2001	Normalized_Volatility	106.14569
5y10y_ATM	8/21/2001	Normalized_Volatility	107.47242
5y10y_ATM	8/20/2001	Normalized_Volatility	108.55684
5y10y_ATM	8/17/2001	Normalized_Volatility	107.499105
5y10y_ATM	8/16/2001	Normalized_Volatility	106.808025
5y10y_ATM	8/15/2001	Normalized_Volatility	105.72705
5y10y_ATM	8/14/2001	Normalized_Volatility	105.63006
5y10y_ATM	8/13/2001	Normalized_Volatility	105.947875
5y10y_ATM	8/10/2001	Normalized_Volatility	104.78023
5y10y_ATM	8/9/2001	Normalized_Volatility	106.80825
5y10y_ATM	8/8/2001	Normalized_Volatility	104.12376
5y10y_ATM	8/7/2001	Normalized_Volatility	106.0098
5y10y_ATM	8/6/2001	Normalized_Volatility	107.75271
5y10y_ATM	8/3/2001	Normalized_Volatility	107.77974
5y10y_ATM	8/2/2001	Normalized_Volatility	108.428985
5y10y_ATM	8/1/2001	Normalized_Volatility	109.20674
5y10y_ATM	7/31/2001	Normalized_Volatility	108.437875
5y10y_ATM	7/30/2001	Normalized_Volatility	107.36902
5y10y_ATM	7/27/2001	Normalized_Volatility	107.24461
5y10y_ATM	7/26/2001	Normalized_Volatility	106.773975
5y10y_ATM	7/25/2001	Normalized_Volatility	107.0134
5y10y_ATM	7/24/2001	Normalized_Volatility	107.848085
5y10y_ATM	7/23/2001	Normalized_Volatility	105.832035
5y10y_ATM	7/20/2001	Normalized_Volatility	107.732415
5y10y_ATM	7/19/2001	Normalized_Volatility	105.24809
5y10y_ATM	7/18/2001	Normalized_Volatility	107.66019
5y10y_ATM	7/17/2001	Normalized_Volatility	107.328275
5y10y_ATM	7/16/2001	Normalized_Volatility	107.12835
5y10y_ATM	7/13/2001	Normalized_Volatility	106.02099
5y10y_ATM	7/12/2001	Normalized_Volatility	106.17222
5y10y_ATM	7/11/2001	Normalized_Volatility	106.20648
5y10y_ATM	7/10/2001	Normalized_Volatility	105.13536
5y10y_ATM	7/9/2001	Normalized_Volatility	106.04584
5y10y_ATM	7/6/2001	Normalized_Volatility	104.522925
5y10y_ATM	7/5/2001	Normalized_Volatility	105.23604
5y10y_ATM	7/3/2001	Normalized_Volatility	104.99983
5y10y_ATM	7/2/2001	Normalized_Volatility	104.603655
5y10y_ATM	6/29/2001	Normalized_Volatility	103.2675
5y10y_ATM	6/28/2001	Normalized_Volatility	102.56265
5y10y_ATM	6/27/2001	Normalized_Volatility	105.419195
5y10y_ATM	6/26/2001	Normalized_Volatility	104.89368
5y10y_ATM	6/25/2001	Normalized_Volatility	105.31029
5y10y_ATM	6/22/2001	Normalized_Volatility	104.59183
5y10y_ATM	6/21/2001	Normalized_Volatility	103.873595
5y10y_ATM	6/20/2001	Normalized_Volatility	105.02283
5y10y_ATM	6/19/2001	Normalized_Volatility	105.806085
5y10y_ATM	6/18/2001	Normalized_Volatility	108.711605
5y10y_ATM	6/15/2001	Normalized_Volatility	109.429425
5y10y_ATM	6/14/2001	Normalized_Volatility	105.61474
5y10y_ATM	6/13/2001	Normalized_Volatility	103.319755
5y10y_ATM	6/12/2001	Normalized_Volatility	101.94431
5y10y_ATM	6/11/2001	Normalized_Volatility	101.14776
5y10y_ATM	6/8/2001	Normalized_Volatility	101.82984
5y10y_ATM	6/7/2001	Normalized_Volatility	101.8684
5y10y_ATM	6/6/2001	Normalized_Volatility	102.65605
5y10y_ATM	6/5/2001	Normalized_Volatility	100.99668
5y10y_ATM	6/4/2001	Normalized_Volatility	99.64142
5y10y_ATM	6/1/2001	Normalized_Volatility	99.47133
5y10y_ATM	5/31/2001	Normalized_Volatility	99.15754
5y10y_ATM	5/30/2001	Normalized_Volatility	102.52944
5y10y_ATM	5/29/2001	Normalized_Volatility	103.94616
5y10y_ATM	5/25/2001	Normalized_Volatility	104.882825
5y10y_ATM	5/24/2001	Normalized_Volatility	104.93052
5y10y_ATM	5/23/2001	Normalized_Volatility	104.451165
5y10y_ATM	5/22/2001	Normalized_Volatility	103.772435
5y10y_ATM	5/21/2001	Normalized_Volatility	103.28084
5y10y_ATM	5/18/2001	Normalized_Volatility	103.07373
5y10y_ATM	5/17/2001	Normalized_Volatility	99.9894
5y10y_ATM	5/16/2001	Normalized_Volatility	98.865455
5y10y_ATM	5/15/2001	Normalized_Volatility	98.888625
5y10y_ATM	5/14/2001	Normalized_Volatility	98.88738
5y10y_ATM	5/11/2001	Normalized_Volatility	95.65493
5y10y_ATM	5/10/2001	Normalized_Volatility	97.6164
5y10y_ATM	5/9/2001	Normalized_Volatility	94.71461
5y10y_ATM	5/8/2001	Normalized_Volatility	94.36791
5y10y_ATM	5/7/2001	Normalized_Volatility	93.615795
5y10y_ATM	5/4/2001	Normalized_Volatility	94.06218
5y10y_ATM	5/3/2001	Normalized_Volatility	94.330965
5y10y_ATM	5/2/2001	Normalized_Volatility	95.400185
5y10y_ATM	5/1/2001	Normalized_Volatility	96.60778
5y10y_ATM	4/30/2001	Normalized_Volatility	95.86712
5y10y_ATM	4/27/2001	Normalized_Volatility	98.2492
5y10y_ATM	4/26/2001	Normalized_Volatility	97.74402
5y10y_ATM	4/25/2001	Normalized_Volatility	99.4781
5y10y_ATM	4/24/2001	Normalized_Volatility	100.82632
5y10y_ATM	4/23/2001	Normalized_Volatility	101.144325
5y10y_ATM	4/20/2001	Normalized_Volatility	101.557545
5y10y_ATM	4/19/2001	Normalized_Volatility	101.20275
5y10y_ATM	4/18/2001	Normalized_Volatility	101.35576
5y10y_ATM	4/17/2001	Normalized_Volatility	101.70856
5y10y_ATM	4/16/2001	Normalized_Volatility	102.8748
5y10y_ATM	4/12/2001	Normalized_Volatility	103.330575
5y10y_ATM	4/11/2001	Normalized_Volatility	103.26846
5y10y_ATM	4/10/2001	Normalized_Volatility	105.02954
5y10y_ATM	4/9/2001	Normalized_Volatility	104.04433
5y10y_ATM	4/6/2001	Normalized_Volatility	102.3812
5y10y_ATM	4/5/2001	Normalized_Volatility	101.70016
5y10y_ATM	4/4/2001	Normalized_Volatility	102.29296
5y10y_ATM	4/3/2001	Normalized_Volatility	100.71976
5y10y_ATM	4/2/2001	Normalized_Volatility	98.77657
5y10y_ATM	3/30/2001	Normalized_Volatility	98.16269
5y10y_ATM	3/29/2001	Normalized_Volatility	97.256955
5y10y_ATM	3/28/2001	Normalized_Volatility	99.131955
5y10y_ATM	3/27/2001	Normalized_Volatility	98.28934
5y10y_ATM	3/26/2001	Normalized_Volatility	100.06645
5y10y_ATM	3/23/2001	Normalized_Volatility	98.90705
5y10y_ATM	3/22/2001	Normalized_Volatility	102.05352
5y10y_ATM	3/21/2001	Normalized_Volatility	102.03053
5y10y_ATM	3/20/2001	Normalized_Volatility	101.980095
5y10y_ATM	3/19/2001	Normalized_Volatility	101.74824
5y10y_ATM	3/16/2001	Normalized_Volatility	101.646255
5y10y_ATM	3/15/2001	Normalized_Volatility	103.38907
5y10y_ATM	3/14/2001	Normalized_Volatility	102.03189
5y10y_ATM	3/13/2001	Normalized_Volatility	100.4555
5y10y_ATM	3/12/2001	Normalized_Volatility	99.0143
5y10y_ATM	3/9/2001	Normalized_Volatility	96.83177
5y10y_ATM	3/8/2001	Normalized_Volatility	97.09686
5y10y_ATM	3/7/2001	Normalized_Volatility	97.04136
5y10y_ATM	3/6/2001	Normalized_Volatility	96.03795
5y10y_ATM	3/5/2001	Normalized_Volatility	97.4168
5y10y_ATM	3/2/2001	Normalized_Volatility	99.521555
5y10y_ATM	3/1/2001	Normalized_Volatility	98.76242
5y10y_ATM	2/28/2001	Normalized_Volatility	98.62353
5y10y_ATM	2/27/2001	Normalized_Volatility	97.65774
5y10y_ATM	2/26/2001	Normalized_Volatility	98.18468
5y10y_ATM	2/23/2001	Normalized_Volatility	100.14
5y10y_ATM	2/22/2001	Normalized_Volatility	99.11412
5y10y_ATM	2/21/2001	Normalized_Volatility	97.678925
5y10y_ATM	2/20/2001	Normalized_Volatility	97.009275
5y10y_ATM	2/16/2001	Normalized_Volatility	97.301325
5y10y_ATM	2/15/2001	Normalized_Volatility	95.228475
5y10y_ATM	2/14/2001	Normalized_Volatility	95.21105
5y10y_ATM	2/13/2001	Normalized_Volatility	96.9178
5y10y_ATM	2/12/2001	Normalized_Volatility	99.29856
5y10y_ATM	2/9/2001	Normalized_Volatility	94.2964
5y10y_ATM	2/8/2001	Normalized_Volatility	92.99663
5y10y_ATM	2/7/2001	Normalized_Volatility	91.8358
5y10y_ATM	2/6/2001	Normalized_Volatility	92.753885
5y10y_ATM	2/5/2001	Normalized_Volatility	92.051385
5y10y_ATM	2/2/2001	Normalized_Volatility	93.63926
5y10y_ATM	2/1/2001	Normalized_Volatility	97.17001
5y10y_ATM	1/31/2001	Normalized_Volatility	95.45334
5y10y_ATM	1/30/2001	Normalized_Volatility	96.3381
5y10y_ATM	1/29/2001	Normalized_Volatility	96.732
5y10y_ATM	1/26/2001	Normalized_Volatility	97.53092
5y10y_ATM	1/25/2001	Normalized_Volatility	97.51632
5y10y_ATM	1/24/2001	Normalized_Volatility	99.47931
5y10y_ATM	1/23/2001	Normalized_Volatility	98.67118
5y10y_ATM	1/22/2001	Normalized_Volatility	99.00495
5y10y_ATM	1/19/2001	Normalized_Volatility	101.96675
5y10y_ATM	1/18/2001	Normalized_Volatility	100.4958
5y10y_ATM	1/17/2001	Normalized_Volatility	98.75702
5y10y_ATM	1/16/2001	Normalized_Volatility	98.55648
5y10y_ATM	1/12/2001	Normalized_Volatility	98.341155
5y10y_ATM	1/11/2001	Normalized_Volatility	102.90454
5y10y_ATM	1/10/2001	Normalized_Volatility	104.85255
5y10y_ATM	1/9/2001	Normalized_Volatility	109.69452
5y10y_ATM	1/8/2001	Normalized_Volatility	109.625915
5y10y_ATM	1/5/2001	Normalized_Volatility	106.671285
5y10y_ATM	1/4/2001	Normalized_Volatility	103.34624
5y10y_ATM	1/3/2001	Normalized_Volatility	101.94921
5y10y_ATM	1/2/2001	Normalized_Volatility	103.37484
5y10y_ATM	9/29/2000	Normalized_Volatility	96.11552
5y10y_ATM	9/28/2000	Normalized_Volatility	95.58178
5y10y_ATM	9/27/2000	Normalized_Volatility	95.67096
5y10y_ATM	9/26/2000	Normalized_Volatility	94.34489
5y10y_ATM	9/25/2000	Normalized_Volatility	94.85055
5y10y_ATM	9/22/2000	Normalized_Volatility	95.82804
5y10y_ATM	9/21/2000	Normalized_Volatility	95.1639
5y10y_ATM	9/20/2000	Normalized_Volatility	95.8815
5y10y_ATM	9/19/2000	Normalized_Volatility	96.467085
5y10y_ATM	9/18/2000	Normalized_Volatility	98.49804
5y10y_ATM	9/15/2000	Normalized_Volatility	98.48655
5y10y_ATM	9/14/2000	Normalized_Volatility	99.2565
5y10y_ATM	9/13/2000	Normalized_Volatility	96.61545
5y10y_ATM	9/12/2000	Normalized_Volatility	97.013505
5y10y_ATM	9/11/2000	Normalized_Volatility	97.04475
5y10y_ATM	9/8/2000	Normalized_Volatility	97.00965
5y10y_ATM	9/7/2000	Normalized_Volatility	96.531995
5y10y_ATM	9/6/2000	Normalized_Volatility	94.80639
5y10y_ATM	9/5/2000	Normalized_Volatility	93.41904
5y10y_ATM	9/1/2000	Normalized_Volatility	92.43753
5y10y_ATM	8/31/2000	Normalized_Volatility	93.2458
5y10y_ATM	8/30/2000	Normalized_Volatility	93.173955
5y10y_ATM	8/29/2000	Normalized_Volatility	93.99774
5y10y_ATM	8/28/2000	Normalized_Volatility	94.06716
5y10y_ATM	8/25/2000	Normalized_Volatility	93.42828
5y10y_ATM	8/24/2000	Normalized_Volatility	91.8528
5y10y_ATM	8/23/2000	Normalized_Volatility	90.429375
5y10y_ATM	8/22/2000	Normalized_Volatility	89.27625
5y10y_ATM	8/21/2000	Normalized_Volatility	88.76788
5y10y_ATM	8/18/2000	Normalized_Volatility	88.330905
5y10y_ATM	8/17/2000	Normalized_Volatility	87.6561
5y10y_ATM	8/16/2000	Normalized_Volatility	87.804325
5y10y_ATM	8/15/2000	Normalized_Volatility	87.360875
5y10y_ATM	8/14/2000	Normalized_Volatility	87.150175
5y10y_ATM	8/11/2000	Normalized_Volatility	87.58505
5y10y_ATM	8/10/2000	Normalized_Volatility	86.53959
5y10y_ATM	8/9/2000	Normalized_Volatility	86.91793
5y10y_ATM	8/8/2000	Normalized_Volatility	87.57526
5y10y_ATM	8/7/2000	Normalized_Volatility	88.4156
5y10y_ATM	8/4/2000	Normalized_Volatility	88.56492
5y10y_ATM	8/3/2000	Normalized_Volatility	89.42592
5y10y_ATM	8/2/2000	Normalized_Volatility	89.7582
5y10y_ATM	8/1/2000	Normalized_Volatility	91.71
5y10y_ATM	7/31/2000	Normalized_Volatility	92.24125
5y10y_ATM	7/28/2000	Normalized_Volatility	91.717905
5y10y_ATM	7/27/2000	Normalized_Volatility	91.03689
5y10y_ATM	7/26/2000	Normalized_Volatility	91.8075
5y10y_ATM	7/25/2000	Normalized_Volatility	91.87625
5y10y_ATM	7/24/2000	Normalized_Volatility	91.396695
5y10y_ATM	7/21/2000	Normalized_Volatility	90.963435
5y10y_ATM	7/20/2000	Normalized_Volatility	91.2075
5y10y_ATM	7/19/2000	Normalized_Volatility	92.18235
5y10y_ATM	7/18/2000	Normalized_Volatility	91.83918
5y10y_ATM	7/17/2000	Normalized_Volatility	92.6031
5y10y_ATM	7/14/2000	Normalized_Volatility	93.322845
5y10y_ATM	7/13/2000	Normalized_Volatility	91.76563
5y10y_ATM	7/12/2000	Normalized_Volatility	90.85154
5y10y_ATM	7/11/2000	Normalized_Volatility	89.975025
5y10y_ATM	7/10/2000	Normalized_Volatility	88.4389
5y10y_ATM	7/7/2000	Normalized_Volatility	87.94159
5y10y_ATM	7/6/2000	Normalized_Volatility	88.16503
5y10y_ATM	7/5/2000	Normalized_Volatility	87.609525
5y10y_ATM	7/3/2000	Normalized_Volatility	88.33614
5y10y_ATM	6/30/2000	Normalized_Volatility	88.792835
5y10y_ATM	6/29/2000	Normalized_Volatility	88.874775
5y10y_ATM	6/28/2000	Normalized_Volatility	88.84421
5y10y_ATM	6/27/2000	Normalized_Volatility	89.44078
5y10y_ATM	6/26/2000	Normalized_Volatility	89.248325
5y10y_ATM	6/23/2000	Normalized_Volatility	90.92331
5y10y_ATM	6/22/2000	Normalized_Volatility	90.50049
5y10y_ATM	6/21/2000	Normalized_Volatility	90.08253
5y10y_ATM	6/20/2000	Normalized_Volatility	87.520605
5y10y_ATM	6/19/2000	Normalized_Volatility	86.77612
5y10y_ATM	6/16/2000	Normalized_Volatility	85.28214
5y10y_ATM	6/15/2000	Normalized_Volatility	86.029975
5y10y_ATM	6/14/2000	Normalized_Volatility	86.8126
5y10y_ATM	6/13/2000	Normalized_Volatility	87.23504
5y10y_ATM	6/12/2000	Normalized_Volatility	86.598675
5y10y_ATM	6/9/2000	Normalized_Volatility	87.360075
5y10y_ATM	6/8/2000	Normalized_Volatility	87.6315
5y10y_ATM	6/7/2000	Normalized_Volatility	86.31718
5y10y_ATM	6/6/2000	Normalized_Volatility	86.316015
5y10y_ATM	6/5/2000	Normalized_Volatility	86.41035
5y10y_ATM	6/2/2000	Normalized_Volatility	87.48207
5y10y_ATM	6/1/2000	Normalized_Volatility	85.75796
5y10y_ATM	5/31/2000	Normalized_Volatility	85.63761
5y10y_ATM	5/30/2000	Normalized_Volatility	84.91209
5y10y_ATM	5/26/2000	Normalized_Volatility	84.39761
5y10y_ATM	5/25/2000	Normalized_Volatility	84.74096
5y10y_ATM	5/24/2000	Normalized_Volatility	85.7394
5y10y_ATM	5/23/2000	Normalized_Volatility	86.02977
5y10y_ATM	5/22/2000	Normalized_Volatility	87.38031
5y10y_ATM	5/19/2000	Normalized_Volatility	88.23279
5y10y_ATM	5/18/2000	Normalized_Volatility	89.42192
5y10y_ATM	5/17/2000	Normalized_Volatility	88.35344
5y10y_ATM	5/16/2000	Normalized_Volatility	86.56557
5y10y_ATM	5/15/2000	Normalized_Volatility	89.999825
5y10y_ATM	5/12/2000	Normalized_Volatility	90.61746
5y10y_ATM	5/11/2000	Normalized_Volatility	90.4981
5y10y_ATM	5/10/2000	Normalized_Volatility	91.82064
5y10y_ATM	5/9/2000	Normalized_Volatility	91.85228
5y10y_ATM	5/8/2000	Normalized_Volatility	92.38356
5y10y_ATM	5/5/2000	Normalized_Volatility	92.57742
5y10y_ATM	5/4/2000	Normalized_Volatility	92.06613
5y10y_ATM	5/3/2000	Normalized_Volatility	91.52788
5y10y_ATM	5/2/2000	Normalized_Volatility	89.51598
5y10y_ATM	5/1/2000	Normalized_Volatility	88.53304
5y10y_ATM	4/28/2000	Normalized_Volatility	88.210215
5y10y_ATM	4/27/2000	Normalized_Volatility	89.132145
5y10y_ATM	4/26/2000	Normalized_Volatility	88.14741
5y10y_ATM	4/25/2000	Normalized_Volatility	88.62837
5y10y_ATM	4/24/2000	Normalized_Volatility	87.85162
5y10y_ATM	4/20/2000	Normalized_Volatility	87.45488
5y10y_ATM	4/19/2000	Normalized_Volatility	87.24934
5y10y_ATM	4/18/2000	Normalized_Volatility	89.24839
5y10y_ATM	4/17/2000	Normalized_Volatility	89.99818
5y10y_ATM	4/14/2000	Normalized_Volatility	88.754535
5y10y_ATM	4/13/2000	Normalized_Volatility	88.238535
5y10y_ATM	4/12/2000	Normalized_Volatility	90.16166
5y10y_ATM	4/11/2000	Normalized_Volatility	89.30156
5y10y_ATM	4/10/2000	Normalized_Volatility	90.7775
5y10y_ATM	4/7/2000	Normalized_Volatility	90.42875
5y10y_ATM	4/6/2000	Normalized_Volatility	92.45346
5y10y_ATM	4/5/2000	Normalized_Volatility	94.03713
5y10y_ATM	4/4/2000	Normalized_Volatility	92.0369
5y10y_ATM	4/3/2000	Normalized_Volatility	92.56141
5y10y_ATM	3/31/2000	Normalized_Volatility	92.69349
5y10y_ATM	3/30/2000	Normalized_Volatility	93.65869
5y10y_ATM	3/29/2000	Normalized_Volatility	94.68104
5y10y_ATM	3/28/2000	Normalized_Volatility	94.652175
5y10y_ATM	3/27/2000	Normalized_Volatility	94.083525
5y10y_ATM	3/24/2000	Normalized_Volatility	93.28531
5y10y_ATM	3/23/2000	Normalized_Volatility	90.49272
5y10y_ATM	3/22/2000	Normalized_Volatility	91.3384
5y10y_ATM	3/21/2000	Normalized_Volatility	90.76299
5y10y_ATM	3/20/2000	Normalized_Volatility	91.68125
5y10y_ATM	3/17/2000	Normalized_Volatility	91.32875
5y10y_ATM	3/16/2000	Normalized_Volatility	92.76125
5y10y_ATM	3/15/2000	Normalized_Volatility	93.965615
5y10y_ATM	3/14/2000	Normalized_Volatility	94.33082
5y10y_ATM	3/13/2000	Normalized_Volatility	94.605665
5y10y_ATM	3/10/2000	Normalized_Volatility	94.6019
5y10y_ATM	3/9/2000	Normalized_Volatility	92.11101
5y10y_ATM	3/8/2000	Normalized_Volatility	92.30658
5y10y_ATM	3/7/2000	Normalized_Volatility	92.30043
5y10y_ATM	3/6/2000	Normalized_Volatility	92.14422
5y10y_ATM	3/3/2000	Normalized_Volatility	90.23091
5y10y_ATM	3/2/2000	Normalized_Volatility	90.98837
5y10y_ATM	3/1/2000	Normalized_Volatility	89.905825
5y10y_ATM	2/29/2000	Normalized_Volatility	91.120895
5y10y_ATM	2/28/2000	Normalized_Volatility	92.54898
5y10y_ATM	2/25/2000	Normalized_Volatility	93.1479
5y10y_ATM	2/24/2000	Normalized_Volatility	92.46894
5y10y_ATM	2/23/2000	Normalized_Volatility	93.23932
5y10y_ATM	2/22/2000	Normalized_Volatility	92.66396
5y10y_ATM	2/18/2000	Normalized_Volatility	93.401815
5y10y_ATM	2/17/2000	Normalized_Volatility	94.8104
5y10y_ATM	2/16/2000	Normalized_Volatility	95.57052
5y10y_ATM	2/15/2000	Normalized_Volatility	95.1875
5y10y_ATM	2/14/2000	Normalized_Volatility	95.61132
5y10y_ATM	2/11/2000	Normalized_Volatility	96.31062
5y10y_ATM	2/10/2000	Normalized_Volatility	98.30144
5y10y_ATM	2/9/2000	Normalized_Volatility	96.3648
5y10y_ATM	2/8/2000	Normalized_Volatility	94.287525
5y10y_ATM	2/7/2000	Normalized_Volatility	96.32768
5y10y_ATM	2/4/2000	Normalized_Volatility	95.91795
5y10y_ATM	2/3/2000	Normalized_Volatility	95.45856
5y10y_ATM	2/2/2000	Normalized_Volatility	96.864
5y10y_ATM	2/1/2000	Normalized_Volatility	98.00388
