4y7y_ATM,2000-02-01,Normalized_Volatility,105.35366
4y7y_ATM,2000-02-02,Normalized_Volatility,104.3418
4y7y_ATM,2000-02-03,Normalized_Volatility,102.85692
4y7y_ATM,2000-02-04,Normalized_Volatility,103.549525
4y7y_ATM,2000-02-07,Normalized_Volatility,104.11775
4y7y_ATM,2000-02-08,Normalized_Volatility,102.46778
4y7y_ATM,2000-02-09,Normalized_Volatility,104.553625
4y7y_ATM,2000-02-10,Normalized_Volatility,106.56525
4y7y_ATM,2000-02-11,Normalized_Volatility,104.48676
4y7y_ATM,2000-02-14,Normalized_Volatility,103.53013
4y7y_ATM,2000-02-15,Normalized_Volatility,103.71915
4y7y_ATM,2000-02-16,Normalized_Volatility,103.06569
4y7y_ATM,2000-02-17,Normalized_Volatility,102.676
4y7y_ATM,2000-02-18,Normalized_Volatility,100.59192
4y7y_ATM,2000-02-22,Normalized_Volatility,99.51592
4y7y_ATM,2000-02-23,Normalized_Volatility,100.54135
4y7y_ATM,2000-02-24,Normalized_Volatility,99.94418
4y7y_ATM,2000-02-25,Normalized_Volatility,100.89114
4y7y_ATM,2000-02-28,Normalized_Volatility,99.880785
4y7y_ATM,2000-02-29,Normalized_Volatility,98.55209
4y7y_ATM,2000-03-01,Normalized_Volatility,96.67072
4y7y_ATM,2000-03-02,Normalized_Volatility,98.00819
4y7y_ATM,2000-03-03,Normalized_Volatility,97.16126
4y7y_ATM,2000-03-06,Normalized_Volatility,99.11155
4y7y_ATM,2000-03-07,Normalized_Volatility,99.24831
4y7y_ATM,2000-03-08,Normalized_Volatility,99.262775
4y7y_ATM,2000-03-09,Normalized_Volatility,98.93008
4y7y_ATM,2000-03-10,Normalized_Volatility,101.5251
4y7y_ATM,2000-03-13,Normalized_Volatility,101.58674
4y7y_ATM,2000-03-14,Normalized_Volatility,101.06682
4y7y_ATM,2000-03-15,Normalized_Volatility,100.8015
4y7y_ATM,2000-03-16,Normalized_Volatility,99.53493
4y7y_ATM,2000-03-17,Normalized_Volatility,97.92492
4y7y_ATM,2000-03-20,Normalized_Volatility,98.390835
4y7y_ATM,2000-03-21,Normalized_Volatility,97.722
4y7y_ATM,2000-03-22,Normalized_Volatility,97.932075
4y7y_ATM,2000-03-23,Normalized_Volatility,97.174175
4y7y_ATM,2000-03-24,Normalized_Volatility,99.77407
4y7y_ATM,2000-03-27,Normalized_Volatility,100.53528
4y7y_ATM,2000-03-28,Normalized_Volatility,101.21664
4y7y_ATM,2000-03-29,Normalized_Volatility,101.49221
4y7y_ATM,2000-03-30,Normalized_Volatility,100.31878
4y7y_ATM,2000-03-31,Normalized_Volatility,99.184645
4y7y_ATM,2000-04-03,Normalized_Volatility,98.96107
4y7y_ATM,2000-04-04,Normalized_Volatility,98.390615
4y7y_ATM,2000-04-05,Normalized_Volatility,100.54404
4y7y_ATM,2000-04-06,Normalized_Volatility,99.08552
4y7y_ATM,2000-04-07,Normalized_Volatility,96.74934
4y7y_ATM,2000-04-10,Normalized_Volatility,97.04146
4y7y_ATM,2000-04-11,Normalized_Volatility,95.97133
4y7y_ATM,2000-04-12,Normalized_Volatility,97.11012
4y7y_ATM,2000-04-13,Normalized_Volatility,94.9286
4y7y_ATM,2000-04-14,Normalized_Volatility,95.62738
4y7y_ATM,2000-04-17,Normalized_Volatility,96.885255
4y7y_ATM,2000-04-18,Normalized_Volatility,96.276375
4y7y_ATM,2000-04-19,Normalized_Volatility,94.28377
4y7y_ATM,2000-04-20,Normalized_Volatility,94.64119
4y7y_ATM,2000-04-24,Normalized_Volatility,95.053
4y7y_ATM,2000-04-25,Normalized_Volatility,95.981515
4y7y_ATM,2000-04-26,Normalized_Volatility,95.07072
4y7y_ATM,2000-04-27,Normalized_Volatility,97.01187
4y7y_ATM,2000-04-28,Normalized_Volatility,95.666965
4y7y_ATM,2000-05-01,Normalized_Volatility,96.54976
4y7y_ATM,2000-05-02,Normalized_Volatility,97.75509
4y7y_ATM,2000-05-03,Normalized_Volatility,99.930595
4y7y_ATM,2000-05-04,Normalized_Volatility,100.626825
4y7y_ATM,2000-05-05,Normalized_Volatility,101.22225
4y7y_ATM,2000-05-08,Normalized_Volatility,100.220535
4y7y_ATM,2000-05-09,Normalized_Volatility,100.35498
4y7y_ATM,2000-05-10,Normalized_Volatility,100.19919
4y7y_ATM,2000-05-11,Normalized_Volatility,98.9191
4y7y_ATM,2000-05-12,Normalized_Volatility,99.16425
4y7y_ATM,2000-05-15,Normalized_Volatility,98.44856
4y7y_ATM,2000-05-16,Normalized_Volatility,94.9401
4y7y_ATM,2000-05-17,Normalized_Volatility,96.913425
4y7y_ATM,2000-05-18,Normalized_Volatility,98.339325
4y7y_ATM,2000-05-19,Normalized_Volatility,96.802695
4y7y_ATM,2000-05-22,Normalized_Volatility,95.66667
4y7y_ATM,2000-05-23,Normalized_Volatility,94.3656
4y7y_ATM,2000-05-24,Normalized_Volatility,93.794355
4y7y_ATM,2000-05-25,Normalized_Volatility,92.78458
4y7y_ATM,2000-05-26,Normalized_Volatility,92.31853
4y7y_ATM,2000-05-30,Normalized_Volatility,92.888545
4y7y_ATM,2000-05-31,Normalized_Volatility,93.3606
4y7y_ATM,2000-06-01,Normalized_Volatility,93.27708
4y7y_ATM,2000-06-02,Normalized_Volatility,94.65056
4y7y_ATM,2000-06-05,Normalized_Volatility,93.46438
4y7y_ATM,2000-06-06,Normalized_Volatility,93.81617
4y7y_ATM,2000-06-07,Normalized_Volatility,93.87459
4y7y_ATM,2000-06-08,Normalized_Volatility,95.1872
4y7y_ATM,2000-06-09,Normalized_Volatility,95.08096
4y7y_ATM,2000-06-12,Normalized_Volatility,94.19264
4y7y_ATM,2000-06-13,Normalized_Volatility,94.2976
4y7y_ATM,2000-06-14,Normalized_Volatility,93.71648
4y7y_ATM,2000-06-15,Normalized_Volatility,93.21728
4y7y_ATM,2000-06-16,Normalized_Volatility,92.400495
4y7y_ATM,2000-06-19,Normalized_Volatility,93.8054
4y7y_ATM,2000-06-20,Normalized_Volatility,94.8181
4y7y_ATM,2000-06-21,Normalized_Volatility,97.28633
4y7y_ATM,2000-06-22,Normalized_Volatility,97.726855
4y7y_ATM,2000-06-23,Normalized_Volatility,98.247595
4y7y_ATM,2000-06-26,Normalized_Volatility,96.033645
4y7y_ATM,2000-06-27,Normalized_Volatility,96.27452
4y7y_ATM,2000-06-28,Normalized_Volatility,95.8341
4y7y_ATM,2000-06-29,Normalized_Volatility,95.3927
4y7y_ATM,2000-06-30,Normalized_Volatility,95.1379
4y7y_ATM,2000-07-03,Normalized_Volatility,94.5984
4y7y_ATM,2000-07-05,Normalized_Volatility,94.0056
4y7y_ATM,2000-07-06,Normalized_Volatility,94.7141
4y7y_ATM,2000-07-07,Normalized_Volatility,93.7839
4y7y_ATM,2000-07-10,Normalized_Volatility,94.388665
4y7y_ATM,2000-07-11,Normalized_Volatility,95.94833
4y7y_ATM,2000-07-12,Normalized_Volatility,97.00152
4y7y_ATM,2000-07-13,Normalized_Volatility,96.8887
4y7y_ATM,2000-07-14,Normalized_Volatility,98.78078
4y7y_ATM,2000-07-17,Normalized_Volatility,98.81585
4y7y_ATM,2000-07-18,Normalized_Volatility,98.2305
4y7y_ATM,2000-07-19,Normalized_Volatility,98.644725
4y7y_ATM,2000-07-20,Normalized_Volatility,97.28946
4y7y_ATM,2000-07-21,Normalized_Volatility,96.99956
4y7y_ATM,2000-07-24,Normalized_Volatility,97.69515
4y7y_ATM,2000-07-25,Normalized_Volatility,98.15187
4y7y_ATM,2000-07-26,Normalized_Volatility,97.926255
4y7y_ATM,2000-07-27,Normalized_Volatility,96.45504
4y7y_ATM,2000-07-28,Normalized_Volatility,97.15068
4y7y_ATM,2000-07-31,Normalized_Volatility,97.555775
4y7y_ATM,2000-08-01,Normalized_Volatility,97.0324
4y7y_ATM,2000-08-02,Normalized_Volatility,95.65227
4y7y_ATM,2000-08-03,Normalized_Volatility,95.32961
4y7y_ATM,2000-08-04,Normalized_Volatility,94.5222
4y7y_ATM,2000-08-07,Normalized_Volatility,94.45231
4y7y_ATM,2000-08-08,Normalized_Volatility,93.381885
4y7y_ATM,2000-08-09,Normalized_Volatility,92.736245
4y7y_ATM,2000-08-10,Normalized_Volatility,92.073205
4y7y_ATM,2000-08-11,Normalized_Volatility,92.948625
4y7y_ATM,2000-08-14,Normalized_Volatility,92.624985
4y7y_ATM,2000-08-15,Normalized_Volatility,92.893815
4y7y_ATM,2000-08-16,Normalized_Volatility,93.146985
4y7y_ATM,2000-08-17,Normalized_Volatility,93.094785
4y7y_ATM,2000-08-18,Normalized_Volatility,93.32964
4y7y_ATM,2000-08-21,Normalized_Volatility,94.473825
4y7y_ATM,2000-08-22,Normalized_Volatility,94.882455
4y7y_ATM,2000-08-23,Normalized_Volatility,95.664355
4y7y_ATM,2000-08-24,Normalized_Volatility,97.09128
4y7y_ATM,2000-08-25,Normalized_Volatility,98.4998
4y7y_ATM,2000-08-28,Normalized_Volatility,99.2264
4y7y_ATM,2000-08-29,Normalized_Volatility,99.3294
4y7y_ATM,2000-08-30,Normalized_Volatility,98.561375
4y7y_ATM,2000-08-31,Normalized_Volatility,97.34725
4y7y_ATM,2000-09-01,Normalized_Volatility,96.45625
4y7y_ATM,2000-09-05,Normalized_Volatility,98.441
4y7y_ATM,2000-09-06,Normalized_Volatility,99.267
4y7y_ATM,2000-09-07,Normalized_Volatility,101.15552
4y7y_ATM,2000-09-08,Normalized_Volatility,102.33652
4y7y_ATM,2000-09-11,Normalized_Volatility,102.43948
4y7y_ATM,2000-09-12,Normalized_Volatility,102.26085
4y7y_ATM,2000-09-13,Normalized_Volatility,101.78883
4y7y_ATM,2000-09-14,Normalized_Volatility,103.63248
4y7y_ATM,2000-09-15,Normalized_Volatility,103.44048
4y7y_ATM,2000-09-18,Normalized_Volatility,102.93276
4y7y_ATM,2000-09-19,Normalized_Volatility,101.398365
4y7y_ATM,2000-09-20,Normalized_Volatility,101.139625
4y7y_ATM,2000-09-21,Normalized_Volatility,100.322475
4y7y_ATM,2000-09-22,Normalized_Volatility,100.92115
4y7y_ATM,2000-09-25,Normalized_Volatility,99.794115
4y7y_ATM,2000-09-26,Normalized_Volatility,99.05557
4y7y_ATM,2000-09-27,Normalized_Volatility,100.1462
4y7y_ATM,2000-09-28,Normalized_Volatility,100.523015
4y7y_ATM,2000-09-29,Normalized_Volatility,101.011125
4y7y_ATM,2001-01-02,Normalized_Volatility,108.418775
4y7y_ATM,2001-01-03,Normalized_Volatility,108.11746
4y7y_ATM,2001-01-04,Normalized_Volatility,109.1816
4y7y_ATM,2001-01-05,Normalized_Volatility,111.962525
4y7y_ATM,2001-01-08,Normalized_Volatility,114.48736
4y7y_ATM,2001-01-09,Normalized_Volatility,114.8962
4y7y_ATM,2001-01-10,Normalized_Volatility,110.71808
4y7y_ATM,2001-01-11,Normalized_Volatility,108.63801
4y7y_ATM,2001-01-12,Normalized_Volatility,108.43477
4y7y_ATM,2001-01-16,Normalized_Volatility,104.811
4y7y_ATM,2001-01-17,Normalized_Volatility,104.759355
4y7y_ATM,2001-01-18,Normalized_Volatility,106.2553
4y7y_ATM,2001-01-19,Normalized_Volatility,108.3012
4y7y_ATM,2001-01-22,Normalized_Volatility,105.064905
4y7y_ATM,2001-01-23,Normalized_Volatility,104.67026
4y7y_ATM,2001-01-24,Normalized_Volatility,105.32001
4y7y_ATM,2001-01-25,Normalized_Volatility,103.063275
4y7y_ATM,2001-01-26,Normalized_Volatility,102.90735
4y7y_ATM,2001-01-29,Normalized_Volatility,102.27235
4y7y_ATM,2001-01-30,Normalized_Volatility,101.648925
4y7y_ATM,2001-01-31,Normalized_Volatility,100.91302
4y7y_ATM,2001-02-01,Normalized_Volatility,101.742875
4y7y_ATM,2001-02-02,Normalized_Volatility,98.739405
4y7y_ATM,2001-02-05,Normalized_Volatility,97.49432
4y7y_ATM,2001-02-06,Normalized_Volatility,98.5188
4y7y_ATM,2001-02-07,Normalized_Volatility,96.760965
4y7y_ATM,2001-02-08,Normalized_Volatility,97.80288
4y7y_ATM,2001-02-09,Normalized_Volatility,98.64609
4y7y_ATM,2001-02-12,Normalized_Volatility,104.174025
4y7y_ATM,2001-02-13,Normalized_Volatility,102.07362
4y7y_ATM,2001-02-14,Normalized_Volatility,100.64028
4y7y_ATM,2001-02-15,Normalized_Volatility,100.85768
4y7y_ATM,2001-02-16,Normalized_Volatility,102.53274
4y7y_ATM,2001-02-20,Normalized_Volatility,102.46437
4y7y_ATM,2001-02-21,Normalized_Volatility,103.2387
4y7y_ATM,2001-02-22,Normalized_Volatility,104.74684
4y7y_ATM,2001-02-23,Normalized_Volatility,105.790575
4y7y_ATM,2001-02-26,Normalized_Volatility,104.40204
4y7y_ATM,2001-02-27,Normalized_Volatility,103.85956
4y7y_ATM,2001-02-28,Normalized_Volatility,104.14815
4y7y_ATM,2001-03-01,Normalized_Volatility,105.0111
4y7y_ATM,2001-03-02,Normalized_Volatility,105.46752
4y7y_ATM,2001-03-05,Normalized_Volatility,103.6827
4y7y_ATM,2001-03-06,Normalized_Volatility,102.802375
4y7y_ATM,2001-03-07,Normalized_Volatility,102.91778
4y7y_ATM,2001-03-08,Normalized_Volatility,102.949275
4y7y_ATM,2001-03-09,Normalized_Volatility,102.98865
4y7y_ATM,2001-03-12,Normalized_Volatility,105.133095
4y7y_ATM,2001-03-13,Normalized_Volatility,106.789625
4y7y_ATM,2001-03-14,Normalized_Volatility,107.916375
4y7y_ATM,2001-03-15,Normalized_Volatility,109.444655
4y7y_ATM,2001-03-16,Normalized_Volatility,106.947135
4y7y_ATM,2001-03-19,Normalized_Volatility,108.224095
4y7y_ATM,2001-03-20,Normalized_Volatility,108.334835
4y7y_ATM,2001-03-21,Normalized_Volatility,107.37714
4y7y_ATM,2001-03-22,Normalized_Volatility,107.70084
4y7y_ATM,2001-03-23,Normalized_Volatility,104.96539
4y7y_ATM,2001-03-26,Normalized_Volatility,106.298225
4y7y_ATM,2001-03-27,Normalized_Volatility,104.94575
4y7y_ATM,2001-03-28,Normalized_Volatility,105.69083
4y7y_ATM,2001-03-29,Normalized_Volatility,103.8992
4y7y_ATM,2001-03-30,Normalized_Volatility,104.08986
4y7y_ATM,2001-04-02,Normalized_Volatility,104.8545
4y7y_ATM,2001-04-03,Normalized_Volatility,106.63125
4y7y_ATM,2001-04-04,Normalized_Volatility,107.71166
4y7y_ATM,2001-04-05,Normalized_Volatility,107.151
4y7y_ATM,2001-04-06,Normalized_Volatility,107.619265
4y7y_ATM,2001-04-09,Normalized_Volatility,109.33089
4y7y_ATM,2001-04-10,Normalized_Volatility,110.6542
4y7y_ATM,2001-04-11,Normalized_Volatility,109.18523
4y7y_ATM,2001-04-12,Normalized_Volatility,109.6886
4y7y_ATM,2001-04-16,Normalized_Volatility,109.37857
4y7y_ATM,2001-04-17,Normalized_Volatility,107.91669
4y7y_ATM,2001-04-18,Normalized_Volatility,106.92972
4y7y_ATM,2001-04-19,Normalized_Volatility,107.3057
4y7y_ATM,2001-04-20,Normalized_Volatility,107.559685
4y7y_ATM,2001-04-23,Normalized_Volatility,106.897155
4y7y_ATM,2001-04-24,Normalized_Volatility,106.80075
4y7y_ATM,2001-04-25,Normalized_Volatility,105.35046
4y7y_ATM,2001-04-26,Normalized_Volatility,103.74672
4y7y_ATM,2001-04-27,Normalized_Volatility,104.86926
4y7y_ATM,2001-04-30,Normalized_Volatility,102.8205
4y7y_ATM,2001-05-01,Normalized_Volatility,103.136655
4y7y_ATM,2001-05-02,Normalized_Volatility,101.7589
4y7y_ATM,2001-05-03,Normalized_Volatility,100.264
4y7y_ATM,2001-05-04,Normalized_Volatility,100.01628
4y7y_ATM,2001-05-07,Normalized_Volatility,99.404415
4y7y_ATM,2001-05-08,Normalized_Volatility,99.89298
4y7y_ATM,2001-05-09,Normalized_Volatility,98.47476
4y7y_ATM,2001-05-10,Normalized_Volatility,103.777775
4y7y_ATM,2001-05-11,Normalized_Volatility,102.779745
4y7y_ATM,2001-05-14,Normalized_Volatility,105.31193
4y7y_ATM,2001-05-15,Normalized_Volatility,105.28787
4y7y_ATM,2001-05-16,Normalized_Volatility,105.063
4y7y_ATM,2001-05-17,Normalized_Volatility,105.99974
4y7y_ATM,2001-05-18,Normalized_Volatility,108.4608
4y7y_ATM,2001-05-21,Normalized_Volatility,108.5616
4y7y_ATM,2001-05-22,Normalized_Volatility,108.7504
4y7y_ATM,2001-05-23,Normalized_Volatility,109.4848
4y7y_ATM,2001-05-24,Normalized_Volatility,110.86752
4y7y_ATM,2001-05-25,Normalized_Volatility,110.37722
4y7y_ATM,2001-05-29,Normalized_Volatility,109.28424
4y7y_ATM,2001-05-30,Normalized_Volatility,108.404925
4y7y_ATM,2001-05-31,Normalized_Volatility,104.58056
4y7y_ATM,2001-06-01,Normalized_Volatility,105.0203
4y7y_ATM,2001-06-04,Normalized_Volatility,104.37093
4y7y_ATM,2001-06-05,Normalized_Volatility,105.873245
4y7y_ATM,2001-06-06,Normalized_Volatility,107.712425
4y7y_ATM,2001-06-07,Normalized_Volatility,107.16918
4y7y_ATM,2001-06-08,Normalized_Volatility,107.4163
4y7y_ATM,2001-06-11,Normalized_Volatility,106.50148
4y7y_ATM,2001-06-12,Normalized_Volatility,106.32012
4y7y_ATM,2001-06-13,Normalized_Volatility,107.828715
4y7y_ATM,2001-06-14,Normalized_Volatility,110.06532
4y7y_ATM,2001-06-15,Normalized_Volatility,113.8263
4y7y_ATM,2001-06-18,Normalized_Volatility,113.584305
4y7y_ATM,2001-06-19,Normalized_Volatility,110.567745
4y7y_ATM,2001-06-20,Normalized_Volatility,109.844225
4y7y_ATM,2001-06-21,Normalized_Volatility,107.87623
4y7y_ATM,2001-06-22,Normalized_Volatility,108.342
4y7y_ATM,2001-06-25,Normalized_Volatility,109.4454
4y7y_ATM,2001-06-26,Normalized_Volatility,109.80036
4y7y_ATM,2001-06-27,Normalized_Volatility,109.99892
4y7y_ATM,2001-06-28,Normalized_Volatility,107.02409
4y7y_ATM,2001-06-29,Normalized_Volatility,108.02064
4y7y_ATM,2001-07-02,Normalized_Volatility,109.265145
4y7y_ATM,2001-07-03,Normalized_Volatility,109.60776
4y7y_ATM,2001-07-05,Normalized_Volatility,109.98538
4y7y_ATM,2001-07-06,Normalized_Volatility,109.11006
4y7y_ATM,2001-07-09,Normalized_Volatility,110.0576
4y7y_ATM,2001-07-10,Normalized_Volatility,109.0656
4y7y_ATM,2001-07-11,Normalized_Volatility,110.293195
4y7y_ATM,2001-07-12,Normalized_Volatility,110.55638
4y7y_ATM,2001-07-13,Normalized_Volatility,110.24805
4y7y_ATM,2001-07-16,Normalized_Volatility,110.8465
4y7y_ATM,2001-07-17,Normalized_Volatility,111.60525
4y7y_ATM,2001-07-18,Normalized_Volatility,111.78186
4y7y_ATM,2001-07-19,Normalized_Volatility,109.58697
4y7y_ATM,2001-07-20,Normalized_Volatility,111.8617
4y7y_ATM,2001-07-23,Normalized_Volatility,110.06016
4y7y_ATM,2001-07-24,Normalized_Volatility,111.98277
4y7y_ATM,2001-07-25,Normalized_Volatility,111.37564
4y7y_ATM,2001-07-26,Normalized_Volatility,110.993895
4y7y_ATM,2001-07-27,Normalized_Volatility,111.383555
4y7y_ATM,2001-07-30,Normalized_Volatility,111.46612
4y7y_ATM,2001-07-31,Normalized_Volatility,112.100975
4y7y_ATM,2001-08-01,Normalized_Volatility,113.22416
4y7y_ATM,2001-08-02,Normalized_Volatility,112.38867
4y7y_ATM,2001-08-03,Normalized_Volatility,111.9972
4y7y_ATM,2001-08-06,Normalized_Volatility,111.62088
4y7y_ATM,2001-08-07,Normalized_Volatility,110.608615
4y7y_ATM,2001-08-08,Normalized_Volatility,108.56469
4y7y_ATM,2001-08-09,Normalized_Volatility,112.1751
4y7y_ATM,2001-08-10,Normalized_Volatility,109.50691
4y7y_ATM,2001-08-13,Normalized_Volatility,110.522475
4y7y_ATM,2001-08-14,Normalized_Volatility,110.28009
4y7y_ATM,2001-08-15,Normalized_Volatility,110.495355
4y7y_ATM,2001-08-16,Normalized_Volatility,111.28056
4y7y_ATM,2001-08-17,Normalized_Volatility,110.826595
4y7y_ATM,2001-08-20,Normalized_Volatility,111.968225
4y7y_ATM,2001-08-21,Normalized_Volatility,112.557735
4y7y_ATM,2001-08-22,Normalized_Volatility,110.95032
4y7y_ATM,2001-08-23,Normalized_Volatility,110.25716
4y7y_ATM,2001-08-24,Normalized_Volatility,109.535985
4y7y_ATM,2001-08-27,Normalized_Volatility,109.088585
4y7y_ATM,2001-08-28,Normalized_Volatility,109.1769
4y7y_ATM,2001-08-29,Normalized_Volatility,109.865955
4y7y_ATM,2001-08-30,Normalized_Volatility,110.15375
4y7y_ATM,2001-08-31,Normalized_Volatility,109.33696
4y7y_ATM,2001-09-04,Normalized_Volatility,106.91652
4y7y_ATM,2001-09-05,Normalized_Volatility,109.23192
4y7y_ATM,2001-09-06,Normalized_Volatility,109.07743
4y7y_ATM,2001-09-07,Normalized_Volatility,110.6035
4y7y_ATM,2001-09-10,Normalized_Volatility,111.40524
4y7y_ATM,2001-09-11,Normalized_Volatility,111.42786
4y7y_ATM,2001-09-12,Normalized_Volatility,112.34484
4y7y_ATM,2001-09-13,Normalized_Volatility,119.925075
4y7y_ATM,2001-09-14,Normalized_Volatility,118.693325
4y7y_ATM,2001-09-17,Normalized_Volatility,117.6791
4y7y_ATM,2001-09-18,Normalized_Volatility,115.9884
4y7y_ATM,2001-09-19,Normalized_Volatility,112.291047
4y7y_ATM,2001-09-20,Normalized_Volatility,112.481688
4y7y_ATM,2001-09-21,Normalized_Volatility,111.385065
4y7y_ATM,2001-09-24,Normalized_Volatility,110.5084
4y7y_ATM,2001-09-25,Normalized_Volatility,112.04382
4y7y_ATM,2001-09-26,Normalized_Volatility,110.8695
4y7y_ATM,2001-09-27,Normalized_Volatility,111.8502
4y7y_ATM,2001-09-28,Normalized_Volatility,111.49238
4y7y_ATM,2001-10-01,Normalized_Volatility,112.37115
4y7y_ATM,2001-10-02,Normalized_Volatility,112.98152
4y7y_ATM,2001-10-03,Normalized_Volatility,112.22285
4y7y_ATM,2001-10-04,Normalized_Volatility,112.6391
4y7y_ATM,2001-10-05,Normalized_Volatility,113.58075
4y7y_ATM,2001-10-09,Normalized_Volatility,114.51258
4y7y_ATM,2001-10-10,Normalized_Volatility,112.8924
4y7y_ATM,2001-10-11,Normalized_Volatility,113.43584
4y7y_ATM,2001-10-12,Normalized_Volatility,113.14214
4y7y_ATM,2001-10-15,Normalized_Volatility,113.2416
4y7y_ATM,2001-10-16,Normalized_Volatility,113.3132
4y7y_ATM,2001-10-17,Normalized_Volatility,112.62706
4y7y_ATM,2001-10-18,Normalized_Volatility,114.46272
4y7y_ATM,2001-10-19,Normalized_Volatility,116.26325
4y7y_ATM,2001-10-22,Normalized_Volatility,115.80075
4y7y_ATM,2001-10-23,Normalized_Volatility,114.00285
4y7y_ATM,2001-10-24,Normalized_Volatility,114.17004
4y7y_ATM,2001-10-25,Normalized_Volatility,114.2523
4y7y_ATM,2001-10-26,Normalized_Volatility,114.17275
4y7y_ATM,2001-10-29,Normalized_Volatility,115.57676
4y7y_ATM,2001-10-30,Normalized_Volatility,116.31136
4y7y_ATM,2001-10-31,Normalized_Volatility,118.7154
4y7y_ATM,2001-11-01,Normalized_Volatility,119.48739
4y7y_ATM,2001-11-02,Normalized_Volatility,117.86346
4y7y_ATM,2001-11-05,Normalized_Volatility,116.2359
4y7y_ATM,2001-11-06,Normalized_Volatility,116.43888
4y7y_ATM,2001-11-07,Normalized_Volatility,117.10212
4y7y_ATM,2001-11-08,Normalized_Volatility,118.2069
4y7y_ATM,2001-11-09,Normalized_Volatility,118.0648
4y7y_ATM,2001-11-13,Normalized_Volatility,117.86
4y7y_ATM,2001-11-14,Normalized_Volatility,115.22112
4y7y_ATM,2001-11-15,Normalized_Volatility,117.78952
4y7y_ATM,2001-11-16,Normalized_Volatility,123.46049
4y7y_ATM,2001-11-19,Normalized_Volatility,125.51328
4y7y_ATM,2001-11-20,Normalized_Volatility,126.83748
4y7y_ATM,2001-11-21,Normalized_Volatility,126.69099
4y7y_ATM,2001-11-23,Normalized_Volatility,127.13489
4y7y_ATM,2001-11-26,Normalized_Volatility,126.26253
4y7y_ATM,2001-11-27,Normalized_Volatility,128.08992
4y7y_ATM,2001-11-28,Normalized_Volatility,130.90021
4y7y_ATM,2001-11-29,Normalized_Volatility,126.86012
4y7y_ATM,2001-11-30,Normalized_Volatility,124.1799
4y7y_ATM,2001-12-03,Normalized_Volatility,122.16768
4y7y_ATM,2001-12-04,Normalized_Volatility,120.56324
4y7y_ATM,2001-12-05,Normalized_Volatility,122.60232
4y7y_ATM,2001-12-06,Normalized_Volatility,122.544
4y7y_ATM,2001-12-07,Normalized_Volatility,123.89993
4y7y_ATM,2001-12-10,Normalized_Volatility,123.03538
4y7y_ATM,2001-12-11,Normalized_Volatility,119.712
4y7y_ATM,2001-12-12,Normalized_Volatility,117.78025
4y7y_ATM,2001-12-13,Normalized_Volatility,121.22528
4y7y_ATM,2001-12-14,Normalized_Volatility,125.20155
4y7y_ATM,2001-12-17,Normalized_Volatility,126.00442
4y7y_ATM,2001-12-18,Normalized_Volatility,124.317
4y7y_ATM,2001-12-19,Normalized_Volatility,125.75274
4y7y_ATM,2001-12-20,Normalized_Volatility,125.87922
4y7y_ATM,2001-12-21,Normalized_Volatility,127.67425
4y7y_ATM,2001-12-24,Normalized_Volatility,129.00008
4y7y_ATM,2001-12-26,Normalized_Volatility,129.65832
4y7y_ATM,2001-12-27,Normalized_Volatility,127.8893
4y7y_ATM,2001-12-28,Normalized_Volatility,128.98304
4y7y_ATM,2001-12-31,Normalized_Volatility,127.26096
4y7y_ATM,2002-01-02,Normalized_Volatility,132.25152
4y7y_ATM,2002-01-03,Normalized_Volatility,130.63104
4y7y_ATM,2002-01-04,Normalized_Volatility,129.9011
4y7y_ATM,2002-01-07,Normalized_Volatility,129.48288
4y7y_ATM,2002-01-08,Normalized_Volatility,128.90399
4y7y_ATM,2002-01-09,Normalized_Volatility,129.37385
4y7y_ATM,2002-01-10,Normalized_Volatility,128.18688
4y7y_ATM,2002-01-11,Normalized_Volatility,130.10668
4y7y_ATM,2002-01-14,Normalized_Volatility,130.71116
4y7y_ATM,2002-01-15,Normalized_Volatility,131.66966
4y7y_ATM,2002-01-16,Normalized_Volatility,133.29972
4y7y_ATM,2002-01-17,Normalized_Volatility,134.08154
4y7y_ATM,2002-01-18,Normalized_Volatility,132.51327
4y7y_ATM,2002-01-22,Normalized_Volatility,132.59568
4y7y_ATM,2002-01-23,Normalized_Volatility,131.0634
4y7y_ATM,2002-01-24,Normalized_Volatility,127.86113
4y7y_ATM,2002-01-25,Normalized_Volatility,122.18224
4y7y_ATM,2002-01-28,Normalized_Volatility,122.14966
4y7y_ATM,2002-01-29,Normalized_Volatility,122.98698
4y7y_ATM,2002-01-30,Normalized_Volatility,118.21744
4y7y_ATM,2002-01-31,Normalized_Volatility,120.7152
4y7y_ATM,2002-02-01,Normalized_Volatility,118.99834
4y7y_ATM,2002-02-04,Normalized_Volatility,120.90261
4y7y_ATM,2002-02-05,Normalized_Volatility,121.63827
4y7y_ATM,2002-02-06,Normalized_Volatility,122.0128
4y7y_ATM,2002-02-07,Normalized_Volatility,121.75508
4y7y_ATM,2002-02-08,Normalized_Volatility,121.93272
4y7y_ATM,2002-02-11,Normalized_Volatility,121.19579
4y7y_ATM,2002-02-12,Normalized_Volatility,122.86456
4y7y_ATM,2002-02-13,Normalized_Volatility,120.73371
4y7y_ATM,2002-02-14,Normalized_Volatility,117.3568
4y7y_ATM,2002-02-15,Normalized_Volatility,116.29431
4y7y_ATM,2002-02-19,Normalized_Volatility,117.09612
4y7y_ATM,2002-02-20,Normalized_Volatility,115.36525
4y7y_ATM,2002-02-21,Normalized_Volatility,116.33679
4y7y_ATM,2002-02-22,Normalized_Volatility,117.5814
4y7y_ATM,2002-02-25,Normalized_Volatility,116.13501
4y7y_ATM,2002-02-26,Normalized_Volatility,115.70304
4y7y_ATM,2002-02-27,Normalized_Volatility,112.00124
4y7y_ATM,2002-02-28,Normalized_Volatility,112.26143
4y7y_ATM,2002-03-01,Normalized_Volatility,114.99834
4y7y_ATM,2002-03-04,Normalized_Volatility,114.5779
4y7y_ATM,2002-03-05,Normalized_Volatility,113.55597
4y7y_ATM,2002-03-06,Normalized_Volatility,113.7742
4y7y_ATM,2002-03-07,Normalized_Volatility,114.74403
4y7y_ATM,2002-03-08,Normalized_Volatility,112.80708
4y7y_ATM,2002-03-11,Normalized_Volatility,111.6224
4y7y_ATM,2002-03-12,Normalized_Volatility,111.97872
4y7y_ATM,2002-03-13,Normalized_Volatility,113.86356
4y7y_ATM,2002-03-14,Normalized_Volatility,114.49836
4y7y_ATM,2002-03-15,Normalized_Volatility,112.12523
4y7y_ATM,2002-03-18,Normalized_Volatility,112.67292
4y7y_ATM,2002-03-19,Normalized_Volatility,113.24856
4y7y_ATM,2002-03-20,Normalized_Volatility,114.32112
4y7y_ATM,2002-03-21,Normalized_Volatility,114.87864
4y7y_ATM,2002-03-22,Normalized_Volatility,113.95395
4y7y_ATM,2002-03-25,Normalized_Volatility,113.32728
4y7y_ATM,2002-03-26,Normalized_Volatility,113.8262
4y7y_ATM,2002-03-27,Normalized_Volatility,114.17148
4y7y_ATM,2002-03-28,Normalized_Volatility,115.5526
4y7y_ATM,2002-04-01,Normalized_Volatility,116.50087
4y7y_ATM,2002-04-02,Normalized_Volatility,115.19493
4y7y_ATM,2002-04-03,Normalized_Volatility,114.20462
4y7y_ATM,2002-04-04,Normalized_Volatility,114.77297
4y7y_ATM,2002-04-05,Normalized_Volatility,113.86544
4y7y_ATM,2002-04-08,Normalized_Volatility,114.75607
4y7y_ATM,2002-04-09,Normalized_Volatility,114.24231
4y7y_ATM,2002-04-10,Normalized_Volatility,114.6327
4y7y_ATM,2002-04-11,Normalized_Volatility,113.89392
4y7y_ATM,2002-04-12,Normalized_Volatility,112.83355
4y7y_ATM,2002-04-15,Normalized_Volatility,111.8093
4y7y_ATM,2002-04-16,Normalized_Volatility,110.80168
4y7y_ATM,2002-04-17,Normalized_Volatility,112.27095
4y7y_ATM,2002-04-18,Normalized_Volatility,112.99786
4y7y_ATM,2002-04-19,Normalized_Volatility,112.94878
4y7y_ATM,2002-04-22,Normalized_Volatility,112.1238
4y7y_ATM,2002-04-23,Normalized_Volatility,112.36344
4y7y_ATM,2002-04-24,Normalized_Volatility,112.1677
4y7y_ATM,2002-04-25,Normalized_Volatility,113.88464
4y7y_ATM,2002-04-26,Normalized_Volatility,114.14713
4y7y_ATM,2002-04-29,Normalized_Volatility,116.26125
4y7y_ATM,2002-04-30,Normalized_Volatility,115.143
4y7y_ATM,2002-05-01,Normalized_Volatility,115.9217
4y7y_ATM,2002-05-02,Normalized_Volatility,115.90128
4y7y_ATM,2002-05-03,Normalized_Volatility,115.73499
4y7y_ATM,2002-05-06,Normalized_Volatility,116.22705
4y7y_ATM,2002-05-07,Normalized_Volatility,117.60121
4y7y_ATM,2002-05-08,Normalized_Volatility,119.71746
4y7y_ATM,2002-05-09,Normalized_Volatility,120.492
4y7y_ATM,2002-05-10,Normalized_Volatility,120.1878
4y7y_ATM,2002-05-13,Normalized_Volatility,121.9122
4y7y_ATM,2002-05-14,Normalized_Volatility,121.33548
4y7y_ATM,2002-05-15,Normalized_Volatility,118.4365
4y7y_ATM,2002-05-16,Normalized_Volatility,115.19356
4y7y_ATM,2002-05-17,Normalized_Volatility,114.5749
4y7y_ATM,2002-05-20,Normalized_Volatility,115.56746
4y7y_ATM,2002-05-21,Normalized_Volatility,115.32546
4y7y_ATM,2002-05-22,Normalized_Volatility,116.13008
4y7y_ATM,2002-05-23,Normalized_Volatility,116.58675
4y7y_ATM,2002-05-24,Normalized_Volatility,115.40376
4y7y_ATM,2002-05-28,Normalized_Volatility,114.24401
4y7y_ATM,2002-05-29,Normalized_Volatility,114.39925
4y7y_ATM,2002-05-30,Normalized_Volatility,116.61313
4y7y_ATM,2002-05-31,Normalized_Volatility,116.1094
4y7y_ATM,2002-06-03,Normalized_Volatility,116.42624
4y7y_ATM,2002-06-04,Normalized_Volatility,117.9396
4y7y_ATM,2002-06-05,Normalized_Volatility,116.8036
4y7y_ATM,2002-06-06,Normalized_Volatility,116.38352
4y7y_ATM,2002-06-07,Normalized_Volatility,116.242
4y7y_ATM,2002-06-10,Normalized_Volatility,115.6155
4y7y_ATM,2002-06-11,Normalized_Volatility,115.40931
4y7y_ATM,2002-06-12,Normalized_Volatility,116.15668
4y7y_ATM,2002-06-13,Normalized_Volatility,117.53924
4y7y_ATM,2002-06-14,Normalized_Volatility,118.53369
4y7y_ATM,2002-06-17,Normalized_Volatility,118.7515
4y7y_ATM,2002-06-18,Normalized_Volatility,118.94945
4y7y_ATM,2002-06-19,Normalized_Volatility,118.9818
4y7y_ATM,2002-06-20,Normalized_Volatility,119.80899
4y7y_ATM,2002-06-21,Normalized_Volatility,119.46286
4y7y_ATM,2002-06-24,Normalized_Volatility,120.8951
4y7y_ATM,2002-06-25,Normalized_Volatility,120.69918
4y7y_ATM,2002-06-26,Normalized_Volatility,121.41675
4y7y_ATM,2002-06-27,Normalized_Volatility,120.593
4y7y_ATM,2002-06-28,Normalized_Volatility,118.5657
4y7y_ATM,2002-07-01,Normalized_Volatility,118.15395
4y7y_ATM,2002-07-02,Normalized_Volatility,119.928
4y7y_ATM,2002-07-03,Normalized_Volatility,120.4562
4y7y_ATM,2002-07-05,Normalized_Volatility,120.8768
4y7y_ATM,2002-07-08,Normalized_Volatility,120.23539
4y7y_ATM,2002-07-09,Normalized_Volatility,122.25984
4y7y_ATM,2002-07-10,Normalized_Volatility,123.19789
4y7y_ATM,2002-07-11,Normalized_Volatility,123.46955
4y7y_ATM,2002-07-12,Normalized_Volatility,122.33306
4y7y_ATM,2002-07-15,Normalized_Volatility,125.1
4y7y_ATM,2002-07-16,Normalized_Volatility,124.17776
4y7y_ATM,2002-07-17,Normalized_Volatility,123.83672
4y7y_ATM,2002-07-18,Normalized_Volatility,122.71364
4y7y_ATM,2002-07-19,Normalized_Volatility,122.25229
4y7y_ATM,2002-07-22,Normalized_Volatility,120.49899
4y7y_ATM,2002-07-23,Normalized_Volatility,121.87158
4y7y_ATM,2002-07-24,Normalized_Volatility,122.63
4y7y_ATM,2002-07-25,Normalized_Volatility,123.706
4y7y_ATM,2002-07-26,Normalized_Volatility,125.134
4y7y_ATM,2002-07-29,Normalized_Volatility,125.90861
4y7y_ATM,2002-07-30,Normalized_Volatility,125.268
4y7y_ATM,2002-07-31,Normalized_Volatility,124.13364
4y7y_ATM,2002-08-01,Normalized_Volatility,123.7599
4y7y_ATM,2002-08-02,Normalized_Volatility,123.84014
4y7y_ATM,2002-08-05,Normalized_Volatility,126.13445
4y7y_ATM,2002-08-06,Normalized_Volatility,126.47826
4y7y_ATM,2002-08-07,Normalized_Volatility,128.9496
4y7y_ATM,2002-08-08,Normalized_Volatility,126.02174
4y7y_ATM,2002-08-09,Normalized_Volatility,123.03648
4y7y_ATM,2002-08-12,Normalized_Volatility,123.90976
4y7y_ATM,2002-08-13,Normalized_Volatility,123.55738
4y7y_ATM,2002-08-14,Normalized_Volatility,124.66356
4y7y_ATM,2002-08-15,Normalized_Volatility,129.25062
4y7y_ATM,2002-08-16,Normalized_Volatility,129.4486
4y7y_ATM,2002-08-19,Normalized_Volatility,128.0374
4y7y_ATM,2002-08-20,Normalized_Volatility,127.02095
4y7y_ATM,2002-08-21,Normalized_Volatility,128.72601
4y7y_ATM,2002-08-22,Normalized_Volatility,128.05347
4y7y_ATM,2002-08-23,Normalized_Volatility,127.01985
4y7y_ATM,2002-08-26,Normalized_Volatility,126.1577
4y7y_ATM,2002-08-27,Normalized_Volatility,127.35909
4y7y_ATM,2002-08-28,Normalized_Volatility,126.3777
4y7y_ATM,2002-08-29,Normalized_Volatility,127.12294
4y7y_ATM,2002-08-30,Normalized_Volatility,126.294
4y7y_ATM,2002-09-03,Normalized_Volatility,127.07296
4y7y_ATM,2002-09-04,Normalized_Volatility,125.87681
4y7y_ATM,2002-09-05,Normalized_Volatility,126.29568
4y7y_ATM,2002-09-06,Normalized_Volatility,127.3272
4y7y_ATM,2002-09-09,Normalized_Volatility,126.22065
4y7y_ATM,2002-09-10,Normalized_Volatility,125.91033
4y7y_ATM,2002-09-11,Normalized_Volatility,125.1538
4y7y_ATM,2002-09-12,Normalized_Volatility,125.92384
4y7y_ATM,2002-09-13,Normalized_Volatility,125.718666
4y7y_ATM,2002-09-16,Normalized_Volatility,125.31081
4y7y_ATM,2002-09-17,Normalized_Volatility,126.017
4y7y_ATM,2002-09-18,Normalized_Volatility,127.83079
4y7y_ATM,2002-09-19,Normalized_Volatility,130.2672
4y7y_ATM,2002-09-20,Normalized_Volatility,132.26752
4y7y_ATM,2002-09-23,Normalized_Volatility,134.6425
4y7y_ATM,2002-09-24,Normalized_Volatility,134.8225
4y7y_ATM,2002-09-25,Normalized_Volatility,135.82283
4y7y_ATM,2002-09-26,Normalized_Volatility,136.42057
4y7y_ATM,2002-09-27,Normalized_Volatility,136.46694
4y7y_ATM,2002-09-30,Normalized_Volatility,136.32
4y7y_ATM,2002-10-01,Normalized_Volatility,135.10525
4y7y_ATM,2002-10-02,Normalized_Volatility,134.02432
4y7y_ATM,2002-10-03,Normalized_Volatility,132.62953
4y7y_ATM,2002-10-04,Normalized_Volatility,132.72593
4y7y_ATM,2002-10-07,Normalized_Volatility,130.44142
4y7y_ATM,2002-10-08,Normalized_Volatility,129.04176
4y7y_ATM,2002-10-09,Normalized_Volatility,128.03
4y7y_ATM,2002-10-10,Normalized_Volatility,125.18592
4y7y_ATM,2002-10-11,Normalized_Volatility,125.60698
4y7y_ATM,2002-10-15,Normalized_Volatility,124.7731
4y7y_ATM,2002-10-16,Normalized_Volatility,124.79196
4y7y_ATM,2002-10-17,Normalized_Volatility,126.05984
4y7y_ATM,2002-10-18,Normalized_Volatility,126.48556
4y7y_ATM,2002-10-21,Normalized_Volatility,127.2579
4y7y_ATM,2002-10-22,Normalized_Volatility,129.68464
4y7y_ATM,2002-10-23,Normalized_Volatility,129.16736
4y7y_ATM,2002-10-24,Normalized_Volatility,127.41234
4y7y_ATM,2002-10-25,Normalized_Volatility,126.79038
4y7y_ATM,2002-10-28,Normalized_Volatility,128.15935
4y7y_ATM,2002-10-29,Normalized_Volatility,128.40321
4y7y_ATM,2002-10-30,Normalized_Volatility,129.0718
4y7y_ATM,2002-10-31,Normalized_Volatility,126.00756
4y7y_ATM,2002-11-01,Normalized_Volatility,123.89709
4y7y_ATM,2002-11-04,Normalized_Volatility,123.24416
4y7y_ATM,2002-11-05,Normalized_Volatility,123.5169
4y7y_ATM,2002-11-06,Normalized_Volatility,119.2075
4y7y_ATM,2002-11-07,Normalized_Volatility,117.26568
4y7y_ATM,2002-11-08,Normalized_Volatility,116.49609
4y7y_ATM,2002-11-12,Normalized_Volatility,113.37935
4y7y_ATM,2002-11-13,Normalized_Volatility,114.12194
4y7y_ATM,2002-11-14,Normalized_Volatility,116.54839
4y7y_ATM,2002-11-15,Normalized_Volatility,117.69168
4y7y_ATM,2002-11-18,Normalized_Volatility,117.53536
4y7y_ATM,2002-11-19,Normalized_Volatility,119.20445
4y7y_ATM,2002-11-20,Normalized_Volatility,120.55485
4y7y_ATM,2002-11-21,Normalized_Volatility,121.401
4y7y_ATM,2002-11-22,Normalized_Volatility,121.17456
4y7y_ATM,2002-11-25,Normalized_Volatility,120.94803
4y7y_ATM,2002-11-26,Normalized_Volatility,119.13408
4y7y_ATM,2002-11-27,Normalized_Volatility,122.60768
4y7y_ATM,2002-11-29,Normalized_Volatility,122.61184
4y7y_ATM,2002-12-02,Normalized_Volatility,121.3888
4y7y_ATM,2002-12-03,Normalized_Volatility,122.9445
4y7y_ATM,2002-12-04,Normalized_Volatility,122.59311
4y7y_ATM,2002-12-05,Normalized_Volatility,122.93444
4y7y_ATM,2002-12-06,Normalized_Volatility,124.02705
4y7y_ATM,2002-12-09,Normalized_Volatility,122.90475
4y7y_ATM,2002-12-10,Normalized_Volatility,122.74565
4y7y_ATM,2002-12-11,Normalized_Volatility,120.99132
4y7y_ATM,2002-12-12,Normalized_Volatility,120.39692
4y7y_ATM,2002-12-13,Normalized_Volatility,119.7768
4y7y_ATM,2002-12-16,Normalized_Volatility,120.64374
4y7y_ATM,2002-12-17,Normalized_Volatility,121.54186
4y7y_ATM,2002-12-18,Normalized_Volatility,121.67526
4y7y_ATM,2002-12-19,Normalized_Volatility,121.1133
4y7y_ATM,2002-12-20,Normalized_Volatility,121.08334
4y7y_ATM,2002-12-23,Normalized_Volatility,121.34442
4y7y_ATM,2002-12-24,Normalized_Volatility,120.86292
4y7y_ATM,2002-12-26,Normalized_Volatility,121.60368
4y7y_ATM,2002-12-27,Normalized_Volatility,119.96845
4y7y_ATM,2002-12-30,Normalized_Volatility,120.50037
4y7y_ATM,2002-12-31,Normalized_Volatility,121.61727
4y7y_ATM,2003-01-02,Normalized_Volatility,122.1332
4y7y_ATM,2003-01-03,Normalized_Volatility,121.50646
4y7y_ATM,2003-01-06,Normalized_Volatility,122.7255822
4y7y_ATM,2003-01-07,Normalized_Volatility,121.15198
4y7y_ATM,2003-01-08,Normalized_Volatility,120.77852
4y7y_ATM,2003-01-09,Normalized_Volatility,122.63911
4y7y_ATM,2003-01-10,Normalized_Volatility,123.15116
4y7y_ATM,2003-01-13,Normalized_Volatility,122.19376
4y7y_ATM,2003-01-14,Normalized_Volatility,120.8168
4y7y_ATM,2003-01-15,Normalized_Volatility,120.07449
4y7y_ATM,2003-01-16,Normalized_Volatility,121.02145
4y7y_ATM,2003-01-17,Normalized_Volatility,121.3883
4y7y_ATM,2003-01-21,Normalized_Volatility,120.29532
4y7y_ATM,2003-01-22,Normalized_Volatility,120.15117
4y7y_ATM,2003-01-23,Normalized_Volatility,120.55161
4y7y_ATM,2003-01-24,Normalized_Volatility,119.68683
4y7y_ATM,2003-01-27,Normalized_Volatility,121.57188
4y7y_ATM,2003-01-28,Normalized_Volatility,121.82535
4y7y_ATM,2003-01-29,Normalized_Volatility,121.64361
4y7y_ATM,2003-01-30,Normalized_Volatility,120.11597
4y7y_ATM,2003-01-31,Normalized_Volatility,120.1722
4y7y_ATM,2003-02-03,Normalized_Volatility,119.1708
4y7y_ATM,2003-02-04,Normalized_Volatility,119.09524
4y7y_ATM,2003-02-05,Normalized_Volatility,119.5047
4y7y_ATM,2003-02-06,Normalized_Volatility,118.64741
4y7y_ATM,2003-02-07,Normalized_Volatility,118.92804
4y7y_ATM,2003-02-10,Normalized_Volatility,119.2086
4y7y_ATM,2003-02-11,Normalized_Volatility,119.78
4y7y_ATM,2003-02-12,Normalized_Volatility,119.6847
4y7y_ATM,2003-02-13,Normalized_Volatility,120.70944
4y7y_ATM,2003-02-14,Normalized_Volatility,121.70505
4y7y_ATM,2003-02-18,Normalized_Volatility,118.9174599
4y7y_ATM,2003-02-19,Normalized_Volatility,118.3476799
4y7y_ATM,2003-02-20,Normalized_Volatility,117.387125
4y7y_ATM,2003-02-21,Normalized_Volatility,118.9762254
4y7y_ATM,2003-02-24,Normalized_Volatility,117.7637184
4y7y_ATM,2003-02-25,Normalized_Volatility,118.319124
4y7y_ATM,2003-02-26,Normalized_Volatility,119.486712
4y7y_ATM,2003-02-27,Normalized_Volatility,118.99973
4y7y_ATM,2003-02-28,Normalized_Volatility,118.551858
4y7y_ATM,2003-03-03,Normalized_Volatility,119.701775
4y7y_ATM,2003-03-04,Normalized_Volatility,119.88675
4y7y_ATM,2003-03-05,Normalized_Volatility,119.484
4y7y_ATM,2003-03-06,Normalized_Volatility,120.94782
4y7y_ATM,2003-03-07,Normalized_Volatility,121.07331
4y7y_ATM,2003-03-10,Normalized_Volatility,121.7247375
4y7y_ATM,2003-03-11,Normalized_Volatility,121.665814
4y7y_ATM,2003-03-12,Normalized_Volatility,121.45227
4y7y_ATM,2003-03-13,Normalized_Volatility,121.990405
4y7y_ATM,2003-03-14,Normalized_Volatility,121.127292
4y7y_ATM,2003-03-17,Normalized_Volatility,121.3916
4y7y_ATM,2003-03-18,Normalized_Volatility,121.6614576
4y7y_ATM,2003-03-19,Normalized_Volatility,122.9959315
4y7y_ATM,2003-03-20,Normalized_Volatility,124.748332
4y7y_ATM,2003-03-21,Normalized_Volatility,122.5350239
4y7y_ATM,2003-03-24,Normalized_Volatility,122.8453275
4y7y_ATM,2003-03-25,Normalized_Volatility,121.1041316
4y7y_ATM,2003-03-26,Normalized_Volatility,120.58072
4y7y_ATM,2003-03-27,Normalized_Volatility,119.922026
4y7y_ATM,2003-03-28,Normalized_Volatility,119.6335283
4y7y_ATM,2003-03-31,Normalized_Volatility,119.4362284
4y7y_ATM,2003-04-01,Normalized_Volatility,117.3396
4y7y_ATM,2003-04-02,Normalized_Volatility,118.6042825
4y7y_ATM,2003-04-03,Normalized_Volatility,118.4510768
4y7y_ATM,2003-04-04,Normalized_Volatility,118.49657
4y7y_ATM,2003-04-07,Normalized_Volatility,117.9431342
4y7y_ATM,2003-04-08,Normalized_Volatility,117.160472
4y7y_ATM,2003-04-09,Normalized_Volatility,117.3509575
4y7y_ATM,2003-04-10,Normalized_Volatility,117.1907316
4y7y_ATM,2003-04-11,Normalized_Volatility,117.013248
4y7y_ATM,2003-04-14,Normalized_Volatility,116.2728378
4y7y_ATM,2003-04-15,Normalized_Volatility,115.48664
4y7y_ATM,2003-04-16,Normalized_Volatility,113.33972
4y7y_ATM,2003-04-17,Normalized_Volatility,113.489218
4y7y_ATM,2003-04-21,Normalized_Volatility,114.112619
4y7y_ATM,2003-04-22,Normalized_Volatility,115.1249196
4y7y_ATM,2003-04-23,Normalized_Volatility,114.5121448
4y7y_ATM,2003-04-24,Normalized_Volatility,112.2274263
4y7y_ATM,2003-04-25,Normalized_Volatility,113.16084
4y7y_ATM,2003-04-28,Normalized_Volatility,113.7218049
4y7y_ATM,2003-04-29,Normalized_Volatility,113.8004875
4y7y_ATM,2003-04-30,Normalized_Volatility,113.1264288
4y7y_ATM,2003-05-01,Normalized_Volatility,113.1249384
4y7y_ATM,2003-05-02,Normalized_Volatility,113.2156609
4y7y_ATM,2003-05-05,Normalized_Volatility,113.1927014
4y7y_ATM,2003-05-06,Normalized_Volatility,112.22244
4y7y_ATM,2003-05-07,Normalized_Volatility,111.7179195
4y7y_ATM,2003-05-08,Normalized_Volatility,111.0153375
4y7y_ATM,2003-05-09,Normalized_Volatility,109.9974448
4y7y_ATM,2003-05-12,Normalized_Volatility,108.842044
4y7y_ATM,2003-05-13,Normalized_Volatility,109.03112
4y7y_ATM,2003-05-14,Normalized_Volatility,108.929301
4y7y_ATM,2003-05-15,Normalized_Volatility,110.01152
4y7y_ATM,2003-05-16,Normalized_Volatility,111.5406075
4y7y_ATM,2003-05-19,Normalized_Volatility,111.1654925
4y7y_ATM,2003-05-20,Normalized_Volatility,113.6285078
4y7y_ATM,2003-05-21,Normalized_Volatility,114.675336
4y7y_ATM,2003-05-22,Normalized_Volatility,113.17424
4y7y_ATM,2003-05-23,Normalized_Volatility,112.8542886
4y7y_ATM,2003-05-27,Normalized_Volatility,113.929365
4y7y_ATM,2003-05-28,Normalized_Volatility,113.7746375
4y7y_ATM,2003-05-29,Normalized_Volatility,113.1118854
4y7y_ATM,2003-05-30,Normalized_Volatility,112.6162497
4y7y_ATM,2003-06-02,Normalized_Volatility,113.1658024
4y7y_ATM,2003-06-03,Normalized_Volatility,112.97592
4y7y_ATM,2003-06-04,Normalized_Volatility,113.35954
4y7y_ATM,2003-06-05,Normalized_Volatility,114.061685
4y7y_ATM,2003-06-06,Normalized_Volatility,112.9101625
4y7y_ATM,2003-06-09,Normalized_Volatility,112.0531875
4y7y_ATM,2003-06-10,Normalized_Volatility,112.768705
4y7y_ATM,2003-06-11,Normalized_Volatility,113.14485
4y7y_ATM,2003-06-12,Normalized_Volatility,114.3208275
4y7y_ATM,2003-06-13,Normalized_Volatility,114.46515
4y7y_ATM,2003-06-16,Normalized_Volatility,115.083136
4y7y_ATM,2003-06-17,Normalized_Volatility,116.173989
4y7y_ATM,2003-06-18,Normalized_Volatility,117.8901254
4y7y_ATM,2003-06-19,Normalized_Volatility,118.9132104
4y7y_ATM,2003-06-20,Normalized_Volatility,119.4106432
4y7y_ATM,2003-06-23,Normalized_Volatility,119.271
4y7y_ATM,2003-06-24,Normalized_Volatility,119.988375
4y7y_ATM,2003-06-25,Normalized_Volatility,118.8800208
4y7y_ATM,2003-06-26,Normalized_Volatility,122.12528
4y7y_ATM,2003-06-27,Normalized_Volatility,122.4812081
4y7y_ATM,2003-06-30,Normalized_Volatility,122.72334
4y7y_ATM,2003-07-01,Normalized_Volatility,122.42842
4y7y_ATM,2003-07-02,Normalized_Volatility,122.3604875
4y7y_ATM,2003-07-03,Normalized_Volatility,124.31727
4y7y_ATM,2003-07-07,Normalized_Volatility,124.2342335
4y7y_ATM,2003-07-08,Normalized_Volatility,123.661335
4y7y_ATM,2003-07-09,Normalized_Volatility,122.49432
4y7y_ATM,2003-07-10,Normalized_Volatility,121.08454
4y7y_ATM,2003-07-11,Normalized_Volatility,119.6244384
4y7y_ATM,2003-07-14,Normalized_Volatility,120.3709553
4y7y_ATM,2003-07-15,Normalized_Volatility,122.35269
4y7y_ATM,2003-07-16,Normalized_Volatility,124.9588086
4y7y_ATM,2003-07-17,Normalized_Volatility,122.2194762
4y7y_ATM,2003-07-18,Normalized_Volatility,120.64943
4y7y_ATM,2003-07-21,Normalized_Volatility,123.0455573
4y7y_ATM,2003-07-22,Normalized_Volatility,122.13663
4y7y_ATM,2003-07-23,Normalized_Volatility,122.27225
4y7y_ATM,2003-07-24,Normalized_Volatility,123.2815512
4y7y_ATM,2003-07-25,Normalized_Volatility,123.8970154
4y7y_ATM,2003-07-28,Normalized_Volatility,124.93155
4y7y_ATM,2003-07-29,Normalized_Volatility,126.8462975
4y7y_ATM,2003-07-30,Normalized_Volatility,128.510015
4y7y_ATM,2003-07-31,Normalized_Volatility,133.7486625
4y7y_ATM,2003-08-01,Normalized_Volatility,134.3052855
4y7y_ATM,2003-08-04,Normalized_Volatility,129.8733911
4y7y_ATM,2003-08-05,Normalized_Volatility,128.71188
4y7y_ATM,2003-08-06,Normalized_Volatility,123.89973
4y7y_ATM,2003-08-07,Normalized_Volatility,120.979495
4y7y_ATM,2003-08-08,Normalized_Volatility,123.6178706
4y7y_ATM,2003-08-11,Normalized_Volatility,126.13524
4y7y_ATM,2003-08-12,Normalized_Volatility,124.60082
4y7y_ATM,2003-08-13,Normalized_Volatility,129.5383
4y7y_ATM,2003-08-14,Normalized_Volatility,129.192265
4y7y_ATM,2003-08-15,Normalized_Volatility,129.44154
4y7y_ATM,2003-08-18,Normalized_Volatility,127.03067
4y7y_ATM,2003-08-19,Normalized_Volatility,123.3972135
4y7y_ATM,2003-08-20,Normalized_Volatility,125.1294345
4y7y_ATM,2003-08-21,Normalized_Volatility,126.06066
4y7y_ATM,2003-08-22,Normalized_Volatility,124.0903
4y7y_ATM,2003-08-25,Normalized_Volatility,125.797335
4y7y_ATM,2003-08-26,Normalized_Volatility,124.4580876
4y7y_ATM,2003-08-27,Normalized_Volatility,123.5200416
4y7y_ATM,2003-08-28,Normalized_Volatility,123.8456324
4y7y_ATM,2003-08-29,Normalized_Volatility,123.7580642
4y7y_ATM,2003-09-02,Normalized_Volatility,125.9205768
4y7y_ATM,2003-09-03,Normalized_Volatility,125.0815097
4y7y_ATM,2003-09-04,Normalized_Volatility,122.5185885
4y7y_ATM,2003-09-05,Normalized_Volatility,120.530025
4y7y_ATM,2003-09-08,Normalized_Volatility,119.4021632
4y7y_ATM,2003-09-09,Normalized_Volatility,119.1779312
4y7y_ATM,2003-09-10,Normalized_Volatility,116.83661
4y7y_ATM,2003-09-11,Normalized_Volatility,118.39524
4y7y_ATM,2003-09-12,Normalized_Volatility,119.2434775
4y7y_ATM,2003-09-15,Normalized_Volatility,118.8970884
4y7y_ATM,2003-09-16,Normalized_Volatility,120.0235386
4y7y_ATM,2003-09-17,Normalized_Volatility,118.3819382
4y7y_ATM,2003-09-18,Normalized_Volatility,118.5504
4y7y_ATM,2003-09-19,Normalized_Volatility,118.5019425
4y7y_ATM,2003-09-22,Normalized_Volatility,120.1141675
4y7y_ATM,2003-09-23,Normalized_Volatility,120.2959529
4y7y_ATM,2003-09-24,Normalized_Volatility,120.4885185
4y7y_ATM,2003-09-25,Normalized_Volatility,121.2722514
4y7y_ATM,2003-09-26,Normalized_Volatility,120.8929568
4y7y_ATM,2003-09-29,Normalized_Volatility,121.4544834
4y7y_ATM,2003-09-30,Normalized_Volatility,122.5602885
4y7y_ATM,2003-10-01,Normalized_Volatility,122.367264
4y7y_ATM,2003-10-02,Normalized_Volatility,123.3643992
4y7y_ATM,2003-10-03,Normalized_Volatility,125.8986435
4y7y_ATM,2003-10-06,Normalized_Volatility,125.1186343
4y7y_ATM,2003-10-07,Normalized_Volatility,126.988008
4y7y_ATM,2003-10-08,Normalized_Volatility,126.8346639
4y7y_ATM,2003-10-09,Normalized_Volatility,126.5523574
4y7y_ATM,2003-10-10,Normalized_Volatility,124.8566378
4y7y_ATM,2003-10-14,Normalized_Volatility,124.6980873
4y7y_ATM,2003-10-15,Normalized_Volatility,125.7437775
4y7y_ATM,2003-10-16,Normalized_Volatility,126.0224992
4y7y_ATM,2003-10-17,Normalized_Volatility,125.49031
4y7y_ATM,2003-10-20,Normalized_Volatility,125.064136
4y7y_ATM,2003-10-21,Normalized_Volatility,124.8886057
4y7y_ATM,2003-10-22,Normalized_Volatility,124.5988888
4y7y_ATM,2003-10-23,Normalized_Volatility,125.290206
4y7y_ATM,2003-10-24,Normalized_Volatility,124.3816
4y7y_ATM,2003-10-27,Normalized_Volatility,125.174859
4y7y_ATM,2003-10-28,Normalized_Volatility,124.0760002
4y7y_ATM,2003-10-29,Normalized_Volatility,122.58764
4y7y_ATM,2003-10-30,Normalized_Volatility,123.8569731
4y7y_ATM,2003-10-31,Normalized_Volatility,122.6308635
4y7y_ATM,2003-11-03,Normalized_Volatility,123.5797894
4y7y_ATM,2003-11-04,Normalized_Volatility,122.7540123
4y7y_ATM,2003-11-05,Normalized_Volatility,122.14334
4y7y_ATM,2003-11-06,Normalized_Volatility,122.2934518
4y7y_ATM,2003-11-07,Normalized_Volatility,122.757116
4y7y_ATM,2003-11-10,Normalized_Volatility,121.32453
4y7y_ATM,2003-11-12,Normalized_Volatility,120.7666152
4y7y_ATM,2003-11-13,Normalized_Volatility,119.0861651
4y7y_ATM,2003-11-14,Normalized_Volatility,118.8756
4y7y_ATM,2003-11-17,Normalized_Volatility,119.6304976
4y7y_ATM,2003-11-18,Normalized_Volatility,120.5271489
4y7y_ATM,2003-11-19,Normalized_Volatility,121.5494055
4y7y_ATM,2003-11-20,Normalized_Volatility,122.401395
4y7y_ATM,2003-11-21,Normalized_Volatility,122.75403
4y7y_ATM,2003-11-24,Normalized_Volatility,123.3296151
4y7y_ATM,2003-11-25,Normalized_Volatility,123.52722
4y7y_ATM,2003-11-26,Normalized_Volatility,123.9045885
4y7y_ATM,2003-11-28,Normalized_Volatility,124.16132
4y7y_ATM,2003-12-01,Normalized_Volatility,126.400376
4y7y_ATM,2003-12-02,Normalized_Volatility,126.2532804
4y7y_ATM,2003-12-03,Normalized_Volatility,126.0726425
4y7y_ATM,2003-12-04,Normalized_Volatility,125.398971
4y7y_ATM,2003-12-05,Normalized_Volatility,125.11925
4y7y_ATM,2003-12-08,Normalized_Volatility,125.2168875
4y7y_ATM,2003-12-09,Normalized_Volatility,125.8774643
4y7y_ATM,2003-12-10,Normalized_Volatility,124.058803
4y7y_ATM,2003-12-11,Normalized_Volatility,122.8822172
4y7y_ATM,2003-12-12,Normalized_Volatility,122.6696625
4y7y_ATM,2003-12-15,Normalized_Volatility,122.9776928
4y7y_ATM,2003-12-16,Normalized_Volatility,122.6563104
4y7y_ATM,2003-12-17,Normalized_Volatility,122.7697737
4y7y_ATM,2003-12-18,Normalized_Volatility,121.791648
4y7y_ATM,2003-12-19,Normalized_Volatility,121.19192
4y7y_ATM,2003-12-22,Normalized_Volatility,121.7307
4y7y_ATM,2003-12-23,Normalized_Volatility,122.0773038
4y7y_ATM,2003-12-24,Normalized_Volatility,121.0646798
4y7y_ATM,2003-12-26,Normalized_Volatility,121.313335
4y7y_ATM,2003-12-29,Normalized_Volatility,122.5895024
4y7y_ATM,2003-12-30,Normalized_Volatility,123.0090925
4y7y_ATM,2003-12-31,Normalized_Volatility,122.9462785
4y7y_ATM,2004-01-02,Normalized_Volatility,123.7498416
4y7y_ATM,2004-01-05,Normalized_Volatility,122.52471
4y7y_ATM,2004-01-06,Normalized_Volatility,120.5844
4y7y_ATM,2004-01-07,Normalized_Volatility,119.9060444
4y7y_ATM,2004-01-08,Normalized_Volatility,119.2369765
4y7y_ATM,2004-01-09,Normalized_Volatility,117.5757
4y7y_ATM,2004-01-12,Normalized_Volatility,117.6648874
4y7y_ATM,2004-01-13,Normalized_Volatility,118.98762
4y7y_ATM,2004-01-14,Normalized_Volatility,119.0553868
4y7y_ATM,2004-01-15,Normalized_Volatility,120.5858181
4y7y_ATM,2004-01-16,Normalized_Volatility,120.7850697
4y7y_ATM,2004-01-20,Normalized_Volatility,121.4304336
4y7y_ATM,2004-01-21,Normalized_Volatility,120.8825236
4y7y_ATM,2004-01-22,Normalized_Volatility,121.1498064
4y7y_ATM,2004-01-23,Normalized_Volatility,121.6757885
4y7y_ATM,2004-01-26,Normalized_Volatility,121.7451675
4y7y_ATM,2004-01-27,Normalized_Volatility,121.1091
4y7y_ATM,2004-01-28,Normalized_Volatility,121.8373158
4y7y_ATM,2004-01-29,Normalized_Volatility,121.377555
4y7y_ATM,2004-01-30,Normalized_Volatility,119.6058314
4y7y_ATM,2004-02-02,Normalized_Volatility,120.607422
4y7y_ATM,2004-02-03,Normalized_Volatility,121.2383067
4y7y_ATM,2004-02-04,Normalized_Volatility,121.4319024
4y7y_ATM,2004-02-05,Normalized_Volatility,122.8475502
4y7y_ATM,2004-02-06,Normalized_Volatility,122.20898
4y7y_ATM,2004-02-09,Normalized_Volatility,121.632958
4y7y_ATM,2004-02-10,Normalized_Volatility,120.8474795
4y7y_ATM,2004-02-11,Normalized_Volatility,117.98416
4y7y_ATM,2004-02-12,Normalized_Volatility,118.0262054
4y7y_ATM,2004-02-13,Normalized_Volatility,117.4133471
4y7y_ATM,2004-02-17,Normalized_Volatility,117.823343
4y7y_ATM,2004-02-18,Normalized_Volatility,117.4029875
4y7y_ATM,2004-02-19,Normalized_Volatility,117.4980625
4y7y_ATM,2004-02-20,Normalized_Volatility,117.7740828
4y7y_ATM,2004-02-23,Normalized_Volatility,117.6829899
4y7y_ATM,2004-02-24,Normalized_Volatility,117.47782
4y7y_ATM,2004-02-25,Normalized_Volatility,117.4822836
4y7y_ATM,2004-02-26,Normalized_Volatility,118.126166
4y7y_ATM,2004-02-27,Normalized_Volatility,117.6828532
4y7y_ATM,2004-03-01,Normalized_Volatility,118.0676112
4y7y_ATM,2004-03-02,Normalized_Volatility,119.2515388
4y7y_ATM,2004-03-03,Normalized_Volatility,119.069164
4y7y_ATM,2004-03-04,Normalized_Volatility,118.1510407
4y7y_ATM,2004-03-05,Normalized_Volatility,116.0153072
4y7y_ATM,2004-03-08,Normalized_Volatility,116.2660092
4y7y_ATM,2004-03-09,Normalized_Volatility,116.506385
4y7y_ATM,2004-03-10,Normalized_Volatility,118.33859
4y7y_ATM,2004-03-11,Normalized_Volatility,118.5945078
4y7y_ATM,2004-03-12,Normalized_Volatility,118.56208
4y7y_ATM,2004-03-15,Normalized_Volatility,119.27838
4y7y_ATM,2004-03-16,Normalized_Volatility,118.587672
4y7y_ATM,2004-03-17,Normalized_Volatility,119.4441608
4y7y_ATM,2004-03-18,Normalized_Volatility,119.7991754
4y7y_ATM,2004-03-19,Normalized_Volatility,119.1029576
4y7y_ATM,2004-03-22,Normalized_Volatility,119.3255042
4y7y_ATM,2004-03-23,Normalized_Volatility,120.6394436
4y7y_ATM,2004-03-24,Normalized_Volatility,120.2734768
4y7y_ATM,2004-03-25,Normalized_Volatility,121.2920335
4y7y_ATM,2004-03-26,Normalized_Volatility,121.3199232
4y7y_ATM,2004-03-29,Normalized_Volatility,120.924455
4y7y_ATM,2004-03-30,Normalized_Volatility,120.4501998
4y7y_ATM,2004-03-31,Normalized_Volatility,118.984176
4y7y_ATM,2004-04-01,Normalized_Volatility,119.4821385
4y7y_ATM,2004-04-02,Normalized_Volatility,120.1666456
4y7y_ATM,2004-04-05,Normalized_Volatility,120.6625194
4y7y_ATM,2004-04-06,Normalized_Volatility,118.5691584
4y7y_ATM,2004-04-07,Normalized_Volatility,118.539992
4y7y_ATM,2004-04-08,Normalized_Volatility,118.1802555
4y7y_ATM,2004-04-12,Normalized_Volatility,117.32045
4y7y_ATM,2004-04-13,Normalized_Volatility,116.293775
4y7y_ATM,2004-04-14,Normalized_Volatility,116.1351595
4y7y_ATM,2004-04-15,Normalized_Volatility,115.3956672
4y7y_ATM,2004-04-16,Normalized_Volatility,115.5460131
4y7y_ATM,2004-04-19,Normalized_Volatility,115.54818
4y7y_ATM,2004-04-20,Normalized_Volatility,113.8264139
4y7y_ATM,2004-04-21,Normalized_Volatility,114.1103397
4y7y_ATM,2004-04-22,Normalized_Volatility,113.2301824
4y7y_ATM,2004-04-23,Normalized_Volatility,114.1187926
4y7y_ATM,2004-04-26,Normalized_Volatility,112.7464338
4y7y_ATM,2004-04-27,Normalized_Volatility,111.804083
4y7y_ATM,2004-04-28,Normalized_Volatility,111.1014288
4y7y_ATM,2004-04-29,Normalized_Volatility,111.52315
4y7y_ATM,2004-04-30,Normalized_Volatility,110.8073424
4y7y_ATM,2004-05-03,Normalized_Volatility,112.4927456
4y7y_ATM,2004-05-04,Normalized_Volatility,113.9612628
4y7y_ATM,2004-05-05,Normalized_Volatility,113.914374
4y7y_ATM,2004-05-06,Normalized_Volatility,114.92025
4y7y_ATM,2004-05-07,Normalized_Volatility,113.5335084
4y7y_ATM,2004-05-10,Normalized_Volatility,109.5245901
4y7y_ATM,2004-05-11,Normalized_Volatility,109.4905887
4y7y_ATM,2004-05-12,Normalized_Volatility,109.074686
4y7y_ATM,2004-05-13,Normalized_Volatility,110.6759655
4y7y_ATM,2004-05-14,Normalized_Volatility,110.7580749
4y7y_ATM,2004-05-17,Normalized_Volatility,112.380575
4y7y_ATM,2004-05-18,Normalized_Volatility,111.419685
4y7y_ATM,2004-05-19,Normalized_Volatility,112.7645955
4y7y_ATM,2004-05-20,Normalized_Volatility,112.1922984
4y7y_ATM,2004-05-21,Normalized_Volatility,113.409198
4y7y_ATM,2004-05-24,Normalized_Volatility,113.448274
4y7y_ATM,2004-05-25,Normalized_Volatility,113.654409
4y7y_ATM,2004-05-26,Normalized_Volatility,113.9001588
4y7y_ATM,2004-05-27,Normalized_Volatility,112.84062
4y7y_ATM,2004-05-28,Normalized_Volatility,111.29991
4y7y_ATM,2004-06-01,Normalized_Volatility,111.2619173
4y7y_ATM,2004-06-02,Normalized_Volatility,111.0687675
4y7y_ATM,2004-06-03,Normalized_Volatility,109.60694
4y7y_ATM,2004-06-04,Normalized_Volatility,107.9133942
4y7y_ATM,2004-06-07,Normalized_Volatility,107.150153
4y7y_ATM,2004-06-08,Normalized_Volatility,108.0229671
4y7y_ATM,2004-06-09,Normalized_Volatility,108.6069792
4y7y_ATM,2004-06-10,Normalized_Volatility,108.576915
4y7y_ATM,2004-06-14,Normalized_Volatility,108.995535
4y7y_ATM,2004-06-15,Normalized_Volatility,106.9493494
4y7y_ATM,2004-06-16,Normalized_Volatility,106.7725182
4y7y_ATM,2004-06-17,Normalized_Volatility,104.7789987
4y7y_ATM,2004-06-18,Normalized_Volatility,104.1460388
4y7y_ATM,2004-06-21,Normalized_Volatility,103.2996888
4y7y_ATM,2004-06-22,Normalized_Volatility,101.4861312
4y7y_ATM,2004-06-23,Normalized_Volatility,103.394835
4y7y_ATM,2004-06-24,Normalized_Volatility,103.6243125
4y7y_ATM,2004-06-25,Normalized_Volatility,101.356374
4y7y_ATM,2004-06-28,Normalized_Volatility,102.0078072
4y7y_ATM,2004-06-29,Normalized_Volatility,101.27164
4y7y_ATM,2004-06-30,Normalized_Volatility,100.99803
4y7y_ATM,2004-07-01,Normalized_Volatility,99.925525
4y7y_ATM,2004-07-02,Normalized_Volatility,101.0911042
4y7y_ATM,2004-07-06,Normalized_Volatility,101.7587394
4y7y_ATM,2004-07-07,Normalized_Volatility,103.11574
4y7y_ATM,2004-07-08,Normalized_Volatility,103.6551648
4y7y_ATM,2004-07-09,Normalized_Volatility,104.3508655
4y7y_ATM,2004-07-12,Normalized_Volatility,104.0687029
4y7y_ATM,2004-07-13,Normalized_Volatility,105.3349165
4y7y_ATM,2004-07-14,Normalized_Volatility,103.821795
4y7y_ATM,2004-07-15,Normalized_Volatility,103.160175
4y7y_ATM,2004-07-16,Normalized_Volatility,103.7313444
4y7y_ATM,2004-07-19,Normalized_Volatility,104.0338208
4y7y_ATM,2004-07-20,Normalized_Volatility,104.32949
4y7y_ATM,2004-07-21,Normalized_Volatility,103.070918
4y7y_ATM,2004-07-22,Normalized_Volatility,102.1717548
4y7y_ATM,2004-07-23,Normalized_Volatility,100.5520299
4y7y_ATM,2004-07-26,Normalized_Volatility,100.9042994
4y7y_ATM,2004-07-27,Normalized_Volatility,101.8988936
4y7y_ATM,2004-07-28,Normalized_Volatility,100.9298092
4y7y_ATM,2004-07-29,Normalized_Volatility,100.6363545
4y7y_ATM,2004-07-30,Normalized_Volatility,100.6836902
4y7y_ATM,2004-08-02,Normalized_Volatility,101.2151736
4y7y_ATM,2004-08-03,Normalized_Volatility,101.6524044
4y7y_ATM,2004-08-04,Normalized_Volatility,101.7841965
4y7y_ATM,2004-08-05,Normalized_Volatility,101.894806
4y7y_ATM,2004-08-06,Normalized_Volatility,104.7901757
4y7y_ATM,2004-08-09,Normalized_Volatility,105.2638374
4y7y_ATM,2004-08-10,Normalized_Volatility,104.8630983
4y7y_ATM,2004-08-11,Normalized_Volatility,102.9909349
4y7y_ATM,2004-08-12,Normalized_Volatility,102.1095327
4y7y_ATM,2004-08-13,Normalized_Volatility,104.0608856
4y7y_ATM,2004-08-16,Normalized_Volatility,104.0981655
4y7y_ATM,2004-08-17,Normalized_Volatility,105.7108328
4y7y_ATM,2004-08-18,Normalized_Volatility,106.43256
4y7y_ATM,2004-08-19,Normalized_Volatility,106.3109909
4y7y_ATM,2004-08-20,Normalized_Volatility,105.8903796
4y7y_ATM,2004-08-23,Normalized_Volatility,105.0504912
4y7y_ATM,2004-08-24,Normalized_Volatility,104.5989425
4y7y_ATM,2004-08-25,Normalized_Volatility,104.02392
4y7y_ATM,2004-08-26,Normalized_Volatility,103.9216612
4y7y_ATM,2004-08-27,Normalized_Volatility,103.3375975
4y7y_ATM,2004-08-30,Normalized_Volatility,103.2871686
4y7y_ATM,2004-08-31,Normalized_Volatility,104.692562
4y7y_ATM,2004-09-01,Normalized_Volatility,105.6818178
4y7y_ATM,2004-09-02,Normalized_Volatility,105.5675682
4y7y_ATM,2004-09-03,Normalized_Volatility,103.0982394
4y7y_ATM,2004-09-07,Normalized_Volatility,102.4758756
4y7y_ATM,2004-09-08,Normalized_Volatility,103.298804
4y7y_ATM,2004-09-09,Normalized_Volatility,103.0123524
4y7y_ATM,2004-09-10,Normalized_Volatility,102.4955072
4y7y_ATM,2004-09-13,Normalized_Volatility,102.4529748
4y7y_ATM,2004-09-14,Normalized_Volatility,102.2662336
4y7y_ATM,2004-09-15,Normalized_Volatility,103.0544528
4y7y_ATM,2004-09-16,Normalized_Volatility,103.355195
4y7y_ATM,2004-09-17,Normalized_Volatility,103.9030531
4y7y_ATM,2004-09-20,Normalized_Volatility,103.8650472
4y7y_ATM,2004-09-21,Normalized_Volatility,103.5289144
4y7y_ATM,2004-09-22,Normalized_Volatility,106.3547864
4y7y_ATM,2004-09-23,Normalized_Volatility,107.9570282
4y7y_ATM,2004-09-24,Normalized_Volatility,107.877258
4y7y_ATM,2004-09-27,Normalized_Volatility,108.166191
4y7y_ATM,2004-09-28,Normalized_Volatility,110.3367195
4y7y_ATM,2004-09-29,Normalized_Volatility,109.9207424
4y7y_ATM,2004-09-30,Normalized_Volatility,109.1513799
4y7y_ATM,2004-10-01,Normalized_Volatility,107.671404
4y7y_ATM,2004-10-04,Normalized_Volatility,106.6184
4y7y_ATM,2004-10-05,Normalized_Volatility,105.956088
4y7y_ATM,2004-10-06,Normalized_Volatility,105.9953805
4y7y_ATM,2004-10-07,Normalized_Volatility,107.123676
4y7y_ATM,2004-10-08,Normalized_Volatility,106.0675
4y7y_ATM,2004-10-12,Normalized_Volatility,106.9068
4y7y_ATM,2004-10-13,Normalized_Volatility,108.0783
4y7y_ATM,2004-10-14,Normalized_Volatility,108.12594
4y7y_ATM,2004-10-15,Normalized_Volatility,109.22544
4y7y_ATM,2004-10-18,Normalized_Volatility,108.61656
4y7y_ATM,2004-10-19,Normalized_Volatility,108.77469
4y7y_ATM,2004-10-20,Normalized_Volatility,110.00601
4y7y_ATM,2004-10-21,Normalized_Volatility,109.70172
4y7y_ATM,2004-10-22,Normalized_Volatility,110.3528985
4y7y_ATM,2004-10-25,Normalized_Volatility,110.864825
4y7y_ATM,2004-10-26,Normalized_Volatility,110.614639
4y7y_ATM,2004-10-27,Normalized_Volatility,110.3960955
4y7y_ATM,2004-10-28,Normalized_Volatility,110.2206
4y7y_ATM,2004-10-29,Normalized_Volatility,108.2589494
4y7y_ATM,2004-11-01,Normalized_Volatility,106.6209
4y7y_ATM,2004-11-02,Normalized_Volatility,106.0593875
4y7y_ATM,2004-11-03,Normalized_Volatility,105.384852
4y7y_ATM,2004-11-04,Normalized_Volatility,105.42252
4y7y_ATM,2004-11-05,Normalized_Volatility,103.784499
4y7y_ATM,2004-11-08,Normalized_Volatility,103.980005
4y7y_ATM,2004-11-09,Normalized_Volatility,102.894558
4y7y_ATM,2004-11-10,Normalized_Volatility,103.3455825
4y7y_ATM,2004-11-12,Normalized_Volatility,103.3676295
4y7y_ATM,2004-11-15,Normalized_Volatility,103.26442
4y7y_ATM,2004-11-16,Normalized_Volatility,102.698405
4y7y_ATM,2004-11-17,Normalized_Volatility,102.521055
4y7y_ATM,2004-11-18,Normalized_Volatility,102.598142
4y7y_ATM,2004-11-19,Normalized_Volatility,101.748235
4y7y_ATM,2004-11-22,Normalized_Volatility,100.639404
4y7y_ATM,2004-11-23,Normalized_Volatility,99.934395
4y7y_ATM,2004-11-24,Normalized_Volatility,99.95445
4y7y_ATM,2004-11-26,Normalized_Volatility,99.753322
4y7y_ATM,2004-11-29,Normalized_Volatility,100.172585
4y7y_ATM,2004-11-30,Normalized_Volatility,99.9482665
4y7y_ATM,2004-12-01,Normalized_Volatility,102.0946275
4y7y_ATM,2004-12-02,Normalized_Volatility,101.456208
4y7y_ATM,2004-12-03,Normalized_Volatility,101.130723
4y7y_ATM,2004-12-06,Normalized_Volatility,100.191465
4y7y_ATM,2004-12-07,Normalized_Volatility,99.8901592
4y7y_ATM,2004-12-08,Normalized_Volatility,100.9141119
4y7y_ATM,2004-12-09,Normalized_Volatility,100.9045044
4y7y_ATM,2004-12-10,Normalized_Volatility,101.94633
4y7y_ATM,2004-12-13,Normalized_Volatility,101.9517504
4y7y_ATM,2004-12-14,Normalized_Volatility,102.6776336
4y7y_ATM,2004-12-15,Normalized_Volatility,104.555229
4y7y_ATM,2004-12-16,Normalized_Volatility,104.650005
4y7y_ATM,2004-12-17,Normalized_Volatility,104.945906
4y7y_ATM,2004-12-20,Normalized_Volatility,104.60088
4y7y_ATM,2004-12-21,Normalized_Volatility,103.302122
4y7y_ATM,2004-12-22,Normalized_Volatility,102.710637
4y7y_ATM,2004-12-23,Normalized_Volatility,103.022702
4y7y_ATM,2004-12-27,Normalized_Volatility,103.148397
4y7y_ATM,2004-12-28,Normalized_Volatility,103.160155
4y7y_ATM,2004-12-29,Normalized_Volatility,102.564408
4y7y_ATM,2004-12-30,Normalized_Volatility,102.45879
4y7y_ATM,2004-12-31,Normalized_Volatility,101.91382
4y7y_ATM,2005-01-03,Normalized_Volatility,101.4106
4y7y_ATM,2005-01-04,Normalized_Volatility,99.804328
4y7y_ATM,2005-01-05,Normalized_Volatility,99.471372
4y7y_ATM,2005-01-06,Normalized_Volatility,98.742252
4y7y_ATM,2005-01-07,Normalized_Volatility,97.152368
4y7y_ATM,2005-01-10,Normalized_Volatility,95.88442
4y7y_ATM,2005-01-11,Normalized_Volatility,95.719544
4y7y_ATM,2005-01-12,Normalized_Volatility,94.7416635
4y7y_ATM,2005-01-13,Normalized_Volatility,93.815826
4y7y_ATM,2005-01-14,Normalized_Volatility,94.1016805
4y7y_ATM,2005-01-18,Normalized_Volatility,93.4468162
4y7y_ATM,2005-01-19,Normalized_Volatility,92.483864
4y7y_ATM,2005-01-20,Normalized_Volatility,90.904905
4y7y_ATM,2005-01-21,Normalized_Volatility,91.896288
4y7y_ATM,2005-01-24,Normalized_Volatility,92.9460972
4y7y_ATM,2005-01-25,Normalized_Volatility,94.2504728
4y7y_ATM,2005-01-26,Normalized_Volatility,94.309437
4y7y_ATM,2005-01-27,Normalized_Volatility,93.382352
4y7y_ATM,2005-01-28,Normalized_Volatility,92.985168
4y7y_ATM,2005-01-31,Normalized_Volatility,92.396877
4y7y_ATM,2005-02-01,Normalized_Volatility,92.628591
4y7y_ATM,2005-02-02,Normalized_Volatility,91.659722
4y7y_ATM,2005-02-03,Normalized_Volatility,90.651534
4y7y_ATM,2005-02-04,Normalized_Volatility,90.438381
4y7y_ATM,2005-02-07,Normalized_Volatility,90.278823
4y7y_ATM,2005-02-08,Normalized_Volatility,90.6137825
4y7y_ATM,2005-02-09,Normalized_Volatility,92.0016
4y7y_ATM,2005-02-10,Normalized_Volatility,93.7302874
4y7y_ATM,2005-02-11,Normalized_Volatility,93.08257
4y7y_ATM,2005-02-14,Normalized_Volatility,92.914896
4y7y_ATM,2005-02-15,Normalized_Volatility,93.3139348
4y7y_ATM,2005-02-16,Normalized_Volatility,91.685282
4y7y_ATM,2005-02-17,Normalized_Volatility,91.401447
4y7y_ATM,2005-02-18,Normalized_Volatility,91.299403
4y7y_ATM,2005-02-22,Normalized_Volatility,92.0110528
4y7y_ATM,2005-02-23,Normalized_Volatility,92.024576
4y7y_ATM,2005-02-24,Normalized_Volatility,91.4759426
4y7y_ATM,2005-02-25,Normalized_Volatility,90.832781
4y7y_ATM,2005-02-28,Normalized_Volatility,91.9525684
4y7y_ATM,2005-03-01,Normalized_Volatility,91.5759216
4y7y_ATM,2005-03-02,Normalized_Volatility,91.15024
4y7y_ATM,2005-03-03,Normalized_Volatility,90.437496
4y7y_ATM,2005-03-04,Normalized_Volatility,89.0148132
4y7y_ATM,2005-03-07,Normalized_Volatility,88.7168341
4y7y_ATM,2005-03-08,Normalized_Volatility,89.838943
4y7y_ATM,2005-03-09,Normalized_Volatility,91.7294464
4y7y_ATM,2005-03-10,Normalized_Volatility,91.117067
4y7y_ATM,2005-03-11,Normalized_Volatility,91.721877
4y7y_ATM,2005-03-14,Normalized_Volatility,91.9434915
4y7y_ATM,2005-03-15,Normalized_Volatility,92.2268763
4y7y_ATM,2005-03-16,Normalized_Volatility,93.1688347
4y7y_ATM,2005-03-17,Normalized_Volatility,92.9135739
4y7y_ATM,2005-03-18,Normalized_Volatility,93.0887663
4y7y_ATM,2005-03-21,Normalized_Volatility,93.694645
4y7y_ATM,2005-03-22,Normalized_Volatility,94.4956819
4y7y_ATM,2005-03-23,Normalized_Volatility,93.924778
4y7y_ATM,2005-03-24,Normalized_Volatility,92.7381785
4y7y_ATM,2005-03-28,Normalized_Volatility,92.8753175
4y7y_ATM,2005-03-29,Normalized_Volatility,93.0153168
4y7y_ATM,2005-03-30,Normalized_Volatility,91.9132621
4y7y_ATM,2005-03-31,Normalized_Volatility,90.85276
4y7y_ATM,2005-04-01,Normalized_Volatility,89.54596
4y7y_ATM,2005-04-04,Normalized_Volatility,90.711309
4y7y_ATM,2005-04-05,Normalized_Volatility,90.6939736
4y7y_ATM,2005-04-06,Normalized_Volatility,90.6991743
4y7y_ATM,2005-04-07,Normalized_Volatility,92.0214912
4y7y_ATM,2005-04-08,Normalized_Volatility,92.5128384
4y7y_ATM,2005-04-11,Normalized_Volatility,92.3533375
4y7y_ATM,2005-04-12,Normalized_Volatility,91.2414264
4y7y_ATM,2005-04-13,Normalized_Volatility,91.4135616
4y7y_ATM,2005-04-14,Normalized_Volatility,92.8877046
4y7y_ATM,2005-04-15,Normalized_Volatility,93.7096641
4y7y_ATM,2005-04-18,Normalized_Volatility,94.8673952
4y7y_ATM,2005-04-19,Normalized_Volatility,94.209456
4y7y_ATM,2005-04-20,Normalized_Volatility,94.3782421
4y7y_ATM,2005-04-21,Normalized_Volatility,93.5448989
4y7y_ATM,2005-04-22,Normalized_Volatility,93.546291
4y7y_ATM,2005-04-25,Normalized_Volatility,93.380796
4y7y_ATM,2005-04-26,Normalized_Volatility,93.055742
4y7y_ATM,2005-04-27,Normalized_Volatility,93.3988988
4y7y_ATM,2005-04-28,Normalized_Volatility,93.844954
4y7y_ATM,2005-04-29,Normalized_Volatility,94.3254
4y7y_ATM,2005-05-02,Normalized_Volatility,94.656208
4y7y_ATM,2005-05-03,Normalized_Volatility,94.547778
4y7y_ATM,2005-05-04,Normalized_Volatility,94.0443057
4y7y_ATM,2005-05-05,Normalized_Volatility,93.563097
4y7y_ATM,2005-05-06,Normalized_Volatility,93.437072
4y7y_ATM,2005-05-09,Normalized_Volatility,92.7733911
4y7y_ATM,2005-05-10,Normalized_Volatility,93.66226
4y7y_ATM,2005-05-11,Normalized_Volatility,94.6641267
4y7y_ATM,2005-05-12,Normalized_Volatility,94.4935774
4y7y_ATM,2005-05-13,Normalized_Volatility,94.9844808
4y7y_ATM,2005-05-16,Normalized_Volatility,95.338926
4y7y_ATM,2005-05-17,Normalized_Volatility,96.2949
4y7y_ATM,2005-05-18,Normalized_Volatility,96.3237796
4y7y_ATM,2005-05-19,Normalized_Volatility,94.323114
4y7y_ATM,2005-05-20,Normalized_Volatility,93.842424
4y7y_ATM,2005-05-23,Normalized_Volatility,93.8258811
4y7y_ATM,2005-05-24,Normalized_Volatility,93.826194
4y7y_ATM,2005-05-25,Normalized_Volatility,93.1628412
4y7y_ATM,2005-05-26,Normalized_Volatility,92.7723198
4y7y_ATM,2005-05-27,Normalized_Volatility,92.5647868
4y7y_ATM,2005-05-31,Normalized_Volatility,93.392832
4y7y_ATM,2005-06-01,Normalized_Volatility,93.901465
4y7y_ATM,2005-06-02,Normalized_Volatility,94.2198208
4y7y_ATM,2005-06-03,Normalized_Volatility,94.053316
4y7y_ATM,2005-06-06,Normalized_Volatility,94.3906773
4y7y_ATM,2005-06-07,Normalized_Volatility,94.8857006
4y7y_ATM,2005-06-08,Normalized_Volatility,95.0595272
4y7y_ATM,2005-06-09,Normalized_Volatility,95.385696
4y7y_ATM,2005-06-10,Normalized_Volatility,97.527075
4y7y_ATM,2005-06-13,Normalized_Volatility,97.0441505
4y7y_ATM,2005-06-14,Normalized_Volatility,96.233116
4y7y_ATM,2005-06-15,Normalized_Volatility,95.2272377
4y7y_ATM,2005-06-16,Normalized_Volatility,95.21696
4y7y_ATM,2005-06-17,Normalized_Volatility,94.22226
4y7y_ATM,2005-06-20,Normalized_Volatility,93.889665
4y7y_ATM,2005-06-21,Normalized_Volatility,94.2263828
4y7y_ATM,2005-06-22,Normalized_Volatility,95.7203833
4y7y_ATM,2005-06-23,Normalized_Volatility,95.7104512
4y7y_ATM,2005-06-24,Normalized_Volatility,96.212578
4y7y_ATM,2005-06-27,Normalized_Volatility,96.218496
4y7y_ATM,2005-06-28,Normalized_Volatility,96.0601356
4y7y_ATM,2005-06-29,Normalized_Volatility,96.0430449
4y7y_ATM,2005-06-30,Normalized_Volatility,96.0455343
4y7y_ATM,2005-07-01,Normalized_Volatility,95.718834
4y7y_ATM,2005-07-05,Normalized_Volatility,95.8848
4y7y_ATM,2005-07-06,Normalized_Volatility,96.2226265
4y7y_ATM,2005-07-07,Normalized_Volatility,96.2116496
4y7y_ATM,2005-07-08,Normalized_Volatility,95.38327
4y7y_ATM,2005-07-11,Normalized_Volatility,95.5511106
4y7y_ATM,2005-07-12,Normalized_Volatility,94.327074
4y7y_ATM,2005-07-13,Normalized_Volatility,94.3352755
4y7y_ATM,2005-07-14,Normalized_Volatility,93.6643438
4y7y_ATM,2005-07-15,Normalized_Volatility,93.1115631
4y7y_ATM,2005-07-18,Normalized_Volatility,93.113831
4y7y_ATM,2005-07-19,Normalized_Volatility,92.9486016
4y7y_ATM,2005-07-20,Normalized_Volatility,92.671384
4y7y_ATM,2005-07-21,Normalized_Volatility,93.3181239
4y7y_ATM,2005-07-22,Normalized_Volatility,93.320521
4y7y_ATM,2005-07-25,Normalized_Volatility,93.321991
4y7y_ATM,2005-07-26,Normalized_Volatility,93.3234663
4y7y_ATM,2005-07-27,Normalized_Volatility,92.9980167
4y7y_ATM,2005-07-28,Normalized_Volatility,92.6617928
4y7y_ATM,2005-07-29,Normalized_Volatility,92.6606761
4y7y_ATM,2005-08-01,Normalized_Volatility,93.1558528
4y7y_ATM,2005-08-02,Normalized_Volatility,93.157248
4y7y_ATM,2005-08-03,Normalized_Volatility,92.501352
4y7y_ATM,2005-08-04,Normalized_Volatility,91.6766896
4y7y_ATM,2005-08-05,Normalized_Volatility,91.676739
4y7y_ATM,2005-08-08,Normalized_Volatility,92.0104049
4y7y_ATM,2005-08-09,Normalized_Volatility,91.8429204
4y7y_ATM,2005-08-10,Normalized_Volatility,91.8480321
4y7y_ATM,2005-08-11,Normalized_Volatility,91.5128085
4y7y_ATM,2005-08-12,Normalized_Volatility,92.332984
4y7y_ATM,2005-08-15,Normalized_Volatility,92.3351652
4y7y_ATM,2005-08-16,Normalized_Volatility,92.5002768
4y7y_ATM,2005-08-17,Normalized_Volatility,92.67016
4y7y_ATM,2005-08-18,Normalized_Volatility,93.320115
4y7y_ATM,2005-08-19,Normalized_Volatility,93.6479502
4y7y_ATM,2005-08-22,Normalized_Volatility,93.6530385
4y7y_ATM,2005-08-23,Normalized_Volatility,93.6470328
4y7y_ATM,2005-08-24,Normalized_Volatility,92.9491365
4y7y_ATM,2005-08-25,Normalized_Volatility,93.1132348
4y7y_ATM,2005-08-26,Normalized_Volatility,93.3106657
4y7y_ATM,2005-08-29,Normalized_Volatility,93.6964431
4y7y_ATM,2005-08-30,Normalized_Volatility,93.8149806
4y7y_ATM,2005-08-31,Normalized_Volatility,94.8047007
4y7y_ATM,2005-09-01,Normalized_Volatility,95.122378
4y7y_ATM,2005-09-02,Normalized_Volatility,94.6354526
4y7y_ATM,2005-09-06,Normalized_Volatility,94.4732544
4y7y_ATM,2005-09-07,Normalized_Volatility,95.1378013
4y7y_ATM,2005-09-08,Normalized_Volatility,95.7843998
4y7y_ATM,2005-09-09,Normalized_Volatility,95.62086
4y7y_ATM,2005-09-12,Normalized_Volatility,95.2920052
4y7y_ATM,2005-09-13,Normalized_Volatility,95.9526324
4y7y_ATM,2005-09-14,Normalized_Volatility,95.6276476
4y7y_ATM,2005-09-15,Normalized_Volatility,95.1264036
4y7y_ATM,2005-09-16,Normalized_Volatility,95.122968
4y7y_ATM,2005-09-19,Normalized_Volatility,95.1260488
4y7y_ATM,2005-09-20,Normalized_Volatility,94.3071844
4y7y_ATM,2005-09-21,Normalized_Volatility,94.4778157
4y7y_ATM,2005-09-22,Normalized_Volatility,94.1438043
4y7y_ATM,2005-09-23,Normalized_Volatility,94.63254
4y7y_ATM,2005-09-26,Normalized_Volatility,94.6375353
4y7y_ATM,2005-09-27,Normalized_Volatility,94.9721652
4y7y_ATM,2005-09-28,Normalized_Volatility,94.982752
4y7y_ATM,2005-09-29,Normalized_Volatility,94.963197
4y7y_ATM,2005-09-30,Normalized_Volatility,94.9635232
4y7y_ATM,2005-10-03,Normalized_Volatility,94.9651614
4y7y_ATM,2005-10-04,Normalized_Volatility,94.468826
4y7y_ATM,2005-10-05,Normalized_Volatility,93.8196803
4y7y_ATM,2005-10-06,Normalized_Volatility,94.3045913
4y7y_ATM,2005-10-07,Normalized_Volatility,93.8128229
4y7y_ATM,2005-10-11,Normalized_Volatility,93.8132118
4y7y_ATM,2005-10-12,Normalized_Volatility,94.3112156
4y7y_ATM,2005-10-13,Normalized_Volatility,94.4721288
4y7y_ATM,2005-10-14,Normalized_Volatility,94.7980342
4y7y_ATM,2005-10-17,Normalized_Volatility,95.2931166
4y7y_ATM,2005-10-18,Normalized_Volatility,95.1290994
4y7y_ATM,2005-10-19,Normalized_Volatility,95.1368704
4y7y_ATM,2005-10-20,Normalized_Volatility,94.963598
4y7y_ATM,2005-10-21,Normalized_Volatility,94.2432624
4y7y_ATM,2005-10-24,Normalized_Volatility,94.2434376
4y7y_ATM,2005-10-25,Normalized_Volatility,94.5700275
4y7y_ATM,2005-10-26,Normalized_Volatility,94.7345616
4y7y_ATM,2005-10-27,Normalized_Volatility,94.7434432
4y7y_ATM,2005-10-28,Normalized_Volatility,94.7344455
4y7y_ATM,2005-10-31,Normalized_Volatility,95.388642
4y7y_ATM,2005-11-01,Normalized_Volatility,95.2270448
4y7y_ATM,2005-11-02,Normalized_Volatility,95.889395
4y7y_ATM,2005-11-03,Normalized_Volatility,97.682377
4y7y_ATM,2005-11-04,Normalized_Volatility,98.173249
4y7y_ATM,2005-11-07,Normalized_Volatility,98.3416317
4y7y_ATM,2005-11-08,Normalized_Volatility,96.4509045
4y7y_ATM,2005-11-09,Normalized_Volatility,99.73647
4y7y_ATM,2005-11-10,Normalized_Volatility,99.8998986
4y7y_ATM,2005-11-14,Normalized_Volatility,100.2288912
4y7y_ATM,2005-11-15,Normalized_Volatility,100.2295506
4y7y_ATM,2005-11-16,Normalized_Volatility,99.9911001
4y7y_ATM,2005-11-17,Normalized_Volatility,99.9831922
4y7y_ATM,2005-11-18,Normalized_Volatility,99.4898112
4y7y_ATM,2005-11-21,Normalized_Volatility,98.8421412
4y7y_ATM,2005-11-22,Normalized_Volatility,98.3587326
4y7y_ATM,2005-11-23,Normalized_Volatility,98.354601
4y7y_ATM,2005-11-25,Normalized_Volatility,98.3577672
4y7y_ATM,2005-11-28,Normalized_Volatility,98.365927
4y7y_ATM,2005-11-29,Normalized_Volatility,99.0077415
4y7y_ATM,2005-11-30,Normalized_Volatility,99.505842
4y7y_ATM,2005-12-01,Normalized_Volatility,99.985731
4y7y_ATM,2005-12-02,Normalized_Volatility,99.1684993
4y7y_ATM,2005-12-05,Normalized_Volatility,99.172476
4y7y_ATM,2005-12-06,Normalized_Volatility,99.3327645
4y7y_ATM,2005-12-07,Normalized_Volatility,99.661947
4y7y_ATM,2005-12-08,Normalized_Volatility,99.0064035
4y7y_ATM,2005-12-09,Normalized_Volatility,99.0054736
4y7y_ATM,2005-12-12,Normalized_Volatility,99.00924
4y7y_ATM,2005-12-13,Normalized_Volatility,98.1910976
4y7y_ATM,2005-12-14,Normalized_Volatility,98.2002056
4y7y_ATM,2005-12-15,Normalized_Volatility,97.8673503
4y7y_ATM,2005-12-16,Normalized_Volatility,97.5392892
4y7y_ATM,2005-12-19,Normalized_Volatility,96.8900499
4y7y_ATM,2005-12-20,Normalized_Volatility,97.048499
4y7y_ATM,2005-12-21,Normalized_Volatility,97.055142
4y7y_ATM,2005-12-22,Normalized_Volatility,96.8478048
4y7y_ATM,2005-12-23,Normalized_Volatility,96.683468
4y7y_ATM,2005-12-27,Normalized_Volatility,96.7291626
4y7y_ATM,2005-12-28,Normalized_Volatility,96.7221608
4y7y_ATM,2005-12-29,Normalized_Volatility,96.7182825
4y7y_ATM,2005-12-30,Normalized_Volatility,97.2058831
4y7y_ATM,2006-01-03,Normalized_Volatility,96.8859684
4y7y_ATM,2006-01-04,Normalized_Volatility,96.4011468
4y7y_ATM,2006-01-05,Normalized_Volatility,95.4213782
4y7y_ATM,2006-01-06,Normalized_Volatility,94.7648124
4y7y_ATM,2006-01-09,Normalized_Volatility,93.461342
4y7y_ATM,2006-01-10,Normalized_Volatility,94.116148
4y7y_ATM,2006-01-11,Normalized_Volatility,93.9603864
4y7y_ATM,2006-01-12,Normalized_Volatility,94.2753735
4y7y_ATM,2006-01-13,Normalized_Volatility,94.1154328
4y7y_ATM,2006-01-17,Normalized_Volatility,94.440325
4y7y_ATM,2006-01-18,Normalized_Volatility,93.9566448
4y7y_ATM,2006-01-19,Normalized_Volatility,93.789908
4y7y_ATM,2006-01-20,Normalized_Volatility,94.4394723
4y7y_ATM,2006-01-23,Normalized_Volatility,94.9296588
4y7y_ATM,2006-01-24,Normalized_Volatility,94.93322
4y7y_ATM,2006-01-25,Normalized_Volatility,95.7080733
4y7y_ATM,2006-01-26,Normalized_Volatility,96.288764
4y7y_ATM,2006-01-27,Normalized_Volatility,96.0108935
4y7y_ATM,2006-01-30,Normalized_Volatility,96.0703934
4y7y_ATM,2006-01-31,Normalized_Volatility,96.0723558
4y7y_ATM,2006-02-01,Normalized_Volatility,96.5671473
4y7y_ATM,2006-02-02,Normalized_Volatility,96.884118
4y7y_ATM,2006-02-03,Normalized_Volatility,96.2356343
4y7y_ATM,2006-02-06,Normalized_Volatility,96.520768
4y7y_ATM,2006-02-07,Normalized_Volatility,96.8875312
4y7y_ATM,2006-02-08,Normalized_Volatility,96.729714
4y7y_ATM,2006-02-09,Normalized_Volatility,96.3940464
4y7y_ATM,2006-02-10,Normalized_Volatility,95.8359201
4y7y_ATM,2006-02-13,Normalized_Volatility,95.5125377
4y7y_ATM,2006-02-14,Normalized_Volatility,94.859088
4y7y_ATM,2006-02-15,Normalized_Volatility,94.2134445
4y7y_ATM,2006-02-16,Normalized_Volatility,92.7469935
4y7y_ATM,2006-02-17,Normalized_Volatility,92.7479104
4y7y_ATM,2006-02-21,Normalized_Volatility,92.5859832
4y7y_ATM,2006-02-22,Normalized_Volatility,91.5301692
4y7y_ATM,2006-02-23,Normalized_Volatility,91.5736178
4y7y_ATM,2006-02-24,Normalized_Volatility,89.9319744
4y7y_ATM,2006-02-27,Normalized_Volatility,89.653534
4y7y_ATM,2006-02-28,Normalized_Volatility,90.1453278
4y7y_ATM,2006-03-01,Normalized_Volatility,90.953955
4y7y_ATM,2006-03-02,Normalized_Volatility,92.5879296
4y7y_ATM,2006-03-03,Normalized_Volatility,92.198405
4y7y_ATM,2006-03-06,Normalized_Volatility,93.3310521
4y7y_ATM,2006-03-07,Normalized_Volatility,93.3323222
4y7y_ATM,2006-03-08,Normalized_Volatility,93.822247
4y7y_ATM,2006-03-09,Normalized_Volatility,92.6174628
4y7y_ATM,2006-03-10,Normalized_Volatility,92.6174195
4y7y_ATM,2006-03-13,Normalized_Volatility,93.1067634
4y7y_ATM,2006-03-14,Normalized_Volatility,92.1314365
4y7y_ATM,2006-03-15,Normalized_Volatility,92.6196336
4y7y_ATM,2006-03-16,Normalized_Volatility,92.1303882
4y7y_ATM,2006-03-17,Normalized_Volatility,92.1318282
4y7y_ATM,2006-03-20,Normalized_Volatility,91.8096016
4y7y_ATM,2006-03-21,Normalized_Volatility,91.8086174
4y7y_ATM,2006-03-22,Normalized_Volatility,91.4861212
4y7y_ATM,2006-03-23,Normalized_Volatility,91.710311
4y7y_ATM,2006-03-24,Normalized_Volatility,91.7115826
4y7y_ATM,2006-03-27,Normalized_Volatility,92.0389344
4y7y_ATM,2006-03-28,Normalized_Volatility,92.3550265
4y7y_ATM,2006-03-29,Normalized_Volatility,93.0166832
4y7y_ATM,2006-03-30,Normalized_Volatility,93.5149875
4y7y_ATM,2006-03-31,Normalized_Volatility,93.0325
4y7y_ATM,2006-04-03,Normalized_Volatility,93.0318396
4y7y_ATM,2006-04-04,Normalized_Volatility,92.8424763
4y7y_ATM,2006-04-05,Normalized_Volatility,92.2991336
4y7y_ATM,2006-04-06,Normalized_Volatility,92.2908925
4y7y_ATM,2006-04-07,Normalized_Volatility,91.4824135
4y7y_ATM,2006-04-10,Normalized_Volatility,90.9974926
4y7y_ATM,2006-04-11,Normalized_Volatility,90.673815
4y7y_ATM,2006-04-12,Normalized_Volatility,91.160129
4y7y_ATM,2006-04-13,Normalized_Volatility,91.646794
4y7y_ATM,2006-04-17,Normalized_Volatility,90.3546125
4y7y_ATM,2006-04-18,Normalized_Volatility,90.03159
4y7y_ATM,2006-04-19,Normalized_Volatility,89.0602749
4y7y_ATM,2006-04-20,Normalized_Volatility,88.8929801
4y7y_ATM,2006-04-21,Normalized_Volatility,88.242427
4y7y_ATM,2006-04-24,Normalized_Volatility,88.4095908
4y7y_ATM,2006-04-25,Normalized_Volatility,88.0827402
4y7y_ATM,2006-04-26,Normalized_Volatility,88.4213248
4y7y_ATM,2006-04-27,Normalized_Volatility,87.5565504
4y7y_ATM,2006-04-28,Normalized_Volatility,87.2355312
4y7y_ATM,2006-05-01,Normalized_Volatility,87.0726592
4y7y_ATM,2006-05-02,Normalized_Volatility,87.5993248
4y7y_ATM,2006-05-03,Normalized_Volatility,88.5705881
4y7y_ATM,2006-05-04,Normalized_Volatility,88.404992
4y7y_ATM,2006-05-05,Normalized_Volatility,88.565451
4y7y_ATM,2006-05-08,Normalized_Volatility,88.5662514
4y7y_ATM,2006-05-09,Normalized_Volatility,89.045833
4y7y_ATM,2006-05-10,Normalized_Volatility,89.219346
4y7y_ATM,2006-05-11,Normalized_Volatility,89.8626096
4y7y_ATM,2006-05-12,Normalized_Volatility,90.672525
4y7y_ATM,2006-05-15,Normalized_Volatility,90.510824
4y7y_ATM,2006-05-16,Normalized_Volatility,90.1911408
4y7y_ATM,2006-05-17,Normalized_Volatility,90.6762934
4y7y_ATM,2006-05-18,Normalized_Volatility,91.314968
4y7y_ATM,2006-05-19,Normalized_Volatility,92.1258855
4y7y_ATM,2006-05-22,Normalized_Volatility,92.4526421
4y7y_ATM,2006-05-23,Normalized_Volatility,91.9670642
4y7y_ATM,2006-05-24,Normalized_Volatility,92.252332
4y7y_ATM,2006-05-25,Normalized_Volatility,92.221675
4y7y_ATM,2006-05-26,Normalized_Volatility,92.271894
4y7y_ATM,2006-05-30,Normalized_Volatility,91.64644
4y7y_ATM,2006-05-31,Normalized_Volatility,91.8141444
4y7y_ATM,2006-06-01,Normalized_Volatility,90.5154546
4y7y_ATM,2006-06-02,Normalized_Volatility,90.5152422
4y7y_ATM,2006-06-05,Normalized_Volatility,90.0282296
4y7y_ATM,2006-06-06,Normalized_Volatility,90.1877108
4y7y_ATM,2006-06-07,Normalized_Volatility,89.8691079
4y7y_ATM,2006-06-08,Normalized_Volatility,90.0272823
4y7y_ATM,2006-06-09,Normalized_Volatility,89.538887
4y7y_ATM,2006-06-12,Normalized_Volatility,88.896628
4y7y_ATM,2006-06-13,Normalized_Volatility,88.3109139
4y7y_ATM,2006-06-14,Normalized_Volatility,88.5892117
4y7y_ATM,2006-06-15,Normalized_Volatility,88.7469196
4y7y_ATM,2006-06-16,Normalized_Volatility,89.0713912
4y7y_ATM,2006-06-19,Normalized_Volatility,88.9083055
4y7y_ATM,2006-06-20,Normalized_Volatility,89.0711288
4y7y_ATM,2006-06-21,Normalized_Volatility,89.871366
4y7y_ATM,2006-06-22,Normalized_Volatility,89.624292
4y7y_ATM,2006-06-23,Normalized_Volatility,90.4283704
4y7y_ATM,2006-06-26,Normalized_Volatility,90.0843736
4y7y_ATM,2006-06-27,Normalized_Volatility,89.766522
4y7y_ATM,2006-06-28,Normalized_Volatility,89.82764
4y7y_ATM,2006-06-29,Normalized_Volatility,89.5966026
4y7y_ATM,2006-06-30,Normalized_Volatility,89.60364
4y7y_ATM,2006-07-03,Normalized_Volatility,89.6051862
4y7y_ATM,2006-07-05,Normalized_Volatility,89.9242152
4y7y_ATM,2006-07-06,Normalized_Volatility,89.4434158
4y7y_ATM,2006-07-07,Normalized_Volatility,89.2817175
4y7y_ATM,2006-07-10,Normalized_Volatility,89.2812613
4y7y_ATM,2006-07-11,Normalized_Volatility,89.6030552
4y7y_ATM,2006-07-12,Normalized_Volatility,89.440738
4y7y_ATM,2006-07-13,Normalized_Volatility,89.9231739
4y7y_ATM,2006-07-14,Normalized_Volatility,90.40632
4y7y_ATM,2006-07-17,Normalized_Volatility,90.4046886
4y7y_ATM,2006-07-18,Normalized_Volatility,90.4100256
4y7y_ATM,2006-07-19,Normalized_Volatility,89.7661833
4y7y_ATM,2006-07-20,Normalized_Volatility,89.981549
4y7y_ATM,2006-07-21,Normalized_Volatility,89.98286
4y7y_ATM,2006-07-24,Normalized_Volatility,89.1753334
4y7y_ATM,2006-07-25,Normalized_Volatility,88.8540681
4y7y_ATM,2006-07-26,Normalized_Volatility,89.019513
4y7y_ATM,2006-07-27,Normalized_Volatility,89.02425
4y7y_ATM,2006-07-28,Normalized_Volatility,89.4953535
4y7y_ATM,2006-07-31,Normalized_Volatility,89.4930552
4y7y_ATM,2006-08-01,Normalized_Volatility,89.4994768
4y7y_ATM,2006-08-02,Normalized_Volatility,89.2303153
4y7y_ATM,2006-08-03,Normalized_Volatility,89.0655179
4y7y_ATM,2006-08-04,Normalized_Volatility,88.5786375
4y7y_ATM,2006-08-07,Normalized_Volatility,88.2593988
4y7y_ATM,2006-08-08,Normalized_Volatility,87.451152
4y7y_ATM,2006-08-09,Normalized_Volatility,86.8053768
4y7y_ATM,2006-08-10,Normalized_Volatility,87.1260795
4y7y_ATM,2006-08-11,Normalized_Volatility,87.2843608
4y7y_ATM,2006-08-14,Normalized_Volatility,86.9588245
4y7y_ATM,2006-08-15,Normalized_Volatility,86.4796986
4y7y_ATM,2006-08-16,Normalized_Volatility,86.4776662
4y7y_ATM,2006-08-17,Normalized_Volatility,86.3184408
4y7y_ATM,2006-08-18,Normalized_Volatility,86.311864
4y7y_ATM,2006-08-21,Normalized_Volatility,86.6889672
4y7y_ATM,2006-08-22,Normalized_Volatility,87.339504
4y7y_ATM,2006-08-23,Normalized_Volatility,87.8213886
4y7y_ATM,2006-08-24,Normalized_Volatility,88.1042727
4y7y_ATM,2006-08-25,Normalized_Volatility,88.1044892
4y7y_ATM,2006-08-28,Normalized_Volatility,87.9347592
4y7y_ATM,2006-08-29,Normalized_Volatility,88.381986
4y7y_ATM,2006-08-30,Normalized_Volatility,89.1253968
4y7y_ATM,2006-08-31,Normalized_Volatility,88.7964867
4y7y_ATM,2006-09-01,Normalized_Volatility,88.310784
4y7y_ATM,2006-09-05,Normalized_Volatility,88.202499
4y7y_ATM,2006-09-06,Normalized_Volatility,88.043992
4y7y_ATM,2006-09-07,Normalized_Volatility,88.0411087
4y7y_ATM,2006-09-08,Normalized_Volatility,88.1162818
4y7y_ATM,2006-09-11,Normalized_Volatility,88.1192724
4y7y_ATM,2006-09-12,Normalized_Volatility,88.5347902
4y7y_ATM,2006-09-13,Normalized_Volatility,88.9498159
4y7y_ATM,2006-09-14,Normalized_Volatility,88.9446034
4y7y_ATM,2006-09-15,Normalized_Volatility,88.4511712
4y7y_ATM,2006-09-18,Normalized_Volatility,88.2914277
4y7y_ATM,2006-09-19,Normalized_Volatility,88.6288312
4y7y_ATM,2006-09-20,Normalized_Volatility,88.1307392
4y7y_ATM,2006-09-21,Normalized_Volatility,88.619152
4y7y_ATM,2006-09-22,Normalized_Volatility,90.7455042
4y7y_ATM,2006-09-25,Normalized_Volatility,91.7274916
4y7y_ATM,2006-09-26,Normalized_Volatility,90.5810175
4y7y_ATM,2006-09-27,Normalized_Volatility,90.5925235
4y7y_ATM,2006-09-28,Normalized_Volatility,90.254136
4y7y_ATM,2006-09-29,Normalized_Volatility,90.5809792
4y7y_ATM,2006-10-02,Normalized_Volatility,90.9109895
4y7y_ATM,2006-10-03,Normalized_Volatility,90.5823178
4y7y_ATM,2006-10-04,Normalized_Volatility,91.233035
4y7y_ATM,2006-10-05,Normalized_Volatility,91.0690128
4y7y_ATM,2006-10-06,Normalized_Volatility,90.4119864
4y7y_ATM,2006-10-10,Normalized_Volatility,89.5974144
4y7y_ATM,2006-10-11,Normalized_Volatility,88.9455104
4y7y_ATM,2006-10-12,Normalized_Volatility,88.7838607
4y7y_ATM,2006-10-13,Normalized_Volatility,88.2918181
4y7y_ATM,2006-10-16,Normalized_Volatility,88.1295701
4y7y_ATM,2006-10-17,Normalized_Volatility,88.290326
4y7y_ATM,2006-10-18,Normalized_Volatility,87.8072976
4y7y_ATM,2006-10-19,Normalized_Volatility,87.7985056
4y7y_ATM,2006-10-20,Normalized_Volatility,87.4732144
4y7y_ATM,2006-10-23,Normalized_Volatility,87.3125176
4y7y_ATM,2006-10-24,Normalized_Volatility,86.9848378
4y7y_ATM,2006-10-25,Normalized_Volatility,86.783606
4y7y_ATM,2006-10-26,Normalized_Volatility,87.0202451
4y7y_ATM,2006-10-27,Normalized_Volatility,87.5612712
4y7y_ATM,2006-10-30,Normalized_Volatility,87.3098884
4y7y_ATM,2006-10-31,Normalized_Volatility,87.797209
4y7y_ATM,2006-11-01,Normalized_Volatility,88.948245
4y7y_ATM,2006-11-02,Normalized_Volatility,88.1235368
4y7y_ATM,2006-11-03,Normalized_Volatility,87.631747
4y7y_ATM,2006-11-06,Normalized_Volatility,86.9803249
4y7y_ATM,2006-11-07,Normalized_Volatility,87.3532647
4y7y_ATM,2006-11-08,Normalized_Volatility,87.0309759
4y7y_ATM,2006-11-09,Normalized_Volatility,86.2073385
4y7y_ATM,2006-11-10,Normalized_Volatility,86.7321684
4y7y_ATM,2006-11-13,Normalized_Volatility,86.5370247
4y7y_ATM,2006-11-14,Normalized_Volatility,87.032946
4y7y_ATM,2006-11-15,Normalized_Volatility,86.210267
4y7y_ATM,2006-11-16,Normalized_Volatility,85.716279
4y7y_ATM,2006-11-17,Normalized_Volatility,85.5533602
4y7y_ATM,2006-11-20,Normalized_Volatility,85.3873111
4y7y_ATM,2006-11-21,Normalized_Volatility,85.3893348
4y7y_ATM,2006-11-22,Normalized_Volatility,85.3888902
4y7y_ATM,2006-11-24,Normalized_Volatility,85.8775826
4y7y_ATM,2006-11-27,Normalized_Volatility,86.049368
4y7y_ATM,2006-11-28,Normalized_Volatility,86.7123306
4y7y_ATM,2006-11-29,Normalized_Volatility,86.3788026
4y7y_ATM,2006-11-30,Normalized_Volatility,86.70136
4y7y_ATM,2006-12-01,Normalized_Volatility,87.0309048
4y7y_ATM,2006-12-04,Normalized_Volatility,86.8193388
4y7y_ATM,2006-12-05,Normalized_Volatility,86.1680729
4y7y_ATM,2006-12-06,Normalized_Volatility,85.6776324
4y7y_ATM,2006-12-07,Normalized_Volatility,86.32427
4y7y_ATM,2006-12-08,Normalized_Volatility,85.6749023
4y7y_ATM,2006-12-11,Normalized_Volatility,85.509554
4y7y_ATM,2006-12-12,Normalized_Volatility,85.1863089
4y7y_ATM,2006-12-13,Normalized_Volatility,84.5327582
4y7y_ATM,2006-12-14,Normalized_Volatility,84.203221
4y7y_ATM,2006-12-15,Normalized_Volatility,83.8781207
4y7y_ATM,2006-12-18,Normalized_Volatility,83.5492993
4y7y_ATM,2006-12-19,Normalized_Volatility,83.5503588
4y7y_ATM,2006-12-20,Normalized_Volatility,83.0604688
4y7y_ATM,2006-12-21,Normalized_Volatility,83.1478852
4y7y_ATM,2006-12-22,Normalized_Volatility,83.4773072
4y7y_ATM,2006-12-26,Normalized_Volatility,83.3500497
4y7y_ATM,2006-12-27,Normalized_Volatility,83.0573415
4y7y_ATM,2006-12-28,Normalized_Volatility,82.6888593
4y7y_ATM,2006-12-29,Normalized_Volatility,82.5275484
4y7y_ATM,2007-01-02,Normalized_Volatility,82.0824522
4y7y_ATM,2007-01-03,Normalized_Volatility,81.5086071
4y7y_ATM,2007-01-04,Normalized_Volatility,81.2248328
4y7y_ATM,2007-01-05,Normalized_Volatility,79.7409028
4y7y_ATM,2007-01-08,Normalized_Volatility,79.4995248
4y7y_ATM,2007-01-09,Normalized_Volatility,78.8204093
4y7y_ATM,2007-01-10,Normalized_Volatility,78.6667104
4y7y_ATM,2007-01-11,Normalized_Volatility,78.7641305
4y7y_ATM,2007-01-12,Normalized_Volatility,77.827287
4y7y_ATM,2007-01-16,Normalized_Volatility,77.0787044
4y7y_ATM,2007-01-17,Normalized_Volatility,76.4125896
4y7y_ATM,2007-01-18,Normalized_Volatility,76.5646448
4y7y_ATM,2007-01-19,Normalized_Volatility,77.1703644
4y7y_ATM,2007-01-22,Normalized_Volatility,77.2429154
4y7y_ATM,2007-01-23,Normalized_Volatility,76.883906
4y7y_ATM,2007-01-24,Normalized_Volatility,76.5342
4y7y_ATM,2007-01-25,Normalized_Volatility,77.0780406
4y7y_ATM,2007-01-26,Normalized_Volatility,76.9243039
4y7y_ATM,2007-01-29,Normalized_Volatility,76.2614718
4y7y_ATM,2007-01-30,Normalized_Volatility,75.952517
4y7y_ATM,2007-01-31,Normalized_Volatility,74.918724
4y7y_ATM,2007-02-01,Normalized_Volatility,74.858784
4y7y_ATM,2007-02-02,Normalized_Volatility,73.7163063
4y7y_ATM,2007-02-05,Normalized_Volatility,73.5074316
4y7y_ATM,2007-02-06,Normalized_Volatility,73.646574
4y7y_ATM,2007-02-07,Normalized_Volatility,74.47068
4y7y_ATM,2007-02-08,Normalized_Volatility,74.1972416
4y7y_ATM,2007-02-09,Normalized_Volatility,74.007674
4y7y_ATM,2007-02-12,Normalized_Volatility,73.5353694
4y7y_ATM,2007-02-13,Normalized_Volatility,73.6077244
4y7y_ATM,2007-02-14,Normalized_Volatility,74.301714
4y7y_ATM,2007-02-15,Normalized_Volatility,75.0710415
4y7y_ATM,2007-02-16,Normalized_Volatility,76.0079388
4y7y_ATM,2007-02-20,Normalized_Volatility,76.950192
4y7y_ATM,2007-02-21,Normalized_Volatility,75.8069876
4y7y_ATM,2007-02-22,Normalized_Volatility,75.2105196
4y7y_ATM,2007-02-23,Normalized_Volatility,76.0374198
4y7y_ATM,2007-02-26,Normalized_Volatility,76.93673
4y7y_ATM,2007-02-27,Normalized_Volatility,79.4122986
4y7y_ATM,2007-02-28,Normalized_Volatility,78.1869728
4y7y_ATM,2007-03-01,Normalized_Volatility,79.3715532
4y7y_ATM,2007-03-02,Normalized_Volatility,80.7416064
4y7y_ATM,2007-03-05,Normalized_Volatility,80.7133886
4y7y_ATM,2007-03-06,Normalized_Volatility,79.1422408
4y7y_ATM,2007-03-07,Normalized_Volatility,79.5716532
4y7y_ATM,2007-03-08,Normalized_Volatility,78.6749537
4y7y_ATM,2007-03-09,Normalized_Volatility,77.8773606
4y7y_ATM,2007-03-12,Normalized_Volatility,77.959024
4y7y_ATM,2007-03-13,Normalized_Volatility,78.875716
4y7y_ATM,2007-03-14,Normalized_Volatility,79.073648
4y7y_ATM,2007-03-15,Normalized_Volatility,78.7868136
4y7y_ATM,2007-03-16,Normalized_Volatility,77.6437289
4y7y_ATM,2007-03-19,Normalized_Volatility,76.9366492
4y7y_ATM,2007-03-20,Normalized_Volatility,76.6707214
4y7y_ATM,2007-03-21,Normalized_Volatility,76.4678442
4y7y_ATM,2007-03-22,Normalized_Volatility,77.038983
4y7y_ATM,2007-03-23,Normalized_Volatility,76.867686
4y7y_ATM,2007-03-26,Normalized_Volatility,77.2343388
4y7y_ATM,2007-03-27,Normalized_Volatility,77.663502
4y7y_ATM,2007-03-28,Normalized_Volatility,77.8435368
4y7y_ATM,2007-03-29,Normalized_Volatility,77.25675
4y7y_ATM,2007-03-30,Normalized_Volatility,77.6994972
4y7y_ATM,2007-04-02,Normalized_Volatility,77.4409871
4y7y_ATM,2007-04-03,Normalized_Volatility,77.4913645
4y7y_ATM,2007-04-04,Normalized_Volatility,77.5853752
4y7y_ATM,2007-04-05,Normalized_Volatility,76.9913478
4y7y_ATM,2007-04-09,Normalized_Volatility,75.7889664
4y7y_ATM,2007-04-10,Normalized_Volatility,75.9845354
4y7y_ATM,2007-04-11,Normalized_Volatility,75.627703
4y7y_ATM,2007-04-12,Normalized_Volatility,75.1481549
4y7y_ATM,2007-04-13,Normalized_Volatility,74.4286788
4y7y_ATM,2007-04-16,Normalized_Volatility,74.6579169
4y7y_ATM,2007-04-17,Normalized_Volatility,75.5228516
4y7y_ATM,2007-04-18,Normalized_Volatility,76.1405415
4y7y_ATM,2007-04-19,Normalized_Volatility,76.323025
4y7y_ATM,2007-04-20,Normalized_Volatility,76.966934
4y7y_ATM,2007-04-23,Normalized_Volatility,76.9555644
4y7y_ATM,2007-04-24,Normalized_Volatility,77.0982093
4y7y_ATM,2007-04-25,Normalized_Volatility,77.003152
4y7y_ATM,2007-04-26,Normalized_Volatility,76.4750548
4y7y_ATM,2007-04-27,Normalized_Volatility,76.484793
4y7y_ATM,2007-04-30,Normalized_Volatility,76.9068135
4y7y_ATM,2007-05-01,Normalized_Volatility,76.7813625
4y7y_ATM,2007-05-02,Normalized_Volatility,76.6388826
4y7y_ATM,2007-05-03,Normalized_Volatility,76.5467928
4y7y_ATM,2007-05-04,Normalized_Volatility,76.460694
4y7y_ATM,2007-05-07,Normalized_Volatility,76.6655
4y7y_ATM,2007-05-08,Normalized_Volatility,77.050491
4y7y_ATM,2007-05-09,Normalized_Volatility,76.7945232
4y7y_ATM,2007-05-10,Normalized_Volatility,76.8944578
4y7y_ATM,2007-05-11,Normalized_Volatility,76.7984535
4y7y_ATM,2007-05-14,Normalized_Volatility,76.0988988
4y7y_ATM,2007-05-15,Normalized_Volatility,76.2232448
4y7y_ATM,2007-05-16,Normalized_Volatility,76.2202395
4y7y_ATM,2007-05-17,Normalized_Volatility,75.70072
4y7y_ATM,2007-05-18,Normalized_Volatility,76.334448
4y7y_ATM,2007-05-21,Normalized_Volatility,75.6530812
4y7y_ATM,2007-05-22,Normalized_Volatility,74.995646
4y7y_ATM,2007-05-23,Normalized_Volatility,75.2756446
4y7y_ATM,2007-05-24,Normalized_Volatility,75.533536
4y7y_ATM,2007-05-25,Normalized_Volatility,75.3848013
4y7y_ATM,2007-05-29,Normalized_Volatility,75.407202
4y7y_ATM,2007-05-30,Normalized_Volatility,75.75263
4y7y_ATM,2007-05-31,Normalized_Volatility,75.8574963
4y7y_ATM,2007-06-01,Normalized_Volatility,75.5259132
4y7y_ATM,2007-06-04,Normalized_Volatility,75.43262
4y7y_ATM,2007-06-05,Normalized_Volatility,75.156348
4y7y_ATM,2007-06-06,Normalized_Volatility,75.8405851
4y7y_ATM,2007-06-07,Normalized_Volatility,77.8781101
4y7y_ATM,2007-06-08,Normalized_Volatility,78.8355128
4y7y_ATM,2007-06-11,Normalized_Volatility,78.5202
4y7y_ATM,2007-06-12,Normalized_Volatility,81.9355368
4y7y_ATM,2007-06-13,Normalized_Volatility,81.231414
4y7y_ATM,2007-06-14,Normalized_Volatility,81.16056
4y7y_ATM,2007-06-15,Normalized_Volatility,79.8415205
4y7y_ATM,2007-06-18,Normalized_Volatility,78.8056096
4y7y_ATM,2007-06-19,Normalized_Volatility,79.4427903
4y7y_ATM,2007-06-20,Normalized_Volatility,80.1589505
4y7y_ATM,2007-06-21,Normalized_Volatility,80.8760302
4y7y_ATM,2007-06-22,Normalized_Volatility,81.165968
4y7y_ATM,2007-06-25,Normalized_Volatility,80.9869632
4y7y_ATM,2007-06-26,Normalized_Volatility,81.1009725
4y7y_ATM,2007-06-27,Normalized_Volatility,81.549875
4y7y_ATM,2007-06-28,Normalized_Volatility,81.3120544
4y7y_ATM,2007-06-29,Normalized_Volatility,82.077428
4y7y_ATM,2007-07-02,Normalized_Volatility,82.4731215
4y7y_ATM,2007-07-03,Normalized_Volatility,82.4953728
4y7y_ATM,2007-07-05,Normalized_Volatility,82.4500804
4y7y_ATM,2007-07-06,Normalized_Volatility,82.9422411
4y7y_ATM,2007-07-09,Normalized_Volatility,82.2583806
4y7y_ATM,2007-07-10,Normalized_Volatility,83.9862272
4y7y_ATM,2007-07-11,Normalized_Volatility,84.0231168
4y7y_ATM,2007-07-12,Normalized_Volatility,83.764037
4y7y_ATM,2007-07-13,Normalized_Volatility,83.745962
4y7y_ATM,2007-07-16,Normalized_Volatility,83.3177336
4y7y_ATM,2007-07-17,Normalized_Volatility,83.2056315
4y7y_ATM,2007-07-18,Normalized_Volatility,83.308257
4y7y_ATM,2007-07-19,Normalized_Volatility,83.0015158
4y7y_ATM,2007-07-20,Normalized_Volatility,84.419439
4y7y_ATM,2007-07-23,Normalized_Volatility,84.1737852
4y7y_ATM,2007-07-24,Normalized_Volatility,86.1389118
4y7y_ATM,2007-07-25,Normalized_Volatility,87.6462304
4y7y_ATM,2007-07-26,Normalized_Volatility,92.663532
4y7y_ATM,2007-07-27,Normalized_Volatility,94.5078755
4y7y_ATM,2007-07-30,Normalized_Volatility,93.7045788
4y7y_ATM,2007-07-31,Normalized_Volatility,93.0705696
4y7y_ATM,2007-08-01,Normalized_Volatility,91.5214818
4y7y_ATM,2007-08-02,Normalized_Volatility,90.116603
4y7y_ATM,2007-08-03,Normalized_Volatility,90.9092918
4y7y_ATM,2007-08-06,Normalized_Volatility,91.222527
4y7y_ATM,2007-08-07,Normalized_Volatility,88.9657713
4y7y_ATM,2007-08-08,Normalized_Volatility,88.532208
4y7y_ATM,2007-08-09,Normalized_Volatility,91.3931795
4y7y_ATM,2007-08-10,Normalized_Volatility,91.7665976
4y7y_ATM,2007-08-13,Normalized_Volatility,91.0970901
4y7y_ATM,2007-08-14,Normalized_Volatility,91.395035
4y7y_ATM,2007-08-15,Normalized_Volatility,91.971789
4y7y_ATM,2007-08-16,Normalized_Volatility,95.1443198
4y7y_ATM,2007-08-17,Normalized_Volatility,93.5691932
4y7y_ATM,2007-08-20,Normalized_Volatility,93.185073
4y7y_ATM,2007-08-21,Normalized_Volatility,93.5758782
4y7y_ATM,2007-08-22,Normalized_Volatility,92.2510736
4y7y_ATM,2007-08-23,Normalized_Volatility,90.1351488
4y7y_ATM,2007-08-24,Normalized_Volatility,87.8964705
4y7y_ATM,2007-08-27,Normalized_Volatility,87.5058244
4y7y_ATM,2007-08-28,Normalized_Volatility,88.948358
4y7y_ATM,2007-08-29,Normalized_Volatility,89.274906
4y7y_ATM,2007-08-30,Normalized_Volatility,89.4015168
4y7y_ATM,2007-08-31,Normalized_Volatility,89.1883852
4y7y_ATM,2007-09-04,Normalized_Volatility,88.892585
4y7y_ATM,2007-09-05,Normalized_Volatility,89.5196
4y7y_ATM,2007-09-06,Normalized_Volatility,88.8022369
4y7y_ATM,2007-09-07,Normalized_Volatility,90.4901998
4y7y_ATM,2007-09-10,Normalized_Volatility,92.03292
4y7y_ATM,2007-09-11,Normalized_Volatility,93.0972944
4y7y_ATM,2007-09-12,Normalized_Volatility,94.304028
4y7y_ATM,2007-09-13,Normalized_Volatility,93.2201389
4y7y_ATM,2007-09-14,Normalized_Volatility,92.4001358
4y7y_ATM,2007-09-17,Normalized_Volatility,92.1541632
4y7y_ATM,2007-09-18,Normalized_Volatility,91.262952
4y7y_ATM,2007-09-19,Normalized_Volatility,90.2074392
4y7y_ATM,2007-09-20,Normalized_Volatility,91.38852
4y7y_ATM,2007-09-21,Normalized_Volatility,91.9941573
4y7y_ATM,2007-09-24,Normalized_Volatility,91.785904
4y7y_ATM,2007-09-25,Normalized_Volatility,92.912394
4y7y_ATM,2007-09-26,Normalized_Volatility,92.714193
4y7y_ATM,2007-09-27,Normalized_Volatility,92.7270932
4y7y_ATM,2007-09-28,Normalized_Volatility,92.552383
4y7y_ATM,2007-10-01,Normalized_Volatility,92.400886
4y7y_ATM,2007-10-02,Normalized_Volatility,91.4707326
4y7y_ATM,2007-10-03,Normalized_Volatility,90.49164
4y7y_ATM,2007-10-04,Normalized_Volatility,90.5691042
4y7y_ATM,2007-10-05,Normalized_Volatility,90.6478195
4y7y_ATM,2007-10-09,Normalized_Volatility,89.3760266
4y7y_ATM,2007-10-10,Normalized_Volatility,87.7331829
4y7y_ATM,2007-10-11,Normalized_Volatility,86.8775027
4y7y_ATM,2007-10-12,Normalized_Volatility,85.8681906
4y7y_ATM,2007-10-15,Normalized_Volatility,85.5372085
4y7y_ATM,2007-10-16,Normalized_Volatility,87.246159
4y7y_ATM,2007-10-17,Normalized_Volatility,89.2244024
4y7y_ATM,2007-10-18,Normalized_Volatility,89.725776
4y7y_ATM,2007-10-19,Normalized_Volatility,90.471492
4y7y_ATM,2007-10-22,Normalized_Volatility,91.0483307
4y7y_ATM,2007-10-23,Normalized_Volatility,90.8156009
4y7y_ATM,2007-10-24,Normalized_Volatility,91.8561096
4y7y_ATM,2007-10-25,Normalized_Volatility,92.348753
4y7y_ATM,2007-10-26,Normalized_Volatility,91.47488
4y7y_ATM,2007-10-29,Normalized_Volatility,91.300438
4y7y_ATM,2007-10-30,Normalized_Volatility,89.70311
4y7y_ATM,2007-10-31,Normalized_Volatility,88.17254
4y7y_ATM,2007-11-01,Normalized_Volatility,89.9312484
4y7y_ATM,2007-11-02,Normalized_Volatility,90.623953
4y7y_ATM,2007-11-05,Normalized_Volatility,90.9978128
4y7y_ATM,2007-11-06,Normalized_Volatility,91.0202562
4y7y_ATM,2007-11-07,Normalized_Volatility,93.5873853
4y7y_ATM,2007-11-08,Normalized_Volatility,96.4362462
4y7y_ATM,2007-11-09,Normalized_Volatility,96.1616236
4y7y_ATM,2007-11-13,Normalized_Volatility,94.4354334
4y7y_ATM,2007-11-14,Normalized_Volatility,93.4465792
4y7y_ATM,2007-11-15,Normalized_Volatility,95.494878
4y7y_ATM,2007-11-16,Normalized_Volatility,95.1979424
4y7y_ATM,2007-11-19,Normalized_Volatility,96.8295792
4y7y_ATM,2007-11-20,Normalized_Volatility,97.9853942
4y7y_ATM,2007-11-21,Normalized_Volatility,99.562788
4y7y_ATM,2007-11-23,Normalized_Volatility,99.604172
4y7y_ATM,2007-11-26,Normalized_Volatility,102.1821618
4y7y_ATM,2007-11-27,Normalized_Volatility,104.4489135
4y7y_ATM,2007-11-28,Normalized_Volatility,102.489372
4y7y_ATM,2007-11-29,Normalized_Volatility,102.5730696
4y7y_ATM,2007-11-30,Normalized_Volatility,100.0017003
4y7y_ATM,2007-12-03,Normalized_Volatility,99.879
4y7y_ATM,2007-12-04,Normalized_Volatility,99.7371348
4y7y_ATM,2007-12-05,Normalized_Volatility,98.812483
4y7y_ATM,2007-12-06,Normalized_Volatility,97.394479
4y7y_ATM,2007-12-07,Normalized_Volatility,97.8379053
4y7y_ATM,2007-12-10,Normalized_Volatility,96.9876935
4y7y_ATM,2007-12-11,Normalized_Volatility,97.7416343
4y7y_ATM,2007-12-12,Normalized_Volatility,96.6050921
4y7y_ATM,2007-12-13,Normalized_Volatility,95.858016
4y7y_ATM,2007-12-14,Normalized_Volatility,95.200853
4y7y_ATM,2007-12-17,Normalized_Volatility,95.7874144
4y7y_ATM,2007-12-18,Normalized_Volatility,96.0346688
4y7y_ATM,2007-12-19,Normalized_Volatility,96.7643328
4y7y_ATM,2007-12-20,Normalized_Volatility,97.9412139
4y7y_ATM,2007-12-21,Normalized_Volatility,97.6364148
4y7y_ATM,2007-12-24,Normalized_Volatility,97.636084
4y7y_ATM,2007-12-26,Normalized_Volatility,97.5014173
4y7y_ATM,2007-12-27,Normalized_Volatility,97.948235
4y7y_ATM,2007-12-28,Normalized_Volatility,99.2674624
4y7y_ATM,2007-12-31,Normalized_Volatility,100.344573
4y7y_ATM,2008-01-02,Normalized_Volatility,100.862424
4y7y_ATM,2008-01-03,Normalized_Volatility,100.341598
4y7y_ATM,2008-01-04,Normalized_Volatility,100.383637
4y7y_ATM,2008-01-07,Normalized_Volatility,98.8403346
4y7y_ATM,2008-01-08,Normalized_Volatility,97.024278
4y7y_ATM,2008-01-09,Normalized_Volatility,98.4229092
4y7y_ATM,2008-01-10,Normalized_Volatility,97.378735
4y7y_ATM,2008-01-11,Normalized_Volatility,97.330453
4y7y_ATM,2008-01-14,Normalized_Volatility,97.867484
4y7y_ATM,2008-01-15,Normalized_Volatility,98.3600379
4y7y_ATM,2008-01-16,Normalized_Volatility,98.185328
4y7y_ATM,2008-01-17,Normalized_Volatility,98.3050536
4y7y_ATM,2008-01-18,Normalized_Volatility,99.0710105
4y7y_ATM,2008-01-22,Normalized_Volatility,100.5468498
4y7y_ATM,2008-01-23,Normalized_Volatility,103.6022481
4y7y_ATM,2008-01-24,Normalized_Volatility,104.5028824
4y7y_ATM,2008-01-25,Normalized_Volatility,105.506658
4y7y_ATM,2008-01-28,Normalized_Volatility,104.231162
4y7y_ATM,2008-01-29,Normalized_Volatility,103.4911038
4y7y_ATM,2008-01-30,Normalized_Volatility,101.4211233
4y7y_ATM,2008-01-31,Normalized_Volatility,102.6967604
4y7y_ATM,2008-02-01,Normalized_Volatility,102.223684
4y7y_ATM,2008-02-04,Normalized_Volatility,101.883911
4y7y_ATM,2008-02-05,Normalized_Volatility,102.2363538
4y7y_ATM,2008-02-06,Normalized_Volatility,102.494836
4y7y_ATM,2008-02-07,Normalized_Volatility,103.3082175
4y7y_ATM,2008-02-08,Normalized_Volatility,103.3257829
4y7y_ATM,2008-02-11,Normalized_Volatility,104.7475464
4y7y_ATM,2008-02-12,Normalized_Volatility,104.2800486
4y7y_ATM,2008-02-13,Normalized_Volatility,105.592032
4y7y_ATM,2008-02-14,Normalized_Volatility,108.5448404
4y7y_ATM,2008-02-15,Normalized_Volatility,109.9775423
4y7y_ATM,2008-02-19,Normalized_Volatility,110.260488
4y7y_ATM,2008-02-20,Normalized_Volatility,110.3940507
4y7y_ATM,2008-02-21,Normalized_Volatility,112.050432
4y7y_ATM,2008-02-22,Normalized_Volatility,112.346923
4y7y_ATM,2008-02-25,Normalized_Volatility,112.8181026
4y7y_ATM,2008-02-26,Normalized_Volatility,111.1713755
4y7y_ATM,2008-02-27,Normalized_Volatility,110.0391187
4y7y_ATM,2008-02-28,Normalized_Volatility,109.229585
4y7y_ATM,2008-02-29,Normalized_Volatility,111.7482245
4y7y_ATM,2008-03-03,Normalized_Volatility,111.610389
4y7y_ATM,2008-03-04,Normalized_Volatility,114.4024131
4y7y_ATM,2008-03-05,Normalized_Volatility,113.629444
4y7y_ATM,2008-03-06,Normalized_Volatility,116.7067188
4y7y_ATM,2008-03-07,Normalized_Volatility,117.764794
4y7y_ATM,2008-03-10,Normalized_Volatility,117.575559
4y7y_ATM,2008-03-11,Normalized_Volatility,114.2044504
4y7y_ATM,2008-03-12,Normalized_Volatility,112.9438716
4y7y_ATM,2008-03-13,Normalized_Volatility,113.9182857
4y7y_ATM,2008-03-14,Normalized_Volatility,115.7715454
4y7y_ATM,2008-03-17,Normalized_Volatility,115.436562
4y7y_ATM,2008-03-18,Normalized_Volatility,111.536108
4y7y_ATM,2008-03-19,Normalized_Volatility,108.733354
4y7y_ATM,2008-03-20,Normalized_Volatility,109.6552471
4y7y_ATM,2008-03-24,Normalized_Volatility,110.3446204
4y7y_ATM,2008-03-25,Normalized_Volatility,110.7499284
4y7y_ATM,2008-03-26,Normalized_Volatility,109.8940234
4y7y_ATM,2008-03-27,Normalized_Volatility,109.755261
4y7y_ATM,2008-03-28,Normalized_Volatility,106.9616474
4y7y_ATM,2008-03-31,Normalized_Volatility,106.9765011
4y7y_ATM,2008-04-01,Normalized_Volatility,104.5931744
4y7y_ATM,2008-04-02,Normalized_Volatility,103.376076
4y7y_ATM,2008-04-03,Normalized_Volatility,102.561182
4y7y_ATM,2008-04-04,Normalized_Volatility,103.4690766
4y7y_ATM,2008-04-07,Normalized_Volatility,104.2995465
4y7y_ATM,2008-04-08,Normalized_Volatility,102.876377
4y7y_ATM,2008-04-09,Normalized_Volatility,102.6923205
4y7y_ATM,2008-04-10,Normalized_Volatility,104.600295
4y7y_ATM,2008-04-11,Normalized_Volatility,106.241368
4y7y_ATM,2008-04-14,Normalized_Volatility,105.3703014
4y7y_ATM,2008-04-15,Normalized_Volatility,105.479748
4y7y_ATM,2008-04-16,Normalized_Volatility,108.2853884
4y7y_ATM,2008-04-17,Normalized_Volatility,108.5208948
4y7y_ATM,2008-04-18,Normalized_Volatility,106.0881036
4y7y_ATM,2008-04-21,Normalized_Volatility,104.932359
4y7y_ATM,2008-04-22,Normalized_Volatility,105.0606528
4y7y_ATM,2008-04-23,Normalized_Volatility,104.8581375
4y7y_ATM,2008-04-24,Normalized_Volatility,105.6618752
4y7y_ATM,2008-04-25,Normalized_Volatility,105.042744
4y7y_ATM,2008-04-28,Normalized_Volatility,104.8402432
4y7y_ATM,2008-04-29,Normalized_Volatility,104.5253682
4y7y_ATM,2008-04-30,Normalized_Volatility,103.0840965
4y7y_ATM,2008-05-01,Normalized_Volatility,100.3823564
4y7y_ATM,2008-05-02,Normalized_Volatility,97.927788
4y7y_ATM,2008-05-05,Normalized_Volatility,98.127018
4y7y_ATM,2008-05-06,Normalized_Volatility,99.0355116
4y7y_ATM,2008-05-07,Normalized_Volatility,99.5831217
4y7y_ATM,2008-05-08,Normalized_Volatility,102.17612
4y7y_ATM,2008-05-09,Normalized_Volatility,103.516294
4y7y_ATM,2008-05-12,Normalized_Volatility,103.7260165
4y7y_ATM,2008-05-13,Normalized_Volatility,103.6197798
4y7y_ATM,2008-05-14,Normalized_Volatility,102.7473846
4y7y_ATM,2008-05-15,Normalized_Volatility,101.1851208
4y7y_ATM,2008-05-16,Normalized_Volatility,99.8116588
4y7y_ATM,2008-05-19,Normalized_Volatility,98.0099673
4y7y_ATM,2008-05-20,Normalized_Volatility,98.7189802
4y7y_ATM,2008-05-21,Normalized_Volatility,98.32072
4y7y_ATM,2008-05-22,Normalized_Volatility,99.1017716
4y7y_ATM,2008-05-23,Normalized_Volatility,98.791602
4y7y_ATM,2008-05-27,Normalized_Volatility,99.2273216
4y7y_ATM,2008-05-28,Normalized_Volatility,98.612504
4y7y_ATM,2008-05-29,Normalized_Volatility,99.2728548
4y7y_ATM,2008-05-30,Normalized_Volatility,98.625261
4y7y_ATM,2008-06-02,Normalized_Volatility,99.3420432
4y7y_ATM,2008-06-03,Normalized_Volatility,99.503628
4y7y_ATM,2008-06-04,Normalized_Volatility,99.8661342
4y7y_ATM,2008-06-05,Normalized_Volatility,100.494636
4y7y_ATM,2008-06-06,Normalized_Volatility,104.8293608
4y7y_ATM,2008-06-09,Normalized_Volatility,107.1498252
4y7y_ATM,2008-06-10,Normalized_Volatility,105.352896
4y7y_ATM,2008-06-11,Normalized_Volatility,102.8637134
4y7y_ATM,2008-06-12,Normalized_Volatility,102.726855
4y7y_ATM,2008-06-13,Normalized_Volatility,103.1736024
4y7y_ATM,2008-06-16,Normalized_Volatility,102.44448
4y7y_ATM,2008-06-17,Normalized_Volatility,101.8737345
4y7y_ATM,2008-06-18,Normalized_Volatility,101.102966
4y7y_ATM,2008-06-19,Normalized_Volatility,101.216997
4y7y_ATM,2008-06-20,Normalized_Volatility,102.6258363
4y7y_ATM,2008-06-23,Normalized_Volatility,103.635376
4y7y_ATM,2008-06-24,Normalized_Volatility,104.4167166
4y7y_ATM,2008-06-25,Normalized_Volatility,104.741021
4y7y_ATM,2008-06-26,Normalized_Volatility,106.6933509
4y7y_ATM,2008-06-27,Normalized_Volatility,106.945866
4y7y_ATM,2008-06-30,Normalized_Volatility,106.8080896
4y7y_ATM,2008-07-01,Normalized_Volatility,106.8976062
4y7y_ATM,2008-07-02,Normalized_Volatility,106.5889281
4y7y_ATM,2008-07-03,Normalized_Volatility,105.800098
4y7y_ATM,2008-07-07,Normalized_Volatility,105.1996023
4y7y_ATM,2008-07-08,Normalized_Volatility,105.3010416
4y7y_ATM,2008-07-09,Normalized_Volatility,105.129237
4y7y_ATM,2008-07-10,Normalized_Volatility,105.4629333
4y7y_ATM,2008-07-11,Normalized_Volatility,106.5591675
4y7y_ATM,2008-07-14,Normalized_Volatility,106.805664
4y7y_ATM,2008-07-15,Normalized_Volatility,106.278308
4y7y_ATM,2008-07-16,Normalized_Volatility,104.5350196
4y7y_ATM,2008-07-17,Normalized_Volatility,104.524825
4y7y_ATM,2008-07-18,Normalized_Volatility,104.5354576
4y7y_ATM,2008-07-21,Normalized_Volatility,104.066056
4y7y_ATM,2008-07-22,Normalized_Volatility,102.5068902
4y7y_ATM,2008-07-23,Normalized_Volatility,102.3333903
4y7y_ATM,2008-07-24,Normalized_Volatility,102.8363508
4y7y_ATM,2008-07-25,Normalized_Volatility,101.6027028
4y7y_ATM,2008-07-28,Normalized_Volatility,101.46238
4y7y_ATM,2008-07-29,Normalized_Volatility,101.5087045
4y7y_ATM,2008-07-30,Normalized_Volatility,100.2134875
4y7y_ATM,2008-07-31,Normalized_Volatility,99.6431405
4y7y_ATM,2008-08-01,Normalized_Volatility,98.7970764
4y7y_ATM,2008-08-04,Normalized_Volatility,98.621809
4y7y_ATM,2008-08-05,Normalized_Volatility,98.6468418
4y7y_ATM,2008-08-06,Normalized_Volatility,98.974462
4y7y_ATM,2008-08-07,Normalized_Volatility,98.5310736
4y7y_ATM,2008-08-08,Normalized_Volatility,98.245912
4y7y_ATM,2008-08-11,Normalized_Volatility,97.7080615
4y7y_ATM,2008-08-12,Normalized_Volatility,98.3606462
4y7y_ATM,2008-08-13,Normalized_Volatility,99.319599
4y7y_ATM,2008-08-14,Normalized_Volatility,99.0118404
4y7y_ATM,2008-08-15,Normalized_Volatility,99.2925072
4y7y_ATM,2008-08-18,Normalized_Volatility,99.7876746
4y7y_ATM,2008-08-19,Normalized_Volatility,100.60843
4y7y_ATM,2008-08-20,Normalized_Volatility,102.3748952
4y7y_ATM,2008-08-21,Normalized_Volatility,103.1586701
4y7y_ATM,2008-08-22,Normalized_Volatility,102.7024024
4y7y_ATM,2008-08-25,Normalized_Volatility,103.448565
4y7y_ATM,2008-08-26,Normalized_Volatility,102.977143
4y7y_ATM,2008-08-27,Normalized_Volatility,102.1525156
4y7y_ATM,2008-08-28,Normalized_Volatility,102.6569292
4y7y_ATM,2008-08-29,Normalized_Volatility,102.5231854
4y7y_ATM,2008-09-02,Normalized_Volatility,102.7535975
4y7y_ATM,2008-09-03,Normalized_Volatility,102.9410736
4y7y_ATM,2008-09-04,Normalized_Volatility,104.4759584
4y7y_ATM,2008-09-05,Normalized_Volatility,103.8823232
4y7y_ATM,2008-09-08,Normalized_Volatility,102.4463682
4y7y_ATM,2008-09-09,Normalized_Volatility,102.7372803
4y7y_ATM,2008-09-10,Normalized_Volatility,102.6648144
4y7y_ATM,2008-09-11,Normalized_Volatility,102.5595832
4y7y_ATM,2008-09-12,Normalized_Volatility,102.2188869
4y7y_ATM,2008-09-15,Normalized_Volatility,107.4216192
4y7y_ATM,2008-09-16,Normalized_Volatility,113.0306655
4y7y_ATM,2008-09-17,Normalized_Volatility,112.5576
4y7y_ATM,2008-09-18,Normalized_Volatility,112.4655048
4y7y_ATM,2008-09-19,Normalized_Volatility,107.6272925
4y7y_ATM,2008-09-22,Normalized_Volatility,104.992717
4y7y_ATM,2008-09-23,Normalized_Volatility,104.9790429
4y7y_ATM,2008-09-24,Normalized_Volatility,109.1409576
4y7y_ATM,2008-09-25,Normalized_Volatility,109.5740032
4y7y_ATM,2008-09-26,Normalized_Volatility,108.7157414
4y7y_ATM,2008-09-29,Normalized_Volatility,114.2061492
4y7y_ATM,2008-09-30,Normalized_Volatility,114.763142
4y7y_ATM,2008-10-01,Normalized_Volatility,114.6955452
4y7y_ATM,2008-10-02,Normalized_Volatility,115.6773772
4y7y_ATM,2008-10-03,Normalized_Volatility,115.6771896
4y7y_ATM,2008-10-06,Normalized_Volatility,115.7992206
4y7y_ATM,2008-10-07,Normalized_Volatility,122.3271852
4y7y_ATM,2008-10-08,Normalized_Volatility,121.363415
4y7y_ATM,2008-10-09,Normalized_Volatility,128.1599496
4y7y_ATM,2008-10-10,Normalized_Volatility,138.143965
4y7y_ATM,2008-10-14,Normalized_Volatility,138.2325734
4y7y_ATM,2008-10-15,Normalized_Volatility,126.3265092
4y7y_ATM,2008-10-16,Normalized_Volatility,127.5028224
4y7y_ATM,2008-10-17,Normalized_Volatility,124.6436814
4y7y_ATM,2008-10-20,Normalized_Volatility,120.081146
4y7y_ATM,2008-10-21,Normalized_Volatility,120.3418535
4y7y_ATM,2008-10-22,Normalized_Volatility,120.8814321
4y7y_ATM,2008-10-23,Normalized_Volatility,129.1628745
4y7y_ATM,2008-10-24,Normalized_Volatility,127.8417552
4y7y_ATM,2008-10-27,Normalized_Volatility,128.0752506
4y7y_ATM,2008-10-28,Normalized_Volatility,126.0125312
4y7y_ATM,2008-10-29,Normalized_Volatility,121.7636994
4y7y_ATM,2008-10-30,Normalized_Volatility,118.7958
4y7y_ATM,2008-10-31,Normalized_Volatility,119.0566464
4y7y_ATM,2008-11-03,Normalized_Volatility,118.6638336
4y7y_ATM,2008-11-04,Normalized_Volatility,117.298015
4y7y_ATM,2008-11-05,Normalized_Volatility,120.4709402
4y7y_ATM,2008-11-06,Normalized_Volatility,121.269302
4y7y_ATM,2008-11-07,Normalized_Volatility,123.1666044
4y7y_ATM,2008-11-10,Normalized_Volatility,124.5027288
4y7y_ATM,2008-11-12,Normalized_Volatility,123.007357
4y7y_ATM,2008-11-13,Normalized_Volatility,125.287246
4y7y_ATM,2008-11-14,Normalized_Volatility,130.427946
4y7y_ATM,2008-11-17,Normalized_Volatility,135.1071216
4y7y_ATM,2008-11-18,Normalized_Volatility,140.3135359
4y7y_ATM,2008-11-19,Normalized_Volatility,146.583835
4y7y_ATM,2008-11-20,Normalized_Volatility,154.0519344
4y7y_ATM,2008-11-21,Normalized_Volatility,145.8423744
4y7y_ATM,2008-11-24,Normalized_Volatility,133.3972946
4y7y_ATM,2008-11-25,Normalized_Volatility,133.0324452
4y7y_ATM,2008-11-26,Normalized_Volatility,133.2939966
4y7y_ATM,2008-11-28,Normalized_Volatility,133.7755032
4y7y_ATM,2008-12-01,Normalized_Volatility,131.736165
4y7y_ATM,2008-12-02,Normalized_Volatility,132.78408
4y7y_ATM,2008-12-03,Normalized_Volatility,121.5433275
4y7y_ATM,2008-12-04,Normalized_Volatility,123.7497022
4y7y_ATM,2008-12-05,Normalized_Volatility,127.3883317
4y7y_ATM,2008-12-08,Normalized_Volatility,125.533227
4y7y_ATM,2008-12-09,Normalized_Volatility,127.530009
4y7y_ATM,2008-12-10,Normalized_Volatility,127.8784576
4y7y_ATM,2008-12-11,Normalized_Volatility,129.5099088
4y7y_ATM,2008-12-12,Normalized_Volatility,129.3179052
4y7y_ATM,2008-12-15,Normalized_Volatility,125.0420315
4y7y_ATM,2008-12-16,Normalized_Volatility,115.5363552
4y7y_ATM,2008-12-17,Normalized_Volatility,106.6864392
4y7y_ATM,2008-12-18,Normalized_Volatility,106.8772656
4y7y_ATM,2008-12-19,Normalized_Volatility,107.8424629
4y7y_ATM,2008-12-22,Normalized_Volatility,107.6544508
4y7y_ATM,2008-12-23,Normalized_Volatility,108.9279845
4y7y_ATM,2008-12-24,Normalized_Volatility,108.3737069
4y7y_ATM,2008-12-26,Normalized_Volatility,106.6068032
4y7y_ATM,2008-12-29,Normalized_Volatility,109.794996
4y7y_ATM,2008-12-30,Normalized_Volatility,108.4043233
4y7y_ATM,2008-12-31,Normalized_Volatility,108.3741625
4y7y_ATM,2009-01-02,Normalized_Volatility,107.625592
4y7y_ATM,2009-01-05,Normalized_Volatility,106.0303002
4y7y_ATM,2009-01-06,Normalized_Volatility,105.2781312
4y7y_ATM,2009-01-07,Normalized_Volatility,102.7961922
4y7y_ATM,2009-01-08,Normalized_Volatility,100.6937514
4y7y_ATM,2009-01-09,Normalized_Volatility,98.228422
4y7y_ATM,2009-01-12,Normalized_Volatility,98.6645444
4y7y_ATM,2009-01-13,Normalized_Volatility,96.5529801
4y7y_ATM,2009-01-14,Normalized_Volatility,99.0624851
4y7y_ATM,2009-01-15,Normalized_Volatility,102.530513
4y7y_ATM,2009-01-16,Normalized_Volatility,101.91369
4y7y_ATM,2009-01-20,Normalized_Volatility,103.3466592
4y7y_ATM,2009-01-21,Normalized_Volatility,104.9926995
4y7y_ATM,2009-01-22,Normalized_Volatility,106.1903223
4y7y_ATM,2009-01-23,Normalized_Volatility,108.6009012
4y7y_ATM,2009-01-26,Normalized_Volatility,111.733665
4y7y_ATM,2009-01-27,Normalized_Volatility,111.1054224
4y7y_ATM,2009-01-28,Normalized_Volatility,111.5314497
4y7y_ATM,2009-01-29,Normalized_Volatility,112.284072
4y7y_ATM,2009-01-30,Normalized_Volatility,113.0497488
4y7y_ATM,2009-02-02,Normalized_Volatility,116.211905
4y7y_ATM,2009-02-03,Normalized_Volatility,121.0837475
4y7y_ATM,2009-02-04,Normalized_Volatility,121.869384
4y7y_ATM,2009-02-05,Normalized_Volatility,121.0882746
4y7y_ATM,2009-02-06,Normalized_Volatility,124.7774801
4y7y_ATM,2009-02-09,Normalized_Volatility,120.9308991
4y7y_ATM,2009-02-10,Normalized_Volatility,120.136586
4y7y_ATM,2009-02-11,Normalized_Volatility,114.4778986
4y7y_ATM,2009-02-12,Normalized_Volatility,114.7080389
4y7y_ATM,2009-02-13,Normalized_Volatility,117.2537907
4y7y_ATM,2009-02-17,Normalized_Volatility,116.733177
4y7y_ATM,2009-02-18,Normalized_Volatility,115.9971895
4y7y_ATM,2009-02-19,Normalized_Volatility,117.287182
4y7y_ATM,2009-02-20,Normalized_Volatility,117.35152
4y7y_ATM,2009-02-23,Normalized_Volatility,116.418512
4y7y_ATM,2009-02-24,Normalized_Volatility,117.430604
4y7y_ATM,2009-02-25,Normalized_Volatility,122.6803956
4y7y_ATM,2009-02-26,Normalized_Volatility,121.4760675
4y7y_ATM,2009-02-27,Normalized_Volatility,123.5411376
4y7y_ATM,2009-03-02,Normalized_Volatility,122.5172512
4y7y_ATM,2009-03-03,Normalized_Volatility,123.170391
4y7y_ATM,2009-03-04,Normalized_Volatility,123.5923172
4y7y_ATM,2009-03-05,Normalized_Volatility,114.0301138
4y7y_ATM,2009-03-06,Normalized_Volatility,120.3611628
4y7y_ATM,2009-03-09,Normalized_Volatility,121.120443
4y7y_ATM,2009-03-10,Normalized_Volatility,119.929675
4y7y_ATM,2009-03-11,Normalized_Volatility,117.9876096
4y7y_ATM,2009-03-12,Normalized_Volatility,117.6722347
4y7y_ATM,2009-03-13,Normalized_Volatility,114.7415532
4y7y_ATM,2009-03-16,Normalized_Volatility,113.5949628
4y7y_ATM,2009-03-17,Normalized_Volatility,111.5306328
4y7y_ATM,2009-03-18,Normalized_Volatility,106.5222852
4y7y_ATM,2009-03-19,Normalized_Volatility,96.7039447
4y7y_ATM,2009-03-20,Normalized_Volatility,97.9235985
4y7y_ATM,2009-03-23,Normalized_Volatility,95.8752528
4y7y_ATM,2009-03-24,Normalized_Volatility,93.2185223
4y7y_ATM,2009-03-25,Normalized_Volatility,95.6675401
4y7y_ATM,2009-03-26,Normalized_Volatility,97.1797792
4y7y_ATM,2009-03-27,Normalized_Volatility,98.4439614
4y7y_ATM,2009-03-30,Normalized_Volatility,100.1601872
4y7y_ATM,2009-03-31,Normalized_Volatility,101.6605884
4y7y_ATM,2009-04-01,Normalized_Volatility,100.7352035
4y7y_ATM,2009-04-02,Normalized_Volatility,101.4851385
4y7y_ATM,2009-04-03,Normalized_Volatility,103.4740338
4y7y_ATM,2009-04-06,Normalized_Volatility,105.7608972
4y7y_ATM,2009-04-07,Normalized_Volatility,103.15903
4y7y_ATM,2009-04-08,Normalized_Volatility,102.4035005
4y7y_ATM,2009-04-09,Normalized_Volatility,102.5974312
4y7y_ATM,2009-04-13,Normalized_Volatility,100.9595664
4y7y_ATM,2009-04-14,Normalized_Volatility,99.22024
4y7y_ATM,2009-04-15,Normalized_Volatility,99.6553413
4y7y_ATM,2009-04-16,Normalized_Volatility,101.7353004
4y7y_ATM,2009-04-17,Normalized_Volatility,104.9989836
4y7y_ATM,2009-04-20,Normalized_Volatility,103.957298
4y7y_ATM,2009-04-21,Normalized_Volatility,104.5087512
4y7y_ATM,2009-04-22,Normalized_Volatility,106.2825571
4y7y_ATM,2009-04-23,Normalized_Volatility,106.0623525
4y7y_ATM,2009-04-24,Normalized_Volatility,108.9294375
4y7y_ATM,2009-04-27,Normalized_Volatility,107.396338
4y7y_ATM,2009-04-28,Normalized_Volatility,105.5342225
4y7y_ATM,2009-04-29,Normalized_Volatility,106.0412976
4y7y_ATM,2009-04-30,Normalized_Volatility,106.8801018
4y7y_ATM,2009-05-01,Normalized_Volatility,109.1294981
4y7y_ATM,2009-05-04,Normalized_Volatility,109.012864
4y7y_ATM,2009-05-05,Normalized_Volatility,109.3753317
4y7y_ATM,2009-05-06,Normalized_Volatility,108.889639
4y7y_ATM,2009-05-07,Normalized_Volatility,109.8623008
4y7y_ATM,2009-05-08,Normalized_Volatility,108.893484
4y7y_ATM,2009-05-11,Normalized_Volatility,107.109926
4y7y_ATM,2009-05-12,Normalized_Volatility,107.0528734
4y7y_ATM,2009-05-13,Normalized_Volatility,109.3840764
4y7y_ATM,2009-05-14,Normalized_Volatility,112.4077944
4y7y_ATM,2009-05-15,Normalized_Volatility,113.5912375
4y7y_ATM,2009-05-18,Normalized_Volatility,112.9506094
4y7y_ATM,2009-05-19,Normalized_Volatility,113.7293568
4y7y_ATM,2009-05-20,Normalized_Volatility,113.9802612
4y7y_ATM,2009-05-21,Normalized_Volatility,120.2727624
4y7y_ATM,2009-05-22,Normalized_Volatility,121.4086761
4y7y_ATM,2009-05-26,Normalized_Volatility,125.31147
4y7y_ATM,2009-05-27,Normalized_Volatility,133.5129927
4y7y_ATM,2009-05-28,Normalized_Volatility,129.4867125
4y7y_ATM,2009-05-29,Normalized_Volatility,123.9169072
4y7y_ATM,2009-06-01,Normalized_Volatility,131.092116
4y7y_ATM,2009-06-02,Normalized_Volatility,127.3507488
4y7y_ATM,2009-06-03,Normalized_Volatility,126.0438616
4y7y_ATM,2009-06-04,Normalized_Volatility,132.0489456
4y7y_ATM,2009-06-05,Normalized_Volatility,135.4716594
4y7y_ATM,2009-06-08,Normalized_Volatility,137.1944756
4y7y_ATM,2009-06-09,Normalized_Volatility,136.0771412
4y7y_ATM,2009-06-10,Normalized_Volatility,139.3291347
4y7y_ATM,2009-06-11,Normalized_Volatility,135.670758
4y7y_ATM,2009-06-12,Normalized_Volatility,133.3283812
4y7y_ATM,2009-06-15,Normalized_Volatility,131.009928
4y7y_ATM,2009-06-16,Normalized_Volatility,131.176448
4y7y_ATM,2009-06-17,Normalized_Volatility,131.5871604
4y7y_ATM,2009-06-18,Normalized_Volatility,137.6616345
4y7y_ATM,2009-06-19,Normalized_Volatility,137.103727
4y7y_ATM,2009-06-22,Normalized_Volatility,134.0136838
4y7y_ATM,2009-06-23,Normalized_Volatility,133.6791924
4y7y_ATM,2009-06-24,Normalized_Volatility,130.6947194
4y7y_ATM,2009-06-25,Normalized_Volatility,131.9176316
4y7y_ATM,2009-06-26,Normalized_Volatility,131.8234032
4y7y_ATM,2009-06-29,Normalized_Volatility,132.2358044
4y7y_ATM,2009-06-30,Normalized_Volatility,131.9599512
4y7y_ATM,2009-07-01,Normalized_Volatility,132.3881306
4y7y_ATM,2009-07-02,Normalized_Volatility,130.4585212
4y7y_ATM,2009-07-06,Normalized_Volatility,129.373666
4y7y_ATM,2009-07-07,Normalized_Volatility,128.691216
4y7y_ATM,2009-07-08,Normalized_Volatility,127.9262544
4y7y_ATM,2009-07-09,Normalized_Volatility,128.688576
4y7y_ATM,2009-07-10,Normalized_Volatility,128.2382199
4y7y_ATM,2009-07-13,Normalized_Volatility,130.7192985
4y7y_ATM,2009-07-14,Normalized_Volatility,134.8891299
4y7y_ATM,2009-07-15,Normalized_Volatility,140.767956
4y7y_ATM,2009-07-16,Normalized_Volatility,138.6223146
4y7y_ATM,2009-07-17,Normalized_Volatility,135.2757829
4y7y_ATM,2009-07-20,Normalized_Volatility,133.47982878
4y7y_ATM,2009-07-21,Normalized_Volatility,130.71423057
4y7y_ATM,2009-07-22,Normalized_Volatility,131.74775848
4y7y_ATM,2009-07-23,Normalized_Volatility,133.261128
4y7y_ATM,2009-07-24,Normalized_Volatility,133.52813312
4y7y_ATM,2009-07-27,Normalized_Volatility,134.69506728
4y7y_ATM,2009-07-28,Normalized_Volatility,132.06237408
4y7y_ATM,2009-07-29,Normalized_Volatility,130.83737706
4y7y_ATM,2009-07-30,Normalized_Volatility,130.4552228
4y7y_ATM,2009-07-31,Normalized_Volatility,131.01531242
4y7y_ATM,2009-08-03,Normalized_Volatility,134.92491489
4y7y_ATM,2009-08-04,Normalized_Volatility,135.77204148
4y7y_ATM,2009-08-05,Normalized_Volatility,137.3949302
4y7y_ATM,2009-08-06,Normalized_Volatility,136.66142025
4y7y_ATM,2009-08-07,Normalized_Volatility,138.71161954
4y7y_ATM,2009-08-10,Normalized_Volatility,137.75232276
4y7y_ATM,2009-08-11,Normalized_Volatility,136.53000117
4y7y_ATM,2009-08-12,Normalized_Volatility,135.95568948
4y7y_ATM,2009-08-13,Normalized_Volatility,135.25013304
4y7y_ATM,2009-08-14,Normalized_Volatility,134.2567096
4y7y_ATM,2009-08-17,Normalized_Volatility,133.50815367
4y7y_ATM,2009-08-18,Normalized_Volatility,132.75450708
4y7y_ATM,2009-08-19,Normalized_Volatility,133.50545274
4y7y_ATM,2009-08-20,Normalized_Volatility,133.65442662
4y7y_ATM,2009-08-21,Normalized_Volatility,134.8225313
4y7y_ATM,2009-08-24,Normalized_Volatility,133.40227968
4y7y_ATM,2009-08-25,Normalized_Volatility,131.60854707
4y7y_ATM,2009-08-26,Normalized_Volatility,132.6077805
4y7y_ATM,2009-08-27,Normalized_Volatility,131.54495744
4y7y_ATM,2009-08-28,Normalized_Volatility,131.70565252
4y7y_ATM,2009-08-31,Normalized_Volatility,131.391254
4y7y_ATM,2009-09-01,Normalized_Volatility,131.38892868
4y7y_ATM,2009-09-02,Normalized_Volatility,131.48895408
4y7y_ATM,2009-09-03,Normalized_Volatility,131.29978715
4y7y_ATM,2009-09-04,Normalized_Volatility,130.77237369
4y7y_ATM,2009-09-08,Normalized_Volatility,131.84202648
4y7y_ATM,2009-09-09,Normalized_Volatility,130.47695737
4y7y_ATM,2009-09-10,Normalized_Volatility,131.03527492
4y7y_ATM,2009-09-11,Normalized_Volatility,131.64097078
4y7y_ATM,2009-09-14,Normalized_Volatility,132.53547692
4y7y_ATM,2009-09-15,Normalized_Volatility,134.00238486
4y7y_ATM,2009-09-16,Normalized_Volatility,135.28543574
4y7y_ATM,2009-09-17,Normalized_Volatility,133.61307114
4y7y_ATM,2009-09-18,Normalized_Volatility,132.73378932
4y7y_ATM,2009-09-21,Normalized_Volatility,132.1636341
4y7y_ATM,2009-09-22,Normalized_Volatility,131.24201852
4y7y_ATM,2009-09-23,Normalized_Volatility,128.95148952
4y7y_ATM,2009-09-24,Normalized_Volatility,127.2333147
4y7y_ATM,2009-09-25,Normalized_Volatility,126.26348664
4y7y_ATM,2009-09-28,Normalized_Volatility,125.73845922
4y7y_ATM,2009-09-29,Normalized_Volatility,127.24869019
4y7y_ATM,2009-09-30,Normalized_Volatility,127.63355185
4y7y_ATM,2009-10-01,Normalized_Volatility,127.43395548
4y7y_ATM,2009-10-02,Normalized_Volatility,126.01202177
4y7y_ATM,2009-10-05,Normalized_Volatility,126.8722365
4y7y_ATM,2009-10-06,Normalized_Volatility,127.7022691
4y7y_ATM,2009-10-07,Normalized_Volatility,125.5044363
4y7y_ATM,2009-10-08,Normalized_Volatility,127.93900375
4y7y_ATM,2009-10-09,Normalized_Volatility,132.84905575
4y7y_ATM,2009-10-13,Normalized_Volatility,131.0399354
4y7y_ATM,2009-10-14,Normalized_Volatility,129.02514466
4y7y_ATM,2009-10-15,Normalized_Volatility,130.4070618
4y7y_ATM,2009-10-16,Normalized_Volatility,129.2956876
4y7y_ATM,2009-10-19,Normalized_Volatility,129.03017277
4y7y_ATM,2009-10-20,Normalized_Volatility,128.1661722
4y7y_ATM,2009-10-21,Normalized_Volatility,129.98619622
4y7y_ATM,2009-10-22,Normalized_Volatility,130.31758403
4y7y_ATM,2009-10-23,Normalized_Volatility,131.9874948
4y7y_ATM,2009-10-26,Normalized_Volatility,133.35507218
4y7y_ATM,2009-10-27,Normalized_Volatility,132.35672436
4y7y_ATM,2009-10-28,Normalized_Volatility,131.5411036
4y7y_ATM,2009-10-29,Normalized_Volatility,132.3079093
4y7y_ATM,2009-10-30,Normalized_Volatility,130.78077222
4y7y_ATM,2009-11-02,Normalized_Volatility,130.9287834
4y7y_ATM,2009-11-03,Normalized_Volatility,130.66563186
4y7y_ATM,2009-11-04,Normalized_Volatility,131.98178088
4y7y_ATM,2009-11-05,Normalized_Volatility,131.33454866
4y7y_ATM,2009-11-06,Normalized_Volatility,129.279515
4y7y_ATM,2009-11-09,Normalized_Volatility,127.53892262
4y7y_ATM,2009-11-10,Normalized_Volatility,126.52286272
4y7y_ATM,2009-11-12,Normalized_Volatility,126.10878568
4y7y_ATM,2009-11-13,Normalized_Volatility,127.44171754
4y7y_ATM,2009-11-16,Normalized_Volatility,126.34110632
4y7y_ATM,2009-11-17,Normalized_Volatility,126.4206047
4y7y_ATM,2009-11-18,Normalized_Volatility,128.5456027
4y7y_ATM,2009-11-19,Normalized_Volatility,129.34806905
4y7y_ATM,2009-11-20,Normalized_Volatility,125.6942475
4y7y_ATM,2009-11-23,Normalized_Volatility,125.2386567
4y7y_ATM,2009-11-24,Normalized_Volatility,125.34474735
4y7y_ATM,2009-11-25,Normalized_Volatility,125.73735636
4y7y_ATM,2009-11-27,Normalized_Volatility,126.91577664
4y7y_ATM,2009-11-30,Normalized_Volatility,126.9370685
4y7y_ATM,2009-12-01,Normalized_Volatility,128.56349484
4y7y_ATM,2009-12-02,Normalized_Volatility,129.2767616
4y7y_ATM,2009-12-03,Normalized_Volatility,131.16526176
4y7y_ATM,2009-12-04,Normalized_Volatility,131.8114293
4y7y_ATM,2009-12-07,Normalized_Volatility,129.64270556
4y7y_ATM,2009-12-08,Normalized_Volatility,128.12964643
4y7y_ATM,2009-12-09,Normalized_Volatility,128.7131904
4y7y_ATM,2009-12-10,Normalized_Volatility,130.80272535
4y7y_ATM,2009-12-11,Normalized_Volatility,130.77708483
4y7y_ATM,2009-12-14,Normalized_Volatility,130.50976183
4y7y_ATM,2009-12-15,Normalized_Volatility,132.99279034
4y7y_ATM,2009-12-16,Normalized_Volatility,132.48373425
4y7y_ATM,2009-12-17,Normalized_Volatility,132.51514716
4y7y_ATM,2009-12-18,Normalized_Volatility,133.14315476
4y7y_ATM,2009-12-21,Normalized_Volatility,135.868362
4y7y_ATM,2009-12-22,Normalized_Volatility,135.92048484
4y7y_ATM,2009-12-23,Normalized_Volatility,133.48571148
4y7y_ATM,2009-12-24,Normalized_Volatility,133.75968265
4y7y_ATM,2009-12-28,Normalized_Volatility,133.7725602
4y7y_ATM,2009-12-29,Normalized_Volatility,131.5317146
4y7y_ATM,2009-12-30,Normalized_Volatility,128.93225618
4y7y_ATM,2009-12-31,Normalized_Volatility,129.673245
4y7y_ATM,2010-01-04,Normalized_Volatility,129.8356092
4y7y_ATM,2010-01-05,Normalized_Volatility,128.33189775
4y7y_ATM,2010-01-06,Normalized_Volatility,129.03105197
4y7y_ATM,2010-01-07,Normalized_Volatility,128.43772836
4y7y_ATM,2010-01-08,Normalized_Volatility,126.85753856
4y7y_ATM,2010-01-11,Normalized_Volatility,125.95570262
4y7y_ATM,2010-01-12,Normalized_Volatility,125.6582621
4y7y_ATM,2010-01-13,Normalized_Volatility,128.1701212
4y7y_ATM,2010-01-14,Normalized_Volatility,128.74640103
4y7y_ATM,2010-01-15,Normalized_Volatility,129.18542217
4y7y_ATM,2010-01-19,Normalized_Volatility,130.0066346
4y7y_ATM,2010-01-20,Normalized_Volatility,129.35037258
4y7y_ATM,2010-01-21,Normalized_Volatility,128.81106315
4y7y_ATM,2010-01-22,Normalized_Volatility,129.2769975
4y7y_ATM,2010-01-25,Normalized_Volatility,129.4525431
4y7y_ATM,2010-01-26,Normalized_Volatility,127.7036056
4y7y_ATM,2010-01-27,Normalized_Volatility,127.05198779
4y7y_ATM,2010-01-28,Normalized_Volatility,126.98551744
4y7y_ATM,2010-01-29,Normalized_Volatility,125.64494444
4y7y_ATM,2010-02-01,Normalized_Volatility,124.4037184
4y7y_ATM,2010-02-02,Normalized_Volatility,123.11715748
4y7y_ATM,2010-02-03,Normalized_Volatility,123.85502456
4y7y_ATM,2010-02-04,Normalized_Volatility,122.87749048
4y7y_ATM,2010-02-05,Normalized_Volatility,122.47195142
4y7y_ATM,2010-02-08,Normalized_Volatility,122.53570956
4y7y_ATM,2010-02-09,Normalized_Volatility,124.53912192
4y7y_ATM,2010-02-10,Normalized_Volatility,125.15386345
4y7y_ATM,2010-02-11,Normalized_Volatility,123.67666388
4y7y_ATM,2010-02-12,Normalized_Volatility,121.58916544
4y7y_ATM,2010-02-16,Normalized_Volatility,120.68368352
4y7y_ATM,2010-02-17,Normalized_Volatility,120.45966244
4y7y_ATM,2010-02-18,Normalized_Volatility,120.32036311
4y7y_ATM,2010-02-19,Normalized_Volatility,119.5269966
4y7y_ATM,2010-02-22,Normalized_Volatility,117.60400454
4y7y_ATM,2010-02-23,Normalized_Volatility,117.49327392
4y7y_ATM,2010-02-24,Normalized_Volatility,117.6716626
4y7y_ATM,2010-02-25,Normalized_Volatility,117.74947914
4y7y_ATM,2010-02-26,Normalized_Volatility,118.1396502
4y7y_ATM,2010-03-01,Normalized_Volatility,118.1865071
4y7y_ATM,2010-03-02,Normalized_Volatility,117.99582939
4y7y_ATM,2010-03-03,Normalized_Volatility,118.3625068
4y7y_ATM,2010-03-04,Normalized_Volatility,116.82236239
4y7y_ATM,2010-03-05,Normalized_Volatility,116.71826546
4y7y_ATM,2010-03-08,Normalized_Volatility,116.194332
4y7y_ATM,2010-03-09,Normalized_Volatility,115.0155944
4y7y_ATM,2010-03-10,Normalized_Volatility,114.75386497
4y7y_ATM,2010-03-11,Normalized_Volatility,114.82614964
4y7y_ATM,2010-03-12,Normalized_Volatility,113.99150747
4y7y_ATM,2010-03-15,Normalized_Volatility,113.56647912
4y7y_ATM,2010-03-16,Normalized_Volatility,112.22199752
4y7y_ATM,2010-03-17,Normalized_Volatility,110.91951773
4y7y_ATM,2010-03-18,Normalized_Volatility,111.5308761
4y7y_ATM,2010-03-19,Normalized_Volatility,112.0573932
4y7y_ATM,2010-03-22,Normalized_Volatility,111.87930648
4y7y_ATM,2010-03-23,Normalized_Volatility,113.08271436
4y7y_ATM,2010-03-24,Normalized_Volatility,114.40556864
4y7y_ATM,2010-03-25,Normalized_Volatility,113.25514797
4y7y_ATM,2010-03-26,Normalized_Volatility,111.55554168
4y7y_ATM,2010-03-29,Normalized_Volatility,111.83265188
4y7y_ATM,2010-03-30,Normalized_Volatility,110.37613488
4y7y_ATM,2010-03-31,Normalized_Volatility,110.07333612
4y7y_ATM,2010-04-01,Normalized_Volatility,111.46324448
4y7y_ATM,2010-04-05,Normalized_Volatility,110.81229
4y7y_ATM,2010-04-06,Normalized_Volatility,109.78240928
4y7y_ATM,2010-04-07,Normalized_Volatility,110.47166705
4y7y_ATM,2010-04-08,Normalized_Volatility,112.34084378
4y7y_ATM,2010-04-09,Normalized_Volatility,111.86710128
4y7y_ATM,2010-04-12,Normalized_Volatility,112.04100726
4y7y_ATM,2010-04-13,Normalized_Volatility,112.129479
4y7y_ATM,2010-04-14,Normalized_Volatility,111.34485512
4y7y_ATM,2010-04-15,Normalized_Volatility,110.51833126
4y7y_ATM,2010-04-16,Normalized_Volatility,109.54811907
4y7y_ATM,2010-04-19,Normalized_Volatility,109.93594644
4y7y_ATM,2010-04-20,Normalized_Volatility,111.03011535
4y7y_ATM,2010-04-21,Normalized_Volatility,112.49486734
4y7y_ATM,2010-04-22,Normalized_Volatility,113.34162702
4y7y_ATM,2010-04-23,Normalized_Volatility,114.47628653
4y7y_ATM,2010-04-26,Normalized_Volatility,114.75505956
4y7y_ATM,2010-04-27,Normalized_Volatility,118.048252
4y7y_ATM,2010-04-28,Normalized_Volatility,117.09851432
4y7y_ATM,2010-04-29,Normalized_Volatility,115.64051148
4y7y_ATM,2010-04-30,Normalized_Volatility,119.60958912
4y7y_ATM,2010-05-03,Normalized_Volatility,119.982654
4y7y_ATM,2010-05-04,Normalized_Volatility,125.44857477
4y7y_ATM,2010-05-05,Normalized_Volatility,127.67816379
4y7y_ATM,2010-05-06,Normalized_Volatility,131.25099375
4y7y_ATM,2010-05-07,Normalized_Volatility,124.8536464
4y7y_ATM,2010-05-10,Normalized_Volatility,123.2092321
4y7y_ATM,2010-05-11,Normalized_Volatility,120.86878419
4y7y_ATM,2010-05-12,Normalized_Volatility,120.1354297
4y7y_ATM,2010-05-13,Normalized_Volatility,118.7963999
4y7y_ATM,2010-05-14,Normalized_Volatility,122.41948455
4y7y_ATM,2010-05-17,Normalized_Volatility,122.2064107
4y7y_ATM,2010-05-18,Normalized_Volatility,122.99227736
4y7y_ATM,2010-05-19,Normalized_Volatility,124.05661464
4y7y_ATM,2010-05-20,Normalized_Volatility,125.45401096
4y7y_ATM,2010-05-21,Normalized_Volatility,122.63878584
4y7y_ATM,2010-05-24,Normalized_Volatility,120.52699122
4y7y_ATM,2010-05-25,Normalized_Volatility,121.11731809
4y7y_ATM,2010-05-26,Normalized_Volatility,119.28914107
4y7y_ATM,2010-05-27,Normalized_Volatility,118.4830525
4y7y_ATM,2010-05-28,Normalized_Volatility,118.019646
4y7y_ATM,2010-06-01,Normalized_Volatility,118.47818934
4y7y_ATM,2010-06-02,Normalized_Volatility,117.53864584
4y7y_ATM,2010-06-03,Normalized_Volatility,116.63947749
4y7y_ATM,2010-06-04,Normalized_Volatility,117.88218324
4y7y_ATM,2010-06-07,Normalized_Volatility,118.2089155
4y7y_ATM,2010-06-08,Normalized_Volatility,119.68466652
4y7y_ATM,2010-06-09,Normalized_Volatility,117.92471724
4y7y_ATM,2010-06-10,Normalized_Volatility,117.15708588
4y7y_ATM,2010-06-11,Normalized_Volatility,116.80757712
4y7y_ATM,2010-06-14,Normalized_Volatility,116.08317952
4y7y_ATM,2010-06-15,Normalized_Volatility,115.74628146
4y7y_ATM,2010-06-16,Normalized_Volatility,115.34556475
4y7y_ATM,2010-06-17,Normalized_Volatility,115.2299004
4y7y_ATM,2010-06-18,Normalized_Volatility,115.45178554
4y7y_ATM,2010-06-21,Normalized_Volatility,114.90130373
4y7y_ATM,2010-06-22,Normalized_Volatility,115.458096
4y7y_ATM,2010-06-23,Normalized_Volatility,114.04294768
4y7y_ATM,2010-06-24,Normalized_Volatility,114.27900588
4y7y_ATM,2010-06-25,Normalized_Volatility,112.91736772
4y7y_ATM,2010-06-28,Normalized_Volatility,110.87214684
4y7y_ATM,2010-06-29,Normalized_Volatility,110.62167445
4y7y_ATM,2010-06-30,Normalized_Volatility,109.89318604
4y7y_ATM,2010-07-01,Normalized_Volatility,109.38167331
4y7y_ATM,2010-07-02,Normalized_Volatility,107.46206887
4y7y_ATM,2010-07-06,Normalized_Volatility,106.4532282
4y7y_ATM,2010-07-07,Normalized_Volatility,105.87504996
4y7y_ATM,2010-07-08,Normalized_Volatility,106.4862436
4y7y_ATM,2010-07-09,Normalized_Volatility,105.9400285
4y7y_ATM,2010-07-12,Normalized_Volatility,105.31518592
4y7y_ATM,2010-07-13,Normalized_Volatility,105.52916209
4y7y_ATM,2010-07-14,Normalized_Volatility,105.09820563
4y7y_ATM,2010-07-15,Normalized_Volatility,104.7072888
4y7y_ATM,2010-07-16,Normalized_Volatility,103.63927455
4y7y_ATM,2010-07-19,Normalized_Volatility,103.90742735
4y7y_ATM,2010-07-20,Normalized_Volatility,103.48283028
4y7y_ATM,2010-07-21,Normalized_Volatility,103.84011365
4y7y_ATM,2010-07-22,Normalized_Volatility,103.52059675
4y7y_ATM,2010-07-23,Normalized_Volatility,101.9877788
4y7y_ATM,2010-07-26,Normalized_Volatility,101.3823123
4y7y_ATM,2010-07-27,Normalized_Volatility,102.5883264
4y7y_ATM,2010-07-28,Normalized_Volatility,101.11420159
4y7y_ATM,2010-07-29,Normalized_Volatility,101.64979167
4y7y_ATM,2010-07-30,Normalized_Volatility,101.49687849
4y7y_ATM,2010-08-02,Normalized_Volatility,102.2518536
4y7y_ATM,2010-08-03,Normalized_Volatility,102.08226396
4y7y_ATM,2010-08-04,Normalized_Volatility,101.68801099
4y7y_ATM,2010-08-05,Normalized_Volatility,99.96612332
4y7y_ATM,2010-08-06,Normalized_Volatility,98.16369087
4y7y_ATM,2010-08-09,Normalized_Volatility,97.78928397
4y7y_ATM,2010-08-10,Normalized_Volatility,95.37387948
4y7y_ATM,2010-08-11,Normalized_Volatility,93.4619532
4y7y_ATM,2010-08-12,Normalized_Volatility,94.3170855
4y7y_ATM,2010-08-13,Normalized_Volatility,96.09606812
4y7y_ATM,2010-08-16,Normalized_Volatility,98.51350382
4y7y_ATM,2010-08-17,Normalized_Volatility,96.38731102
4y7y_ATM,2010-08-18,Normalized_Volatility,95.04814242
4y7y_ATM,2010-08-19,Normalized_Volatility,95.19401175
4y7y_ATM,2010-08-20,Normalized_Volatility,95.26279752
4y7y_ATM,2010-08-23,Normalized_Volatility,95.66709628
4y7y_ATM,2010-08-24,Normalized_Volatility,94.73649016
4y7y_ATM,2010-08-25,Normalized_Volatility,94.57962584
4y7y_ATM,2010-08-26,Normalized_Volatility,95.13173882
4y7y_ATM,2010-08-27,Normalized_Volatility,94.13484968
4y7y_ATM,2010-08-30,Normalized_Volatility,95.74382064
4y7y_ATM,2010-08-31,Normalized_Volatility,95.29453807
4y7y_ATM,2010-09-01,Normalized_Volatility,97.32535488
4y7y_ATM,2010-09-02,Normalized_Volatility,95.98463916
4y7y_ATM,2010-09-03,Normalized_Volatility,94.3114172
4y7y_ATM,2010-09-07,Normalized_Volatility,95.5209347
4y7y_ATM,2010-09-08,Normalized_Volatility,96.8235516
4y7y_ATM,2010-09-09,Normalized_Volatility,97.79483214
4y7y_ATM,2010-09-10,Normalized_Volatility,98.950404
4y7y_ATM,2010-09-13,Normalized_Volatility,98.4247129
4y7y_ATM,2010-09-14,Normalized_Volatility,98.71531436
4y7y_ATM,2010-09-15,Normalized_Volatility,100.34133052
4y7y_ATM,2010-09-16,Normalized_Volatility,101.76695895
4y7y_ATM,2010-09-17,Normalized_Volatility,101.43383232
4y7y_ATM,2010-09-20,Normalized_Volatility,102.5171925
4y7y_ATM,2010-09-21,Normalized_Volatility,101.58283359
4y7y_ATM,2010-09-22,Normalized_Volatility,101.09691635
4y7y_ATM,2010-09-23,Normalized_Volatility,101.99158965
4y7y_ATM,2010-09-24,Normalized_Volatility,103.63295046
4y7y_ATM,2010-09-27,Normalized_Volatility,104.99700884
4y7y_ATM,2010-09-28,Normalized_Volatility,105.07548425
4y7y_ATM,2010-09-29,Normalized_Volatility,106.96469139
4y7y_ATM,2010-09-30,Normalized_Volatility,105.44012136
4y7y_ATM,2010-10-01,Normalized_Volatility,103.7902026
4y7y_ATM,2010-10-04,Normalized_Volatility,103.97414384
4y7y_ATM,2010-10-05,Normalized_Volatility,103.66899027
4y7y_ATM,2010-10-06,Normalized_Volatility,101.4377946
4y7y_ATM,2010-10-07,Normalized_Volatility,100.98610067
4y7y_ATM,2010-10-08,Normalized_Volatility,98.6078323
4y7y_ATM,2010-10-12,Normalized_Volatility,97.98756799
4y7y_ATM,2010-10-13,Normalized_Volatility,95.56863342
4y7y_ATM,2010-10-14,Normalized_Volatility,96.39406576
4y7y_ATM,2010-10-15,Normalized_Volatility,95.33134702
4y7y_ATM,2010-10-18,Normalized_Volatility,94.76348469
4y7y_ATM,2010-10-19,Normalized_Volatility,94.58075494
4y7y_ATM,2010-10-20,Normalized_Volatility,94.65364628
4y7y_ATM,2010-10-21,Normalized_Volatility,96.12216448
4y7y_ATM,2010-10-22,Normalized_Volatility,97.665237
4y7y_ATM,2010-10-25,Normalized_Volatility,97.12116125
4y7y_ATM,2010-10-26,Normalized_Volatility,97.85273715
4y7y_ATM,2010-10-27,Normalized_Volatility,98.23666014
4y7y_ATM,2010-10-28,Normalized_Volatility,99.08773632
4y7y_ATM,2010-10-29,Normalized_Volatility,99.0456404
4y7y_ATM,2010-11-01,Normalized_Volatility,100.07210191
4y7y_ATM,2010-11-02,Normalized_Volatility,100.88416704
4y7y_ATM,2010-11-03,Normalized_Volatility,99.41434426
4y7y_ATM,2010-11-04,Normalized_Volatility,98.5130724
4y7y_ATM,2010-11-05,Normalized_Volatility,99.45656604
4y7y_ATM,2010-11-08,Normalized_Volatility,99.77282432
4y7y_ATM,2010-11-09,Normalized_Volatility,101.55924525
4y7y_ATM,2010-11-10,Normalized_Volatility,101.757166
4y7y_ATM,2010-11-12,Normalized_Volatility,102.63802955
4y7y_ATM,2010-11-15,Normalized_Volatility,104.95372352
4y7y_ATM,2010-11-16,Normalized_Volatility,104.52725341
4y7y_ATM,2010-11-17,Normalized_Volatility,105.15975152
4y7y_ATM,2010-11-18,Normalized_Volatility,106.64598356
4y7y_ATM,2010-11-19,Normalized_Volatility,106.41227955
4y7y_ATM,2010-11-22,Normalized_Volatility,105.71809437
4y7y_ATM,2010-11-23,Normalized_Volatility,105.8922774
4y7y_ATM,2010-11-24,Normalized_Volatility,107.6381397
4y7y_ATM,2010-11-26,Normalized_Volatility,107.7673084
4y7y_ATM,2010-11-29,Normalized_Volatility,108.24555756
4y7y_ATM,2010-11-30,Normalized_Volatility,109.65534208
4y7y_ATM,2010-12-01,Normalized_Volatility,111.46831007
4y7y_ATM,2010-12-02,Normalized_Volatility,111.65120028
4y7y_ATM,2010-12-03,Normalized_Volatility,111.897774
4y7y_ATM,2010-12-06,Normalized_Volatility,112.52288134
4y7y_ATM,2010-12-07,Normalized_Volatility,116.10951706
4y7y_ATM,2010-12-08,Normalized_Volatility,116.1707952
4y7y_ATM,2010-12-09,Normalized_Volatility,115.47529536
4y7y_ATM,2010-12-10,Normalized_Volatility,117.01510015
4y7y_ATM,2010-12-13,Normalized_Volatility,116.12298186
4y7y_ATM,2010-12-14,Normalized_Volatility,117.73401607
4y7y_ATM,2010-12-15,Normalized_Volatility,119.9586688
4y7y_ATM,2010-12-16,Normalized_Volatility,118.6037748
4y7y_ATM,2010-12-17,Normalized_Volatility,116.72183322
4y7y_ATM,2010-12-20,Normalized_Volatility,115.74549791
4y7y_ATM,2010-12-21,Normalized_Volatility,114.70416357
4y7y_ATM,2010-12-22,Normalized_Volatility,114.48800498
4y7y_ATM,2010-12-23,Normalized_Volatility,115.76572852
4y7y_ATM,2010-12-27,Normalized_Volatility,115.8703074
4y7y_ATM,2010-12-28,Normalized_Volatility,117.12423372
4y7y_ATM,2010-12-29,Normalized_Volatility,116.44117614
4y7y_ATM,2010-12-30,Normalized_Volatility,116.5742675
4y7y_ATM,2010-12-31,Normalized_Volatility,116.51219034
4y7y_ATM,2011-01-03,Normalized_Volatility,114.92856256
4y7y_ATM,2011-01-04,Normalized_Volatility,112.66786907
4y7y_ATM,2011-01-05,Normalized_Volatility,114.84043982
4y7y_ATM,2011-01-06,Normalized_Volatility,114.48066432
4y7y_ATM,2011-01-07,Normalized_Volatility,112.26435863
4y7y_ATM,2011-01-10,Normalized_Volatility,112.1544012
4y7y_ATM,2011-01-11,Normalized_Volatility,112.81964235
4y7y_ATM,2011-01-12,Normalized_Volatility,112.588247
4y7y_ATM,2011-01-13,Normalized_Volatility,114.0851803
4y7y_ATM,2011-01-14,Normalized_Volatility,115.27951137
4y7y_ATM,2011-01-18,Normalized_Volatility,115.8938991
4y7y_ATM,2011-01-19,Normalized_Volatility,115.93358208
4y7y_ATM,2011-01-20,Normalized_Volatility,115.27848
4y7y_ATM,2011-01-21,Normalized_Volatility,115.20567027
4y7y_ATM,2011-01-24,Normalized_Volatility,114.90336
4y7y_ATM,2011-01-25,Normalized_Volatility,114.52736529
4y7y_ATM,2011-01-26,Normalized_Volatility,115.328353
4y7y_ATM,2011-01-27,Normalized_Volatility,114.44874525
4y7y_ATM,2011-01-28,Normalized_Volatility,115.39362016
4y7y_ATM,2011-01-31,Normalized_Volatility,116.31865455
4y7y_ATM,2011-02-01,Normalized_Volatility,117.13780224
4y7y_ATM,2011-02-02,Normalized_Volatility,117.42686879
4y7y_ATM,2011-02-03,Normalized_Volatility,117.20187648
4y7y_ATM,2011-02-04,Normalized_Volatility,117.92706897
4y7y_ATM,2011-02-07,Normalized_Volatility,117.33580188
4y7y_ATM,2011-02-08,Normalized_Volatility,117.33650913
4y7y_ATM,2011-02-09,Normalized_Volatility,115.62055048
4y7y_ATM,2011-02-10,Normalized_Volatility,114.78796448
4y7y_ATM,2011-02-11,Normalized_Volatility,112.71301621
4y7y_ATM,2011-02-14,Normalized_Volatility,111.86092332
4y7y_ATM,2011-02-15,Normalized_Volatility,111.39909264
4y7y_ATM,2011-02-16,Normalized_Volatility,112.74512149
4y7y_ATM,2011-02-17,Normalized_Volatility,112.69212731
4y7y_ATM,2011-02-18,Normalized_Volatility,113.61600503
4y7y_ATM,2011-02-22,Normalized_Volatility,113.8445253
4y7y_ATM,2011-02-23,Normalized_Volatility,114.6501139
4y7y_ATM,2011-02-24,Normalized_Volatility,114.33212122
4y7y_ATM,2011-02-25,Normalized_Volatility,112.61739552
4y7y_ATM,2011-02-28,Normalized_Volatility,112.43707725
4y7y_ATM,2011-03-01,Normalized_Volatility,112.26923076
4y7y_ATM,2011-03-02,Normalized_Volatility,112.49992785
4y7y_ATM,2011-03-03,Normalized_Volatility,112.9142646
4y7y_ATM,2011-03-04,Normalized_Volatility,112.27775936
4y7y_ATM,2011-03-07,Normalized_Volatility,112.409136
4y7y_ATM,2011-03-08,Normalized_Volatility,113.7818154
4y7y_ATM,2011-03-09,Normalized_Volatility,113.03040204
4y7y_ATM,2011-03-10,Normalized_Volatility,113.05598177
4y7y_ATM,2011-03-11,Normalized_Volatility,113.1569079
4y7y_ATM,2011-03-14,Normalized_Volatility,113.51870064
4y7y_ATM,2011-03-15,Normalized_Volatility,115.12385316
4y7y_ATM,2011-03-16,Normalized_Volatility,115.9012808
4y7y_ATM,2011-03-17,Normalized_Volatility,114.96936528
4y7y_ATM,2011-03-18,Normalized_Volatility,114.27229282
4y7y_ATM,2011-03-21,Normalized_Volatility,113.66963937
4y7y_ATM,2011-03-22,Normalized_Volatility,113.08631448
4y7y_ATM,2011-03-23,Normalized_Volatility,113.05447216
4y7y_ATM,2011-03-24,Normalized_Volatility,112.67598221
4y7y_ATM,2011-03-25,Normalized_Volatility,113.61038356
4y7y_ATM,2011-03-28,Normalized_Volatility,113.77811342
4y7y_ATM,2011-03-29,Normalized_Volatility,113.84226685
4y7y_ATM,2011-03-30,Normalized_Volatility,113.7164238
4y7y_ATM,2011-03-31,Normalized_Volatility,114.30993836
4y7y_ATM,2011-04-01,Normalized_Volatility,112.60167608
4y7y_ATM,2011-04-04,Normalized_Volatility,112.41177204
4y7y_ATM,2011-04-05,Normalized_Volatility,113.13520245
4y7y_ATM,2011-04-06,Normalized_Volatility,113.54119959
4y7y_ATM,2011-04-07,Normalized_Volatility,113.59911057
4y7y_ATM,2011-04-08,Normalized_Volatility,113.99533002
4y7y_ATM,2011-04-11,Normalized_Volatility,113.98720416
4y7y_ATM,2011-04-12,Normalized_Volatility,113.54423
4y7y_ATM,2011-04-13,Normalized_Volatility,113.14349698
4y7y_ATM,2011-04-14,Normalized_Volatility,112.91614968
4y7y_ATM,2011-04-15,Normalized_Volatility,112.30421709
4y7y_ATM,2011-04-18,Normalized_Volatility,112.70460912
4y7y_ATM,2011-04-19,Normalized_Volatility,112.73091476
4y7y_ATM,2011-04-20,Normalized_Volatility,112.42101728
4y7y_ATM,2011-04-21,Normalized_Volatility,111.56855594
4y7y_ATM,2011-04-25,Normalized_Volatility,111.2866425
4y7y_ATM,2011-04-26,Normalized_Volatility,112.1697794
4y7y_ATM,2011-04-27,Normalized_Volatility,111.90659956
4y7y_ATM,2011-04-28,Normalized_Volatility,110.87396064
4y7y_ATM,2011-04-29,Normalized_Volatility,111.1680528
4y7y_ATM,2011-05-02,Normalized_Volatility,111.6257349
4y7y_ATM,2011-05-03,Normalized_Volatility,112.00218925
4y7y_ATM,2011-05-04,Normalized_Volatility,111.49521992
4y7y_ATM,2011-05-05,Normalized_Volatility,111.42709633
4y7y_ATM,2011-05-06,Normalized_Volatility,110.9258556
4y7y_ATM,2011-05-09,Normalized_Volatility,111.56075262
4y7y_ATM,2011-05-10,Normalized_Volatility,111.97559968
4y7y_ATM,2011-05-11,Normalized_Volatility,112.00824768
4y7y_ATM,2011-05-12,Normalized_Volatility,112.13177352
4y7y_ATM,2011-05-13,Normalized_Volatility,111.92452892
4y7y_ATM,2011-05-16,Normalized_Volatility,111.8845665
4y7y_ATM,2011-05-17,Normalized_Volatility,111.97283724
4y7y_ATM,2011-05-18,Normalized_Volatility,113.0967218
4y7y_ATM,2011-05-19,Normalized_Volatility,113.29969742
4y7y_ATM,2011-05-20,Normalized_Volatility,113.21476309
4y7y_ATM,2011-05-23,Normalized_Volatility,113.06507764
4y7y_ATM,2011-05-24,Normalized_Volatility,112.96578771
4y7y_ATM,2011-05-25,Normalized_Volatility,112.48119246
4y7y_ATM,2011-05-26,Normalized_Volatility,111.71905888
4y7y_ATM,2011-05-27,Normalized_Volatility,111.550888
4y7y_ATM,2011-05-31,Normalized_Volatility,111.18730518
4y7y_ATM,2011-06-01,Normalized_Volatility,110.09049057
4y7y_ATM,2011-06-02,Normalized_Volatility,111.16101733
4y7y_ATM,2011-06-03,Normalized_Volatility,111.2105419
4y7y_ATM,2011-06-06,Normalized_Volatility,111.76839039
4y7y_ATM,2011-06-07,Normalized_Volatility,111.34548672
4y7y_ATM,2011-06-08,Normalized_Volatility,110.6621751
4y7y_ATM,2011-06-09,Normalized_Volatility,110.6307642
4y7y_ATM,2011-06-10,Normalized_Volatility,110.64191505
4y7y_ATM,2011-06-13,Normalized_Volatility,110.9360755
4y7y_ATM,2011-06-14,Normalized_Volatility,111.84635406
4y7y_ATM,2011-06-15,Normalized_Volatility,111.27854496
4y7y_ATM,2011-06-16,Normalized_Volatility,111.81748032
4y7y_ATM,2011-06-17,Normalized_Volatility,111.82581632
4y7y_ATM,2011-06-20,Normalized_Volatility,112.3026165
4y7y_ATM,2011-06-21,Normalized_Volatility,112.26078234
4y7y_ATM,2011-06-22,Normalized_Volatility,112.3788315
4y7y_ATM,2011-06-23,Normalized_Volatility,112.83846736
4y7y_ATM,2011-06-24,Normalized_Volatility,112.6538238
4y7y_ATM,2011-06-27,Normalized_Volatility,112.95949028
4y7y_ATM,2011-06-28,Normalized_Volatility,114.1091204
4y7y_ATM,2011-06-29,Normalized_Volatility,113.58530456
4y7y_ATM,2011-06-30,Normalized_Volatility,113.84406924
4y7y_ATM,2011-07-01,Normalized_Volatility,113.69483916
4y7y_ATM,2011-07-05,Normalized_Volatility,113.97430068
4y7y_ATM,2011-07-06,Normalized_Volatility,114.24890862
4y7y_ATM,2011-07-07,Normalized_Volatility,114.89637888
4y7y_ATM,2011-07-08,Normalized_Volatility,114.46936392
4y7y_ATM,2011-07-11,Normalized_Volatility,115.338094
4y7y_ATM,2011-07-12,Normalized_Volatility,115.36450878
4y7y_ATM,2011-07-13,Normalized_Volatility,115.56248502
4y7y_ATM,2011-07-14,Normalized_Volatility,116.5762488
4y7y_ATM,2011-07-15,Normalized_Volatility,117.0776707
4y7y_ATM,2011-07-18,Normalized_Volatility,119.2000185
4y7y_ATM,2011-07-19,Normalized_Volatility,117.60415914
4y7y_ATM,2011-07-20,Normalized_Volatility,116.29230352
4y7y_ATM,2011-07-21,Normalized_Volatility,115.47810813
4y7y_ATM,2011-07-22,Normalized_Volatility,114.64589731
4y7y_ATM,2011-07-25,Normalized_Volatility,115.5743825
4y7y_ATM,2011-07-26,Normalized_Volatility,115.7115522
4y7y_ATM,2011-07-27,Normalized_Volatility,115.73476947
4y7y_ATM,2011-07-28,Normalized_Volatility,114.78721002
4y7y_ATM,2011-07-29,Normalized_Volatility,114.73041175
4y7y_ATM,2011-08-01,Normalized_Volatility,114.05438016
4y7y_ATM,2011-08-02,Normalized_Volatility,114.51332088
4y7y_ATM,2011-08-03,Normalized_Volatility,113.3963783
4y7y_ATM,2011-08-04,Normalized_Volatility,111.63696237
4y7y_ATM,2011-08-05,Normalized_Volatility,112.47409552
4y7y_ATM,2011-08-08,Normalized_Volatility,114.88538745
4y7y_ATM,2011-08-09,Normalized_Volatility,108.29824512
4y7y_ATM,2011-08-10,Normalized_Volatility,105.86221512
4y7y_ATM,2011-08-11,Normalized_Volatility,106.9671525
4y7y_ATM,2011-08-12,Normalized_Volatility,106.52191908
4y7y_ATM,2011-08-15,Normalized_Volatility,105.61417762
4y7y_ATM,2011-08-16,Normalized_Volatility,104.7467493
4y7y_ATM,2011-08-17,Normalized_Volatility,104.35853762
4y7y_ATM,2011-08-18,Normalized_Volatility,104.96123764
4y7y_ATM,2011-08-19,Normalized_Volatility,105.98727576
4y7y_ATM,2011-08-22,Normalized_Volatility,105.99524262
4y7y_ATM,2011-08-23,Normalized_Volatility,106.5073273
4y7y_ATM,2011-08-24,Normalized_Volatility,106.25525458
4y7y_ATM,2011-08-25,Normalized_Volatility,106.47668988
4y7y_ATM,2011-08-26,Normalized_Volatility,106.25506515
4y7y_ATM,2011-08-29,Normalized_Volatility,106.69634445
4y7y_ATM,2011-08-30,Normalized_Volatility,106.57109799
4y7y_ATM,2011-08-31,Normalized_Volatility,106.50464704
4y7y_ATM,2011-09-01,Normalized_Volatility,106.28628175
4y7y_ATM,2011-09-02,Normalized_Volatility,106.02854111
4y7y_ATM,2011-09-06,Normalized_Volatility,106.30350954
4y7y_ATM,2011-09-07,Normalized_Volatility,106.3844439
4y7y_ATM,2011-09-08,Normalized_Volatility,105.59813103
4y7y_ATM,2011-09-09,Normalized_Volatility,105.34408127
4y7y_ATM,2011-09-12,Normalized_Volatility,105.35205276
4y7y_ATM,2011-09-13,Normalized_Volatility,105.86269947
4y7y_ATM,2011-09-14,Normalized_Volatility,106.28261854
4y7y_ATM,2011-09-15,Normalized_Volatility,106.5991773
4y7y_ATM,2011-09-16,Normalized_Volatility,106.72872294
4y7y_ATM,2011-09-19,Normalized_Volatility,106.88086358
4y7y_ATM,2011-09-20,Normalized_Volatility,107.2254546
4y7y_ATM,2011-09-21,Normalized_Volatility,106.20460335
4y7y_ATM,2011-09-22,Normalized_Volatility,107.25389284
4y7y_ATM,2011-09-23,Normalized_Volatility,105.8728928
4y7y_ATM,2011-09-26,Normalized_Volatility,105.99483996
4y7y_ATM,2011-09-27,Normalized_Volatility,106.56644478
4y7y_ATM,2011-09-28,Normalized_Volatility,106.25171375
4y7y_ATM,2011-09-29,Normalized_Volatility,105.89310055
4y7y_ATM,2011-09-30,Normalized_Volatility,104.98412328
4y7y_ATM,2011-10-03,Normalized_Volatility,105.6159613
4y7y_ATM,2011-10-04,Normalized_Volatility,105.52572329
4y7y_ATM,2011-10-05,Normalized_Volatility,104.70969216
4y7y_ATM,2011-10-06,Normalized_Volatility,105.09386034
4y7y_ATM,2011-10-07,Normalized_Volatility,105.47552555
4y7y_ATM,2011-10-11,Normalized_Volatility,105.85270992
4y7y_ATM,2011-10-12,Normalized_Volatility,106.06044955
4y7y_ATM,2011-10-13,Normalized_Volatility,106.47230678
4y7y_ATM,2011-10-14,Normalized_Volatility,107.18176096
4y7y_ATM,2011-10-17,Normalized_Volatility,108.2789008
4y7y_ATM,2011-10-18,Normalized_Volatility,108.72331896
4y7y_ATM,2011-10-19,Normalized_Volatility,108.67842133
4y7y_ATM,2011-10-20,Normalized_Volatility,108.54747744
4y7y_ATM,2011-10-21,Normalized_Volatility,108.41100405
4y7y_ATM,2011-10-24,Normalized_Volatility,108.8003565
4y7y_ATM,2011-10-25,Normalized_Volatility,107.73732566
4y7y_ATM,2011-10-26,Normalized_Volatility,108.53974272
4y7y_ATM,2011-10-27,Normalized_Volatility,107.80584662
4y7y_ATM,2011-10-28,Normalized_Volatility,108.3786788
4y7y_ATM,2011-10-31,Normalized_Volatility,108.4592577
4y7y_ATM,2011-11-01,Normalized_Volatility,110.0695274
4y7y_ATM,2011-11-02,Normalized_Volatility,108.7576222
4y7y_ATM,2011-11-03,Normalized_Volatility,108.41826528
4y7y_ATM,2011-11-04,Normalized_Volatility,108.5773962
4y7y_ATM,2011-11-07,Normalized_Volatility,108.87905531
4y7y_ATM,2011-11-08,Normalized_Volatility,108.86706051
4y7y_ATM,2011-11-09,Normalized_Volatility,109.3413431
4y7y_ATM,2011-11-10,Normalized_Volatility,109.3915293
4y7y_ATM,2011-11-14,Normalized_Volatility,109.31213979
4y7y_ATM,2011-11-15,Normalized_Volatility,109.18292896
4y7y_ATM,2011-11-16,Normalized_Volatility,109.48141691
4y7y_ATM,2011-11-17,Normalized_Volatility,110.06817228
4y7y_ATM,2011-11-18,Normalized_Volatility,110.10952732
4y7y_ATM,2011-11-21,Normalized_Volatility,110.44828758
4y7y_ATM,2011-11-22,Normalized_Volatility,110.01471504
4y7y_ATM,2011-11-23,Normalized_Volatility,110.47025481
4y7y_ATM,2011-11-25,Normalized_Volatility,110.18857806
4y7y_ATM,2011-11-28,Normalized_Volatility,110.41356515
4y7y_ATM,2011-11-29,Normalized_Volatility,110.37436672
4y7y_ATM,2011-11-30,Normalized_Volatility,109.75899599
4y7y_ATM,2011-12-01,Normalized_Volatility,108.87551328
4y7y_ATM,2011-12-02,Normalized_Volatility,108.52267335
4y7y_ATM,2011-12-05,Normalized_Volatility,107.8249153
4y7y_ATM,2011-12-06,Normalized_Volatility,107.30484495
4y7y_ATM,2011-12-07,Normalized_Volatility,106.69481669
4y7y_ATM,2011-12-08,Normalized_Volatility,107.56957036
4y7y_ATM,2011-12-09,Normalized_Volatility,108.8691157
4y7y_ATM,2011-12-12,Normalized_Volatility,108.8654532
4y7y_ATM,2011-12-13,Normalized_Volatility,107.90820898
4y7y_ATM,2011-12-14,Normalized_Volatility,107.381624
4y7y_ATM,2011-12-15,Normalized_Volatility,106.07408547
4y7y_ATM,2011-12-16,Normalized_Volatility,106.41744474
4y7y_ATM,2011-12-19,Normalized_Volatility,106.3254435
4y7y_ATM,2011-12-20,Normalized_Volatility,106.32093022
4y7y_ATM,2011-12-21,Normalized_Volatility,106.2619287
4y7y_ATM,2011-12-22,Normalized_Volatility,105.696588
4y7y_ATM,2011-12-23,Normalized_Volatility,106.85339145
4y7y_ATM,2011-12-27,Normalized_Volatility,106.9213032
4y7y_ATM,2011-12-28,Normalized_Volatility,107.04685244
4y7y_ATM,2011-12-29,Normalized_Volatility,106.99974792
4y7y_ATM,2011-12-30,Normalized_Volatility,105.67037283
4y7y_ATM,2012-01-03,Normalized_Volatility,105.4202864
4y7y_ATM,2012-01-04,Normalized_Volatility,103.89560503
4y7y_ATM,2012-01-05,Normalized_Volatility,103.6025823
4y7y_ATM,2012-01-06,Normalized_Volatility,102.46326866
4y7y_ATM,2012-01-09,Normalized_Volatility,100.93426616
4y7y_ATM,2012-01-10,Normalized_Volatility,101.59492356
4y7y_ATM,2012-01-11,Normalized_Volatility,100.83255765
4y7y_ATM,2012-01-12,Normalized_Volatility,101.25134568
4y7y_ATM,2012-01-13,Normalized_Volatility,100.49220857
4y7y_ATM,2012-01-17,Normalized_Volatility,100.53079848
4y7y_ATM,2012-01-18,Normalized_Volatility,100.03084797
4y7y_ATM,2012-01-19,Normalized_Volatility,101.58337818
4y7y_ATM,2012-01-20,Normalized_Volatility,102.28518864
4y7y_ATM,2012-01-23,Normalized_Volatility,102.4785944
4y7y_ATM,2012-01-24,Normalized_Volatility,102.2340173
4y7y_ATM,2012-01-25,Normalized_Volatility,99.4850625
4y7y_ATM,2012-01-26,Normalized_Volatility,97.01768862
4y7y_ATM,2012-01-27,Normalized_Volatility,97.13964656
4y7y_ATM,2012-01-30,Normalized_Volatility,97.35587008
4y7y_ATM,2012-01-31,Normalized_Volatility,97.21543536
4y7y_ATM,2012-02-01,Normalized_Volatility,96.91273368
4y7y_ATM,2012-02-02,Normalized_Volatility,96.66612184
4y7y_ATM,2012-02-03,Normalized_Volatility,98.14211322
4y7y_ATM,2012-02-06,Normalized_Volatility,97.49092016
4y7y_ATM,2012-02-07,Normalized_Volatility,98.8443972
4y7y_ATM,2012-02-08,Normalized_Volatility,98.56556522
4y7y_ATM,2012-02-09,Normalized_Volatility,99.6098182
4y7y_ATM,2012-02-10,Normalized_Volatility,99.95987205
4y7y_ATM,2012-02-13,Normalized_Volatility,101.19291659
4y7y_ATM,2012-02-14,Normalized_Volatility,101.20122738
4y7y_ATM,2012-02-15,Normalized_Volatility,99.51551802
4y7y_ATM,2012-02-16,Normalized_Volatility,99.88336176
4y7y_ATM,2012-02-17,Normalized_Volatility,100.44772922
4y7y_ATM,2012-02-21,Normalized_Volatility,100.73132739
4y7y_ATM,2012-02-22,Normalized_Volatility,101.17162625
4y7y_ATM,2012-02-23,Normalized_Volatility,101.34495838
4y7y_ATM,2012-02-24,Normalized_Volatility,101.690334
4y7y_ATM,2012-02-27,Normalized_Volatility,101.67846688
4y7y_ATM,2012-02-28,Normalized_Volatility,101.49505215
4y7y_ATM,2012-02-29,Normalized_Volatility,103.02717224
4y7y_ATM,2012-03-01,Normalized_Volatility,103.87239775
4y7y_ATM,2012-03-02,Normalized_Volatility,103.2365646
4y7y_ATM,2012-03-05,Normalized_Volatility,103.78282915
4y7y_ATM,2012-03-06,Normalized_Volatility,103.8975112
4y7y_ATM,2012-03-07,Normalized_Volatility,103.09039767
4y7y_ATM,2012-03-08,Normalized_Volatility,102.41955008
4y7y_ATM,2012-03-09,Normalized_Volatility,102.33199628
4y7y_ATM,2012-03-12,Normalized_Volatility,102.37726884
4y7y_ATM,2012-03-13,Normalized_Volatility,104.14034925
4y7y_ATM,2012-03-14,Normalized_Volatility,106.57951158
4y7y_ATM,2012-03-15,Normalized_Volatility,105.12073116
4y7y_ATM,2012-03-16,Normalized_Volatility,104.42755822
4y7y_ATM,2012-03-19,Normalized_Volatility,106.19418838
4y7y_ATM,2012-03-20,Normalized_Volatility,106.3346949
4y7y_ATM,2012-03-21,Normalized_Volatility,105.71214626
4y7y_ATM,2012-03-22,Normalized_Volatility,104.97825325
4y7y_ATM,2012-03-23,Normalized_Volatility,104.35889943
4y7y_ATM,2012-03-26,Normalized_Volatility,104.55357904
4y7y_ATM,2012-03-27,Normalized_Volatility,103.06948045
4y7y_ATM,2012-03-28,Normalized_Volatility,102.197355
4y7y_ATM,2012-03-29,Normalized_Volatility,101.14971984
4y7y_ATM,2012-03-30,Normalized_Volatility,102.1260878
4y7y_ATM,2012-04-02,Normalized_Volatility,101.0396397
4y7y_ATM,2012-04-03,Normalized_Volatility,103.00591035
4y7y_ATM,2012-04-04,Normalized_Volatility,103.09254558
4y7y_ATM,2012-04-05,Normalized_Volatility,103.53024287
4y7y_ATM,2012-04-06,Normalized_Volatility,98.0379806
4y7y_ATM,2012-04-09,Normalized_Volatility,100.23085696
4y7y_ATM,2012-04-10,Normalized_Volatility,100.30259912
4y7y_ATM,2012-04-11,Normalized_Volatility,100.92567095
4y7y_ATM,2012-04-12,Normalized_Volatility,101.50259864
4y7y_ATM,2012-04-13,Normalized_Volatility,101.27655
4y7y_ATM,2012-04-16,Normalized_Volatility,101.6007091
4y7y_ATM,2012-04-17,Normalized_Volatility,101.81111094
4y7y_ATM,2012-04-18,Normalized_Volatility,101.8472202
4y7y_ATM,2012-04-19,Normalized_Volatility,101.79507416
4y7y_ATM,2012-04-20,Normalized_Volatility,101.65327175
4y7y_ATM,2012-04-23,Normalized_Volatility,101.1709878
4y7y_ATM,2012-04-24,Normalized_Volatility,101.19860354
4y7y_ATM,2012-04-25,Normalized_Volatility,100.75707372
4y7y_ATM,2012-04-26,Normalized_Volatility,99.49072609
4y7y_ATM,2012-04-27,Normalized_Volatility,98.3634586
4y7y_ATM,2012-04-30,Normalized_Volatility,97.48713786
4y7y_ATM,2012-05-01,Normalized_Volatility,98.93884602
4y7y_ATM,2012-05-02,Normalized_Volatility,97.94680857
4y7y_ATM,2012-05-03,Normalized_Volatility,97.9249104
4y7y_ATM,2012-05-04,Normalized_Volatility,96.00448767
4y7y_ATM,2012-05-07,Normalized_Volatility,96.52326732
4y7y_ATM,2012-05-08,Normalized_Volatility,96.7448835
4y7y_ATM,2012-05-09,Normalized_Volatility,96.63470856
4y7y_ATM,2012-05-10,Normalized_Volatility,96.6704719
4y7y_ATM,2012-05-11,Normalized_Volatility,96.68983632
4y7y_ATM,2012-05-14,Normalized_Volatility,96.86047096
4y7y_ATM,2012-05-15,Normalized_Volatility,96.8332708
4y7y_ATM,2012-05-16,Normalized_Volatility,95.70900192
4y7y_ATM,2012-05-17,Normalized_Volatility,95.46048075
4y7y_ATM,2012-05-18,Normalized_Volatility,95.48736572
4y7y_ATM,2012-05-21,Normalized_Volatility,95.7912302
4y7y_ATM,2012-05-22,Normalized_Volatility,96.36516296
4y7y_ATM,2012-05-23,Normalized_Volatility,96.1161861
4y7y_ATM,2012-05-24,Normalized_Volatility,95.41758568
4y7y_ATM,2012-05-25,Normalized_Volatility,94.87828952
4y7y_ATM,2012-05-29,Normalized_Volatility,94.75525
4y7y_ATM,2012-05-30,Normalized_Volatility,92.37604588
4y7y_ATM,2012-05-31,Normalized_Volatility,91.96497156
4y7y_ATM,2012-06-01,Normalized_Volatility,91.306365
4y7y_ATM,2012-06-04,Normalized_Volatility,92.17314667
4y7y_ATM,2012-06-05,Normalized_Volatility,92.49307742
4y7y_ATM,2012-06-06,Normalized_Volatility,92.89543105
4y7y_ATM,2012-06-07,Normalized_Volatility,92.99073075
4y7y_ATM,2012-06-08,Normalized_Volatility,92.88347248
4y7y_ATM,2012-06-11,Normalized_Volatility,93.52893398
4y7y_ATM,2012-06-12,Normalized_Volatility,93.44881161
4y7y_ATM,2012-06-13,Normalized_Volatility,93.75080125
4y7y_ATM,2012-06-14,Normalized_Volatility,93.74144964
4y7y_ATM,2012-06-15,Normalized_Volatility,93.49215008
4y7y_ATM,2012-06-18,Normalized_Volatility,92.73786952
4y7y_ATM,2012-06-19,Normalized_Volatility,92.82062889
4y7y_ATM,2012-06-20,Normalized_Volatility,91.60253119
4y7y_ATM,2012-06-21,Normalized_Volatility,91.58227832
4y7y_ATM,2012-06-22,Normalized_Volatility,91.83509335
4y7y_ATM,2012-06-25,Normalized_Volatility,91.59786374
4y7y_ATM,2012-06-26,Normalized_Volatility,91.87165872
4y7y_ATM,2012-06-27,Normalized_Volatility,91.834834
4y7y_ATM,2012-06-28,Normalized_Volatility,91.65844527
4y7y_ATM,2012-06-29,Normalized_Volatility,91.95316848
4y7y_ATM,2012-07-02,Normalized_Volatility,92.04146948
4y7y_ATM,2012-07-03,Normalized_Volatility,92.02972338
4y7y_ATM,2012-07-05,Normalized_Volatility,91.795314
4y7y_ATM,2012-07-06,Normalized_Volatility,91.31427508
4y7y_ATM,2012-07-09,Normalized_Volatility,90.7212813
4y7y_ATM,2012-07-10,Normalized_Volatility,91.208156
4y7y_ATM,2012-07-11,Normalized_Volatility,90.59456385
4y7y_ATM,2012-07-12,Normalized_Volatility,90.44602336
4y7y_ATM,2012-07-13,Normalized_Volatility,90.57232664
4y7y_ATM,2012-07-16,Normalized_Volatility,90.6555226
4y7y_ATM,2012-07-17,Normalized_Volatility,90.7340196
4y7y_ATM,2012-07-18,Normalized_Volatility,90.49016627
4y7y_ATM,2012-07-19,Normalized_Volatility,89.93411407
4y7y_ATM,2012-07-20,Normalized_Volatility,89.6515
4y7y_ATM,2012-07-23,Normalized_Volatility,89.39148012
4y7y_ATM,2012-07-24,Normalized_Volatility,89.33968745
4y7y_ATM,2012-07-25,Normalized_Volatility,89.12110292
4y7y_ATM,2012-07-26,Normalized_Volatility,89.34664065
4y7y_ATM,2012-07-27,Normalized_Volatility,90.70388715
4y7y_ATM,2012-07-30,Normalized_Volatility,90.1510897
4y7y_ATM,2012-07-31,Normalized_Volatility,90.01008856
4y7y_ATM,2012-08-01,Normalized_Volatility,90.80471329
4y7y_ATM,2012-08-02,Normalized_Volatility,90.38961504
4y7y_ATM,2012-08-03,Normalized_Volatility,91.43814148
4y7y_ATM,2012-08-06,Normalized_Volatility,90.77957308
4y7y_ATM,2012-08-07,Normalized_Volatility,91.79606475
4y7y_ATM,2012-08-08,Normalized_Volatility,92.22465605
4y7y_ATM,2012-08-09,Normalized_Volatility,92.08898149
4y7y_ATM,2012-08-10,Normalized_Volatility,91.74378048
4y7y_ATM,2012-08-13,Normalized_Volatility,92.28616112
4y7y_ATM,2012-08-14,Normalized_Volatility,93.62746206
4y7y_ATM,2012-08-15,Normalized_Volatility,94.92199912
4y7y_ATM,2012-08-16,Normalized_Volatility,95.80791738
4y7y_ATM,2012-08-17,Normalized_Volatility,94.84697457
4y7y_ATM,2012-08-20,Normalized_Volatility,94.7501132
4y7y_ATM,2012-08-21,Normalized_Volatility,94.80632425
4y7y_ATM,2012-08-22,Normalized_Volatility,92.9701635
4y7y_ATM,2012-08-23,Normalized_Volatility,92.7472562
4y7y_ATM,2012-08-24,Normalized_Volatility,92.9858076
4y7y_ATM,2012-08-27,Normalized_Volatility,93.0092625
4y7y_ATM,2012-08-28,Normalized_Volatility,93.27460512
4y7y_ATM,2012-08-29,Normalized_Volatility,93.76816413
4y7y_ATM,2012-08-30,Normalized_Volatility,93.86718786
4y7y_ATM,2012-08-31,Normalized_Volatility,93.46940568
4y7y_ATM,2012-09-04,Normalized_Volatility,92.77864929
4y7y_ATM,2012-09-05,Normalized_Volatility,92.1223263
4y7y_ATM,2012-09-06,Normalized_Volatility,92.83502079
4y7y_ATM,2012-09-07,Normalized_Volatility,92.000419
4y7y_ATM,2012-09-10,Normalized_Volatility,92.12068323
4y7y_ATM,2012-09-11,Normalized_Volatility,92.0270134
4y7y_ATM,2012-09-12,Normalized_Volatility,93.5189535
4y7y_ATM,2012-09-13,Normalized_Volatility,91.5146406
4y7y_ATM,2012-09-14,Normalized_Volatility,92.72702044
4y7y_ATM,2012-09-17,Normalized_Volatility,91.93695816
4y7y_ATM,2012-09-18,Normalized_Volatility,91.27917185
4y7y_ATM,2012-09-19,Normalized_Volatility,90.83325753
4y7y_ATM,2012-09-20,Normalized_Volatility,90.38772417
4y7y_ATM,2012-09-21,Normalized_Volatility,90.36923994
4y7y_ATM,2012-09-24,Normalized_Volatility,89.74988568
4y7y_ATM,2012-09-25,Normalized_Volatility,89.66591049
4y7y_ATM,2012-09-26,Normalized_Volatility,88.84875321
4y7y_ATM,2012-09-27,Normalized_Volatility,88.9129864
4y7y_ATM,2012-09-28,Normalized_Volatility,89.09407808
4y7y_ATM,2012-10-01,Normalized_Volatility,88.99481295
4y7y_ATM,2012-10-02,Normalized_Volatility,88.71072507
4y7y_ATM,2012-10-03,Normalized_Volatility,88.55988652
4y7y_ATM,2012-10-04,Normalized_Volatility,88.66564761
4y7y_ATM,2012-10-05,Normalized_Volatility,88.69343025
4y7y_ATM,2012-10-09,Normalized_Volatility,88.1938842
4y7y_ATM,2012-10-10,Normalized_Volatility,87.47612874
4y7y_ATM,2012-10-11,Normalized_Volatility,87.24174375
4y7y_ATM,2012-10-12,Normalized_Volatility,86.89629925
4y7y_ATM,2012-10-15,Normalized_Volatility,87.720896
4y7y_ATM,2012-10-16,Normalized_Volatility,88.52391675
4y7y_ATM,2012-10-17,Normalized_Volatility,89.27044002
4y7y_ATM,2012-10-18,Normalized_Volatility,88.93394064
4y7y_ATM,2012-10-19,Normalized_Volatility,88.23079356
4y7y_ATM,2012-10-22,Normalized_Volatility,89.29646505
4y7y_ATM,2012-10-23,Normalized_Volatility,88.56726546
4y7y_ATM,2012-10-24,Normalized_Volatility,88.49396575
4y7y_ATM,2012-10-25,Normalized_Volatility,88.84807954
4y7y_ATM,2012-10-26,Normalized_Volatility,88.12430002
4y7y_ATM,2012-10-29,Normalized_Volatility,87.7283905
4y7y_ATM,2012-10-31,Normalized_Volatility,87.72346143
4y7y_ATM,2012-11-01,Normalized_Volatility,88.15586065
4y7y_ATM,2012-11-02,Normalized_Volatility,88.2735392
4y7y_ATM,2012-11-05,Normalized_Volatility,88.2507531
4y7y_ATM,2012-11-06,Normalized_Volatility,88.65218208
4y7y_ATM,2012-11-07,Normalized_Volatility,86.5999021
4y7y_ATM,2012-11-08,Normalized_Volatility,86.16247632
4y7y_ATM,2012-11-09,Normalized_Volatility,87.0761754
4y7y_ATM,2012-11-13,Normalized_Volatility,86.84479512
4y7y_ATM,2012-11-14,Normalized_Volatility,87.17155369
4y7y_ATM,2012-11-15,Normalized_Volatility,87.6959076
4y7y_ATM,2012-11-16,Normalized_Volatility,87.6938208
4y7y_ATM,2012-11-19,Normalized_Volatility,88.30669841
4y7y_ATM,2012-11-20,Normalized_Volatility,88.5885336
4y7y_ATM,2012-11-21,Normalized_Volatility,88.50253704
4y7y_ATM,2012-11-23,Normalized_Volatility,88.187463
4y7y_ATM,2012-11-26,Normalized_Volatility,87.78301614
4y7y_ATM,2012-11-27,Normalized_Volatility,87.09745748
4y7y_ATM,2012-11-28,Normalized_Volatility,86.70791504
4y7y_ATM,2012-11-29,Normalized_Volatility,86.74791168
4y7y_ATM,2012-11-30,Normalized_Volatility,86.86360083
4y7y_ATM,2012-12-03,Normalized_Volatility,86.63363072
4y7y_ATM,2012-12-04,Normalized_Volatility,86.33285591
4y7y_ATM,2012-12-05,Normalized_Volatility,86.3978475
4y7y_ATM,2012-12-06,Normalized_Volatility,86.39860905
4y7y_ATM,2012-12-07,Normalized_Volatility,86.79623775
4y7y_ATM,2012-12-10,Normalized_Volatility,86.70096742
4y7y_ATM,2012-12-11,Normalized_Volatility,86.947636
4y7y_ATM,2012-12-12,Normalized_Volatility,87.94276653
4y7y_ATM,2012-12-13,Normalized_Volatility,88.3754331
4y7y_ATM,2012-12-14,Normalized_Volatility,88.49482829
4y7y_ATM,2012-12-17,Normalized_Volatility,89.39413436
4y7y_ATM,2012-12-18,Normalized_Volatility,90.33525984
4y7y_ATM,2012-12-19,Normalized_Volatility,89.2851116
4y7y_ATM,2012-12-20,Normalized_Volatility,88.16324096
4y7y_ATM,2012-12-21,Normalized_Volatility,87.8432205
4y7y_ATM,2012-12-24,Normalized_Volatility,88.11401384
4y7y_ATM,2012-12-26,Normalized_Volatility,87.92791967
4y7y_ATM,2012-12-27,Normalized_Volatility,87.64030604
4y7y_ATM,2012-12-28,Normalized_Volatility,87.47220426
4y7y_ATM,2012-12-31,Normalized_Volatility,88.46175348
4y7y_ATM,2013-01-02,Normalized_Volatility,89.0950725
4y7y_ATM,2013-01-03,Normalized_Volatility,88.2175711
4y7y_ATM,2013-01-04,Normalized_Volatility,88.3064299
4y7y_ATM,2013-01-07,Normalized_Volatility,87.93273552
4y7y_ATM,2013-01-08,Normalized_Volatility,87.92545642
4y7y_ATM,2013-01-09,Normalized_Volatility,87.7399614
4y7y_ATM,2013-01-10,Normalized_Volatility,88.18880028
4y7y_ATM,2013-01-11,Normalized_Volatility,87.8017031
4y7y_ATM,2013-01-14,Normalized_Volatility,87.5753284
4y7y_ATM,2013-01-15,Normalized_Volatility,86.72255325
4y7y_ATM,2013-01-16,Normalized_Volatility,86.94753595
4y7y_ATM,2013-01-17,Normalized_Volatility,87.78387308
4y7y_ATM,2013-01-18,Normalized_Volatility,87.54013728
4y7y_ATM,2013-01-22,Normalized_Volatility,87.61845102
4y7y_ATM,2013-01-23,Normalized_Volatility,88.25922442
4y7y_ATM,2013-01-24,Normalized_Volatility,88.7494227
4y7y_ATM,2013-01-25,Normalized_Volatility,90.28563972
4y7y_ATM,2013-01-28,Normalized_Volatility,91.133871
4y7y_ATM,2013-01-29,Normalized_Volatility,91.78445689
4y7y_ATM,2013-01-30,Normalized_Volatility,92.20622418
4y7y_ATM,2013-01-31,Normalized_Volatility,91.85958285
4y7y_ATM,2013-02-01,Normalized_Volatility,92.21770635
4y7y_ATM,2013-02-04,Normalized_Volatility,91.53600534
4y7y_ATM,2013-02-05,Normalized_Volatility,93.58963264
4y7y_ATM,2013-02-06,Normalized_Volatility,93.50464956
4y7y_ATM,2013-02-07,Normalized_Volatility,93.8596789
4y7y_ATM,2013-02-08,Normalized_Volatility,93.77383155
4y7y_ATM,2013-02-11,Normalized_Volatility,93.72026092
4y7y_ATM,2013-02-12,Normalized_Volatility,93.964824182
4y7y_ATM,2013-02-13,Normalized_Volatility,94.43592561
4y7y_ATM,2013-02-14,Normalized_Volatility,93.554950592
4y7y_ATM,2013-02-15,Normalized_Volatility,93.412103844
4y7y_ATM,2013-02-19,Normalized_Volatility,93.43142484
4y7y_ATM,2013-02-20,Normalized_Volatility,93.340186632
4y7y_ATM,2013-02-21,Normalized_Volatility,93.70246405
4y7y_ATM,2013-02-22,Normalized_Volatility,93.62928888
4y7y_ATM,2013-02-25,Normalized_Volatility,93.602029544
4y7y_ATM,2013-02-26,Normalized_Volatility,93.896946176
4y7y_ATM,2013-02-27,Normalized_Volatility,94.444159071
4y7y_ATM,2013-02-28,Normalized_Volatility,94.505992529
4y7y_ATM,2013-03-01,Normalized_Volatility,94.64534772
4y7y_ATM,2013-03-04,Normalized_Volatility,94.069360015
4y7y_ATM,2013-03-05,Normalized_Volatility,93.994906878
4y7y_ATM,2013-03-06,Normalized_Volatility,94.164301876
4y7y_ATM,2013-03-07,Normalized_Volatility,94.378677793
4y7y_ATM,2013-03-08,Normalized_Volatility,94.703231672
4y7y_ATM,2013-03-11,Normalized_Volatility,94.507505818
4y7y_ATM,2013-03-12,Normalized_Volatility,94.312677288
4y7y_ATM,2013-03-13,Normalized_Volatility,94.595509134
4y7y_ATM,2013-03-14,Normalized_Volatility,95.0380641
4y7y_ATM,2013-03-15,Normalized_Volatility,95.024653488
4y7y_ATM,2013-03-18,Normalized_Volatility,95.75048078
4y7y_ATM,2013-03-19,Normalized_Volatility,95.399983368
4y7y_ATM,2013-03-20,Normalized_Volatility,95.501048316
4y7y_ATM,2013-03-21,Normalized_Volatility,95.546943081
4y7y_ATM,2013-03-22,Normalized_Volatility,95.218992198
4y7y_ATM,2013-03-25,Normalized_Volatility,94.484644845
4y7y_ATM,2013-03-26,Normalized_Volatility,94.23328005
4y7y_ATM,2013-03-27,Normalized_Volatility,93.776896556
4y7y_ATM,2013-03-28,Normalized_Volatility,93.73352886
4y7y_ATM,2013-04-01,Normalized_Volatility,93.541286608
4y7y_ATM,2013-04-02,Normalized_Volatility,93.664377243
4y7y_ATM,2013-04-03,Normalized_Volatility,92.966619963
4y7y_ATM,2013-04-04,Normalized_Volatility,92.497684392
4y7y_ATM,2013-04-05,Normalized_Volatility,92.074200036
4y7y_ATM,2013-04-08,Normalized_Volatility,92.533698075
4y7y_ATM,2013-04-09,Normalized_Volatility,92.483351552
4y7y_ATM,2013-04-10,Normalized_Volatility,93.051225085
4y7y_ATM,2013-04-11,Normalized_Volatility,92.03186382
4y7y_ATM,2013-04-12,Normalized_Volatility,92.197487733
4y7y_ATM,2013-04-15,Normalized_Volatility,91.881680436
4y7y_ATM,2013-04-16,Normalized_Volatility,92.188418014
4y7y_ATM,2013-04-17,Normalized_Volatility,92.072227731
4y7y_ATM,2013-04-18,Normalized_Volatility,91.792630755
4y7y_ATM,2013-04-19,Normalized_Volatility,92.564590406
4y7y_ATM,2013-04-22,Normalized_Volatility,92.474654099
4y7y_ATM,2013-04-23,Normalized_Volatility,92.259823509
4y7y_ATM,2013-04-24,Normalized_Volatility,92.2965511
4y7y_ATM,2013-04-25,Normalized_Volatility,92.028857484
4y7y_ATM,2013-04-26,Normalized_Volatility,91.688747256
4y7y_ATM,2013-04-29,Normalized_Volatility,91.666373622
4y7y_ATM,2013-04-30,Normalized_Volatility,91.766542686
4y7y_ATM,2013-05-01,Normalized_Volatility,91.781853264
4y7y_ATM,2013-05-02,Normalized_Volatility,91.902916602
4y7y_ATM,2013-05-03,Normalized_Volatility,92.51100232
4y7y_ATM,2013-05-06,Normalized_Volatility,92.514588271
4y7y_ATM,2013-05-07,Normalized_Volatility,92.556900634
4y7y_ATM,2013-05-08,Normalized_Volatility,92.556225936
4y7y_ATM,2013-05-09,Normalized_Volatility,91.97147115
4y7y_ATM,2013-05-10,Normalized_Volatility,91.894927523
4y7y_ATM,2013-05-13,Normalized_Volatility,92.20864432
4y7y_ATM,2013-05-14,Normalized_Volatility,92.360076578
4y7y_ATM,2013-05-15,Normalized_Volatility,92.287094562
4y7y_ATM,2013-05-16,Normalized_Volatility,92.279193835
4y7y_ATM,2013-05-17,Normalized_Volatility,92.676751347
4y7y_ATM,2013-05-20,Normalized_Volatility,92.724260174
4y7y_ATM,2013-05-21,Normalized_Volatility,92.550230179
4y7y_ATM,2013-05-22,Normalized_Volatility,93.299214924
4y7y_ATM,2013-05-23,Normalized_Volatility,93.587884407
4y7y_ATM,2013-05-24,Normalized_Volatility,93.611962297
4y7y_ATM,2013-05-28,Normalized_Volatility,95.998429166
4y7y_ATM,2013-05-29,Normalized_Volatility,97.301308713
4y7y_ATM,2013-05-30,Normalized_Volatility,98.056529202
4y7y_ATM,2013-05-31,Normalized_Volatility,99.171202935
4y7y_ATM,2013-06-03,Normalized_Volatility,100.91075956
4y7y_ATM,2013-06-04,Normalized_Volatility,102.279137184
4y7y_ATM,2013-06-05,Normalized_Volatility,102.368766499
4y7y_ATM,2013-06-06,Normalized_Volatility,101.890674384
4y7y_ATM,2013-06-07,Normalized_Volatility,102.942478965
4y7y_ATM,2013-06-10,Normalized_Volatility,103.668143597
4y7y_ATM,2013-06-11,Normalized_Volatility,103.520132438
4y7y_ATM,2013-06-12,Normalized_Volatility,103.105351883
4y7y_ATM,2013-06-13,Normalized_Volatility,101.509002833
4y7y_ATM,2013-06-14,Normalized_Volatility,100.723669885
4y7y_ATM,2013-06-17,Normalized_Volatility,101.473620207
4y7y_ATM,2013-06-18,Normalized_Volatility,101.61852749
4y7y_ATM,2013-06-19,Normalized_Volatility,104.094855693
4y7y_ATM,2013-06-20,Normalized_Volatility,105.86946408
4y7y_ATM,2013-06-21,Normalized_Volatility,106.016304438
4y7y_ATM,2013-06-24,Normalized_Volatility,107.095323594
4y7y_ATM,2013-06-25,Normalized_Volatility,106.856902134
4y7y_ATM,2013-06-26,Normalized_Volatility,106.346977968
4y7y_ATM,2013-06-27,Normalized_Volatility,104.009887503
4y7y_ATM,2013-06-28,Normalized_Volatility,105.13861445
4y7y_ATM,2013-07-01,Normalized_Volatility,104.644969088
4y7y_ATM,2013-07-02,Normalized_Volatility,104.46149493
4y7y_ATM,2013-07-03,Normalized_Volatility,105.18246781
4y7y_ATM,2013-07-05,Normalized_Volatility,107.749884412
4y7y_ATM,2013-07-08,Normalized_Volatility,106.733292
4y7y_ATM,2013-07-09,Normalized_Volatility,106.083146969
4y7y_ATM,2013-07-10,Normalized_Volatility,106.57497584
4y7y_ATM,2013-07-11,Normalized_Volatility,105.346849026
4y7y_ATM,2013-07-12,Normalized_Volatility,105.75628878
4y7y_ATM,2013-07-15,Normalized_Volatility,105.032074392
4y7y_ATM,2013-07-16,Normalized_Volatility,104.657281664
4y7y_ATM,2013-07-17,Normalized_Volatility,103.6739254
4y7y_ATM,2013-07-18,Normalized_Volatility,103.607412944
4y7y_ATM,2013-07-19,Normalized_Volatility,103.300175832
4y7y_ATM,2013-07-22,Normalized_Volatility,103.503323096
4y7y_ATM,2013-07-23,Normalized_Volatility,104.00289851
4y7y_ATM,2013-07-24,Normalized_Volatility,105.968707072
4y7y_ATM,2013-07-25,Normalized_Volatility,106.177211712
4y7y_ATM,2013-07-26,Normalized_Volatility,106.528704984
4y7y_ATM,2013-07-29,Normalized_Volatility,106.842988021
4y7y_ATM,2013-07-30,Normalized_Volatility,106.91331554
4y7y_ATM,2013-07-31,Normalized_Volatility,107.05699857
4y7y_ATM,2013-08-01,Normalized_Volatility,108.508415424
4y7y_ATM,2013-08-02,Normalized_Volatility,107.010385088
4y7y_ATM,2013-08-05,Normalized_Volatility,107.16053068
4y7y_ATM,2013-08-06,Normalized_Volatility,107.330391382
4y7y_ATM,2013-08-07,Normalized_Volatility,106.251153822
4y7y_ATM,2013-08-08,Normalized_Volatility,105.489097527
4y7y_ATM,2013-08-09,Normalized_Volatility,105.292001864
4y7y_ATM,2013-08-12,Normalized_Volatility,105.6731553
4y7y_ATM,2013-08-13,Normalized_Volatility,106.37627708
4y7y_ATM,2013-08-14,Normalized_Volatility,106.380572804
4y7y_ATM,2013-08-15,Normalized_Volatility,106.931833904
4y7y_ATM,2013-08-16,Normalized_Volatility,107.43826418
4y7y_ATM,2013-08-19,Normalized_Volatility,108.177757563
4y7y_ATM,2013-08-20,Normalized_Volatility,107.697085782
4y7y_ATM,2013-08-21,Normalized_Volatility,108.9334334
4y7y_ATM,2013-08-22,Normalized_Volatility,108.67455885
4y7y_ATM,2013-08-23,Normalized_Volatility,107.950430268
4y7y_ATM,2013-08-26,Normalized_Volatility,107.78578461
4y7y_ATM,2013-08-27,Normalized_Volatility,107.72419207
4y7y_ATM,2013-08-28,Normalized_Volatility,109.07898099
4y7y_ATM,2013-08-29,Normalized_Volatility,109.007900496
4y7y_ATM,2013-08-30,Normalized_Volatility,109.595361924
4y7y_ATM,2013-09-03,Normalized_Volatility,110.546704971
4y7y_ATM,2013-09-04,Normalized_Volatility,110.988161416
4y7y_ATM,2013-09-05,Normalized_Volatility,111.65259966
4y7y_ATM,2013-09-06,Normalized_Volatility,111.313662072
4y7y_ATM,2013-09-09,Normalized_Volatility,111.333218756
4y7y_ATM,2013-09-10,Normalized_Volatility,111.677554491
4y7y_ATM,2013-09-11,Normalized_Volatility,110.964752971
4y7y_ATM,2013-09-12,Normalized_Volatility,109.975097358
4y7y_ATM,2013-09-13,Normalized_Volatility,109.275269448
4y7y_ATM,2013-09-16,Normalized_Volatility,108.498594083
4y7y_ATM,2013-09-17,Normalized_Volatility,107.550976
4y7y_ATM,2013-09-18,Normalized_Volatility,105.176681828
4y7y_ATM,2013-09-19,Normalized_Volatility,105.006200984
4y7y_ATM,2013-09-20,Normalized_Volatility,104.550464529
4y7y_ATM,2013-09-23,Normalized_Volatility,104.040777952
4y7y_ATM,2013-09-24,Normalized_Volatility,103.694736956
4y7y_ATM,2013-09-25,Normalized_Volatility,103.268417665
4y7y_ATM,2013-09-26,Normalized_Volatility,103.910496897
4y7y_ATM,2013-09-27,Normalized_Volatility,104.809886428
4y7y_ATM,2013-09-30,Normalized_Volatility,104.842843066
4y7y_ATM,2013-10-01,Normalized_Volatility,105.11809735
4y7y_ATM,2013-10-02,Normalized_Volatility,104.691776685
4y7y_ATM,2013-10-03,Normalized_Volatility,103.81460246
4y7y_ATM,2013-10-04,Normalized_Volatility,104.25329383
4y7y_ATM,2013-10-07,Normalized_Volatility,103.912129607
4y7y_ATM,2013-10-08,Normalized_Volatility,103.807959381
4y7y_ATM,2013-10-09,Normalized_Volatility,104.365410357
4y7y_ATM,2013-10-10,Normalized_Volatility,104.471953252
4y7y_ATM,2013-10-11,Normalized_Volatility,104.53838571
4y7y_ATM,2013-10-15,Normalized_Volatility,104.986819386
4y7y_ATM,2013-10-16,Normalized_Volatility,104.43429087
4y7y_ATM,2013-10-17,Normalized_Volatility,103.599351453
4y7y_ATM,2013-10-18,Normalized_Volatility,103.58954435
4y7y_ATM,2013-10-21,Normalized_Volatility,103.575935776
4y7y_ATM,2013-10-22,Normalized_Volatility,102.043584225
4y7y_ATM,2013-10-23,Normalized_Volatility,101.41964533
4y7y_ATM,2013-10-24,Normalized_Volatility,101.653750146
4y7y_ATM,2013-10-25,Normalized_Volatility,101.251431384
4y7y_ATM,2013-10-28,Normalized_Volatility,100.720551122
4y7y_ATM,2013-10-29,Normalized_Volatility,100.510064982
4y7y_ATM,2013-10-30,Normalized_Volatility,101.09684046
4y7y_ATM,2013-10-31,Normalized_Volatility,101.985625875
4y7y_ATM,2013-11-01,Normalized_Volatility,103.075942008
4y7y_ATM,2013-11-04,Normalized_Volatility,102.711641882
4y7y_ATM,2013-11-05,Normalized_Volatility,104.095342512
4y7y_ATM,2013-11-06,Normalized_Volatility,103.791591677
4y7y_ATM,2013-11-07,Normalized_Volatility,103.5263565
4y7y_ATM,2013-11-08,Normalized_Volatility,105.463259625
4y7y_ATM,2013-11-12,Normalized_Volatility,105.702111436
4y7y_ATM,2013-11-13,Normalized_Volatility,105.148437816
4y7y_ATM,2013-11-14,Normalized_Volatility,103.682302542
4y7y_ATM,2013-11-15,Normalized_Volatility,103.236969954
4y7y_ATM,2013-11-18,Normalized_Volatility,102.189493684
4y7y_ATM,2013-11-19,Normalized_Volatility,102.52752725
4y7y_ATM,2013-11-20,Normalized_Volatility,103.554446853
4y7y_ATM,2013-11-21,Normalized_Volatility,103.619491311
4y7y_ATM,2013-11-22,Normalized_Volatility,103.568294663
4y7y_ATM,2013-12-03,Normalized_Volatility,105.74008677
4y7y_ATM,2013-12-04,Normalized_Volatility,106.541011578
4y7y_ATM,2013-12-05,Normalized_Volatility,106.54726023
4y7y_ATM,2013-12-06,Normalized_Volatility,106.040771632
4y7y_ATM,2013-12-09,Normalized_Volatility,105.587475015
4y7y_ATM,2013-12-10,Normalized_Volatility,105.02860607
4y7y_ATM,2013-12-11,Normalized_Volatility,105.430614252
4y7y_ATM,2013-12-12,Normalized_Volatility,105.635172294
4y7y_ATM,2013-12-13,Normalized_Volatility,105.3300129
4y7y_ATM,2013-12-16,Normalized_Volatility,105.193699992
4y7y_ATM,2013-12-17,Normalized_Volatility,104.764321608
4y7y_ATM,2013-12-18,Normalized_Volatility,105.006546174
4y7y_ATM,2013-12-19,Normalized_Volatility,105.52769235
4y7y_ATM,2013-12-20,Normalized_Volatility,105.13239297
4y7y_ATM,2013-12-23,Normalized_Volatility,105.243661585
4y7y_ATM,2013-12-24,Normalized_Volatility,105.368812433
4y7y_ATM,2013-12-26,Normalized_Volatility,105.67433435
4y7y_ATM,2013-12-27,Normalized_Volatility,105.174184041
4y7y_ATM,2013-12-30,Normalized_Volatility,105.035546616
4y7y_ATM,2013-12-31,Normalized_Volatility,105.670943704
4y7y_ATM,2014-01-02,Normalized_Volatility,105.141035142
4y7y_ATM,2014-01-03,Normalized_Volatility,104.417057752
4y7y_ATM,2014-01-06,Normalized_Volatility,103.725714592
4y7y_ATM,2014-01-07,Normalized_Volatility,102.53286314
4y7y_ATM,2014-01-08,Normalized_Volatility,102.763011984
4y7y_ATM,2014-01-09,Normalized_Volatility,101.892399576
4y7y_ATM,2014-01-10,Normalized_Volatility,99.37756105
4y7y_ATM,2014-01-13,Normalized_Volatility,98.394270928
4y7y_ATM,2014-01-14,Normalized_Volatility,99.11637892
4y7y_ATM,2014-01-15,Normalized_Volatility,99.179480632
4y7y_ATM,2014-01-16,Normalized_Volatility,98.76839713
4y7y_ATM,2014-01-17,Normalized_Volatility,98.461379214
4y7y_ATM,2014-01-21,Normalized_Volatility,98.59060554
4y7y_ATM,2014-01-22,Normalized_Volatility,98.789831025
4y7y_ATM,2014-01-23,Normalized_Volatility,98.078207865
4y7y_ATM,2014-01-24,Normalized_Volatility,97.702592385
4y7y_ATM,2014-01-27,Normalized_Volatility,98.087288958
4y7y_ATM,2014-01-28,Normalized_Volatility,99.018285081
4y7y_ATM,2014-01-29,Normalized_Volatility,99.103304476
4y7y_ATM,2014-01-30,Normalized_Volatility,99.870356088
4y7y_ATM,2014-01-31,Normalized_Volatility,99.936753006
4y7y_ATM,2014-02-03,Normalized_Volatility,99.806106604
4y7y_ATM,2014-02-04,Normalized_Volatility,100.663690944
4y7y_ATM,2014-02-05,Normalized_Volatility,100.684525372
4y7y_ATM,2014-02-06,Normalized_Volatility,100.49519444
4y7y_ATM,2014-02-07,Normalized_Volatility,99.58427545
4y7y_ATM,2014-02-10,Normalized_Volatility,99.072126744
4y7y_ATM,2014-02-11,Normalized_Volatility,99.298145325
4y7y_ATM,2014-02-12,Normalized_Volatility,99.340197052
4y7y_ATM,2014-02-13,Normalized_Volatility,98.548667352
4y7y_ATM,2014-02-14,Normalized_Volatility,97.966874103
4y7y_ATM,2014-02-18,Normalized_Volatility,97.761489148
4y7y_ATM,2014-02-19,Normalized_Volatility,97.997435438
4y7y_ATM,2014-02-20,Normalized_Volatility,97.833100825
4y7y_ATM,2014-02-21,Normalized_Volatility,97.416469392
4y7y_ATM,2014-02-24,Normalized_Volatility,97.0223835
4y7y_ATM,2014-02-25,Normalized_Volatility,96.410097731
4y7y_ATM,2014-02-26,Normalized_Volatility,96.080013
4y7y_ATM,2014-02-27,Normalized_Volatility,96.166442205
4y7y_ATM,2014-02-28,Normalized_Volatility,96.071452351
4y7y_ATM,2014-03-03,Normalized_Volatility,95.9405763
4y7y_ATM,2014-03-04,Normalized_Volatility,97.5615103
4y7y_ATM,2014-03-05,Normalized_Volatility,97.01380715
4y7y_ATM,2014-03-06,Normalized_Volatility,97.173471109
4y7y_ATM,2014-03-07,Normalized_Volatility,97.133864362
4y7y_ATM,2014-03-10,Normalized_Volatility,96.552173016
4y7y_ATM,2014-03-11,Normalized_Volatility,96.2620084
4y7y_ATM,2014-03-12,Normalized_Volatility,96.077068556
4y7y_ATM,2014-03-13,Normalized_Volatility,96.121652926
4y7y_ATM,2014-03-14,Normalized_Volatility,96.53006902
4y7y_ATM,2014-03-17,Normalized_Volatility,96.51197977
4y7y_ATM,2014-03-18,Normalized_Volatility,96.49248756
4y7y_ATM,2014-03-19,Normalized_Volatility,97.381465704
4y7y_ATM,2014-03-20,Normalized_Volatility,96.970806768
4y7y_ATM,2014-03-21,Normalized_Volatility,96.312719412
4y7y_ATM,2014-03-24,Normalized_Volatility,96.158557265
4y7y_ATM,2014-03-25,Normalized_Volatility,96.23410245
4y7y_ATM,2014-03-26,Normalized_Volatility,95.87335113
4y7y_ATM,2014-03-27,Normalized_Volatility,95.389072459
4y7y_ATM,2014-03-28,Normalized_Volatility,95.129607689
4y7y_ATM,2014-03-31,Normalized_Volatility,94.827493926
4y7y_ATM,2014-04-01,Normalized_Volatility,94.67531724
4y7y_ATM,2014-04-02,Normalized_Volatility,94.155031125
4y7y_ATM,2014-04-03,Normalized_Volatility,93.937487616
4y7y_ATM,2014-04-04,Normalized_Volatility,92.715764724
4y7y_ATM,2014-04-07,Normalized_Volatility,91.921715352
4y7y_ATM,2014-04-08,Normalized_Volatility,91.47100971
4y7y_ATM,2014-04-09,Normalized_Volatility,91.538520177
4y7y_ATM,2014-04-10,Normalized_Volatility,91.535332004
4y7y_ATM,2014-04-11,Normalized_Volatility,92.0691324
4y7y_ATM,2014-04-14,Normalized_Volatility,92.327894217
4y7y_ATM,2014-04-15,Normalized_Volatility,92.086379049
4y7y_ATM,2014-04-16,Normalized_Volatility,92.37651483
4y7y_ATM,2014-04-17,Normalized_Volatility,93.050470912
4y7y_ATM,2014-04-21,Normalized_Volatility,92.773736624
4y7y_ATM,2014-04-22,Normalized_Volatility,92.811301605
4y7y_ATM,2014-04-23,Normalized_Volatility,92.666348841
4y7y_ATM,2014-04-24,Normalized_Volatility,92.596033856
4y7y_ATM,2014-04-25,Normalized_Volatility,92.450754179
4y7y_ATM,2014-04-28,Normalized_Volatility,92.995144224
4y7y_ATM,2014-04-29,Normalized_Volatility,92.999363996
4y7y_ATM,2014-04-30,Normalized_Volatility,92.721459789
4y7y_ATM,2014-05-01,Normalized_Volatility,92.553624816
4y7y_ATM,2014-05-02,Normalized_Volatility,92.144219016
4y7y_ATM,2014-05-05,Normalized_Volatility,92.221650222
4y7y_ATM,2014-05-06,Normalized_Volatility,92.213451202
4y7y_ATM,2014-05-07,Normalized_Volatility,92.278874241
4y7y_ATM,2014-05-08,Normalized_Volatility,92.085154208
4y7y_ATM,2014-05-09,Normalized_Volatility,92.24787024
4y7y_ATM,2014-05-12,Normalized_Volatility,92.546315615
4y7y_ATM,2014-05-13,Normalized_Volatility,92.421092064
4y7y_ATM,2014-05-14,Normalized_Volatility,92.361384766
4y7y_ATM,2014-05-15,Normalized_Volatility,92.691372158
4y7y_ATM,2014-05-16,Normalized_Volatility,92.826350925
4y7y_ATM,2014-05-19,Normalized_Volatility,92.906797473
4y7y_ATM,2014-05-20,Normalized_Volatility,92.796581493
4y7y_ATM,2014-05-21,Normalized_Volatility,92.954983968
4y7y_ATM,2014-05-22,Normalized_Volatility,93.02662431
4y7y_ATM,2014-05-23,Normalized_Volatility,92.774002332
4y7y_ATM,2014-05-27,Normalized_Volatility,92.708098272
4y7y_ATM,2014-05-28,Normalized_Volatility,92.866058816
4y7y_ATM,2014-05-29,Normalized_Volatility,93.754136232
4y7y_ATM,2014-05-30,Normalized_Volatility,93.857315332
4y7y_ATM,2014-06-02,Normalized_Volatility,94.650562825
4y7y_ATM,2014-06-03,Normalized_Volatility,94.820866644
4y7y_ATM,2014-06-04,Normalized_Volatility,95.02925639
4y7y_ATM,2014-06-05,Normalized_Volatility,94.813072144
4y7y_ATM,2014-06-06,Normalized_Volatility,94.144788088
4y7y_ATM,2014-06-09,Normalized_Volatility,93.84287616
4y7y_ATM,2014-06-10,Normalized_Volatility,93.518180616
4y7y_ATM,2014-06-11,Normalized_Volatility,92.62286501
4y7y_ATM,2014-06-12,Normalized_Volatility,91.802591775
4y7y_ATM,2014-06-13,Normalized_Volatility,91.600497184
4y7y_ATM,2014-06-16,Normalized_Volatility,90.581415309
4y7y_ATM,2014-06-17,Normalized_Volatility,90.879594936
4y7y_ATM,2014-06-18,Normalized_Volatility,90.31026513
4y7y_ATM,2014-06-19,Normalized_Volatility,90.900264104
4y7y_ATM,2014-06-20,Normalized_Volatility,90.938051522
4y7y_ATM,2014-06-23,Normalized_Volatility,90.922709788
4y7y_ATM,2014-06-24,Normalized_Volatility,90.512120924
4y7y_ATM,2014-06-25,Normalized_Volatility,90.018011282
4y7y_ATM,2014-06-26,Normalized_Volatility,89.737970541
4y7y_ATM,2014-06-27,Normalized_Volatility,89.775136892
4y7y_ATM,2014-06-30,Normalized_Volatility,89.726038584
4y7y_ATM,2014-07-01,Normalized_Volatility,90.159816268
4y7y_ATM,2014-07-02,Normalized_Volatility,90.641883274
4y7y_ATM,2014-07-03,Normalized_Volatility,90.267309479
4y7y_ATM,2014-07-07,Normalized_Volatility,89.997744389
4y7y_ATM,2014-07-08,Normalized_Volatility,89.120017189
4y7y_ATM,2014-07-09,Normalized_Volatility,89.195460005
4y7y_ATM,2014-07-10,Normalized_Volatility,89.247209216
4y7y_ATM,2014-07-11,Normalized_Volatility,89.18704181
4y7y_ATM,2014-07-14,Normalized_Volatility,89.546709614
4y7y_ATM,2014-07-15,Normalized_Volatility,89.544793155
4y7y_ATM,2014-07-16,Normalized_Volatility,89.405326296
4y7y_ATM,2014-07-17,Normalized_Volatility,89.54967087
4y7y_ATM,2014-07-18,Normalized_Volatility,89.50975888
4y7y_ATM,2014-07-21,Normalized_Volatility,90.185880884
4y7y_ATM,2014-07-22,Normalized_Volatility,90.368924476
4y7y_ATM,2014-07-23,Normalized_Volatility,90.383555836
4y7y_ATM,2014-07-24,Normalized_Volatility,90.859162874
4y7y_ATM,2014-07-25,Normalized_Volatility,90.866532534
4y7y_ATM,2014-07-28,Normalized_Volatility,91.182401748
4y7y_ATM,2014-07-29,Normalized_Volatility,91.894902975
4y7y_ATM,2014-07-30,Normalized_Volatility,93.121135182
4y7y_ATM,2014-07-31,Normalized_Volatility,93.30701832
4y7y_ATM,2014-08-01,Normalized_Volatility,93.356450376
4y7y_ATM,2014-08-04,Normalized_Volatility,93.226340142
4y7y_ATM,2014-08-05,Normalized_Volatility,92.967802008
4y7y_ATM,2014-08-06,Normalized_Volatility,92.969210067
4y7y_ATM,2014-08-07,Normalized_Volatility,93.263825174
4y7y_ATM,2014-08-08,Normalized_Volatility,93.496134064
4y7y_ATM,2014-08-11,Normalized_Volatility,93.196041822
4y7y_ATM,2014-08-12,Normalized_Volatility,93.371649275
4y7y_ATM,2014-08-13,Normalized_Volatility,93.189522944
4y7y_ATM,2014-08-14,Normalized_Volatility,93.766004587
4y7y_ATM,2014-08-15,Normalized_Volatility,94.602355649
4y7y_ATM,2014-08-18,Normalized_Volatility,94.891835214
4y7y_ATM,2014-08-19,Normalized_Volatility,94.74319883
4y7y_ATM,2014-08-20,Normalized_Volatility,94.497082992
4y7y_ATM,2014-08-21,Normalized_Volatility,94.231333454
4y7y_ATM,2014-08-22,Normalized_Volatility,92.999478744
4y7y_ATM,2014-08-25,Normalized_Volatility,91.881331568
4y7y_ATM,2014-08-26,Normalized_Volatility,91.527345
4y7y_ATM,2014-08-27,Normalized_Volatility,91.568683647
4y7y_ATM,2014-08-28,Normalized_Volatility,91.496162308
4y7y_ATM,2014-08-29,Normalized_Volatility,91.550224264
4y7y_ATM,2014-09-02,Normalized_Volatility,91.653802968
4y7y_ATM,2014-09-03,Normalized_Volatility,91.381168164
4y7y_ATM,2014-09-04,Normalized_Volatility,91.53078396
4y7y_ATM,2014-09-05,Normalized_Volatility,91.395291615
4y7y_ATM,2014-09-08,Normalized_Volatility,91.51036545
4y7y_ATM,2014-09-09,Normalized_Volatility,91.557638355
4y7y_ATM,2014-09-10,Normalized_Volatility,91.539898686
4y7y_ATM,2014-09-11,Normalized_Volatility,90.74149767
4y7y_ATM,2014-09-12,Normalized_Volatility,89.97172008
4y7y_ATM,2014-09-15,Normalized_Volatility,89.997487758
4y7y_ATM,2014-09-16,Normalized_Volatility,90.039472248
4y7y_ATM,2014-09-17,Normalized_Volatility,90.27034335
4y7y_ATM,2014-09-18,Normalized_Volatility,90.335590247
4y7y_ATM,2014-09-19,Normalized_Volatility,90.113694027
4y7y_ATM,2014-09-22,Normalized_Volatility,89.537897642
4y7y_ATM,2014-09-23,Normalized_Volatility,89.555713334
4y7y_ATM,2014-09-24,Normalized_Volatility,89.67432555
4y7y_ATM,2014-09-25,Normalized_Volatility,89.946686362
4y7y_ATM,2014-09-26,Normalized_Volatility,90.747931113
4y7y_ATM,2014-09-29,Normalized_Volatility,91.268152983
4y7y_ATM,2014-09-30,Normalized_Volatility,91.433085396
4y7y_ATM,2014-10-01,Normalized_Volatility,91.546572951
4y7y_ATM,2014-10-02,Normalized_Volatility,92.371991673
4y7y_ATM,2014-10-03,Normalized_Volatility,92.153533967
4y7y_ATM,2014-10-06,Normalized_Volatility,92.019696356
4y7y_ATM,2014-10-07,Normalized_Volatility,92.272532182
4y7y_ATM,2014-10-08,Normalized_Volatility,92.109812024
4y7y_ATM,2014-10-09,Normalized_Volatility,92.249531957
4y7y_ATM,2014-10-10,Normalized_Volatility,92.46381795
4y7y_ATM,2014-10-14,Normalized_Volatility,93.225916468
4y7y_ATM,2014-10-15,Normalized_Volatility,96.783435338
4y7y_ATM,2014-10-16,Normalized_Volatility,95.698392311
4y7y_ATM,2014-10-17,Normalized_Volatility,93.73234325
4y7y_ATM,2014-10-20,Normalized_Volatility,93.758382289
4y7y_ATM,2014-10-21,Normalized_Volatility,94.792343292
4y7y_ATM,2014-10-22,Normalized_Volatility,94.934244985
4y7y_ATM,2014-10-23,Normalized_Volatility,95.425698962
4y7y_ATM,2014-10-24,Normalized_Volatility,95.431938368
4y7y_ATM,2014-10-27,Normalized_Volatility,95.020672073
4y7y_ATM,2014-10-28,Normalized_Volatility,94.614710898
4y7y_ATM,2014-10-29,Normalized_Volatility,92.936740641
4y7y_ATM,2014-10-30,Normalized_Volatility,92.413980648
4y7y_ATM,2014-10-31,Normalized_Volatility,92.287103924
4y7y_ATM,2014-11-03,Normalized_Volatility,91.640710771
4y7y_ATM,2014-11-04,Normalized_Volatility,91.63396452
4y7y_ATM,2014-11-05,Normalized_Volatility,91.516914225
4y7y_ATM,2014-11-06,Normalized_Volatility,91.471842176
4y7y_ATM,2014-11-07,Normalized_Volatility,90.745629672
4y7y_ATM,2014-11-10,Normalized_Volatility,90.774205641
4y7y_ATM,2014-11-12,Normalized_Volatility,90.471473092
4y7y_ATM,2014-11-13,Normalized_Volatility,89.922832303
4y7y_ATM,2014-11-14,Normalized_Volatility,90.100356939
4y7y_ATM,2014-11-17,Normalized_Volatility,90.446354076
4y7y_ATM,2014-11-18,Normalized_Volatility,90.482888042
4y7y_ATM,2014-11-19,Normalized_Volatility,91.169776467
4y7y_ATM,2014-11-20,Normalized_Volatility,91.360496342
4y7y_ATM,2014-11-21,Normalized_Volatility,91.208544343
4y7y_ATM,2014-11-24,Normalized_Volatility,91.25660478
4y7y_ATM,2014-11-25,Normalized_Volatility,91.393829615
4y7y_ATM,2014-11-26,Normalized_Volatility,91.394454
4y7y_ATM,2014-11-28,Normalized_Volatility,91.07664458
4y7y_ATM,2014-12-01,Normalized_Volatility,91.55437344
4y7y_ATM,2014-12-02,Normalized_Volatility,91.683619686
4y7y_ATM,2014-12-03,Normalized_Volatility,91.332951
4y7y_ATM,2014-12-04,Normalized_Volatility,90.770507616
4y7y_ATM,2014-12-05,Normalized_Volatility,90.960690939
4y7y_ATM,2014-12-08,Normalized_Volatility,90.616330002
4y7y_ATM,2014-12-09,Normalized_Volatility,90.508914135
4y7y_ATM,2014-12-10,Normalized_Volatility,90.662523102
4y7y_ATM,2014-12-11,Normalized_Volatility,91.450978596
4y7y_ATM,2014-12-12,Normalized_Volatility,92.5633478
4y7y_ATM,2014-12-15,Normalized_Volatility,92.845463278
4y7y_ATM,2014-12-16,Normalized_Volatility,94.008228774
4y7y_ATM,2014-12-17,Normalized_Volatility,93.468183459
4y7y_ATM,2014-12-18,Normalized_Volatility,93.665456352
4y7y_ATM,2014-12-19,Normalized_Volatility,92.913265401
4y7y_ATM,2014-12-22,Normalized_Volatility,92.774079872
4y7y_ATM,2014-12-23,Normalized_Volatility,92.306694904
4y7y_ATM,2014-12-24,Normalized_Volatility,92.032970944
4y7y_ATM,2014-12-26,Normalized_Volatility,92.02259196
4y7y_ATM,2014-12-29,Normalized_Volatility,91.591117685
4y7y_ATM,2014-12-30,Normalized_Volatility,91.356693838
4y7y_ATM,2014-12-31,Normalized_Volatility,91.289248158
