5y7y_ATM,2000-02-01,Normalized_Volatility,102.03708
5y7y_ATM,2000-02-02,Normalized_Volatility,100.844565
5y7y_ATM,2000-02-03,Normalized_Volatility,99.509565
5y7y_ATM,2000-02-04,Normalized_Volatility,100.11104
5y7y_ATM,2000-02-07,Normalized_Volatility,100.6323
5y7y_ATM,2000-02-08,Normalized_Volatility,99.00786
5y7y_ATM,2000-02-09,Normalized_Volatility,101.274435
5y7y_ATM,2000-02-10,Normalized_Volatility,103.3023
5y7y_ATM,2000-02-11,Normalized_Volatility,101.272095
5y7y_ATM,2000-02-14,Normalized_Volatility,100.53175
5y7y_ATM,2000-02-15,Normalized_Volatility,100.04652
5y7y_ATM,2000-02-16,Normalized_Volatility,100.330125
5y7y_ATM,2000-02-17,Normalized_Volatility,99.53898
5y7y_ATM,2000-02-18,Normalized_Volatility,97.895155
5y7y_ATM,2000-02-22,Normalized_Volatility,96.55392
5y7y_ATM,2000-02-23,Normalized_Volatility,97.39371
5y7y_ATM,2000-02-24,Normalized_Volatility,96.56192
5y7y_ATM,2000-02-25,Normalized_Volatility,97.33248
5y7y_ATM,2000-02-28,Normalized_Volatility,96.831955
5y7y_ATM,2000-02-29,Normalized_Volatility,95.494205
5y7y_ATM,2000-03-01,Normalized_Volatility,94.06224
5y7y_ATM,2000-03-02,Normalized_Volatility,95.30388
5y7y_ATM,2000-03-03,Normalized_Volatility,94.49622
5y7y_ATM,2000-03-06,Normalized_Volatility,96.37248
5y7y_ATM,2000-03-07,Normalized_Volatility,96.59648
5y7y_ATM,2000-03-08,Normalized_Volatility,96.59136
5y7y_ATM,2000-03-09,Normalized_Volatility,96.3136
5y7y_ATM,2000-03-10,Normalized_Volatility,98.917695
5y7y_ATM,2000-03-13,Normalized_Volatility,98.83548
5y7y_ATM,2000-03-14,Normalized_Volatility,98.528805
5y7y_ATM,2000-03-15,Normalized_Volatility,98.205165
5y7y_ATM,2000-03-16,Normalized_Volatility,96.7954
5y7y_ATM,2000-03-17,Normalized_Volatility,95.2159
5y7y_ATM,2000-03-20,Normalized_Volatility,95.6488
5y7y_ATM,2000-03-21,Normalized_Volatility,94.53759
5y7y_ATM,2000-03-22,Normalized_Volatility,95.26134
5y7y_ATM,2000-03-23,Normalized_Volatility,94.37769
5y7y_ATM,2000-03-24,Normalized_Volatility,97.1916
5y7y_ATM,2000-03-27,Normalized_Volatility,97.97315
5y7y_ATM,2000-03-28,Normalized_Volatility,98.660825
5y7y_ATM,2000-03-29,Normalized_Volatility,98.86668
5y7y_ATM,2000-03-30,Normalized_Volatility,97.81068
5y7y_ATM,2000-03-31,Normalized_Volatility,96.74676
5y7y_ATM,2000-04-03,Normalized_Volatility,96.5052
5y7y_ATM,2000-04-04,Normalized_Volatility,96.01152
5y7y_ATM,2000-04-05,Normalized_Volatility,98.29798
5y7y_ATM,2000-04-06,Normalized_Volatility,96.721025
5y7y_ATM,2000-04-07,Normalized_Volatility,94.49766
5y7y_ATM,2000-04-10,Normalized_Volatility,94.79781
5y7y_ATM,2000-04-11,Normalized_Volatility,93.4116
5y7y_ATM,2000-04-12,Normalized_Volatility,94.450725
5y7y_ATM,2000-04-13,Normalized_Volatility,92.40588
5y7y_ATM,2000-04-14,Normalized_Volatility,92.87383
5y7y_ATM,2000-04-17,Normalized_Volatility,94.2276
5y7y_ATM,2000-04-18,Normalized_Volatility,93.46832
5y7y_ATM,2000-04-19,Normalized_Volatility,91.2175
5y7y_ATM,2000-04-20,Normalized_Volatility,91.53875
5y7y_ATM,2000-04-24,Normalized_Volatility,92.0225
5y7y_ATM,2000-04-25,Normalized_Volatility,92.845
5y7y_ATM,2000-04-26,Normalized_Volatility,92.35396
5y7y_ATM,2000-04-27,Normalized_Volatility,93.47988
5y7y_ATM,2000-04-28,Normalized_Volatility,92.42092
5y7y_ATM,2000-05-01,Normalized_Volatility,93.38812
5y7y_ATM,2000-05-02,Normalized_Volatility,94.47932
5y7y_ATM,2000-05-03,Normalized_Volatility,96.21391
5y7y_ATM,2000-05-04,Normalized_Volatility,95.2191
5y7y_ATM,2000-05-05,Normalized_Volatility,95.81678
5y7y_ATM,2000-05-08,Normalized_Volatility,97.181775
5y7y_ATM,2000-05-09,Normalized_Volatility,96.59736
5y7y_ATM,2000-05-10,Normalized_Volatility,96.5508
5y7y_ATM,2000-05-11,Normalized_Volatility,95.18295
5y7y_ATM,2000-05-12,Normalized_Volatility,95.323955
5y7y_ATM,2000-05-15,Normalized_Volatility,94.6169
5y7y_ATM,2000-05-16,Normalized_Volatility,90.96087
5y7y_ATM,2000-05-17,Normalized_Volatility,92.929575
5y7y_ATM,2000-05-18,Normalized_Volatility,94.217375
5y7y_ATM,2000-05-19,Normalized_Volatility,92.809725
5y7y_ATM,2000-05-22,Normalized_Volatility,91.78802
5y7y_ATM,2000-05-23,Normalized_Volatility,90.48775
5y7y_ATM,2000-05-24,Normalized_Volatility,90.076005
5y7y_ATM,2000-05-25,Normalized_Volatility,89.04665
5y7y_ATM,2000-05-26,Normalized_Volatility,88.699715
5y7y_ATM,2000-05-30,Normalized_Volatility,89.24817
5y7y_ATM,2000-05-31,Normalized_Volatility,89.845965
5y7y_ATM,2000-06-01,Normalized_Volatility,89.817075
5y7y_ATM,2000-06-02,Normalized_Volatility,91.15718
5y7y_ATM,2000-06-05,Normalized_Volatility,89.96524
5y7y_ATM,2000-06-06,Normalized_Volatility,90.31294
5y7y_ATM,2000-06-07,Normalized_Volatility,90.341
5y7y_ATM,2000-06-08,Normalized_Volatility,91.69281
5y7y_ATM,2000-06-09,Normalized_Volatility,91.43697
5y7y_ATM,2000-06-12,Normalized_Volatility,90.67929
5y7y_ATM,2000-06-13,Normalized_Volatility,91.25168
5y7y_ATM,2000-06-14,Normalized_Volatility,90.75768
5y7y_ATM,2000-06-15,Normalized_Volatility,89.88102
5y7y_ATM,2000-06-16,Normalized_Volatility,89.14477
5y7y_ATM,2000-06-19,Normalized_Volatility,90.5375
5y7y_ATM,2000-06-20,Normalized_Volatility,91.38
5y7y_ATM,2000-06-21,Normalized_Volatility,94.09938
5y7y_ATM,2000-06-22,Normalized_Volatility,94.57817
5y7y_ATM,2000-06-23,Normalized_Volatility,95.06585
5y7y_ATM,2000-06-26,Normalized_Volatility,93.11274
5y7y_ATM,2000-06-27,Normalized_Volatility,93.22291
5y7y_ATM,2000-06-28,Normalized_Volatility,92.85957
5y7y_ATM,2000-06-29,Normalized_Volatility,92.83806
5y7y_ATM,2000-06-30,Normalized_Volatility,92.71458
5y7y_ATM,2000-07-03,Normalized_Volatility,92.27358
5y7y_ATM,2000-07-05,Normalized_Volatility,91.53774
5y7y_ATM,2000-07-06,Normalized_Volatility,92.09088
5y7y_ATM,2000-07-07,Normalized_Volatility,91.57806
5y7y_ATM,2000-07-10,Normalized_Volatility,92.15766
5y7y_ATM,2000-07-11,Normalized_Volatility,93.825975
5y7y_ATM,2000-07-12,Normalized_Volatility,94.37568
5y7y_ATM,2000-07-13,Normalized_Volatility,95.05884
5y7y_ATM,2000-07-14,Normalized_Volatility,96.83782
5y7y_ATM,2000-07-17,Normalized_Volatility,96.39912
5y7y_ATM,2000-07-18,Normalized_Volatility,95.8592
5y7y_ATM,2000-07-19,Normalized_Volatility,96.17792
5y7y_ATM,2000-07-20,Normalized_Volatility,95.0651
5y7y_ATM,2000-07-21,Normalized_Volatility,94.78882
5y7y_ATM,2000-07-24,Normalized_Volatility,95.315885
5y7y_ATM,2000-07-25,Normalized_Volatility,95.510135
5y7y_ATM,2000-07-26,Normalized_Volatility,95.35862
5y7y_ATM,2000-07-27,Normalized_Volatility,94.61376
5y7y_ATM,2000-07-28,Normalized_Volatility,95.28198
5y7y_ATM,2000-07-31,Normalized_Volatility,95.725105
5y7y_ATM,2000-08-01,Normalized_Volatility,95.20063
5y7y_ATM,2000-08-02,Normalized_Volatility,93.4932
5y7y_ATM,2000-08-03,Normalized_Volatility,93.15968
5y7y_ATM,2000-08-04,Normalized_Volatility,92.2176
5y7y_ATM,2000-08-07,Normalized_Volatility,92.14935
5y7y_ATM,2000-08-08,Normalized_Volatility,91.19997
5y7y_ATM,2000-08-09,Normalized_Volatility,90.50958
5y7y_ATM,2000-08-10,Normalized_Volatility,90.2198
5y7y_ATM,2000-08-11,Normalized_Volatility,90.72372
5y7y_ATM,2000-08-14,Normalized_Volatility,90.38209
5y7y_ATM,2000-08-15,Normalized_Volatility,90.998025
5y7y_ATM,2000-08-16,Normalized_Volatility,91.32825
5y7y_ATM,2000-08-17,Normalized_Volatility,91.219875
5y7y_ATM,2000-08-18,Normalized_Volatility,91.47392
5y7y_ATM,2000-08-21,Normalized_Volatility,92.25822
5y7y_ATM,2000-08-22,Normalized_Volatility,92.7147
5y7y_ATM,2000-08-23,Normalized_Volatility,93.55236
5y7y_ATM,2000-08-24,Normalized_Volatility,94.977175
5y7y_ATM,2000-08-25,Normalized_Volatility,96.411315
5y7y_ATM,2000-08-28,Normalized_Volatility,97.19892
5y7y_ATM,2000-08-29,Normalized_Volatility,97.209055
5y7y_ATM,2000-08-30,Normalized_Volatility,96.39424
5y7y_ATM,2000-08-31,Normalized_Volatility,95.38254
5y7y_ATM,2000-09-01,Normalized_Volatility,94.49546
5y7y_ATM,2000-09-05,Normalized_Volatility,96.553275
5y7y_ATM,2000-09-06,Normalized_Volatility,97.57551
5y7y_ATM,2000-09-07,Normalized_Volatility,99.81034
5y7y_ATM,2000-09-08,Normalized_Volatility,100.6348
5y7y_ATM,2000-09-11,Normalized_Volatility,100.702
5y7y_ATM,2000-09-12,Normalized_Volatility,100.66041
5y7y_ATM,2000-09-13,Normalized_Volatility,100.2106
5y7y_ATM,2000-09-14,Normalized_Volatility,102.83782
5y7y_ATM,2000-09-15,Normalized_Volatility,101.9732
5y7y_ATM,2000-09-18,Normalized_Volatility,101.640995
5y7y_ATM,2000-09-19,Normalized_Volatility,99.98079
5y7y_ATM,2000-09-20,Normalized_Volatility,99.35325
5y7y_ATM,2000-09-21,Normalized_Volatility,98.56485
5y7y_ATM,2000-09-22,Normalized_Volatility,99.11402
5y7y_ATM,2000-09-25,Normalized_Volatility,98.15256
5y7y_ATM,2000-09-26,Normalized_Volatility,97.328295
5y7y_ATM,2000-09-27,Normalized_Volatility,98.557095
5y7y_ATM,2000-09-28,Normalized_Volatility,98.90046
5y7y_ATM,2000-09-29,Normalized_Volatility,99.42809
5y7y_ATM,2001-01-02,Normalized_Volatility,105.78806
5y7y_ATM,2001-01-03,Normalized_Volatility,104.37616
5y7y_ATM,2001-01-04,Normalized_Volatility,105.969705
5y7y_ATM,2001-01-05,Normalized_Volatility,109.14351
5y7y_ATM,2001-01-08,Normalized_Volatility,111.90452
5y7y_ATM,2001-01-09,Normalized_Volatility,111.93764
5y7y_ATM,2001-01-10,Normalized_Volatility,107.46034
5y7y_ATM,2001-01-11,Normalized_Volatility,105.43724
5y7y_ATM,2001-01-12,Normalized_Volatility,101.18416
5y7y_ATM,2001-01-16,Normalized_Volatility,101.33816
5y7y_ATM,2001-01-17,Normalized_Volatility,101.43704
5y7y_ATM,2001-01-18,Normalized_Volatility,103.145325
5y7y_ATM,2001-01-19,Normalized_Volatility,104.56896
5y7y_ATM,2001-01-22,Normalized_Volatility,101.51569
5y7y_ATM,2001-01-23,Normalized_Volatility,101.20171
5y7y_ATM,2001-01-24,Normalized_Volatility,101.96768
5y7y_ATM,2001-01-25,Normalized_Volatility,99.8865
5y7y_ATM,2001-01-26,Normalized_Volatility,99.9469
5y7y_ATM,2001-01-29,Normalized_Volatility,99.06414
5y7y_ATM,2001-01-30,Normalized_Volatility,98.52901
5y7y_ATM,2001-01-31,Normalized_Volatility,98.07201
5y7y_ATM,2001-02-01,Normalized_Volatility,99.1458
5y7y_ATM,2001-02-02,Normalized_Volatility,95.89216
5y7y_ATM,2001-02-05,Normalized_Volatility,94.43241
5y7y_ATM,2001-02-06,Normalized_Volatility,95.32287
5y7y_ATM,2001-02-07,Normalized_Volatility,93.874425
5y7y_ATM,2001-02-08,Normalized_Volatility,94.89124
5y7y_ATM,2001-02-09,Normalized_Volatility,95.97601
5y7y_ATM,2001-02-12,Normalized_Volatility,101.32152
5y7y_ATM,2001-02-13,Normalized_Volatility,99.1287
5y7y_ATM,2001-02-14,Normalized_Volatility,97.436625
5y7y_ATM,2001-02-15,Normalized_Volatility,97.546175
5y7y_ATM,2001-02-16,Normalized_Volatility,99.556575
5y7y_ATM,2001-02-20,Normalized_Volatility,99.272925
5y7y_ATM,2001-02-21,Normalized_Volatility,100.0583
5y7y_ATM,2001-02-22,Normalized_Volatility,101.62566
5y7y_ATM,2001-02-23,Normalized_Volatility,102.59605
5y7y_ATM,2001-02-26,Normalized_Volatility,100.91397
5y7y_ATM,2001-02-27,Normalized_Volatility,100.42819
5y7y_ATM,2001-02-28,Normalized_Volatility,100.7088
5y7y_ATM,2001-03-01,Normalized_Volatility,101.24093
5y7y_ATM,2001-03-02,Normalized_Volatility,101.47452
5y7y_ATM,2001-03-05,Normalized_Volatility,99.538
5y7y_ATM,2001-03-06,Normalized_Volatility,98.23198
5y7y_ATM,2001-03-07,Normalized_Volatility,99.09369
5y7y_ATM,2001-03-08,Normalized_Volatility,99.22242
5y7y_ATM,2001-03-09,Normalized_Volatility,99.11928
5y7y_ATM,2001-03-12,Normalized_Volatility,101.22735
5y7y_ATM,2001-03-13,Normalized_Volatility,102.7936
5y7y_ATM,2001-03-14,Normalized_Volatility,104.15804
5y7y_ATM,2001-03-15,Normalized_Volatility,105.522705
5y7y_ATM,2001-03-16,Normalized_Volatility,103.243865
5y7y_ATM,2001-03-19,Normalized_Volatility,104.37754
5y7y_ATM,2001-03-20,Normalized_Volatility,104.490405
5y7y_ATM,2001-03-21,Normalized_Volatility,103.83466
5y7y_ATM,2001-03-22,Normalized_Volatility,103.85563
5y7y_ATM,2001-03-23,Normalized_Volatility,100.9808
5y7y_ATM,2001-03-26,Normalized_Volatility,102.2416
5y7y_ATM,2001-03-27,Normalized_Volatility,100.5851
5y7y_ATM,2001-03-28,Normalized_Volatility,101.41071
5y7y_ATM,2001-03-29,Normalized_Volatility,99.52641
5y7y_ATM,2001-03-30,Normalized_Volatility,100.2771
5y7y_ATM,2001-04-02,Normalized_Volatility,100.99936
5y7y_ATM,2001-04-03,Normalized_Volatility,102.80831
5y7y_ATM,2001-04-04,Normalized_Volatility,104.2086
5y7y_ATM,2001-04-05,Normalized_Volatility,103.60744
5y7y_ATM,2001-04-06,Normalized_Volatility,104.17413
5y7y_ATM,2001-04-09,Normalized_Volatility,105.887475
5y7y_ATM,2001-04-10,Normalized_Volatility,107.11512
5y7y_ATM,2001-04-11,Normalized_Volatility,105.51856
5y7y_ATM,2001-04-12,Normalized_Volatility,105.779915
5y7y_ATM,2001-04-16,Normalized_Volatility,105.45525
5y7y_ATM,2001-04-17,Normalized_Volatility,104.05989
5y7y_ATM,2001-04-18,Normalized_Volatility,103.42178
5y7y_ATM,2001-04-19,Normalized_Volatility,103.569
5y7y_ATM,2001-04-20,Normalized_Volatility,103.79082
5y7y_ATM,2001-04-23,Normalized_Volatility,103.337815
5y7y_ATM,2001-04-24,Normalized_Volatility,103.159485
5y7y_ATM,2001-04-25,Normalized_Volatility,101.88129
5y7y_ATM,2001-04-26,Normalized_Volatility,100.18082
5y7y_ATM,2001-04-27,Normalized_Volatility,100.8475
5y7y_ATM,2001-04-30,Normalized_Volatility,98.76952
5y7y_ATM,2001-05-01,Normalized_Volatility,99.39888
5y7y_ATM,2001-05-02,Normalized_Volatility,98.16261
5y7y_ATM,2001-05-03,Normalized_Volatility,96.823755
5y7y_ATM,2001-05-04,Normalized_Volatility,96.56218
5y7y_ATM,2001-05-07,Normalized_Volatility,96.19453
5y7y_ATM,2001-05-08,Normalized_Volatility,96.883635
5y7y_ATM,2001-05-09,Normalized_Volatility,97.08349
5y7y_ATM,2001-05-10,Normalized_Volatility,100.2008
5y7y_ATM,2001-05-11,Normalized_Volatility,99.081515
5y7y_ATM,2001-05-14,Normalized_Volatility,101.74896
5y7y_ATM,2001-05-15,Normalized_Volatility,101.9844
5y7y_ATM,2001-05-16,Normalized_Volatility,101.86491
5y7y_ATM,2001-05-17,Normalized_Volatility,102.86945
5y7y_ATM,2001-05-18,Normalized_Volatility,105.65016
5y7y_ATM,2001-05-21,Normalized_Volatility,105.81494
5y7y_ATM,2001-05-22,Normalized_Volatility,106.316085
5y7y_ATM,2001-05-23,Normalized_Volatility,107.10867
5y7y_ATM,2001-05-24,Normalized_Volatility,107.83899
5y7y_ATM,2001-05-25,Normalized_Volatility,107.834275
5y7y_ATM,2001-05-29,Normalized_Volatility,106.99558
5y7y_ATM,2001-05-30,Normalized_Volatility,105.64845
5y7y_ATM,2001-05-31,Normalized_Volatility,101.95814
5y7y_ATM,2001-06-01,Normalized_Volatility,102.16206
5y7y_ATM,2001-06-04,Normalized_Volatility,102.5355
5y7y_ATM,2001-06-05,Normalized_Volatility,103.7967
5y7y_ATM,2001-06-06,Normalized_Volatility,105.24228
5y7y_ATM,2001-06-07,Normalized_Volatility,104.59797
5y7y_ATM,2001-06-08,Normalized_Volatility,104.5906
5y7y_ATM,2001-06-11,Normalized_Volatility,103.850975
5y7y_ATM,2001-06-12,Normalized_Volatility,104.13326
5y7y_ATM,2001-06-13,Normalized_Volatility,105.719785
5y7y_ATM,2001-06-14,Normalized_Volatility,108.01983
5y7y_ATM,2001-06-15,Normalized_Volatility,111.78375
5y7y_ATM,2001-06-18,Normalized_Volatility,111.29712
5y7y_ATM,2001-06-19,Normalized_Volatility,108.362165
5y7y_ATM,2001-06-20,Normalized_Volatility,107.548365
5y7y_ATM,2001-06-21,Normalized_Volatility,106.03395
5y7y_ATM,2001-06-22,Normalized_Volatility,106.60102
5y7y_ATM,2001-06-25,Normalized_Volatility,107.35203
5y7y_ATM,2001-06-26,Normalized_Volatility,107.094515
5y7y_ATM,2001-06-27,Normalized_Volatility,107.60274
5y7y_ATM,2001-06-28,Normalized_Volatility,104.83744
5y7y_ATM,2001-06-29,Normalized_Volatility,105.645495
5y7y_ATM,2001-07-02,Normalized_Volatility,107.08236
5y7y_ATM,2001-07-03,Normalized_Volatility,107.2965
5y7y_ATM,2001-07-05,Normalized_Volatility,107.617315
5y7y_ATM,2001-07-06,Normalized_Volatility,106.803765
5y7y_ATM,2001-07-09,Normalized_Volatility,108.3498
5y7y_ATM,2001-07-10,Normalized_Volatility,107.3124
5y7y_ATM,2001-07-11,Normalized_Volatility,108.20283
5y7y_ATM,2001-07-12,Normalized_Volatility,108.54397
5y7y_ATM,2001-07-13,Normalized_Volatility,108.21381
5y7y_ATM,2001-07-16,Normalized_Volatility,108.836465
5y7y_ATM,2001-07-17,Normalized_Volatility,109.45613
5y7y_ATM,2001-07-18,Normalized_Volatility,109.71015
5y7y_ATM,2001-07-19,Normalized_Volatility,107.1714
5y7y_ATM,2001-07-20,Normalized_Volatility,109.54845
5y7y_ATM,2001-07-23,Normalized_Volatility,107.63379
5y7y_ATM,2001-07-24,Normalized_Volatility,109.63304
5y7y_ATM,2001-07-25,Normalized_Volatility,108.62748
5y7y_ATM,2001-07-26,Normalized_Volatility,108.461785
5y7y_ATM,2001-07-27,Normalized_Volatility,108.882825
5y7y_ATM,2001-07-30,Normalized_Volatility,109.09047
5y7y_ATM,2001-07-31,Normalized_Volatility,109.928295
5y7y_ATM,2001-08-01,Normalized_Volatility,110.71933
5y7y_ATM,2001-08-02,Normalized_Volatility,110.068595
5y7y_ATM,2001-08-03,Normalized_Volatility,109.43168
5y7y_ATM,2001-08-06,Normalized_Volatility,109.29313
5y7y_ATM,2001-08-07,Normalized_Volatility,108.19947
5y7y_ATM,2001-08-08,Normalized_Volatility,106.14186
5y7y_ATM,2001-08-09,Normalized_Volatility,109.000545
5y7y_ATM,2001-08-10,Normalized_Volatility,107.15328
5y7y_ATM,2001-08-13,Normalized_Volatility,108.18836
5y7y_ATM,2001-08-14,Normalized_Volatility,107.47182
5y7y_ATM,2001-08-15,Normalized_Volatility,107.59281
5y7y_ATM,2001-08-16,Normalized_Volatility,108.50922
5y7y_ATM,2001-08-17,Normalized_Volatility,109.36479
5y7y_ATM,2001-08-20,Normalized_Volatility,110.603835
5y7y_ATM,2001-08-21,Normalized_Volatility,109.494
5y7y_ATM,2001-08-22,Normalized_Volatility,108.15398
5y7y_ATM,2001-08-23,Normalized_Volatility,107.66428
5y7y_ATM,2001-08-24,Normalized_Volatility,106.911015
5y7y_ATM,2001-08-27,Normalized_Volatility,106.328625
5y7y_ATM,2001-08-28,Normalized_Volatility,106.527385
5y7y_ATM,2001-08-29,Normalized_Volatility,107.1221
5y7y_ATM,2001-08-30,Normalized_Volatility,107.096915
5y7y_ATM,2001-08-31,Normalized_Volatility,106.05902
5y7y_ATM,2001-09-04,Normalized_Volatility,103.743675
5y7y_ATM,2001-09-05,Normalized_Volatility,105.95692
5y7y_ATM,2001-09-06,Normalized_Volatility,106.01085
5y7y_ATM,2001-09-07,Normalized_Volatility,107.626005
5y7y_ATM,2001-09-10,Normalized_Volatility,108.5467
5y7y_ATM,2001-09-11,Normalized_Volatility,108.615375
5y7y_ATM,2001-09-12,Normalized_Volatility,109.690725
5y7y_ATM,2001-09-13,Normalized_Volatility,115.27421
5y7y_ATM,2001-09-14,Normalized_Volatility,114.00152
5y7y_ATM,2001-09-17,Normalized_Volatility,112.714665
5y7y_ATM,2001-09-18,Normalized_Volatility,109.06083
5y7y_ATM,2001-09-19,Normalized_Volatility,109.092465
5y7y_ATM,2001-09-20,Normalized_Volatility,109.63692
5y7y_ATM,2001-09-21,Normalized_Volatility,108.93096
5y7y_ATM,2001-09-24,Normalized_Volatility,107.9202
5y7y_ATM,2001-09-25,Normalized_Volatility,108.45484
5y7y_ATM,2001-09-26,Normalized_Volatility,108.24498
5y7y_ATM,2001-09-27,Normalized_Volatility,109.0296
5y7y_ATM,2001-09-28,Normalized_Volatility,108.59392
5y7y_ATM,2001-10-01,Normalized_Volatility,109.37118
5y7y_ATM,2001-10-02,Normalized_Volatility,109.30506
5y7y_ATM,2001-10-03,Normalized_Volatility,109.19392
5y7y_ATM,2001-10-04,Normalized_Volatility,109.384
5y7y_ATM,2001-10-05,Normalized_Volatility,110.35728
5y7y_ATM,2001-10-09,Normalized_Volatility,111.14558
5y7y_ATM,2001-10-10,Normalized_Volatility,109.96648
5y7y_ATM,2001-10-11,Normalized_Volatility,110.80795
5y7y_ATM,2001-10-12,Normalized_Volatility,110.697125
5y7y_ATM,2001-10-15,Normalized_Volatility,110.81745
5y7y_ATM,2001-10-16,Normalized_Volatility,111.03435
5y7y_ATM,2001-10-17,Normalized_Volatility,110.404405
5y7y_ATM,2001-10-18,Normalized_Volatility,112.98906
5y7y_ATM,2001-10-19,Normalized_Volatility,114.85893
5y7y_ATM,2001-10-22,Normalized_Volatility,114.6834
5y7y_ATM,2001-10-23,Normalized_Volatility,113.07648
5y7y_ATM,2001-10-24,Normalized_Volatility,112.57554
5y7y_ATM,2001-10-25,Normalized_Volatility,112.75568
5y7y_ATM,2001-10-26,Normalized_Volatility,112.51582
5y7y_ATM,2001-10-29,Normalized_Volatility,113.46347
5y7y_ATM,2001-10-30,Normalized_Volatility,113.62836
5y7y_ATM,2001-10-31,Normalized_Volatility,116.68215
5y7y_ATM,2001-11-01,Normalized_Volatility,117.48118
5y7y_ATM,2001-11-02,Normalized_Volatility,115.4786
5y7y_ATM,2001-11-05,Normalized_Volatility,113.95824
5y7y_ATM,2001-11-06,Normalized_Volatility,114.09792
5y7y_ATM,2001-11-07,Normalized_Volatility,114.02625
5y7y_ATM,2001-11-08,Normalized_Volatility,115.13124
5y7y_ATM,2001-11-09,Normalized_Volatility,114.25214
5y7y_ATM,2001-11-13,Normalized_Volatility,114.46439
5y7y_ATM,2001-11-14,Normalized_Volatility,112.86665
5y7y_ATM,2001-11-15,Normalized_Volatility,115.13591
5y7y_ATM,2001-11-16,Normalized_Volatility,119.3484
5y7y_ATM,2001-11-19,Normalized_Volatility,122.92556
5y7y_ATM,2001-11-20,Normalized_Volatility,123.71184
5y7y_ATM,2001-11-21,Normalized_Volatility,123.63234
5y7y_ATM,2001-11-23,Normalized_Volatility,123.47238
5y7y_ATM,2001-11-26,Normalized_Volatility,123.27708
5y7y_ATM,2001-11-27,Normalized_Volatility,124.10068
5y7y_ATM,2001-11-28,Normalized_Volatility,125.69634
5y7y_ATM,2001-11-29,Normalized_Volatility,124.1384
5y7y_ATM,2001-11-30,Normalized_Volatility,121.53636
5y7y_ATM,2001-12-03,Normalized_Volatility,119.5544
5y7y_ATM,2001-12-04,Normalized_Volatility,117.3862
5y7y_ATM,2001-12-05,Normalized_Volatility,119.59937
5y7y_ATM,2001-12-06,Normalized_Volatility,120.02487
5y7y_ATM,2001-12-07,Normalized_Volatility,120.47934
5y7y_ATM,2001-12-10,Normalized_Volatility,119.50677
5y7y_ATM,2001-12-11,Normalized_Volatility,116.37061
5y7y_ATM,2001-12-12,Normalized_Volatility,114.57936
5y7y_ATM,2001-12-13,Normalized_Volatility,117.49049
5y7y_ATM,2001-12-14,Normalized_Volatility,121.22732
5y7y_ATM,2001-12-17,Normalized_Volatility,122.3334
5y7y_ATM,2001-12-18,Normalized_Volatility,121.49202
5y7y_ATM,2001-12-19,Normalized_Volatility,121.92466
5y7y_ATM,2001-12-20,Normalized_Volatility,122.46106
5y7y_ATM,2001-12-21,Normalized_Volatility,124.2594
5y7y_ATM,2001-12-24,Normalized_Volatility,125.3916
5y7y_ATM,2001-12-26,Normalized_Volatility,126.0234
5y7y_ATM,2001-12-27,Normalized_Volatility,125.06195
5y7y_ATM,2001-12-28,Normalized_Volatility,126.28252
5y7y_ATM,2001-12-31,Normalized_Volatility,124.85746
5y7y_ATM,2002-01-02,Normalized_Volatility,128.09896
5y7y_ATM,2002-01-03,Normalized_Volatility,125.92962
5y7y_ATM,2002-01-04,Normalized_Volatility,125.252
5y7y_ATM,2002-01-07,Normalized_Volatility,124.97436
5y7y_ATM,2002-01-08,Normalized_Volatility,125.34518
5y7y_ATM,2002-01-09,Normalized_Volatility,124.69002
5y7y_ATM,2002-01-10,Normalized_Volatility,124.31224
5y7y_ATM,2002-01-11,Normalized_Volatility,126.41076
5y7y_ATM,2002-01-14,Normalized_Volatility,127.21746
5y7y_ATM,2002-01-15,Normalized_Volatility,127.56721
5y7y_ATM,2002-01-16,Normalized_Volatility,128.52112
5y7y_ATM,2002-01-17,Normalized_Volatility,129.1584
5y7y_ATM,2002-01-18,Normalized_Volatility,127.6453
5y7y_ATM,2002-01-22,Normalized_Volatility,128.37504
5y7y_ATM,2002-01-23,Normalized_Volatility,127.18805
5y7y_ATM,2002-01-24,Normalized_Volatility,123.95871
5y7y_ATM,2002-01-25,Normalized_Volatility,117.90642
5y7y_ATM,2002-01-28,Normalized_Volatility,117.71785
5y7y_ATM,2002-01-29,Normalized_Volatility,120.7997
5y7y_ATM,2002-01-30,Normalized_Volatility,116.69856
5y7y_ATM,2002-01-31,Normalized_Volatility,116.53
5y7y_ATM,2002-02-01,Normalized_Volatility,114.75
5y7y_ATM,2002-02-04,Normalized_Volatility,116.914
5y7y_ATM,2002-02-05,Normalized_Volatility,117.00978
5y7y_ATM,2002-02-06,Normalized_Volatility,117.27497
5y7y_ATM,2002-02-07,Normalized_Volatility,117.07008
5y7y_ATM,2002-02-08,Normalized_Volatility,117.33033
5y7y_ATM,2002-02-11,Normalized_Volatility,116.59708
5y7y_ATM,2002-02-12,Normalized_Volatility,116.94177
5y7y_ATM,2002-02-13,Normalized_Volatility,116.1049
5y7y_ATM,2002-02-14,Normalized_Volatility,112.87363
5y7y_ATM,2002-02-15,Normalized_Volatility,111.86448
5y7y_ATM,2002-02-19,Normalized_Volatility,112.6272
5y7y_ATM,2002-02-20,Normalized_Volatility,110.93448
5y7y_ATM,2002-02-21,Normalized_Volatility,112.67906
5y7y_ATM,2002-02-22,Normalized_Volatility,113.42772
5y7y_ATM,2002-02-25,Normalized_Volatility,113.89797
5y7y_ATM,2002-02-26,Normalized_Volatility,113.30424
5y7y_ATM,2002-02-27,Normalized_Volatility,109.87042
5y7y_ATM,2002-02-28,Normalized_Volatility,110.03463
5y7y_ATM,2002-03-01,Normalized_Volatility,112.812
5y7y_ATM,2002-03-04,Normalized_Volatility,111.74788
5y7y_ATM,2002-03-05,Normalized_Volatility,111.3024
5y7y_ATM,2002-03-06,Normalized_Volatility,109.45907
5y7y_ATM,2002-03-07,Normalized_Volatility,111.344
5y7y_ATM,2002-03-08,Normalized_Volatility,109.2347
5y7y_ATM,2002-03-11,Normalized_Volatility,107.97975
5y7y_ATM,2002-03-12,Normalized_Volatility,108.4314
5y7y_ATM,2002-03-13,Normalized_Volatility,109.68204
5y7y_ATM,2002-03-14,Normalized_Volatility,110.0099
5y7y_ATM,2002-03-15,Normalized_Volatility,107.84664
5y7y_ATM,2002-03-18,Normalized_Volatility,108.54324
5y7y_ATM,2002-03-19,Normalized_Volatility,109.10328
5y7y_ATM,2002-03-20,Normalized_Volatility,109.41295
5y7y_ATM,2002-03-21,Normalized_Volatility,109.98635
5y7y_ATM,2002-03-22,Normalized_Volatility,109.78225
5y7y_ATM,2002-03-25,Normalized_Volatility,109.00968
5y7y_ATM,2002-03-26,Normalized_Volatility,109.53666
5y7y_ATM,2002-03-27,Normalized_Volatility,110.49546
5y7y_ATM,2002-03-28,Normalized_Volatility,111.87717
5y7y_ATM,2002-04-01,Normalized_Volatility,112.8096
5y7y_ATM,2002-04-02,Normalized_Volatility,110.81823
5y7y_ATM,2002-04-03,Normalized_Volatility,109.97235
5y7y_ATM,2002-04-04,Normalized_Volatility,110.67462
5y7y_ATM,2002-04-05,Normalized_Volatility,109.1952
5y7y_ATM,2002-04-08,Normalized_Volatility,110.0128
5y7y_ATM,2002-04-09,Normalized_Volatility,109.5248
5y7y_ATM,2002-04-10,Normalized_Volatility,110.65691
5y7y_ATM,2002-04-11,Normalized_Volatility,109.9184
5y7y_ATM,2002-04-12,Normalized_Volatility,108.78621
5y7y_ATM,2002-04-15,Normalized_Volatility,107.78128
5y7y_ATM,2002-04-16,Normalized_Volatility,106.75236
5y7y_ATM,2002-04-17,Normalized_Volatility,109.0358
5y7y_ATM,2002-04-18,Normalized_Volatility,109.07372
5y7y_ATM,2002-04-19,Normalized_Volatility,109.7584
5y7y_ATM,2002-04-22,Normalized_Volatility,108.896
5y7y_ATM,2002-04-23,Normalized_Volatility,108.5952
5y7y_ATM,2002-04-24,Normalized_Volatility,108.61614
5y7y_ATM,2002-04-25,Normalized_Volatility,109.68759
5y7y_ATM,2002-04-26,Normalized_Volatility,109.91444
5y7y_ATM,2002-04-29,Normalized_Volatility,111.2793
5y7y_ATM,2002-04-30,Normalized_Volatility,110.03355
5y7y_ATM,2002-05-01,Normalized_Volatility,111.30336
5y7y_ATM,2002-05-02,Normalized_Volatility,110.89796
5y7y_ATM,2002-05-03,Normalized_Volatility,110.72935
5y7y_ATM,2002-05-06,Normalized_Volatility,111.12013
5y7y_ATM,2002-05-07,Normalized_Volatility,112.62498
5y7y_ATM,2002-05-08,Normalized_Volatility,114.59448
5y7y_ATM,2002-05-09,Normalized_Volatility,114.79156
5y7y_ATM,2002-05-10,Normalized_Volatility,114.64115
5y7y_ATM,2002-05-13,Normalized_Volatility,116.29566
5y7y_ATM,2002-05-14,Normalized_Volatility,115.69593
5y7y_ATM,2002-05-15,Normalized_Volatility,112.90088
5y7y_ATM,2002-05-16,Normalized_Volatility,109.94046
5y7y_ATM,2002-05-17,Normalized_Volatility,109.8544
5y7y_ATM,2002-05-20,Normalized_Volatility,111.58068
5y7y_ATM,2002-05-21,Normalized_Volatility,111.51195
5y7y_ATM,2002-05-22,Normalized_Volatility,111.75784
5y7y_ATM,2002-05-23,Normalized_Volatility,112.22475
5y7y_ATM,2002-05-24,Normalized_Volatility,111.03128
5y7y_ATM,2002-05-28,Normalized_Volatility,109.28196
5y7y_ATM,2002-05-29,Normalized_Volatility,109.54872
5y7y_ATM,2002-05-30,Normalized_Volatility,111.18359
5y7y_ATM,2002-05-31,Normalized_Volatility,110.61742
5y7y_ATM,2002-06-03,Normalized_Volatility,110.84982
5y7y_ATM,2002-06-04,Normalized_Volatility,112.554
5y7y_ATM,2002-06-05,Normalized_Volatility,111.26482
5y7y_ATM,2002-06-06,Normalized_Volatility,111.01582
5y7y_ATM,2002-06-07,Normalized_Volatility,110.68026
5y7y_ATM,2002-06-10,Normalized_Volatility,109.27872
5y7y_ATM,2002-06-11,Normalized_Volatility,109.16988
5y7y_ATM,2002-06-12,Normalized_Volatility,109.9999
5y7y_ATM,2002-06-13,Normalized_Volatility,111.47409
5y7y_ATM,2002-06-14,Normalized_Volatility,112.12822
5y7y_ATM,2002-06-17,Normalized_Volatility,113.52087
5y7y_ATM,2002-06-18,Normalized_Volatility,113.63159
5y7y_ATM,2002-06-19,Normalized_Volatility,113.9556
5y7y_ATM,2002-06-20,Normalized_Volatility,114.85884
5y7y_ATM,2002-06-21,Normalized_Volatility,114.62444
5y7y_ATM,2002-06-24,Normalized_Volatility,115.77832
5y7y_ATM,2002-06-25,Normalized_Volatility,115.57746
5y7y_ATM,2002-06-26,Normalized_Volatility,116.6625
5y7y_ATM,2002-06-27,Normalized_Volatility,115.70178
5y7y_ATM,2002-06-28,Normalized_Volatility,114.91216
5y7y_ATM,2002-07-01,Normalized_Volatility,114.4745
5y7y_ATM,2002-07-02,Normalized_Volatility,117.02555
5y7y_ATM,2002-07-03,Normalized_Volatility,117.47805
5y7y_ATM,2002-07-05,Normalized_Volatility,117.02001
5y7y_ATM,2002-07-08,Normalized_Volatility,117.06348
5y7y_ATM,2002-07-09,Normalized_Volatility,117.96675
5y7y_ATM,2002-07-10,Normalized_Volatility,118.5036
5y7y_ATM,2002-07-11,Normalized_Volatility,118.78053
5y7y_ATM,2002-07-12,Normalized_Volatility,118.31646
5y7y_ATM,2002-07-15,Normalized_Volatility,120.35948
5y7y_ATM,2002-07-16,Normalized_Volatility,119.278
5y7y_ATM,2002-07-17,Normalized_Volatility,118.32597
5y7y_ATM,2002-07-18,Normalized_Volatility,117.42927
5y7y_ATM,2002-07-19,Normalized_Volatility,117.05528
5y7y_ATM,2002-07-22,Normalized_Volatility,115.53728
5y7y_ATM,2002-07-23,Normalized_Volatility,117.75577
5y7y_ATM,2002-07-24,Normalized_Volatility,118.74268
5y7y_ATM,2002-07-25,Normalized_Volatility,119.13396
5y7y_ATM,2002-07-26,Normalized_Volatility,120.5402
5y7y_ATM,2002-07-29,Normalized_Volatility,120.87144
5y7y_ATM,2002-07-30,Normalized_Volatility,120.5238
5y7y_ATM,2002-07-31,Normalized_Volatility,119.68575
5y7y_ATM,2002-08-01,Normalized_Volatility,119.69472
5y7y_ATM,2002-08-02,Normalized_Volatility,119.5236
5y7y_ATM,2002-08-05,Normalized_Volatility,121.29216
5y7y_ATM,2002-08-06,Normalized_Volatility,121.41738
5y7y_ATM,2002-08-07,Normalized_Volatility,123.78364
5y7y_ATM,2002-08-08,Normalized_Volatility,121.149
5y7y_ATM,2002-08-09,Normalized_Volatility,118.58999
5y7y_ATM,2002-08-12,Normalized_Volatility,119.5857
5y7y_ATM,2002-08-13,Normalized_Volatility,118.82055
5y7y_ATM,2002-08-14,Normalized_Volatility,120.93768
5y7y_ATM,2002-08-15,Normalized_Volatility,124.05303
5y7y_ATM,2002-08-16,Normalized_Volatility,123.65263
5y7y_ATM,2002-08-19,Normalized_Volatility,121.3044
5y7y_ATM,2002-08-20,Normalized_Volatility,120.306
5y7y_ATM,2002-08-21,Normalized_Volatility,122.0686
5y7y_ATM,2002-08-22,Normalized_Volatility,120.81048
5y7y_ATM,2002-08-23,Normalized_Volatility,119.43913
5y7y_ATM,2002-08-26,Normalized_Volatility,119.96118
5y7y_ATM,2002-08-27,Normalized_Volatility,122.0274
5y7y_ATM,2002-08-28,Normalized_Volatility,120.8328
5y7y_ATM,2002-08-29,Normalized_Volatility,121.13868
5y7y_ATM,2002-08-30,Normalized_Volatility,120.60402
5y7y_ATM,2002-09-03,Normalized_Volatility,120.7881
5y7y_ATM,2002-09-04,Normalized_Volatility,120.28752
5y7y_ATM,2002-09-05,Normalized_Volatility,120.35756
5y7y_ATM,2002-09-06,Normalized_Volatility,120.87478
5y7y_ATM,2002-09-09,Normalized_Volatility,121.01236
5y7y_ATM,2002-09-10,Normalized_Volatility,121.0279
5y7y_ATM,2002-09-11,Normalized_Volatility,121.21272
5y7y_ATM,2002-09-12,Normalized_Volatility,121.7216
5y7y_ATM,2002-09-13,Normalized_Volatility,121.629924
5y7y_ATM,2002-09-16,Normalized_Volatility,121.34032
5y7y_ATM,2002-09-17,Normalized_Volatility,121.78312
5y7y_ATM,2002-09-18,Normalized_Volatility,123.08112
5y7y_ATM,2002-09-19,Normalized_Volatility,125.33232
5y7y_ATM,2002-09-20,Normalized_Volatility,127.56352
5y7y_ATM,2002-09-23,Normalized_Volatility,130.3724
5y7y_ATM,2002-09-24,Normalized_Volatility,130.08534
5y7y_ATM,2002-09-25,Normalized_Volatility,130.08689
5y7y_ATM,2002-09-26,Normalized_Volatility,130.38199
5y7y_ATM,2002-09-27,Normalized_Volatility,129.18116
5y7y_ATM,2002-09-30,Normalized_Volatility,130.18192
5y7y_ATM,2002-10-01,Normalized_Volatility,129.08925
5y7y_ATM,2002-10-02,Normalized_Volatility,127.95104
5y7y_ATM,2002-10-03,Normalized_Volatility,127.16604
5y7y_ATM,2002-10-04,Normalized_Volatility,127.23042
5y7y_ATM,2002-10-07,Normalized_Volatility,125.2152
5y7y_ATM,2002-10-08,Normalized_Volatility,123.1692
5y7y_ATM,2002-10-09,Normalized_Volatility,122.08752
5y7y_ATM,2002-10-10,Normalized_Volatility,118.85994
5y7y_ATM,2002-10-11,Normalized_Volatility,119.5236
5y7y_ATM,2002-10-15,Normalized_Volatility,119.28312
5y7y_ATM,2002-10-16,Normalized_Volatility,119.65338
5y7y_ATM,2002-10-17,Normalized_Volatility,120.41055
5y7y_ATM,2002-10-18,Normalized_Volatility,121.65735
5y7y_ATM,2002-10-21,Normalized_Volatility,121.20593
5y7y_ATM,2002-10-22,Normalized_Volatility,122.88154
5y7y_ATM,2002-10-23,Normalized_Volatility,121.72317
5y7y_ATM,2002-10-24,Normalized_Volatility,120.28194
5y7y_ATM,2002-10-25,Normalized_Volatility,120.04332
5y7y_ATM,2002-10-28,Normalized_Volatility,121.056
5y7y_ATM,2002-10-29,Normalized_Volatility,120.85071
5y7y_ATM,2002-10-30,Normalized_Volatility,121.34034
5y7y_ATM,2002-10-31,Normalized_Volatility,120.02958
5y7y_ATM,2002-11-01,Normalized_Volatility,118.93752
5y7y_ATM,2002-11-04,Normalized_Volatility,117.93677
5y7y_ATM,2002-11-05,Normalized_Volatility,116.87772
5y7y_ATM,2002-11-06,Normalized_Volatility,113.0508
5y7y_ATM,2002-11-07,Normalized_Volatility,111.55008
5y7y_ATM,2002-11-08,Normalized_Volatility,110.5118
5y7y_ATM,2002-11-12,Normalized_Volatility,108.92344
5y7y_ATM,2002-11-13,Normalized_Volatility,109.6389
5y7y_ATM,2002-11-14,Normalized_Volatility,112.1813
5y7y_ATM,2002-11-15,Normalized_Volatility,112.93724
5y7y_ATM,2002-11-18,Normalized_Volatility,112.28112
5y7y_ATM,2002-11-19,Normalized_Volatility,113.53611
5y7y_ATM,2002-11-20,Normalized_Volatility,115.11572
5y7y_ATM,2002-11-21,Normalized_Volatility,115.4304
5y7y_ATM,2002-11-22,Normalized_Volatility,115.0108
5y7y_ATM,2002-11-25,Normalized_Volatility,114.76647
5y7y_ATM,2002-11-26,Normalized_Volatility,113.1469
5y7y_ATM,2002-11-27,Normalized_Volatility,116.2002
5y7y_ATM,2002-11-29,Normalized_Volatility,115.9988
5y7y_ATM,2002-12-02,Normalized_Volatility,116.61253
5y7y_ATM,2002-12-03,Normalized_Volatility,117.06608
5y7y_ATM,2002-12-04,Normalized_Volatility,116.91798
5y7y_ATM,2002-12-05,Normalized_Volatility,116.78464
5y7y_ATM,2002-12-06,Normalized_Volatility,117.4824
5y7y_ATM,2002-12-09,Normalized_Volatility,117.05346
5y7y_ATM,2002-12-10,Normalized_Volatility,116.3652
5y7y_ATM,2002-12-11,Normalized_Volatility,114.67365
5y7y_ATM,2002-12-12,Normalized_Volatility,113.37408
5y7y_ATM,2002-12-13,Normalized_Volatility,112.66652
5y7y_ATM,2002-12-16,Normalized_Volatility,113.35566
5y7y_ATM,2002-12-17,Normalized_Volatility,115.60275
5y7y_ATM,2002-12-18,Normalized_Volatility,115.95633
5y7y_ATM,2002-12-19,Normalized_Volatility,115.2333
5y7y_ATM,2002-12-20,Normalized_Volatility,114.53954
5y7y_ATM,2002-12-23,Normalized_Volatility,114.69474
5y7y_ATM,2002-12-24,Normalized_Volatility,113.96336
5y7y_ATM,2002-12-26,Normalized_Volatility,114.87756
5y7y_ATM,2002-12-27,Normalized_Volatility,113.54095
5y7y_ATM,2002-12-30,Normalized_Volatility,114.32152
5y7y_ATM,2002-12-31,Normalized_Volatility,115.36826
5y7y_ATM,2003-01-02,Normalized_Volatility,116.20406
5y7y_ATM,2003-01-03,Normalized_Volatility,116.07796
5y7y_ATM,2003-01-06,Normalized_Volatility,115.8785652
5y7y_ATM,2003-01-07,Normalized_Volatility,115.66862
5y7y_ATM,2003-01-08,Normalized_Volatility,114.73548
5y7y_ATM,2003-01-09,Normalized_Volatility,115.96374
5y7y_ATM,2003-01-10,Normalized_Volatility,116.33428
5y7y_ATM,2003-01-13,Normalized_Volatility,115.5181
5y7y_ATM,2003-01-14,Normalized_Volatility,114.513
5y7y_ATM,2003-01-15,Normalized_Volatility,113.67594
5y7y_ATM,2003-01-16,Normalized_Volatility,114.0684
5y7y_ATM,2003-01-17,Normalized_Volatility,114.63744
5y7y_ATM,2003-01-21,Normalized_Volatility,113.69664
5y7y_ATM,2003-01-22,Normalized_Volatility,113.24854
5y7y_ATM,2003-01-23,Normalized_Volatility,113.75034
5y7y_ATM,2003-01-24,Normalized_Volatility,113.01694
5y7y_ATM,2003-01-27,Normalized_Volatility,114.42584
5y7y_ATM,2003-01-28,Normalized_Volatility,114.69604
5y7y_ATM,2003-01-29,Normalized_Volatility,114.83712
5y7y_ATM,2003-01-30,Normalized_Volatility,113.30688
5y7y_ATM,2003-01-31,Normalized_Volatility,112.26407
5y7y_ATM,2003-02-03,Normalized_Volatility,110.98458
5y7y_ATM,2003-02-04,Normalized_Volatility,111.10852
5y7y_ATM,2003-02-05,Normalized_Volatility,111.28131
5y7y_ATM,2003-02-06,Normalized_Volatility,110.5781
5y7y_ATM,2003-02-07,Normalized_Volatility,110.27205
5y7y_ATM,2003-02-10,Normalized_Volatility,110.4406
5y7y_ATM,2003-02-11,Normalized_Volatility,111.73882
5y7y_ATM,2003-02-12,Normalized_Volatility,111.45041
5y7y_ATM,2003-02-13,Normalized_Volatility,112.0365
5y7y_ATM,2003-02-14,Normalized_Volatility,112.86144
5y7y_ATM,2003-02-18,Normalized_Volatility,111.88125
5y7y_ATM,2003-02-19,Normalized_Volatility,111.44341
5y7y_ATM,2003-02-20,Normalized_Volatility,111.202515
5y7y_ATM,2003-02-21,Normalized_Volatility,112.37039
5y7y_ATM,2003-02-24,Normalized_Volatility,111.7428228
5y7y_ATM,2003-02-25,Normalized_Volatility,112.3226026
5y7y_ATM,2003-02-26,Normalized_Volatility,113.4354007
5y7y_ATM,2003-02-27,Normalized_Volatility,114.1267792
5y7y_ATM,2003-02-28,Normalized_Volatility,113.581677
5y7y_ATM,2003-03-03,Normalized_Volatility,114.5843484
5y7y_ATM,2003-03-04,Normalized_Volatility,114.778125
5y7y_ATM,2003-03-05,Normalized_Volatility,114.5138022
5y7y_ATM,2003-03-06,Normalized_Volatility,115.59044
5y7y_ATM,2003-03-07,Normalized_Volatility,115.9931347
5y7y_ATM,2003-03-10,Normalized_Volatility,116.40046
5y7y_ATM,2003-03-11,Normalized_Volatility,116.4032883
5y7y_ATM,2003-03-12,Normalized_Volatility,116.128152
5y7y_ATM,2003-03-13,Normalized_Volatility,116.14388
5y7y_ATM,2003-03-14,Normalized_Volatility,114.8451912
5y7y_ATM,2003-03-17,Normalized_Volatility,115.389348
5y7y_ATM,2003-03-18,Normalized_Volatility,115.788555
5y7y_ATM,2003-03-19,Normalized_Volatility,117.241873
5y7y_ATM,2003-03-20,Normalized_Volatility,118.32739
5y7y_ATM,2003-03-21,Normalized_Volatility,116.298304
5y7y_ATM,2003-03-24,Normalized_Volatility,116.117911
5y7y_ATM,2003-03-25,Normalized_Volatility,114.770166
5y7y_ATM,2003-03-26,Normalized_Volatility,114.3850628
5y7y_ATM,2003-03-27,Normalized_Volatility,113.7200217
5y7y_ATM,2003-03-28,Normalized_Volatility,113.3702528
5y7y_ATM,2003-03-31,Normalized_Volatility,113.157355
5y7y_ATM,2003-04-01,Normalized_Volatility,112.10019
5y7y_ATM,2003-04-02,Normalized_Volatility,113.1495939
5y7y_ATM,2003-04-03,Normalized_Volatility,112.9380292
5y7y_ATM,2003-04-04,Normalized_Volatility,112.7631174
5y7y_ATM,2003-04-07,Normalized_Volatility,112.6635312
5y7y_ATM,2003-04-08,Normalized_Volatility,111.4387118
5y7y_ATM,2003-04-09,Normalized_Volatility,111.4822008
5y7y_ATM,2003-04-10,Normalized_Volatility,111.5975625
5y7y_ATM,2003-04-11,Normalized_Volatility,111.5519898
5y7y_ATM,2003-04-14,Normalized_Volatility,111.0463984
5y7y_ATM,2003-04-15,Normalized_Volatility,110.053125
5y7y_ATM,2003-04-16,Normalized_Volatility,108.366687
5y7y_ATM,2003-04-17,Normalized_Volatility,108.3472125
5y7y_ATM,2003-04-21,Normalized_Volatility,109.6105605
5y7y_ATM,2003-04-22,Normalized_Volatility,110.1441315
5y7y_ATM,2003-04-23,Normalized_Volatility,109.5880625
5y7y_ATM,2003-04-24,Normalized_Volatility,107.3693327
5y7y_ATM,2003-04-25,Normalized_Volatility,108.144333
5y7y_ATM,2003-04-28,Normalized_Volatility,108.9294822
5y7y_ATM,2003-04-29,Normalized_Volatility,109.26468
5y7y_ATM,2003-04-30,Normalized_Volatility,108.0869509
5y7y_ATM,2003-05-01,Normalized_Volatility,108.2343984
5y7y_ATM,2003-05-02,Normalized_Volatility,108.2303781
5y7y_ATM,2003-05-05,Normalized_Volatility,108.369763
5y7y_ATM,2003-05-06,Normalized_Volatility,107.4928781
5y7y_ATM,2003-05-07,Normalized_Volatility,107.055025
5y7y_ATM,2003-05-08,Normalized_Volatility,106.59076
5y7y_ATM,2003-05-09,Normalized_Volatility,104.8546671
5y7y_ATM,2003-05-12,Normalized_Volatility,104.135935
5y7y_ATM,2003-05-13,Normalized_Volatility,103.7837
5y7y_ATM,2003-05-14,Normalized_Volatility,103.640145
5y7y_ATM,2003-05-15,Normalized_Volatility,104.7276675
5y7y_ATM,2003-05-16,Normalized_Volatility,106.7770515
5y7y_ATM,2003-05-19,Normalized_Volatility,107.1867625
5y7y_ATM,2003-05-20,Normalized_Volatility,108.6092794
5y7y_ATM,2003-05-21,Normalized_Volatility,109.7206
5y7y_ATM,2003-05-22,Normalized_Volatility,107.8508662
5y7y_ATM,2003-05-23,Normalized_Volatility,108.0957582
5y7y_ATM,2003-05-27,Normalized_Volatility,109.44518
5y7y_ATM,2003-05-28,Normalized_Volatility,109.5886225
5y7y_ATM,2003-05-29,Normalized_Volatility,108.3688788
5y7y_ATM,2003-05-30,Normalized_Volatility,107.935485
5y7y_ATM,2003-06-02,Normalized_Volatility,108.8076704
5y7y_ATM,2003-06-03,Normalized_Volatility,108.030475
5y7y_ATM,2003-06-04,Normalized_Volatility,109.01123
5y7y_ATM,2003-06-05,Normalized_Volatility,109.301082
5y7y_ATM,2003-06-06,Normalized_Volatility,108.2909745
5y7y_ATM,2003-06-09,Normalized_Volatility,107.64545
5y7y_ATM,2003-06-10,Normalized_Volatility,108.3369695
5y7y_ATM,2003-06-11,Normalized_Volatility,108.1096902
5y7y_ATM,2003-06-12,Normalized_Volatility,109.61535
5y7y_ATM,2003-06-13,Normalized_Volatility,110.047845
5y7y_ATM,2003-06-16,Normalized_Volatility,110.2931921
5y7y_ATM,2003-06-17,Normalized_Volatility,111.9264588
5y7y_ATM,2003-06-18,Normalized_Volatility,113.5123044
5y7y_ATM,2003-06-19,Normalized_Volatility,114.11813
5y7y_ATM,2003-06-20,Normalized_Volatility,114.774524
5y7y_ATM,2003-06-23,Normalized_Volatility,114.4325
5y7y_ATM,2003-06-24,Normalized_Volatility,114.6388446
5y7y_ATM,2003-06-25,Normalized_Volatility,114.80637
5y7y_ATM,2003-06-26,Normalized_Volatility,117.760275
5y7y_ATM,2003-06-27,Normalized_Volatility,117.939262
5y7y_ATM,2003-06-30,Normalized_Volatility,117.777816
5y7y_ATM,2003-07-01,Normalized_Volatility,117.5921
5y7y_ATM,2003-07-02,Normalized_Volatility,117.56845
5y7y_ATM,2003-07-03,Normalized_Volatility,119.28392
5y7y_ATM,2003-07-07,Normalized_Volatility,119.5278
5y7y_ATM,2003-07-08,Normalized_Volatility,118.8928
5y7y_ATM,2003-07-09,Normalized_Volatility,117.3891
5y7y_ATM,2003-07-10,Normalized_Volatility,116.4209332
5y7y_ATM,2003-07-11,Normalized_Volatility,114.7024854
5y7y_ATM,2003-07-14,Normalized_Volatility,115.1838
5y7y_ATM,2003-07-15,Normalized_Volatility,118.00998
5y7y_ATM,2003-07-16,Normalized_Volatility,119.6822235
5y7y_ATM,2003-07-17,Normalized_Volatility,116.995629
5y7y_ATM,2003-07-18,Normalized_Volatility,114.8352
5y7y_ATM,2003-07-21,Normalized_Volatility,117.7607475
5y7y_ATM,2003-07-22,Normalized_Volatility,116.45284
5y7y_ATM,2003-07-23,Normalized_Volatility,116.8804
5y7y_ATM,2003-07-24,Normalized_Volatility,117.54136
5y7y_ATM,2003-07-25,Normalized_Volatility,118.14672
5y7y_ATM,2003-07-28,Normalized_Volatility,118.69962
5y7y_ATM,2003-07-29,Normalized_Volatility,121.209075
5y7y_ATM,2003-07-30,Normalized_Volatility,122.6596608
5y7y_ATM,2003-07-31,Normalized_Volatility,127.8691808
5y7y_ATM,2003-08-01,Normalized_Volatility,125.596065
5y7y_ATM,2003-08-04,Normalized_Volatility,122.8056375
5y7y_ATM,2003-08-05,Normalized_Volatility,121.8468825
5y7y_ATM,2003-08-06,Normalized_Volatility,117.1985052
5y7y_ATM,2003-08-07,Normalized_Volatility,115.1296384
5y7y_ATM,2003-08-08,Normalized_Volatility,117.8611782
5y7y_ATM,2003-08-11,Normalized_Volatility,119.9141775
5y7y_ATM,2003-08-12,Normalized_Volatility,119.47152
5y7y_ATM,2003-08-13,Normalized_Volatility,123.356475
5y7y_ATM,2003-08-14,Normalized_Volatility,123.15501
5y7y_ATM,2003-08-15,Normalized_Volatility,123.00032
5y7y_ATM,2003-08-18,Normalized_Volatility,119.7175732
5y7y_ATM,2003-08-19,Normalized_Volatility,116.7449388
5y7y_ATM,2003-08-20,Normalized_Volatility,118.331128
5y7y_ATM,2003-08-21,Normalized_Volatility,119.089473
5y7y_ATM,2003-08-22,Normalized_Volatility,117.26078
5y7y_ATM,2003-08-25,Normalized_Volatility,118.9461
5y7y_ATM,2003-08-26,Normalized_Volatility,117.93055
5y7y_ATM,2003-08-27,Normalized_Volatility,117.4088286
5y7y_ATM,2003-08-28,Normalized_Volatility,117.2103675
5y7y_ATM,2003-08-29,Normalized_Volatility,116.6673676
5y7y_ATM,2003-09-02,Normalized_Volatility,119.0450244
5y7y_ATM,2003-09-03,Normalized_Volatility,118.7339857
5y7y_ATM,2003-09-04,Normalized_Volatility,115.4742065
5y7y_ATM,2003-09-05,Normalized_Volatility,113.4204975
5y7y_ATM,2003-09-08,Normalized_Volatility,112.693582
5y7y_ATM,2003-09-09,Normalized_Volatility,112.64568
5y7y_ATM,2003-09-10,Normalized_Volatility,110.4922675
5y7y_ATM,2003-09-11,Normalized_Volatility,112.01976
5y7y_ATM,2003-09-12,Normalized_Volatility,112.43001
5y7y_ATM,2003-09-15,Normalized_Volatility,112.3358223
5y7y_ATM,2003-09-16,Normalized_Volatility,113.3689968
5y7y_ATM,2003-09-17,Normalized_Volatility,111.7197744
5y7y_ATM,2003-09-18,Normalized_Volatility,112.0107075
5y7y_ATM,2003-09-19,Normalized_Volatility,112.3050716
5y7y_ATM,2003-09-22,Normalized_Volatility,113.7485046
5y7y_ATM,2003-09-23,Normalized_Volatility,113.8423231
5y7y_ATM,2003-09-24,Normalized_Volatility,113.6436168
5y7y_ATM,2003-09-25,Normalized_Volatility,114.1007175
5y7y_ATM,2003-09-26,Normalized_Volatility,114.0785184
5y7y_ATM,2003-09-29,Normalized_Volatility,114.24105
5y7y_ATM,2003-09-30,Normalized_Volatility,115.4907
5y7y_ATM,2003-10-01,Normalized_Volatility,115.8554925
5y7y_ATM,2003-10-02,Normalized_Volatility,116.9765875
5y7y_ATM,2003-10-03,Normalized_Volatility,118.667216
5y7y_ATM,2003-10-06,Normalized_Volatility,117.9171
5y7y_ATM,2003-10-07,Normalized_Volatility,119.5803126
5y7y_ATM,2003-10-08,Normalized_Volatility,119.3523464
5y7y_ATM,2003-10-09,Normalized_Volatility,118.9289976
5y7y_ATM,2003-10-10,Normalized_Volatility,117.861744
5y7y_ATM,2003-10-14,Normalized_Volatility,117.80416
5y7y_ATM,2003-10-15,Normalized_Volatility,118.788714
5y7y_ATM,2003-10-16,Normalized_Volatility,119.2025744
5y7y_ATM,2003-10-17,Normalized_Volatility,118.6452684
5y7y_ATM,2003-10-20,Normalized_Volatility,118.870341
5y7y_ATM,2003-10-21,Normalized_Volatility,118.44564
5y7y_ATM,2003-10-22,Normalized_Volatility,117.897425
5y7y_ATM,2003-10-23,Normalized_Volatility,118.4979159
5y7y_ATM,2003-10-24,Normalized_Volatility,117.2337
5y7y_ATM,2003-10-27,Normalized_Volatility,118.7762916
5y7y_ATM,2003-10-28,Normalized_Volatility,117.7047144
5y7y_ATM,2003-10-29,Normalized_Volatility,116.1634704
5y7y_ATM,2003-10-30,Normalized_Volatility,117.562125
5y7y_ATM,2003-10-31,Normalized_Volatility,117.09276
5y7y_ATM,2003-11-03,Normalized_Volatility,117.4962375
5y7y_ATM,2003-11-04,Normalized_Volatility,116.7951316
5y7y_ATM,2003-11-05,Normalized_Volatility,116.446283
5y7y_ATM,2003-11-06,Normalized_Volatility,117.2049732
5y7y_ATM,2003-11-07,Normalized_Volatility,116.9367067
5y7y_ATM,2003-11-10,Normalized_Volatility,115.9634304
5y7y_ATM,2003-11-12,Normalized_Volatility,114.9165354
5y7y_ATM,2003-11-13,Normalized_Volatility,113.4517968
5y7y_ATM,2003-11-14,Normalized_Volatility,113.27338
5y7y_ATM,2003-11-17,Normalized_Volatility,113.54448
5y7y_ATM,2003-11-18,Normalized_Volatility,114.515265
5y7y_ATM,2003-11-19,Normalized_Volatility,115.5159112
5y7y_ATM,2003-11-20,Normalized_Volatility,116.367405
5y7y_ATM,2003-11-21,Normalized_Volatility,116.854254
5y7y_ATM,2003-11-24,Normalized_Volatility,117.1537838
5y7y_ATM,2003-11-25,Normalized_Volatility,117.5203875
5y7y_ATM,2003-11-26,Normalized_Volatility,117.8798744
5y7y_ATM,2003-11-28,Normalized_Volatility,118.27545
5y7y_ATM,2003-12-01,Normalized_Volatility,120.112416
5y7y_ATM,2003-12-02,Normalized_Volatility,120.0615378
5y7y_ATM,2003-12-03,Normalized_Volatility,119.9795805
5y7y_ATM,2003-12-04,Normalized_Volatility,119.2317087
5y7y_ATM,2003-12-05,Normalized_Volatility,118.930805
5y7y_ATM,2003-12-08,Normalized_Volatility,118.7006715
5y7y_ATM,2003-12-09,Normalized_Volatility,119.7844011
5y7y_ATM,2003-12-10,Normalized_Volatility,117.8004296
5y7y_ATM,2003-12-11,Normalized_Volatility,117.0655005
5y7y_ATM,2003-12-12,Normalized_Volatility,117.031162
5y7y_ATM,2003-12-15,Normalized_Volatility,117.088146
5y7y_ATM,2003-12-16,Normalized_Volatility,117.0677228
5y7y_ATM,2003-12-17,Normalized_Volatility,117.2786286
5y7y_ATM,2003-12-18,Normalized_Volatility,115.98019
5y7y_ATM,2003-12-19,Normalized_Volatility,115.6265302
5y7y_ATM,2003-12-22,Normalized_Volatility,116.0676528
5y7y_ATM,2003-12-23,Normalized_Volatility,116.765375
5y7y_ATM,2003-12-24,Normalized_Volatility,115.6339096
5y7y_ATM,2003-12-26,Normalized_Volatility,116.1175596
5y7y_ATM,2003-12-29,Normalized_Volatility,117.0408363
5y7y_ATM,2003-12-30,Normalized_Volatility,117.23405
5y7y_ATM,2003-12-31,Normalized_Volatility,117.2182479
5y7y_ATM,2004-01-02,Normalized_Volatility,118.0209393
5y7y_ATM,2004-01-05,Normalized_Volatility,116.52804
5y7y_ATM,2004-01-06,Normalized_Volatility,114.9429036
5y7y_ATM,2004-01-07,Normalized_Volatility,114.590872
5y7y_ATM,2004-01-08,Normalized_Volatility,113.7697055
5y7y_ATM,2004-01-09,Normalized_Volatility,112.5184284
5y7y_ATM,2004-01-12,Normalized_Volatility,113.0835465
5y7y_ATM,2004-01-13,Normalized_Volatility,113.9906768
5y7y_ATM,2004-01-14,Normalized_Volatility,113.902137
5y7y_ATM,2004-01-15,Normalized_Volatility,115.8588475
5y7y_ATM,2004-01-16,Normalized_Volatility,115.530948
5y7y_ATM,2004-01-20,Normalized_Volatility,116.6504696
5y7y_ATM,2004-01-21,Normalized_Volatility,115.9354476
5y7y_ATM,2004-01-22,Normalized_Volatility,115.9202766
5y7y_ATM,2004-01-23,Normalized_Volatility,116.61408
5y7y_ATM,2004-01-26,Normalized_Volatility,116.8611132
5y7y_ATM,2004-01-27,Normalized_Volatility,115.7240952
5y7y_ATM,2004-01-28,Normalized_Volatility,116.4950051
5y7y_ATM,2004-01-29,Normalized_Volatility,115.9019732
5y7y_ATM,2004-01-30,Normalized_Volatility,114.2887865
5y7y_ATM,2004-02-02,Normalized_Volatility,114.7191864
5y7y_ATM,2004-02-03,Normalized_Volatility,115.317342
5y7y_ATM,2004-02-04,Normalized_Volatility,115.801185
5y7y_ATM,2004-02-05,Normalized_Volatility,116.5378353
5y7y_ATM,2004-02-06,Normalized_Volatility,115.9113487
5y7y_ATM,2004-02-09,Normalized_Volatility,115.6552189
5y7y_ATM,2004-02-10,Normalized_Volatility,114.760548
5y7y_ATM,2004-02-11,Normalized_Volatility,112.335135
5y7y_ATM,2004-02-12,Normalized_Volatility,112.3211544
5y7y_ATM,2004-02-13,Normalized_Volatility,112.0288932
5y7y_ATM,2004-02-17,Normalized_Volatility,112.2613944
5y7y_ATM,2004-02-18,Normalized_Volatility,111.6219383
5y7y_ATM,2004-02-19,Normalized_Volatility,111.7402044
5y7y_ATM,2004-02-20,Normalized_Volatility,112.24796
5y7y_ATM,2004-02-23,Normalized_Volatility,112.2396976
5y7y_ATM,2004-02-24,Normalized_Volatility,112.0017662
5y7y_ATM,2004-02-25,Normalized_Volatility,111.9913035
5y7y_ATM,2004-02-26,Normalized_Volatility,112.73916
5y7y_ATM,2004-02-27,Normalized_Volatility,112.153808
5y7y_ATM,2004-03-01,Normalized_Volatility,112.095438
5y7y_ATM,2004-03-02,Normalized_Volatility,113.5305945
5y7y_ATM,2004-03-03,Normalized_Volatility,113.264739
5y7y_ATM,2004-03-04,Normalized_Volatility,112.3482425
5y7y_ATM,2004-03-05,Normalized_Volatility,110.157573
5y7y_ATM,2004-03-08,Normalized_Volatility,110.53518
5y7y_ATM,2004-03-09,Normalized_Volatility,111.0470175
5y7y_ATM,2004-03-10,Normalized_Volatility,112.5540692
5y7y_ATM,2004-03-11,Normalized_Volatility,112.5689495
5y7y_ATM,2004-03-12,Normalized_Volatility,112.5588861
5y7y_ATM,2004-03-15,Normalized_Volatility,113.4243
5y7y_ATM,2004-03-16,Normalized_Volatility,112.9102989
5y7y_ATM,2004-03-17,Normalized_Volatility,113.5461824
5y7y_ATM,2004-03-18,Normalized_Volatility,113.2889936
5y7y_ATM,2004-03-19,Normalized_Volatility,113.2027
5y7y_ATM,2004-03-22,Normalized_Volatility,113.22306
5y7y_ATM,2004-03-23,Normalized_Volatility,114.3702064
5y7y_ATM,2004-03-24,Normalized_Volatility,114.540758
5y7y_ATM,2004-03-25,Normalized_Volatility,115.2487689
5y7y_ATM,2004-03-26,Normalized_Volatility,115.4867
5y7y_ATM,2004-03-29,Normalized_Volatility,114.88821
5y7y_ATM,2004-03-30,Normalized_Volatility,114.3888108
5y7y_ATM,2004-03-31,Normalized_Volatility,113.2362
5y7y_ATM,2004-04-01,Normalized_Volatility,113.3838026
5y7y_ATM,2004-04-02,Normalized_Volatility,113.7712896
5y7y_ATM,2004-04-05,Normalized_Volatility,113.811832
5y7y_ATM,2004-04-06,Normalized_Volatility,112.0314146
5y7y_ATM,2004-04-07,Normalized_Volatility,112.170858
5y7y_ATM,2004-04-08,Normalized_Volatility,111.4750778
5y7y_ATM,2004-04-12,Normalized_Volatility,111.00015
5y7y_ATM,2004-04-13,Normalized_Volatility,109.568318
5y7y_ATM,2004-04-14,Normalized_Volatility,108.9161225
5y7y_ATM,2004-04-15,Normalized_Volatility,108.1239488
5y7y_ATM,2004-04-16,Normalized_Volatility,108.805715
5y7y_ATM,2004-04-19,Normalized_Volatility,108.492867
5y7y_ATM,2004-04-20,Normalized_Volatility,108.1684572
5y7y_ATM,2004-04-21,Normalized_Volatility,107.6013904
5y7y_ATM,2004-04-22,Normalized_Volatility,107.4885039
5y7y_ATM,2004-04-23,Normalized_Volatility,107.821575
5y7y_ATM,2004-04-26,Normalized_Volatility,107.1962131
5y7y_ATM,2004-04-27,Normalized_Volatility,106.2053784
5y7y_ATM,2004-04-28,Normalized_Volatility,105.5878659
5y7y_ATM,2004-04-29,Normalized_Volatility,106.0389954
5y7y_ATM,2004-04-30,Normalized_Volatility,105.6512538
5y7y_ATM,2004-05-03,Normalized_Volatility,107.1275715
5y7y_ATM,2004-05-04,Normalized_Volatility,108.887825
5y7y_ATM,2004-05-05,Normalized_Volatility,108.4777056
5y7y_ATM,2004-05-06,Normalized_Volatility,109.1302065
5y7y_ATM,2004-05-07,Normalized_Volatility,107.8447517
5y7y_ATM,2004-05-10,Normalized_Volatility,104.8078589
5y7y_ATM,2004-05-11,Normalized_Volatility,104.7556774
5y7y_ATM,2004-05-12,Normalized_Volatility,104.5720728
5y7y_ATM,2004-05-13,Normalized_Volatility,105.47742
5y7y_ATM,2004-05-14,Normalized_Volatility,105.7507523
5y7y_ATM,2004-05-17,Normalized_Volatility,107.2556656
5y7y_ATM,2004-05-18,Normalized_Volatility,106.540335
5y7y_ATM,2004-05-19,Normalized_Volatility,107.738505
5y7y_ATM,2004-05-20,Normalized_Volatility,107.9297211
5y7y_ATM,2004-05-21,Normalized_Volatility,108.50825
5y7y_ATM,2004-05-24,Normalized_Volatility,108.2054535
5y7y_ATM,2004-05-25,Normalized_Volatility,108.5908005
5y7y_ATM,2004-05-26,Normalized_Volatility,108.8352304
5y7y_ATM,2004-05-27,Normalized_Volatility,107.7470548
5y7y_ATM,2004-05-28,Normalized_Volatility,106.27734
5y7y_ATM,2004-06-01,Normalized_Volatility,106.22205
5y7y_ATM,2004-06-02,Normalized_Volatility,106.1081532
5y7y_ATM,2004-06-03,Normalized_Volatility,104.69164
5y7y_ATM,2004-06-04,Normalized_Volatility,103.1252018
5y7y_ATM,2004-06-07,Normalized_Volatility,102.6754808
5y7y_ATM,2004-06-08,Normalized_Volatility,103.4089997
5y7y_ATM,2004-06-09,Normalized_Volatility,104.03355
5y7y_ATM,2004-06-10,Normalized_Volatility,104.0134054
5y7y_ATM,2004-06-14,Normalized_Volatility,104.3971872
5y7y_ATM,2004-06-15,Normalized_Volatility,102.7426558
5y7y_ATM,2004-06-16,Normalized_Volatility,102.6240666
5y7y_ATM,2004-06-17,Normalized_Volatility,100.275025
5y7y_ATM,2004-06-18,Normalized_Volatility,99.927405
5y7y_ATM,2004-06-21,Normalized_Volatility,98.982
5y7y_ATM,2004-06-22,Normalized_Volatility,97.4648025
5y7y_ATM,2004-06-23,Normalized_Volatility,99.50625
5y7y_ATM,2004-06-24,Normalized_Volatility,99.9924205
5y7y_ATM,2004-06-25,Normalized_Volatility,97.8794
5y7y_ATM,2004-06-28,Normalized_Volatility,98.089068
5y7y_ATM,2004-06-29,Normalized_Volatility,97.4445336
5y7y_ATM,2004-06-30,Normalized_Volatility,97.0324092
5y7y_ATM,2004-07-01,Normalized_Volatility,96.309963
5y7y_ATM,2004-07-02,Normalized_Volatility,97.7205573
5y7y_ATM,2004-07-06,Normalized_Volatility,98.0356782
5y7y_ATM,2004-07-07,Normalized_Volatility,99.6513984
5y7y_ATM,2004-07-08,Normalized_Volatility,99.6661868
5y7y_ATM,2004-07-09,Normalized_Volatility,100.2370005
5y7y_ATM,2004-07-12,Normalized_Volatility,99.9585072
5y7y_ATM,2004-07-13,Normalized_Volatility,101.3754976
5y7y_ATM,2004-07-14,Normalized_Volatility,100.206656
5y7y_ATM,2004-07-15,Normalized_Volatility,98.85549
5y7y_ATM,2004-07-16,Normalized_Volatility,99.4544166
5y7y_ATM,2004-07-19,Normalized_Volatility,100.1940804
5y7y_ATM,2004-07-20,Normalized_Volatility,100.7889036
5y7y_ATM,2004-07-21,Normalized_Volatility,99.6699222
5y7y_ATM,2004-07-22,Normalized_Volatility,98.7250891
5y7y_ATM,2004-07-23,Normalized_Volatility,97.305672
5y7y_ATM,2004-07-26,Normalized_Volatility,97.207917
5y7y_ATM,2004-07-27,Normalized_Volatility,97.9801357
5y7y_ATM,2004-07-28,Normalized_Volatility,97.4145522
5y7y_ATM,2004-07-29,Normalized_Volatility,97.2636286
5y7y_ATM,2004-07-30,Normalized_Volatility,97.2358695
5y7y_ATM,2004-08-02,Normalized_Volatility,97.61931
5y7y_ATM,2004-08-03,Normalized_Volatility,97.7528568
5y7y_ATM,2004-08-04,Normalized_Volatility,98.386317
5y7y_ATM,2004-08-05,Normalized_Volatility,98.155695
5y7y_ATM,2004-08-06,Normalized_Volatility,101.0145021
5y7y_ATM,2004-08-09,Normalized_Volatility,101.3353209
5y7y_ATM,2004-08-10,Normalized_Volatility,100.9581911
5y7y_ATM,2004-08-11,Normalized_Volatility,98.9860112
5y7y_ATM,2004-08-12,Normalized_Volatility,97.9268508
5y7y_ATM,2004-08-13,Normalized_Volatility,99.8534436
5y7y_ATM,2004-08-16,Normalized_Volatility,100.0150065
5y7y_ATM,2004-08-17,Normalized_Volatility,101.1427248
5y7y_ATM,2004-08-18,Normalized_Volatility,102.0168381
5y7y_ATM,2004-08-19,Normalized_Volatility,102.1580949
5y7y_ATM,2004-08-20,Normalized_Volatility,101.5613625
5y7y_ATM,2004-08-23,Normalized_Volatility,101.076063
5y7y_ATM,2004-08-24,Normalized_Volatility,99.8882632
5y7y_ATM,2004-08-25,Normalized_Volatility,99.2886346
5y7y_ATM,2004-08-26,Normalized_Volatility,99.4574616
5y7y_ATM,2004-08-27,Normalized_Volatility,98.51688
5y7y_ATM,2004-08-30,Normalized_Volatility,98.6579174
5y7y_ATM,2004-08-31,Normalized_Volatility,100.0852125
5y7y_ATM,2004-09-01,Normalized_Volatility,100.4703986
5y7y_ATM,2004-09-02,Normalized_Volatility,100.46005
5y7y_ATM,2004-09-03,Normalized_Volatility,98.472342
5y7y_ATM,2004-09-07,Normalized_Volatility,97.8579789
5y7y_ATM,2004-09-08,Normalized_Volatility,98.4843055
5y7y_ATM,2004-09-09,Normalized_Volatility,98.0510706
5y7y_ATM,2004-09-10,Normalized_Volatility,97.7125008
5y7y_ATM,2004-09-13,Normalized_Volatility,97.7669219
5y7y_ATM,2004-09-14,Normalized_Volatility,97.7697425
5y7y_ATM,2004-09-15,Normalized_Volatility,98.47773
5y7y_ATM,2004-09-16,Normalized_Volatility,98.799156
5y7y_ATM,2004-09-17,Normalized_Volatility,99.6786856
5y7y_ATM,2004-09-20,Normalized_Volatility,99.527925
5y7y_ATM,2004-09-21,Normalized_Volatility,98.896545
5y7y_ATM,2004-09-22,Normalized_Volatility,100.9760766
5y7y_ATM,2004-09-23,Normalized_Volatility,103.2516132
5y7y_ATM,2004-09-24,Normalized_Volatility,103.5985276
5y7y_ATM,2004-09-27,Normalized_Volatility,103.8310896
5y7y_ATM,2004-09-28,Normalized_Volatility,105.6092048
5y7y_ATM,2004-09-29,Normalized_Volatility,104.8002725
5y7y_ATM,2004-09-30,Normalized_Volatility,104.3880071
5y7y_ATM,2004-10-01,Normalized_Volatility,102.21116
5y7y_ATM,2004-10-04,Normalized_Volatility,101.28117
5y7y_ATM,2004-10-05,Normalized_Volatility,101.355095
5y7y_ATM,2004-10-06,Normalized_Volatility,101.9006751
5y7y_ATM,2004-10-07,Normalized_Volatility,103.44114
5y7y_ATM,2004-10-08,Normalized_Volatility,102.770067
5y7y_ATM,2004-10-12,Normalized_Volatility,102.8184445
5y7y_ATM,2004-10-13,Normalized_Volatility,105.154335
5y7y_ATM,2004-10-14,Normalized_Volatility,105.51681
5y7y_ATM,2004-10-15,Normalized_Volatility,106.18443
5y7y_ATM,2004-10-18,Normalized_Volatility,105.38025
5y7y_ATM,2004-10-19,Normalized_Volatility,105.3904015
5y7y_ATM,2004-10-20,Normalized_Volatility,106.9929
5y7y_ATM,2004-10-21,Normalized_Volatility,106.790225
5y7y_ATM,2004-10-22,Normalized_Volatility,107.1121975
5y7y_ATM,2004-10-25,Normalized_Volatility,107.5698495
5y7y_ATM,2004-10-26,Normalized_Volatility,107.29168
5y7y_ATM,2004-10-27,Normalized_Volatility,106.679754
5y7y_ATM,2004-10-28,Normalized_Volatility,106.6511394
5y7y_ATM,2004-10-29,Normalized_Volatility,105.091015
5y7y_ATM,2004-11-01,Normalized_Volatility,103.4091568
5y7y_ATM,2004-11-02,Normalized_Volatility,103.2458875
5y7y_ATM,2004-11-03,Normalized_Volatility,102.321725
5y7y_ATM,2004-11-04,Normalized_Volatility,102.1021145
5y7y_ATM,2004-11-05,Normalized_Volatility,100.599642
5y7y_ATM,2004-11-08,Normalized_Volatility,100.7307
5y7y_ATM,2004-11-09,Normalized_Volatility,99.61875
5y7y_ATM,2004-11-10,Normalized_Volatility,100.055043
5y7y_ATM,2004-11-12,Normalized_Volatility,100.1073254
5y7y_ATM,2004-11-15,Normalized_Volatility,99.9002125
5y7y_ATM,2004-11-16,Normalized_Volatility,99.573216
5y7y_ATM,2004-11-17,Normalized_Volatility,99.222552
5y7y_ATM,2004-11-18,Normalized_Volatility,99.340594
5y7y_ATM,2004-11-19,Normalized_Volatility,98.500887
5y7y_ATM,2004-11-22,Normalized_Volatility,97.90194
5y7y_ATM,2004-11-23,Normalized_Volatility,97.2565635
5y7y_ATM,2004-11-24,Normalized_Volatility,97.133918
5y7y_ATM,2004-11-26,Normalized_Volatility,97.067295
5y7y_ATM,2004-11-29,Normalized_Volatility,97.1542
5y7y_ATM,2004-11-30,Normalized_Volatility,96.818322
5y7y_ATM,2004-12-01,Normalized_Volatility,99.252979
5y7y_ATM,2004-12-02,Normalized_Volatility,98.756928
5y7y_ATM,2004-12-03,Normalized_Volatility,98.461686
5y7y_ATM,2004-12-06,Normalized_Volatility,97.3100225
5y7y_ATM,2004-12-07,Normalized_Volatility,97.0488356
5y7y_ATM,2004-12-08,Normalized_Volatility,98.1758635
5y7y_ATM,2004-12-09,Normalized_Volatility,98.174355
5y7y_ATM,2004-12-10,Normalized_Volatility,99.419004
5y7y_ATM,2004-12-13,Normalized_Volatility,99.3531
5y7y_ATM,2004-12-14,Normalized_Volatility,100.137276
5y7y_ATM,2004-12-15,Normalized_Volatility,102.0262
5y7y_ATM,2004-12-16,Normalized_Volatility,102.4302
5y7y_ATM,2004-12-17,Normalized_Volatility,102.594485
5y7y_ATM,2004-12-20,Normalized_Volatility,102.2832375
5y7y_ATM,2004-12-21,Normalized_Volatility,101.123769
5y7y_ATM,2004-12-22,Normalized_Volatility,100.538295
5y7y_ATM,2004-12-23,Normalized_Volatility,100.678812
5y7y_ATM,2004-12-27,Normalized_Volatility,100.80318
5y7y_ATM,2004-12-28,Normalized_Volatility,100.74266
5y7y_ATM,2004-12-29,Normalized_Volatility,100.275483
5y7y_ATM,2004-12-30,Normalized_Volatility,99.92184
5y7y_ATM,2004-12-31,Normalized_Volatility,99.353884
5y7y_ATM,2005-01-03,Normalized_Volatility,99.1386
5y7y_ATM,2005-01-04,Normalized_Volatility,97.633362
5y7y_ATM,2005-01-05,Normalized_Volatility,97.563544
5y7y_ATM,2005-01-06,Normalized_Volatility,96.637497
5y7y_ATM,2005-01-07,Normalized_Volatility,94.9870495
5y7y_ATM,2005-01-10,Normalized_Volatility,93.74225
5y7y_ATM,2005-01-11,Normalized_Volatility,93.76081
5y7y_ATM,2005-01-12,Normalized_Volatility,92.691
5y7y_ATM,2005-01-13,Normalized_Volatility,91.91508
5y7y_ATM,2005-01-14,Normalized_Volatility,92.1851224
5y7y_ATM,2005-01-18,Normalized_Volatility,91.6578368
5y7y_ATM,2005-01-19,Normalized_Volatility,90.707232
5y7y_ATM,2005-01-20,Normalized_Volatility,89.5118892
5y7y_ATM,2005-01-21,Normalized_Volatility,90.3582765
5y7y_ATM,2005-01-24,Normalized_Volatility,91.249647
5y7y_ATM,2005-01-25,Normalized_Volatility,92.661954
5y7y_ATM,2005-01-26,Normalized_Volatility,92.9748774
5y7y_ATM,2005-01-27,Normalized_Volatility,91.5719916
5y7y_ATM,2005-01-28,Normalized_Volatility,91.3713372
5y7y_ATM,2005-01-31,Normalized_Volatility,90.947881
5y7y_ATM,2005-02-01,Normalized_Volatility,91.211148
5y7y_ATM,2005-02-02,Normalized_Volatility,90.2445507
5y7y_ATM,2005-02-03,Normalized_Volatility,89.2741236
5y7y_ATM,2005-02-04,Normalized_Volatility,89.0575803
5y7y_ATM,2005-02-07,Normalized_Volatility,88.85555
5y7y_ATM,2005-02-08,Normalized_Volatility,89.255536
5y7y_ATM,2005-02-09,Normalized_Volatility,90.3830191
5y7y_ATM,2005-02-10,Normalized_Volatility,91.9931532
5y7y_ATM,2005-02-11,Normalized_Volatility,91.243481
5y7y_ATM,2005-02-14,Normalized_Volatility,91.0987758
5y7y_ATM,2005-02-15,Normalized_Volatility,91.3207512
5y7y_ATM,2005-02-16,Normalized_Volatility,89.9100958
5y7y_ATM,2005-02-17,Normalized_Volatility,89.8083018
5y7y_ATM,2005-02-18,Normalized_Volatility,89.8673254
5y7y_ATM,2005-02-22,Normalized_Volatility,90.4936978
5y7y_ATM,2005-02-23,Normalized_Volatility,90.2816185
5y7y_ATM,2005-02-24,Normalized_Volatility,89.8265904
5y7y_ATM,2005-02-25,Normalized_Volatility,89.2371222
5y7y_ATM,2005-02-28,Normalized_Volatility,90.0566619
5y7y_ATM,2005-03-01,Normalized_Volatility,89.6274088
5y7y_ATM,2005-03-02,Normalized_Volatility,89.0968032
5y7y_ATM,2005-03-03,Normalized_Volatility,88.1262747
5y7y_ATM,2005-03-04,Normalized_Volatility,87.0782301
5y7y_ATM,2005-03-07,Normalized_Volatility,86.7129867
5y7y_ATM,2005-03-08,Normalized_Volatility,87.4432592
5y7y_ATM,2005-03-09,Normalized_Volatility,89.3534109
5y7y_ATM,2005-03-10,Normalized_Volatility,88.4359652
5y7y_ATM,2005-03-11,Normalized_Volatility,88.6874725
5y7y_ATM,2005-03-14,Normalized_Volatility,88.922256
5y7y_ATM,2005-03-15,Normalized_Volatility,89.0469675
5y7y_ATM,2005-03-16,Normalized_Volatility,89.6885052
5y7y_ATM,2005-03-17,Normalized_Volatility,89.5017669
5y7y_ATM,2005-03-18,Normalized_Volatility,89.6060805
5y7y_ATM,2005-03-21,Normalized_Volatility,90.314076
5y7y_ATM,2005-03-22,Normalized_Volatility,91.0428925
5y7y_ATM,2005-03-23,Normalized_Volatility,90.4135041
5y7y_ATM,2005-03-24,Normalized_Volatility,89.273018
5y7y_ATM,2005-03-28,Normalized_Volatility,89.363781
5y7y_ATM,2005-03-29,Normalized_Volatility,89.5789605
5y7y_ATM,2005-03-30,Normalized_Volatility,88.9130736
5y7y_ATM,2005-03-31,Normalized_Volatility,87.8482671
5y7y_ATM,2005-04-01,Normalized_Volatility,86.9927625
5y7y_ATM,2005-04-04,Normalized_Volatility,87.711632
5y7y_ATM,2005-04-05,Normalized_Volatility,87.7397537
5y7y_ATM,2005-04-06,Normalized_Volatility,87.9458023
5y7y_ATM,2005-04-07,Normalized_Volatility,89.26224
5y7y_ATM,2005-04-08,Normalized_Volatility,89.7550912
5y7y_ATM,2005-04-11,Normalized_Volatility,89.762127
5y7y_ATM,2005-04-12,Normalized_Volatility,88.6044744
5y7y_ATM,2005-04-13,Normalized_Volatility,88.774455
5y7y_ATM,2005-04-14,Normalized_Volatility,90.2505472
5y7y_ATM,2005-04-15,Normalized_Volatility,90.9148945
5y7y_ATM,2005-04-18,Normalized_Volatility,91.9021827
5y7y_ATM,2005-04-19,Normalized_Volatility,91.247233
5y7y_ATM,2005-04-20,Normalized_Volatility,91.4102588
5y7y_ATM,2005-04-21,Normalized_Volatility,90.577479
5y7y_ATM,2005-04-22,Normalized_Volatility,90.5820608
5y7y_ATM,2005-04-25,Normalized_Volatility,90.5808356
5y7y_ATM,2005-04-26,Normalized_Volatility,90.0939072
5y7y_ATM,2005-04-27,Normalized_Volatility,90.4301307
5y7y_ATM,2005-04-28,Normalized_Volatility,90.86275
5y7y_ATM,2005-04-29,Normalized_Volatility,91.17906
5y7y_ATM,2005-05-02,Normalized_Volatility,91.8984098
5y7y_ATM,2005-05-03,Normalized_Volatility,91.718196
5y7y_ATM,2005-05-04,Normalized_Volatility,91.4043414
5y7y_ATM,2005-05-05,Normalized_Volatility,91.08438
5y7y_ATM,2005-05-06,Normalized_Volatility,90.6330574
5y7y_ATM,2005-05-09,Normalized_Volatility,90.2975625
5y7y_ATM,2005-05-10,Normalized_Volatility,90.9678606
5y7y_ATM,2005-05-11,Normalized_Volatility,91.960212
5y7y_ATM,2005-05-12,Normalized_Volatility,91.7871504
5y7y_ATM,2005-05-13,Normalized_Volatility,92.1188436
5y7y_ATM,2005-05-16,Normalized_Volatility,92.650985
5y7y_ATM,2005-05-17,Normalized_Volatility,93.848524
5y7y_ATM,2005-05-18,Normalized_Volatility,93.9970603
5y7y_ATM,2005-05-19,Normalized_Volatility,92.3376744
5y7y_ATM,2005-05-20,Normalized_Volatility,91.690621
5y7y_ATM,2005-05-23,Normalized_Volatility,91.843235
5y7y_ATM,2005-05-24,Normalized_Volatility,91.8453478
5y7y_ATM,2005-05-25,Normalized_Volatility,91.3498838
5y7y_ATM,2005-05-26,Normalized_Volatility,90.8266293
5y7y_ATM,2005-05-27,Normalized_Volatility,90.737568
5y7y_ATM,2005-05-31,Normalized_Volatility,91.408702
5y7y_ATM,2005-06-01,Normalized_Volatility,91.9062432
5y7y_ATM,2005-06-02,Normalized_Volatility,92.0643689
5y7y_ATM,2005-06-03,Normalized_Volatility,92.2358316
5y7y_ATM,2005-06-06,Normalized_Volatility,92.5632288
5y7y_ATM,2005-06-07,Normalized_Volatility,93.068036
5y7y_ATM,2005-06-08,Normalized_Volatility,93.231039
5y7y_ATM,2005-06-09,Normalized_Volatility,93.73628
5y7y_ATM,2005-06-10,Normalized_Volatility,95.400936
5y7y_ATM,2005-06-13,Normalized_Volatility,95.0509314
5y7y_ATM,2005-06-14,Normalized_Volatility,93.722952
5y7y_ATM,2005-06-15,Normalized_Volatility,92.7302304
5y7y_ATM,2005-06-16,Normalized_Volatility,92.7269952
5y7y_ATM,2005-06-17,Normalized_Volatility,92.23104
5y7y_ATM,2005-06-20,Normalized_Volatility,91.7346692
5y7y_ATM,2005-06-21,Normalized_Volatility,92.0705687
5y7y_ATM,2005-06-22,Normalized_Volatility,93.229488
5y7y_ATM,2005-06-23,Normalized_Volatility,93.226732
5y7y_ATM,2005-06-24,Normalized_Volatility,94.0611096
5y7y_ATM,2005-06-27,Normalized_Volatility,93.8964705
5y7y_ATM,2005-06-28,Normalized_Volatility,93.741867
5y7y_ATM,2005-06-29,Normalized_Volatility,93.5580228
5y7y_ATM,2005-06-30,Normalized_Volatility,93.5567619
5y7y_ATM,2005-07-01,Normalized_Volatility,93.2307264
5y7y_ATM,2005-07-05,Normalized_Volatility,93.393248
5y7y_ATM,2005-07-06,Normalized_Volatility,93.7311
5y7y_ATM,2005-07-07,Normalized_Volatility,93.8908342
5y7y_ATM,2005-07-08,Normalized_Volatility,93.0598206
5y7y_ATM,2005-07-11,Normalized_Volatility,93.0631403
5y7y_ATM,2005-07-12,Normalized_Volatility,91.344091
5y7y_ATM,2005-07-13,Normalized_Volatility,91.6813152
5y7y_ATM,2005-07-14,Normalized_Volatility,91.1820003
5y7y_ATM,2005-07-15,Normalized_Volatility,91.018422
5y7y_ATM,2005-07-18,Normalized_Volatility,91.0188136
5y7y_ATM,2005-07-19,Normalized_Volatility,90.8532692
5y7y_ATM,2005-07-20,Normalized_Volatility,90.2021406
5y7y_ATM,2005-07-21,Normalized_Volatility,91.0202714
5y7y_ATM,2005-07-22,Normalized_Volatility,90.6933456
5y7y_ATM,2005-07-25,Normalized_Volatility,90.6962433
5y7y_ATM,2005-07-26,Normalized_Volatility,90.89254
5y7y_ATM,2005-07-27,Normalized_Volatility,90.3715525
5y7y_ATM,2005-07-28,Normalized_Volatility,89.8669474
5y7y_ATM,2005-07-29,Normalized_Volatility,90.360842
5y7y_ATM,2005-08-01,Normalized_Volatility,90.5285262
5y7y_ATM,2005-08-02,Normalized_Volatility,90.5286256
5y7y_ATM,2005-08-03,Normalized_Volatility,89.8742536
5y7y_ATM,2005-08-04,Normalized_Volatility,89.0500545
5y7y_ATM,2005-08-05,Normalized_Volatility,89.046681
5y7y_ATM,2005-08-08,Normalized_Volatility,89.3803857
5y7y_ATM,2005-08-09,Normalized_Volatility,89.2143504
5y7y_ATM,2005-08-10,Normalized_Volatility,89.3824704
5y7y_ATM,2005-08-11,Normalized_Volatility,89.0460279
5y7y_ATM,2005-08-12,Normalized_Volatility,90.032101
5y7y_ATM,2005-08-15,Normalized_Volatility,90.2025135
5y7y_ATM,2005-08-16,Normalized_Volatility,90.364133
5y7y_ATM,2005-08-17,Normalized_Volatility,90.6958668
5y7y_ATM,2005-08-18,Normalized_Volatility,91.3488678
5y7y_ATM,2005-08-19,Normalized_Volatility,91.3479444
5y7y_ATM,2005-08-22,Normalized_Volatility,91.5109932
5y7y_ATM,2005-08-23,Normalized_Volatility,91.022036
5y7y_ATM,2005-08-24,Normalized_Volatility,90.5306935
5y7y_ATM,2005-08-25,Normalized_Volatility,90.4818923
5y7y_ATM,2005-08-26,Normalized_Volatility,90.969613
5y7y_ATM,2005-08-29,Normalized_Volatility,91.4333456
5y7y_ATM,2005-08-30,Normalized_Volatility,91.679526
5y7y_ATM,2005-08-31,Normalized_Volatility,92.6655096
5y7y_ATM,2005-09-01,Normalized_Volatility,92.824443
5y7y_ATM,2005-09-02,Normalized_Volatility,92.4991392
5y7y_ATM,2005-09-06,Normalized_Volatility,92.501163
5y7y_ATM,2005-09-07,Normalized_Volatility,93.1588
5y7y_ATM,2005-09-08,Normalized_Volatility,93.9778917
5y7y_ATM,2005-09-09,Normalized_Volatility,93.6506683
5y7y_ATM,2005-09-12,Normalized_Volatility,93.3217791
5y7y_ATM,2005-09-13,Normalized_Volatility,93.816697
5y7y_ATM,2005-09-14,Normalized_Volatility,93.656531
5y7y_ATM,2005-09-15,Normalized_Volatility,93.319578
5y7y_ATM,2005-09-16,Normalized_Volatility,92.9957824
5y7y_ATM,2005-09-19,Normalized_Volatility,92.9937771
5y7y_ATM,2005-09-20,Normalized_Volatility,92.1757959
5y7y_ATM,2005-09-21,Normalized_Volatility,92.174564
5y7y_ATM,2005-09-22,Normalized_Volatility,91.6776297
5y7y_ATM,2005-09-23,Normalized_Volatility,92.1752232
5y7y_ATM,2005-09-26,Normalized_Volatility,92.1748074
5y7y_ATM,2005-09-27,Normalized_Volatility,92.5093386
5y7y_ATM,2005-09-28,Normalized_Volatility,92.6784225
5y7y_ATM,2005-09-29,Normalized_Volatility,92.6612416
5y7y_ATM,2005-09-30,Normalized_Volatility,92.500056
5y7y_ATM,2005-10-03,Normalized_Volatility,92.502592
5y7y_ATM,2005-10-04,Normalized_Volatility,92.1733263
5y7y_ATM,2005-10-05,Normalized_Volatility,91.6789571
5y7y_ATM,2005-10-06,Normalized_Volatility,92.0036675
5y7y_ATM,2005-10-07,Normalized_Volatility,91.5116868
5y7y_ATM,2005-10-11,Normalized_Volatility,91.517184
5y7y_ATM,2005-10-12,Normalized_Volatility,92.0123744
5y7y_ATM,2005-10-13,Normalized_Volatility,92.1767165
5y7y_ATM,2005-10-14,Normalized_Volatility,92.5030314
5y7y_ATM,2005-10-17,Normalized_Volatility,92.9968171
5y7y_ATM,2005-10-18,Normalized_Volatility,92.67027
5y7y_ATM,2005-10-19,Normalized_Volatility,92.6691315
5y7y_ATM,2005-10-20,Normalized_Volatility,92.6652897
5y7y_ATM,2005-10-21,Normalized_Volatility,92.1724309
5y7y_ATM,2005-10-24,Normalized_Volatility,92.16999
5y7y_ATM,2005-10-25,Normalized_Volatility,92.4999547
5y7y_ATM,2005-10-26,Normalized_Volatility,92.8286966
5y7y_ATM,2005-10-27,Normalized_Volatility,92.923819
5y7y_ATM,2005-10-28,Normalized_Volatility,92.8282948
5y7y_ATM,2005-10-31,Normalized_Volatility,93.4866272
5y7y_ATM,2005-11-01,Normalized_Volatility,93.4877396
5y7y_ATM,2005-11-02,Normalized_Volatility,93.9816148
5y7y_ATM,2005-11-03,Normalized_Volatility,95.454192
5y7y_ATM,2005-11-04,Normalized_Volatility,95.9500914
5y7y_ATM,2005-11-07,Normalized_Volatility,96.1145328
5y7y_ATM,2005-11-08,Normalized_Volatility,94.3980752
5y7y_ATM,2005-11-09,Normalized_Volatility,97.922054
5y7y_ATM,2005-11-10,Normalized_Volatility,97.7592777
5y7y_ATM,2005-11-14,Normalized_Volatility,98.0886366
5y7y_ATM,2005-11-15,Normalized_Volatility,98.0877354
5y7y_ATM,2005-11-16,Normalized_Volatility,98.093086
5y7y_ATM,2005-11-17,Normalized_Volatility,98.0838274
5y7y_ATM,2005-11-18,Normalized_Volatility,97.5928104
5y7y_ATM,2005-11-21,Normalized_Volatility,96.699976
5y7y_ATM,2005-11-22,Normalized_Volatility,96.207384
5y7y_ATM,2005-11-23,Normalized_Volatility,96.2062932
5y7y_ATM,2005-11-25,Normalized_Volatility,96.2164297
5y7y_ATM,2005-11-28,Normalized_Volatility,96.2246208
5y7y_ATM,2005-11-29,Normalized_Volatility,97.1968998
5y7y_ATM,2005-11-30,Normalized_Volatility,97.8535685
5y7y_ATM,2005-12-01,Normalized_Volatility,98.8336743
5y7y_ATM,2005-12-02,Normalized_Volatility,98.0143875
5y7y_ATM,2005-12-05,Normalized_Volatility,98.0135052
5y7y_ATM,2005-12-06,Normalized_Volatility,98.0180525
5y7y_ATM,2005-12-07,Normalized_Volatility,98.3449065
5y7y_ATM,2005-12-08,Normalized_Volatility,97.3606129
5y7y_ATM,2005-12-09,Normalized_Volatility,97.358336
5y7y_ATM,2005-12-12,Normalized_Volatility,97.5236595
5y7y_ATM,2005-12-13,Normalized_Volatility,96.869055
5y7y_ATM,2005-12-14,Normalized_Volatility,96.7053992
5y7y_ATM,2005-12-15,Normalized_Volatility,96.047865
5y7y_ATM,2005-12-16,Normalized_Volatility,95.7208755
5y7y_ATM,2005-12-19,Normalized_Volatility,94.899587
5y7y_ATM,2005-12-20,Normalized_Volatility,95.395438
5y7y_ATM,2005-12-21,Normalized_Volatility,95.3945755
5y7y_ATM,2005-12-22,Normalized_Volatility,95.143993
5y7y_ATM,2005-12-23,Normalized_Volatility,95.1842722
5y7y_ATM,2005-12-27,Normalized_Volatility,95.2653726
5y7y_ATM,2005-12-28,Normalized_Volatility,95.2247244
5y7y_ATM,2005-12-29,Normalized_Volatility,95.1829445
5y7y_ATM,2005-12-30,Normalized_Volatility,95.3858304
5y7y_ATM,2006-01-03,Normalized_Volatility,95.0651424
5y7y_ATM,2006-01-04,Normalized_Volatility,94.739664
5y7y_ATM,2006-01-05,Normalized_Volatility,93.9177406
5y7y_ATM,2006-01-06,Normalized_Volatility,93.2632272
5y7y_ATM,2006-01-09,Normalized_Volatility,91.78869
5y7y_ATM,2006-01-10,Normalized_Volatility,92.609426
5y7y_ATM,2006-01-11,Normalized_Volatility,92.935198
5y7y_ATM,2006-01-12,Normalized_Volatility,93.3590365
5y7y_ATM,2006-01-13,Normalized_Volatility,93.1995072
5y7y_ATM,2006-01-17,Normalized_Volatility,93.5251296
5y7y_ATM,2006-01-18,Normalized_Volatility,93.2036913
5y7y_ATM,2006-01-19,Normalized_Volatility,93.0338937
5y7y_ATM,2006-01-20,Normalized_Volatility,93.365529
5y7y_ATM,2006-01-23,Normalized_Volatility,93.856686
5y7y_ATM,2006-01-24,Normalized_Volatility,94.0197387
5y7y_ATM,2006-01-25,Normalized_Volatility,94.7970441
5y7y_ATM,2006-01-26,Normalized_Volatility,94.96207
5y7y_ATM,2006-01-27,Normalized_Volatility,94.679926
5y7y_ATM,2006-01-30,Normalized_Volatility,95.1596296
5y7y_ATM,2006-01-31,Normalized_Volatility,95.1613834
5y7y_ATM,2006-02-01,Normalized_Volatility,95.8207069
5y7y_ATM,2006-02-02,Normalized_Volatility,96.140604
5y7y_ATM,2006-02-03,Normalized_Volatility,95.3231545
5y7y_ATM,2006-02-06,Normalized_Volatility,95.6031683
5y7y_ATM,2006-02-07,Normalized_Volatility,96.140044
5y7y_ATM,2006-02-08,Normalized_Volatility,95.982726
5y7y_ATM,2006-02-09,Normalized_Volatility,95.6529652
5y7y_ATM,2006-02-10,Normalized_Volatility,95.0920464
5y7y_ATM,2006-02-13,Normalized_Volatility,94.767528
5y7y_ATM,2006-02-14,Normalized_Volatility,94.4380125
5y7y_ATM,2006-02-15,Normalized_Volatility,93.7896008
5y7y_ATM,2006-02-16,Normalized_Volatility,92.3217856
5y7y_ATM,2006-02-17,Normalized_Volatility,92.3193177
5y7y_ATM,2006-02-21,Normalized_Volatility,92.1596225
5y7y_ATM,2006-02-22,Normalized_Volatility,91.18326
5y7y_ATM,2006-02-23,Normalized_Volatility,91.3409849
5y7y_ATM,2006-02-24,Normalized_Volatility,89.7365007
5y7y_ATM,2006-02-27,Normalized_Volatility,89.5463004
5y7y_ATM,2006-02-28,Normalized_Volatility,90.5285035
5y7y_ATM,2006-03-01,Normalized_Volatility,91.0191466
5y7y_ATM,2006-03-02,Normalized_Volatility,92.645032
5y7y_ATM,2006-03-03,Normalized_Volatility,91.7734018
5y7y_ATM,2006-03-06,Normalized_Volatility,92.9082796
5y7y_ATM,2006-03-07,Normalized_Volatility,92.7454658
5y7y_ATM,2006-03-08,Normalized_Volatility,93.2369796
5y7y_ATM,2006-03-09,Normalized_Volatility,92.1996992
5y7y_ATM,2006-03-10,Normalized_Volatility,92.1977616
5y7y_ATM,2006-03-13,Normalized_Volatility,92.8438099
5y7y_ATM,2006-03-14,Normalized_Volatility,91.872144
5y7y_ATM,2006-03-15,Normalized_Volatility,92.3618808
5y7y_ATM,2006-03-16,Normalized_Volatility,91.8715035
5y7y_ATM,2006-03-17,Normalized_Volatility,92.0361897
5y7y_ATM,2006-03-20,Normalized_Volatility,91.7102744
5y7y_ATM,2006-03-21,Normalized_Volatility,91.7117274
5y7y_ATM,2006-03-22,Normalized_Volatility,91.5560145
5y7y_ATM,2006-03-23,Normalized_Volatility,91.7732224
5y7y_ATM,2006-03-24,Normalized_Volatility,91.610772
5y7y_ATM,2006-03-27,Normalized_Volatility,92.1325334
5y7y_ATM,2006-03-28,Normalized_Volatility,92.4511342
5y7y_ATM,2006-03-29,Normalized_Volatility,92.9801691
5y7y_ATM,2006-03-30,Normalized_Volatility,93.231776
5y7y_ATM,2006-03-31,Normalized_Volatility,92.7484686
5y7y_ATM,2006-04-03,Normalized_Volatility,92.585177
5y7y_ATM,2006-04-04,Normalized_Volatility,92.1950076
5y7y_ATM,2006-04-05,Normalized_Volatility,91.6505236
5y7y_ATM,2006-04-06,Normalized_Volatility,91.4830963
5y7y_ATM,2006-04-07,Normalized_Volatility,90.1898121
5y7y_ATM,2006-04-10,Normalized_Volatility,89.860816
5y7y_ATM,2006-04-11,Normalized_Volatility,89.7034623
5y7y_ATM,2006-04-12,Normalized_Volatility,90.1923618
5y7y_ATM,2006-04-13,Normalized_Volatility,90.5139508
5y7y_ATM,2006-04-17,Normalized_Volatility,89.0552848
5y7y_ATM,2006-04-18,Normalized_Volatility,88.7370712
5y7y_ATM,2006-04-19,Normalized_Volatility,87.767526
5y7y_ATM,2006-04-20,Normalized_Volatility,87.5620976
5y7y_ATM,2006-04-21,Normalized_Volatility,86.914863
5y7y_ATM,2006-04-24,Normalized_Volatility,87.2757276
5y7y_ATM,2006-04-25,Normalized_Volatility,87.2786088
5y7y_ATM,2006-04-26,Normalized_Volatility,87.6117372
5y7y_ATM,2006-04-27,Normalized_Volatility,86.7468888
5y7y_ATM,2006-04-28,Normalized_Volatility,86.5857728
5y7y_ATM,2006-05-01,Normalized_Volatility,86.4652344
5y7y_ATM,2006-05-02,Normalized_Volatility,86.9511868
5y7y_ATM,2006-05-03,Normalized_Volatility,87.9238188
5y7y_ATM,2006-05-04,Normalized_Volatility,87.7589174
5y7y_ATM,2006-05-05,Normalized_Volatility,87.757065
5y7y_ATM,2006-05-08,Normalized_Volatility,87.9196945
5y7y_ATM,2006-05-09,Normalized_Volatility,88.4017728
5y7y_ATM,2006-05-10,Normalized_Volatility,88.7375112
5y7y_ATM,2006-05-11,Normalized_Volatility,89.2179945
5y7y_ATM,2006-05-12,Normalized_Volatility,90.0286052
5y7y_ATM,2006-05-15,Normalized_Volatility,89.8633936
5y7y_ATM,2006-05-16,Normalized_Volatility,89.3816543
5y7y_ATM,2006-05-17,Normalized_Volatility,89.8710576
5y7y_ATM,2006-05-18,Normalized_Volatility,90.6712572
5y7y_ATM,2006-05-19,Normalized_Volatility,91.4809544
5y7y_ATM,2006-05-22,Normalized_Volatility,91.8024
5y7y_ATM,2006-05-23,Normalized_Volatility,91.159065
5y7y_ATM,2006-05-24,Normalized_Volatility,91.448653
5y7y_ATM,2006-05-25,Normalized_Volatility,91.3601232
5y7y_ATM,2006-05-26,Normalized_Volatility,91.3310346
5y7y_ATM,2006-05-30,Normalized_Volatility,90.9992352
5y7y_ATM,2006-05-31,Normalized_Volatility,91.326081
5y7y_ATM,2006-06-01,Normalized_Volatility,90.0285
5y7y_ATM,2006-06-02,Normalized_Volatility,89.867151
5y7y_ATM,2006-06-05,Normalized_Volatility,89.8673174
5y7y_ATM,2006-06-06,Normalized_Volatility,90.029082
5y7y_ATM,2006-06-07,Normalized_Volatility,89.708866
5y7y_ATM,2006-06-08,Normalized_Volatility,89.868693
5y7y_ATM,2006-06-09,Normalized_Volatility,89.3775997
5y7y_ATM,2006-06-12,Normalized_Volatility,88.8944925
5y7y_ATM,2006-06-13,Normalized_Volatility,88.4745147
5y7y_ATM,2006-06-14,Normalized_Volatility,88.5902912
5y7y_ATM,2006-06-15,Normalized_Volatility,88.5862318
5y7y_ATM,2006-06-16,Normalized_Volatility,88.9077696
5y7y_ATM,2006-06-19,Normalized_Volatility,88.749327
5y7y_ATM,2006-06-20,Normalized_Volatility,88.9121691
5y7y_ATM,2006-06-21,Normalized_Volatility,89.7030456
5y7y_ATM,2006-06-22,Normalized_Volatility,89.4638619
5y7y_ATM,2006-06-23,Normalized_Volatility,90.2634753
5y7y_ATM,2006-06-26,Normalized_Volatility,89.9276295
5y7y_ATM,2006-06-27,Normalized_Volatility,89.28479
5y7y_ATM,2006-06-28,Normalized_Volatility,89.3508208
5y7y_ATM,2006-06-29,Normalized_Volatility,89.1146384
5y7y_ATM,2006-06-30,Normalized_Volatility,89.1197279
5y7y_ATM,2006-07-03,Normalized_Volatility,89.1204336
5y7y_ATM,2006-07-05,Normalized_Volatility,89.4438015
5y7y_ATM,2006-07-06,Normalized_Volatility,89.117458
5y7y_ATM,2006-07-07,Normalized_Volatility,88.9607228
5y7y_ATM,2006-07-10,Normalized_Volatility,88.9569501
5y7y_ATM,2006-07-11,Normalized_Volatility,89.660601
5y7y_ATM,2006-07-12,Normalized_Volatility,89.499006
5y7y_ATM,2006-07-13,Normalized_Volatility,89.9825126
5y7y_ATM,2006-07-14,Normalized_Volatility,90.467928
5y7y_ATM,2006-07-17,Normalized_Volatility,90.464093
5y7y_ATM,2006-07-18,Normalized_Volatility,90.6282303
5y7y_ATM,2006-07-19,Normalized_Volatility,89.8230144
5y7y_ATM,2006-07-20,Normalized_Volatility,90.0428152
5y7y_ATM,2006-07-21,Normalized_Volatility,90.041081
5y7y_ATM,2006-07-24,Normalized_Volatility,89.3903902
5y7y_ATM,2006-07-25,Normalized_Volatility,89.069376
5y7y_ATM,2006-07-26,Normalized_Volatility,89.0753105
5y7y_ATM,2006-07-27,Normalized_Volatility,89.1607416
5y7y_ATM,2006-07-28,Normalized_Volatility,89.3918795
5y7y_ATM,2006-07-31,Normalized_Volatility,89.3920544
5y7y_ATM,2006-08-01,Normalized_Volatility,89.3958275
5y7y_ATM,2006-08-02,Normalized_Volatility,89.1257856
5y7y_ATM,2006-08-03,Normalized_Volatility,89.1236856
5y7y_ATM,2006-08-04,Normalized_Volatility,88.635331
5y7y_ATM,2006-08-07,Normalized_Volatility,88.3132441
5y7y_ATM,2006-08-08,Normalized_Volatility,87.5023149
5y7y_ATM,2006-08-09,Normalized_Volatility,86.8524858
5y7y_ATM,2006-08-10,Normalized_Volatility,87.0148892
5y7y_ATM,2006-08-11,Normalized_Volatility,87.1752319
5y7y_ATM,2006-08-14,Normalized_Volatility,87.012296
5y7y_ATM,2006-08-15,Normalized_Volatility,86.5263077
5y7y_ATM,2006-08-16,Normalized_Volatility,86.694432
5y7y_ATM,2006-08-17,Normalized_Volatility,86.5245175
5y7y_ATM,2006-08-18,Normalized_Volatility,86.523723
5y7y_ATM,2006-08-21,Normalized_Volatility,86.688448
5y7y_ATM,2006-08-22,Normalized_Volatility,87.340442
5y7y_ATM,2006-08-23,Normalized_Volatility,87.8282496
5y7y_ATM,2006-08-24,Normalized_Volatility,88.1048511
5y7y_ATM,2006-08-25,Normalized_Volatility,88.1027688
5y7y_ATM,2006-08-28,Normalized_Volatility,88.1333376
5y7y_ATM,2006-08-29,Normalized_Volatility,88.5528171
5y7y_ATM,2006-08-30,Normalized_Volatility,89.2879363
5y7y_ATM,2006-08-31,Normalized_Volatility,89.1255056
5y7y_ATM,2006-09-01,Normalized_Volatility,88.4752056
5y7y_ATM,2006-09-05,Normalized_Volatility,88.368544
5y7y_ATM,2006-09-06,Normalized_Volatility,88.2049168
5y7y_ATM,2006-09-07,Normalized_Volatility,88.20117
5y7y_ATM,2006-09-08,Normalized_Volatility,88.2815048
5y7y_ATM,2006-09-11,Normalized_Volatility,88.2860742
5y7y_ATM,2006-09-12,Normalized_Volatility,88.7033329
5y7y_ATM,2006-09-13,Normalized_Volatility,88.947816
5y7y_ATM,2006-09-14,Normalized_Volatility,88.9438956
5y7y_ATM,2006-09-15,Normalized_Volatility,88.4535652
5y7y_ATM,2006-09-18,Normalized_Volatility,88.2928244
5y7y_ATM,2006-09-19,Normalized_Volatility,88.621987
5y7y_ATM,2006-09-20,Normalized_Volatility,88.2940032
5y7y_ATM,2006-09-21,Normalized_Volatility,88.783128
5y7y_ATM,2006-09-22,Normalized_Volatility,91.0713267
5y7y_ATM,2006-09-25,Normalized_Volatility,91.7279136
5y7y_ATM,2006-09-26,Normalized_Volatility,90.7486272
5y7y_ATM,2006-09-27,Normalized_Volatility,90.755334
5y7y_ATM,2006-09-28,Normalized_Volatility,90.4195656
5y7y_ATM,2006-09-29,Normalized_Volatility,90.7450432
5y7y_ATM,2006-10-02,Normalized_Volatility,91.233805
5y7y_ATM,2006-10-03,Normalized_Volatility,90.907803
5y7y_ATM,2006-10-04,Normalized_Volatility,91.5656706
5y7y_ATM,2006-10-05,Normalized_Volatility,91.394664
5y7y_ATM,2006-10-06,Normalized_Volatility,90.7406461
5y7y_ATM,2006-10-10,Normalized_Volatility,89.762697
5y7y_ATM,2006-10-11,Normalized_Volatility,89.1142911
5y7y_ATM,2006-10-12,Normalized_Volatility,88.9472592
5y7y_ATM,2006-10-13,Normalized_Volatility,88.4565825
5y7y_ATM,2006-10-16,Normalized_Volatility,88.4519324
5y7y_ATM,2006-10-17,Normalized_Volatility,88.621827
5y7y_ATM,2006-10-18,Normalized_Volatility,88.130913
5y7y_ATM,2006-10-19,Normalized_Volatility,88.1304225
5y7y_ATM,2006-10-20,Normalized_Volatility,87.9668262
5y7y_ATM,2006-10-23,Normalized_Volatility,87.8029305
5y7y_ATM,2006-10-24,Normalized_Volatility,87.149783
5y7y_ATM,2006-10-25,Normalized_Volatility,86.950264
5y7y_ATM,2006-10-26,Normalized_Volatility,87.1807648
5y7y_ATM,2006-10-27,Normalized_Volatility,87.8077584
5y7y_ATM,2006-10-30,Normalized_Volatility,87.6377146
5y7y_ATM,2006-10-31,Normalized_Volatility,88.1264254
5y7y_ATM,2006-11-01,Normalized_Volatility,89.106966
5y7y_ATM,2006-11-02,Normalized_Volatility,88.4552238
5y7y_ATM,2006-11-03,Normalized_Volatility,87.8000228
5y7y_ATM,2006-11-06,Normalized_Volatility,87.1449477
5y7y_ATM,2006-11-07,Normalized_Volatility,87.5204775
5y7y_ATM,2006-11-08,Normalized_Volatility,87.3181056
5y7y_ATM,2006-11-09,Normalized_Volatility,86.5371036
5y7y_ATM,2006-11-10,Normalized_Volatility,87.1607952
5y7y_ATM,2006-11-13,Normalized_Volatility,86.94882
5y7y_ATM,2006-11-14,Normalized_Volatility,87.3584208
5y7y_ATM,2006-11-15,Normalized_Volatility,86.4597124
5y7y_ATM,2006-11-16,Normalized_Volatility,85.7987676
5y7y_ATM,2006-11-17,Normalized_Volatility,85.5561564
5y7y_ATM,2006-11-20,Normalized_Volatility,85.3914176
5y7y_ATM,2006-11-21,Normalized_Volatility,85.2189387
5y7y_ATM,2006-11-22,Normalized_Volatility,85.2225147
5y7y_ATM,2006-11-24,Normalized_Volatility,85.8844116
5y7y_ATM,2006-11-27,Normalized_Volatility,86.0464924
5y7y_ATM,2006-11-28,Normalized_Volatility,86.716789
5y7y_ATM,2006-11-29,Normalized_Volatility,86.3769984
5y7y_ATM,2006-11-30,Normalized_Volatility,86.5401056
5y7y_ATM,2006-12-01,Normalized_Volatility,86.8658148
5y7y_ATM,2006-12-04,Normalized_Volatility,86.7013499
5y7y_ATM,2006-12-05,Normalized_Volatility,85.8834528
5y7y_ATM,2006-12-06,Normalized_Volatility,85.396054
5y7y_ATM,2006-12-07,Normalized_Volatility,85.8813472
5y7y_ATM,2006-12-08,Normalized_Volatility,85.2320259
5y7y_ATM,2006-12-11,Normalized_Volatility,85.0668208
5y7y_ATM,2006-12-12,Normalized_Volatility,84.7345953
5y7y_ATM,2006-12-13,Normalized_Volatility,84.0824679
5y7y_ATM,2006-12-14,Normalized_Volatility,83.7516186
5y7y_ATM,2006-12-15,Normalized_Volatility,83.428596
5y7y_ATM,2006-12-18,Normalized_Volatility,83.2615948
5y7y_ATM,2006-12-19,Normalized_Volatility,83.263275
5y7y_ATM,2006-12-20,Normalized_Volatility,82.7706558
5y7y_ATM,2006-12-21,Normalized_Volatility,83.0599402
5y7y_ATM,2006-12-22,Normalized_Volatility,83.3882385
5y7y_ATM,2006-12-26,Normalized_Volatility,83.2890728
5y7y_ATM,2006-12-27,Normalized_Volatility,83.104217
5y7y_ATM,2006-12-28,Normalized_Volatility,82.604829
5y7y_ATM,2006-12-29,Normalized_Volatility,82.4377824
5y7y_ATM,2007-01-02,Normalized_Volatility,81.9285376
5y7y_ATM,2007-01-03,Normalized_Volatility,81.335592
5y7y_ATM,2007-01-04,Normalized_Volatility,81.0766021
5y7y_ATM,2007-01-05,Normalized_Volatility,79.4790711
5y7y_ATM,2007-01-08,Normalized_Volatility,79.2193296
5y7y_ATM,2007-01-09,Normalized_Volatility,78.5226574
5y7y_ATM,2007-01-10,Normalized_Volatility,78.4765584
5y7y_ATM,2007-01-11,Normalized_Volatility,78.607872
5y7y_ATM,2007-01-12,Normalized_Volatility,77.734325
5y7y_ATM,2007-01-16,Normalized_Volatility,76.854096
5y7y_ATM,2007-01-17,Normalized_Volatility,76.4156809
5y7y_ATM,2007-01-18,Normalized_Volatility,76.5717722
5y7y_ATM,2007-01-19,Normalized_Volatility,77.218191
5y7y_ATM,2007-01-22,Normalized_Volatility,77.4794053
5y7y_ATM,2007-01-23,Normalized_Volatility,77.021679
5y7y_ATM,2007-01-24,Normalized_Volatility,77.0506572
5y7y_ATM,2007-01-25,Normalized_Volatility,77.2213392
5y7y_ATM,2007-01-26,Normalized_Volatility,76.9951468
5y7y_ATM,2007-01-29,Normalized_Volatility,76.5076632
5y7y_ATM,2007-01-30,Normalized_Volatility,76.0450124
5y7y_ATM,2007-01-31,Normalized_Volatility,74.8163808
5y7y_ATM,2007-02-01,Normalized_Volatility,74.754382
5y7y_ATM,2007-02-02,Normalized_Volatility,73.629975
5y7y_ATM,2007-02-05,Normalized_Volatility,73.3789272
5y7y_ATM,2007-02-06,Normalized_Volatility,73.557967
5y7y_ATM,2007-02-07,Normalized_Volatility,74.4080915
5y7y_ATM,2007-02-08,Normalized_Volatility,74.0900832
5y7y_ATM,2007-02-09,Normalized_Volatility,73.9675706
5y7y_ATM,2007-02-12,Normalized_Volatility,73.4790853
5y7y_ATM,2007-02-13,Normalized_Volatility,73.5555507
5y7y_ATM,2007-02-14,Normalized_Volatility,74.2388868
5y7y_ATM,2007-02-15,Normalized_Volatility,75.0631266
5y7y_ATM,2007-02-16,Normalized_Volatility,75.9426932
5y7y_ATM,2007-02-20,Normalized_Volatility,76.9036564
5y7y_ATM,2007-02-21,Normalized_Volatility,75.7362816
5y7y_ATM,2007-02-22,Normalized_Volatility,75.2130732
5y7y_ATM,2007-02-23,Normalized_Volatility,75.9812625
5y7y_ATM,2007-02-26,Normalized_Volatility,76.981548
5y7y_ATM,2007-02-27,Normalized_Volatility,79.4783322
5y7y_ATM,2007-02-28,Normalized_Volatility,78.1753832
5y7y_ATM,2007-03-01,Normalized_Volatility,79.2162598
5y7y_ATM,2007-03-02,Normalized_Volatility,80.419186
5y7y_ATM,2007-03-05,Normalized_Volatility,80.4070125
5y7y_ATM,2007-03-06,Normalized_Volatility,78.8116839
5y7y_ATM,2007-03-07,Normalized_Volatility,79.1885134
5y7y_ATM,2007-03-08,Normalized_Volatility,78.33377
5y7y_ATM,2007-03-09,Normalized_Volatility,77.733808
5y7y_ATM,2007-03-12,Normalized_Volatility,77.4752034
5y7y_ATM,2007-03-13,Normalized_Volatility,78.3306293
5y7y_ATM,2007-03-14,Normalized_Volatility,78.54064
5y7y_ATM,2007-03-15,Normalized_Volatility,78.5658923
5y7y_ATM,2007-03-16,Normalized_Volatility,77.4357692
5y7y_ATM,2007-03-19,Normalized_Volatility,77.213152
5y7y_ATM,2007-03-20,Normalized_Volatility,76.9327186
5y7y_ATM,2007-03-21,Normalized_Volatility,76.7194376
5y7y_ATM,2007-03-22,Normalized_Volatility,77.2840376
5y7y_ATM,2007-03-23,Normalized_Volatility,77.1483496
5y7y_ATM,2007-03-26,Normalized_Volatility,77.3079784
5y7y_ATM,2007-03-27,Normalized_Volatility,77.764833
5y7y_ATM,2007-03-28,Normalized_Volatility,77.9274996
5y7y_ATM,2007-03-29,Normalized_Volatility,77.27881
5y7y_ATM,2007-03-30,Normalized_Volatility,77.4408446
5y7y_ATM,2007-04-02,Normalized_Volatility,77.1525367
5y7y_ATM,2007-04-03,Normalized_Volatility,76.9105616
5y7y_ATM,2007-04-04,Normalized_Volatility,77.3452132
5y7y_ATM,2007-04-05,Normalized_Volatility,76.8614616
5y7y_ATM,2007-04-09,Normalized_Volatility,75.680575
5y7y_ATM,2007-04-10,Normalized_Volatility,75.8554146
5y7y_ATM,2007-04-11,Normalized_Volatility,75.5779716
5y7y_ATM,2007-04-12,Normalized_Volatility,75.0813774
5y7y_ATM,2007-04-13,Normalized_Volatility,74.3753469
5y7y_ATM,2007-04-16,Normalized_Volatility,74.5519437
5y7y_ATM,2007-04-17,Normalized_Volatility,75.4424208
5y7y_ATM,2007-04-18,Normalized_Volatility,75.8909294
5y7y_ATM,2007-04-19,Normalized_Volatility,76.04968
5y7y_ATM,2007-04-20,Normalized_Volatility,76.6982566
5y7y_ATM,2007-04-23,Normalized_Volatility,76.6142198
5y7y_ATM,2007-04-24,Normalized_Volatility,76.6161792
5y7y_ATM,2007-04-25,Normalized_Volatility,76.5580599
5y7y_ATM,2007-04-26,Normalized_Volatility,76.0697028
5y7y_ATM,2007-04-27,Normalized_Volatility,76.0260528
5y7y_ATM,2007-04-30,Normalized_Volatility,76.4593212
5y7y_ATM,2007-05-01,Normalized_Volatility,76.3554622
5y7y_ATM,2007-05-02,Normalized_Volatility,76.2459327
5y7y_ATM,2007-05-03,Normalized_Volatility,76.3390936
5y7y_ATM,2007-05-04,Normalized_Volatility,76.2407772
5y7y_ATM,2007-05-07,Normalized_Volatility,76.6533812
5y7y_ATM,2007-05-08,Normalized_Volatility,76.966965
5y7y_ATM,2007-05-09,Normalized_Volatility,76.8901796
5y7y_ATM,2007-05-10,Normalized_Volatility,77.0058064
5y7y_ATM,2007-05-11,Normalized_Volatility,76.9179686
5y7y_ATM,2007-05-14,Normalized_Volatility,76.241232
5y7y_ATM,2007-05-15,Normalized_Volatility,76.15363
5y7y_ATM,2007-05-16,Normalized_Volatility,76.3678096
5y7y_ATM,2007-05-17,Normalized_Volatility,75.6690792
5y7y_ATM,2007-05-18,Normalized_Volatility,76.1142173
5y7y_ATM,2007-05-21,Normalized_Volatility,75.454245
5y7y_ATM,2007-05-22,Normalized_Volatility,74.9886162
5y7y_ATM,2007-05-23,Normalized_Volatility,75.270153
5y7y_ATM,2007-05-24,Normalized_Volatility,75.5571488
5y7y_ATM,2007-05-25,Normalized_Volatility,75.319134
5y7y_ATM,2007-05-29,Normalized_Volatility,75.5427288
5y7y_ATM,2007-05-30,Normalized_Volatility,75.90373
5y7y_ATM,2007-05-31,Normalized_Volatility,75.8179132
5y7y_ATM,2007-06-01,Normalized_Volatility,75.486762
5y7y_ATM,2007-06-04,Normalized_Volatility,75.4373048
5y7y_ATM,2007-06-05,Normalized_Volatility,75.1329226
5y7y_ATM,2007-06-06,Normalized_Volatility,75.7999128
5y7y_ATM,2007-06-07,Normalized_Volatility,77.7353226
5y7y_ATM,2007-06-08,Normalized_Volatility,78.764708
5y7y_ATM,2007-06-11,Normalized_Volatility,78.5383605
5y7y_ATM,2007-06-12,Normalized_Volatility,81.6254333
5y7y_ATM,2007-06-13,Normalized_Volatility,81.1198608
5y7y_ATM,2007-06-14,Normalized_Volatility,81.0097548
5y7y_ATM,2007-06-15,Normalized_Volatility,79.8299418
5y7y_ATM,2007-06-18,Normalized_Volatility,78.620256
5y7y_ATM,2007-06-19,Normalized_Volatility,79.4026623
5y7y_ATM,2007-06-20,Normalized_Volatility,80.1598651
5y7y_ATM,2007-06-21,Normalized_Volatility,80.6554792
5y7y_ATM,2007-06-22,Normalized_Volatility,80.9798348
5y7y_ATM,2007-06-25,Normalized_Volatility,80.8885876
5y7y_ATM,2007-06-26,Normalized_Volatility,81.0238275
5y7y_ATM,2007-06-27,Normalized_Volatility,81.4423809
5y7y_ATM,2007-06-28,Normalized_Volatility,81.2333585
5y7y_ATM,2007-06-29,Normalized_Volatility,81.8623428
5y7y_ATM,2007-07-02,Normalized_Volatility,82.4429606
5y7y_ATM,2007-07-03,Normalized_Volatility,82.47426
5y7y_ATM,2007-07-05,Normalized_Volatility,82.4620106
5y7y_ATM,2007-07-06,Normalized_Volatility,82.8014348
5y7y_ATM,2007-07-09,Normalized_Volatility,81.921444
5y7y_ATM,2007-07-10,Normalized_Volatility,83.618408
5y7y_ATM,2007-07-11,Normalized_Volatility,83.66785
5y7y_ATM,2007-07-12,Normalized_Volatility,83.4426045
5y7y_ATM,2007-07-13,Normalized_Volatility,83.533852
5y7y_ATM,2007-07-16,Normalized_Volatility,83.2462965
5y7y_ATM,2007-07-17,Normalized_Volatility,83.2851942
5y7y_ATM,2007-07-18,Normalized_Volatility,83.420041
5y7y_ATM,2007-07-19,Normalized_Volatility,83.395639
5y7y_ATM,2007-07-20,Normalized_Volatility,84.7891765
5y7y_ATM,2007-07-23,Normalized_Volatility,84.6800515
5y7y_ATM,2007-07-24,Normalized_Volatility,86.6471738
5y7y_ATM,2007-07-25,Normalized_Volatility,88.270312
5y7y_ATM,2007-07-26,Normalized_Volatility,92.1541008
5y7y_ATM,2007-07-27,Normalized_Volatility,93.7937286
5y7y_ATM,2007-07-30,Normalized_Volatility,92.96441
5y7y_ATM,2007-07-31,Normalized_Volatility,92.373579
5y7y_ATM,2007-08-01,Normalized_Volatility,90.952068
5y7y_ATM,2007-08-02,Normalized_Volatility,89.526978
5y7y_ATM,2007-08-03,Normalized_Volatility,90.3386658
5y7y_ATM,2007-08-06,Normalized_Volatility,90.5969452
5y7y_ATM,2007-08-07,Normalized_Volatility,88.2804135
5y7y_ATM,2007-08-08,Normalized_Volatility,87.8255583
5y7y_ATM,2007-08-09,Normalized_Volatility,90.5562141
5y7y_ATM,2007-08-10,Normalized_Volatility,90.6927168
5y7y_ATM,2007-08-13,Normalized_Volatility,90.077547
5y7y_ATM,2007-08-14,Normalized_Volatility,90.2724516
5y7y_ATM,2007-08-15,Normalized_Volatility,90.7552539
5y7y_ATM,2007-08-16,Normalized_Volatility,93.6909312
5y7y_ATM,2007-08-17,Normalized_Volatility,91.3147072
5y7y_ATM,2007-08-20,Normalized_Volatility,91.0309568
5y7y_ATM,2007-08-21,Normalized_Volatility,91.3363968
5y7y_ATM,2007-08-22,Normalized_Volatility,90.2299728
5y7y_ATM,2007-08-23,Normalized_Volatility,88.2812952
5y7y_ATM,2007-08-24,Normalized_Volatility,86.5644192
5y7y_ATM,2007-08-27,Normalized_Volatility,86.3136459
5y7y_ATM,2007-08-28,Normalized_Volatility,87.5865012
5y7y_ATM,2007-08-29,Normalized_Volatility,87.8697841
5y7y_ATM,2007-08-30,Normalized_Volatility,88.0828379
5y7y_ATM,2007-08-31,Normalized_Volatility,87.9550371
5y7y_ATM,2007-09-04,Normalized_Volatility,87.6818136
5y7y_ATM,2007-09-05,Normalized_Volatility,88.1583179
5y7y_ATM,2007-09-06,Normalized_Volatility,87.3426276
5y7y_ATM,2007-09-07,Normalized_Volatility,88.9096253
5y7y_ATM,2007-09-10,Normalized_Volatility,90.4132719
5y7y_ATM,2007-09-11,Normalized_Volatility,91.6904754
5y7y_ATM,2007-09-12,Normalized_Volatility,92.5940091
5y7y_ATM,2007-09-13,Normalized_Volatility,91.6741318
5y7y_ATM,2007-09-14,Normalized_Volatility,91.0380208
5y7y_ATM,2007-09-17,Normalized_Volatility,90.6176125
5y7y_ATM,2007-09-18,Normalized_Volatility,89.9817201
5y7y_ATM,2007-09-19,Normalized_Volatility,89.2188284
5y7y_ATM,2007-09-20,Normalized_Volatility,90.2232444
5y7y_ATM,2007-09-21,Normalized_Volatility,90.6842684
5y7y_ATM,2007-09-24,Normalized_Volatility,90.39936
5y7y_ATM,2007-09-25,Normalized_Volatility,91.3007046
5y7y_ATM,2007-09-26,Normalized_Volatility,91.0344659
5y7y_ATM,2007-09-27,Normalized_Volatility,91.2665088
5y7y_ATM,2007-09-28,Normalized_Volatility,90.9142656
5y7y_ATM,2007-10-01,Normalized_Volatility,90.6575257
5y7y_ATM,2007-10-02,Normalized_Volatility,89.858313
5y7y_ATM,2007-10-03,Normalized_Volatility,89.0150768
5y7y_ATM,2007-10-04,Normalized_Volatility,89.3492289
5y7y_ATM,2007-10-05,Normalized_Volatility,89.3997867
5y7y_ATM,2007-10-09,Normalized_Volatility,88.0417872
5y7y_ATM,2007-10-10,Normalized_Volatility,86.701283
5y7y_ATM,2007-10-11,Normalized_Volatility,85.9799448
5y7y_ATM,2007-10-12,Normalized_Volatility,85.0721711
5y7y_ATM,2007-10-15,Normalized_Volatility,84.8493877
5y7y_ATM,2007-10-16,Normalized_Volatility,86.3262582
5y7y_ATM,2007-10-17,Normalized_Volatility,88.1186712
5y7y_ATM,2007-10-18,Normalized_Volatility,88.438308
5y7y_ATM,2007-10-19,Normalized_Volatility,89.0165353
5y7y_ATM,2007-10-22,Normalized_Volatility,89.7711482
5y7y_ATM,2007-10-23,Normalized_Volatility,89.474001
5y7y_ATM,2007-10-24,Normalized_Volatility,90.3363864
5y7y_ATM,2007-10-25,Normalized_Volatility,90.887214
5y7y_ATM,2007-10-26,Normalized_Volatility,90.200847
5y7y_ATM,2007-10-29,Normalized_Volatility,90.07856
5y7y_ATM,2007-10-30,Normalized_Volatility,88.671534
5y7y_ATM,2007-10-31,Normalized_Volatility,87.3368495
5y7y_ATM,2007-11-01,Normalized_Volatility,89.069214
5y7y_ATM,2007-11-02,Normalized_Volatility,89.571895
5y7y_ATM,2007-11-05,Normalized_Volatility,89.7896314
5y7y_ATM,2007-11-06,Normalized_Volatility,89.831493
5y7y_ATM,2007-11-07,Normalized_Volatility,92.2206816
5y7y_ATM,2007-11-08,Normalized_Volatility,94.9916916
5y7y_ATM,2007-11-09,Normalized_Volatility,94.8318009
5y7y_ATM,2007-11-13,Normalized_Volatility,93.3885164
5y7y_ATM,2007-11-14,Normalized_Volatility,92.5631232
5y7y_ATM,2007-11-15,Normalized_Volatility,94.4787164
5y7y_ATM,2007-11-16,Normalized_Volatility,93.8733516
5y7y_ATM,2007-11-19,Normalized_Volatility,95.313174
5y7y_ATM,2007-11-20,Normalized_Volatility,96.22541
5y7y_ATM,2007-11-21,Normalized_Volatility,97.8158142
5y7y_ATM,2007-11-23,Normalized_Volatility,97.9167792
5y7y_ATM,2007-11-26,Normalized_Volatility,100.226522
5y7y_ATM,2007-11-27,Normalized_Volatility,102.34773
5y7y_ATM,2007-11-28,Normalized_Volatility,100.5702174
5y7y_ATM,2007-11-29,Normalized_Volatility,100.550423
5y7y_ATM,2007-11-30,Normalized_Volatility,97.936986
5y7y_ATM,2007-12-03,Normalized_Volatility,97.899314
5y7y_ATM,2007-12-04,Normalized_Volatility,97.2860499
5y7y_ATM,2007-12-05,Normalized_Volatility,96.4071792
5y7y_ATM,2007-12-06,Normalized_Volatility,95.2482336
5y7y_ATM,2007-12-07,Normalized_Volatility,95.655662
5y7y_ATM,2007-12-10,Normalized_Volatility,94.4298565
5y7y_ATM,2007-12-11,Normalized_Volatility,94.9521305
5y7y_ATM,2007-12-12,Normalized_Volatility,93.822318
5y7y_ATM,2007-12-13,Normalized_Volatility,93.5133261
5y7y_ATM,2007-12-14,Normalized_Volatility,93.0744438
5y7y_ATM,2007-12-17,Normalized_Volatility,93.442525
5y7y_ATM,2007-12-18,Normalized_Volatility,93.6605219
5y7y_ATM,2007-12-19,Normalized_Volatility,94.033734
5y7y_ATM,2007-12-20,Normalized_Volatility,95.2058624
5y7y_ATM,2007-12-21,Normalized_Volatility,95.0170434
5y7y_ATM,2007-12-24,Normalized_Volatility,95.004129
5y7y_ATM,2007-12-26,Normalized_Volatility,95.0729794
5y7y_ATM,2007-12-27,Normalized_Volatility,95.4261468
5y7y_ATM,2007-12-28,Normalized_Volatility,96.532499
5y7y_ATM,2007-12-31,Normalized_Volatility,97.2854128
5y7y_ATM,2008-01-02,Normalized_Volatility,97.7804368
5y7y_ATM,2008-01-03,Normalized_Volatility,97.25256
5y7y_ATM,2008-01-04,Normalized_Volatility,97.001041
5y7y_ATM,2008-01-07,Normalized_Volatility,95.67239
5y7y_ATM,2008-01-08,Normalized_Volatility,93.9909468
5y7y_ATM,2008-01-09,Normalized_Volatility,95.3932392
5y7y_ATM,2008-01-10,Normalized_Volatility,94.427454
5y7y_ATM,2008-01-11,Normalized_Volatility,94.4208462
5y7y_ATM,2008-01-14,Normalized_Volatility,95.060295
5y7y_ATM,2008-01-15,Normalized_Volatility,95.496507
5y7y_ATM,2008-01-16,Normalized_Volatility,95.2925544
5y7y_ATM,2008-01-17,Normalized_Volatility,95.5515962
5y7y_ATM,2008-01-18,Normalized_Volatility,96.236888
5y7y_ATM,2008-01-22,Normalized_Volatility,96.926148
5y7y_ATM,2008-01-23,Normalized_Volatility,99.3646044
5y7y_ATM,2008-01-24,Normalized_Volatility,100.232704
5y7y_ATM,2008-01-25,Normalized_Volatility,101.1848704
5y7y_ATM,2008-01-28,Normalized_Volatility,99.662888
5y7y_ATM,2008-01-29,Normalized_Volatility,99.0660704
5y7y_ATM,2008-01-30,Normalized_Volatility,97.4115895
5y7y_ATM,2008-01-31,Normalized_Volatility,98.7341838
5y7y_ATM,2008-02-01,Normalized_Volatility,97.9311466
5y7y_ATM,2008-02-04,Normalized_Volatility,97.5856032
5y7y_ATM,2008-02-05,Normalized_Volatility,98.1875737
5y7y_ATM,2008-02-06,Normalized_Volatility,98.5302829
5y7y_ATM,2008-02-07,Normalized_Volatility,99.049367
5y7y_ATM,2008-02-08,Normalized_Volatility,99.0628288
5y7y_ATM,2008-02-11,Normalized_Volatility,99.9350253
5y7y_ATM,2008-02-12,Normalized_Volatility,99.3290584
5y7y_ATM,2008-02-13,Normalized_Volatility,100.599318
5y7y_ATM,2008-02-14,Normalized_Volatility,103.2716796
5y7y_ATM,2008-02-15,Normalized_Volatility,104.4883962
5y7y_ATM,2008-02-19,Normalized_Volatility,104.3864087
5y7y_ATM,2008-02-20,Normalized_Volatility,104.4623898
5y7y_ATM,2008-02-21,Normalized_Volatility,105.6653087
5y7y_ATM,2008-02-22,Normalized_Volatility,105.8953365
5y7y_ATM,2008-02-25,Normalized_Volatility,106.8699675
5y7y_ATM,2008-02-26,Normalized_Volatility,105.4880532
5y7y_ATM,2008-02-27,Normalized_Volatility,104.3030016
5y7y_ATM,2008-02-28,Normalized_Volatility,103.564582
5y7y_ATM,2008-02-29,Normalized_Volatility,105.6070614
5y7y_ATM,2008-03-03,Normalized_Volatility,106.0035819
5y7y_ATM,2008-03-04,Normalized_Volatility,109.0096854
5y7y_ATM,2008-03-05,Normalized_Volatility,107.5254202
5y7y_ATM,2008-03-06,Normalized_Volatility,109.9510776
5y7y_ATM,2008-03-07,Normalized_Volatility,110.26638
5y7y_ATM,2008-03-10,Normalized_Volatility,110.3422375
5y7y_ATM,2008-03-11,Normalized_Volatility,107.682704
5y7y_ATM,2008-03-12,Normalized_Volatility,106.3814448
5y7y_ATM,2008-03-13,Normalized_Volatility,107.0202972
5y7y_ATM,2008-03-14,Normalized_Volatility,108.5824378
5y7y_ATM,2008-03-17,Normalized_Volatility,108.5755824
5y7y_ATM,2008-03-18,Normalized_Volatility,105.2701949
5y7y_ATM,2008-03-19,Normalized_Volatility,102.4170938
5y7y_ATM,2008-03-20,Normalized_Volatility,103.229724
5y7y_ATM,2008-03-24,Normalized_Volatility,103.7988994
5y7y_ATM,2008-03-25,Normalized_Volatility,104.224076
5y7y_ATM,2008-03-26,Normalized_Volatility,103.4037078
5y7y_ATM,2008-03-27,Normalized_Volatility,103.4438353
5y7y_ATM,2008-03-28,Normalized_Volatility,101.1878382
5y7y_ATM,2008-03-31,Normalized_Volatility,100.9599914
5y7y_ATM,2008-04-01,Normalized_Volatility,99.5096187
5y7y_ATM,2008-04-02,Normalized_Volatility,98.5465572
5y7y_ATM,2008-04-03,Normalized_Volatility,98.0082159
5y7y_ATM,2008-04-04,Normalized_Volatility,98.46144
5y7y_ATM,2008-04-07,Normalized_Volatility,99.299457
5y7y_ATM,2008-04-08,Normalized_Volatility,98.2895848
5y7y_ATM,2008-04-09,Normalized_Volatility,97.9349699
5y7y_ATM,2008-04-10,Normalized_Volatility,99.6959138
5y7y_ATM,2008-04-11,Normalized_Volatility,101.2901751
5y7y_ATM,2008-04-14,Normalized_Volatility,100.3211432
5y7y_ATM,2008-04-15,Normalized_Volatility,100.209832
5y7y_ATM,2008-04-16,Normalized_Volatility,102.9759471
5y7y_ATM,2008-04-17,Normalized_Volatility,103.1204655
5y7y_ATM,2008-04-18,Normalized_Volatility,101.4617722
5y7y_ATM,2008-04-21,Normalized_Volatility,99.8640114
5y7y_ATM,2008-04-22,Normalized_Volatility,99.817866
5y7y_ATM,2008-04-23,Normalized_Volatility,99.7281812
5y7y_ATM,2008-04-24,Normalized_Volatility,100.4539899
5y7y_ATM,2008-04-25,Normalized_Volatility,100.0626454
5y7y_ATM,2008-04-28,Normalized_Volatility,99.8457598
5y7y_ATM,2008-04-29,Normalized_Volatility,99.6369108
5y7y_ATM,2008-04-30,Normalized_Volatility,98.2905884
5y7y_ATM,2008-05-01,Normalized_Volatility,96.1713156
5y7y_ATM,2008-05-02,Normalized_Volatility,93.8890688
5y7y_ATM,2008-05-05,Normalized_Volatility,93.8639394
5y7y_ATM,2008-05-06,Normalized_Volatility,94.9359208
5y7y_ATM,2008-05-07,Normalized_Volatility,95.4317988
5y7y_ATM,2008-05-08,Normalized_Volatility,97.5029298
5y7y_ATM,2008-05-09,Normalized_Volatility,99.1792982
5y7y_ATM,2008-05-12,Normalized_Volatility,99.374526
5y7y_ATM,2008-05-13,Normalized_Volatility,99.16423
5y7y_ATM,2008-05-14,Normalized_Volatility,98.1127985
5y7y_ATM,2008-05-15,Normalized_Volatility,96.2390706
5y7y_ATM,2008-05-16,Normalized_Volatility,95.2233915
5y7y_ATM,2008-05-19,Normalized_Volatility,93.6167808
5y7y_ATM,2008-05-20,Normalized_Volatility,94.043724
5y7y_ATM,2008-05-21,Normalized_Volatility,94.129147
5y7y_ATM,2008-05-22,Normalized_Volatility,94.7011422
5y7y_ATM,2008-05-23,Normalized_Volatility,94.4157632
5y7y_ATM,2008-05-27,Normalized_Volatility,94.9125814
5y7y_ATM,2008-05-28,Normalized_Volatility,94.02096
5y7y_ATM,2008-05-29,Normalized_Volatility,94.3394912
5y7y_ATM,2008-05-30,Normalized_Volatility,93.820628
5y7y_ATM,2008-06-02,Normalized_Volatility,94.5167817
5y7y_ATM,2008-06-03,Normalized_Volatility,94.5523493
5y7y_ATM,2008-06-04,Normalized_Volatility,94.9615224
5y7y_ATM,2008-06-05,Normalized_Volatility,95.1949104
5y7y_ATM,2008-06-06,Normalized_Volatility,99.6074992
5y7y_ATM,2008-06-09,Normalized_Volatility,101.745386
5y7y_ATM,2008-06-10,Normalized_Volatility,99.5682607
5y7y_ATM,2008-06-11,Normalized_Volatility,97.3175591
5y7y_ATM,2008-06-12,Normalized_Volatility,97.2632512
5y7y_ATM,2008-06-13,Normalized_Volatility,98.1103192
5y7y_ATM,2008-06-16,Normalized_Volatility,97.3522542
5y7y_ATM,2008-06-17,Normalized_Volatility,97.185306
5y7y_ATM,2008-06-18,Normalized_Volatility,96.3852624
5y7y_ATM,2008-06-19,Normalized_Volatility,96.6620292
5y7y_ATM,2008-06-20,Normalized_Volatility,97.98316
5y7y_ATM,2008-06-23,Normalized_Volatility,99.030599
5y7y_ATM,2008-06-24,Normalized_Volatility,99.5606452
5y7y_ATM,2008-06-25,Normalized_Volatility,100.030659
5y7y_ATM,2008-06-26,Normalized_Volatility,102.076407
5y7y_ATM,2008-06-27,Normalized_Volatility,102.1452222
5y7y_ATM,2008-06-30,Normalized_Volatility,102.4739768
5y7y_ATM,2008-07-01,Normalized_Volatility,102.6576484
5y7y_ATM,2008-07-02,Normalized_Volatility,102.3311703
5y7y_ATM,2008-07-03,Normalized_Volatility,101.5783766
5y7y_ATM,2008-07-07,Normalized_Volatility,101.337969
5y7y_ATM,2008-07-08,Normalized_Volatility,101.338904
5y7y_ATM,2008-07-09,Normalized_Volatility,101.3783259
5y7y_ATM,2008-07-10,Normalized_Volatility,101.570232
5y7y_ATM,2008-07-11,Normalized_Volatility,102.5862736
5y7y_ATM,2008-07-14,Normalized_Volatility,102.6974065
5y7y_ATM,2008-07-15,Normalized_Volatility,102.1469487
5y7y_ATM,2008-07-16,Normalized_Volatility,100.5872932
5y7y_ATM,2008-07-17,Normalized_Volatility,100.2088045
5y7y_ATM,2008-07-18,Normalized_Volatility,100.4527964
5y7y_ATM,2008-07-21,Normalized_Volatility,99.818496
5y7y_ATM,2008-07-22,Normalized_Volatility,98.476433
5y7y_ATM,2008-07-23,Normalized_Volatility,98.3821254
5y7y_ATM,2008-07-24,Normalized_Volatility,97.945904
5y7y_ATM,2008-07-25,Normalized_Volatility,97.8580608
5y7y_ATM,2008-07-28,Normalized_Volatility,97.8568363
5y7y_ATM,2008-07-29,Normalized_Volatility,98.0124055
5y7y_ATM,2008-07-30,Normalized_Volatility,96.6638439
5y7y_ATM,2008-07-31,Normalized_Volatility,96.2431744
5y7y_ATM,2008-08-01,Normalized_Volatility,95.3012352
5y7y_ATM,2008-08-04,Normalized_Volatility,95.1747357
5y7y_ATM,2008-08-05,Normalized_Volatility,95.5720066
5y7y_ATM,2008-08-06,Normalized_Volatility,95.628764
5y7y_ATM,2008-08-07,Normalized_Volatility,95.1104908
5y7y_ATM,2008-08-08,Normalized_Volatility,95.023104
5y7y_ATM,2008-08-11,Normalized_Volatility,94.526481
5y7y_ATM,2008-08-12,Normalized_Volatility,94.9763799
5y7y_ATM,2008-08-13,Normalized_Volatility,95.719666
5y7y_ATM,2008-08-14,Normalized_Volatility,95.5489832
5y7y_ATM,2008-08-15,Normalized_Volatility,95.6686815
5y7y_ATM,2008-08-18,Normalized_Volatility,96.27384
5y7y_ATM,2008-08-19,Normalized_Volatility,96.7037775
5y7y_ATM,2008-08-20,Normalized_Volatility,98.4664359
5y7y_ATM,2008-08-21,Normalized_Volatility,99.1469685
5y7y_ATM,2008-08-22,Normalized_Volatility,98.537439
5y7y_ATM,2008-08-25,Normalized_Volatility,99.122556
5y7y_ATM,2008-08-26,Normalized_Volatility,98.893755
5y7y_ATM,2008-08-27,Normalized_Volatility,98.1542886
5y7y_ATM,2008-08-28,Normalized_Volatility,98.4659377
5y7y_ATM,2008-08-29,Normalized_Volatility,98.284725
5y7y_ATM,2008-09-02,Normalized_Volatility,98.64318
5y7y_ATM,2008-09-03,Normalized_Volatility,98.8013312
5y7y_ATM,2008-09-04,Normalized_Volatility,100.2266261
5y7y_ATM,2008-09-05,Normalized_Volatility,99.6874736
5y7y_ATM,2008-09-08,Normalized_Volatility,98.1157962
5y7y_ATM,2008-09-09,Normalized_Volatility,98.5431851
5y7y_ATM,2008-09-10,Normalized_Volatility,98.3771208
5y7y_ATM,2008-09-11,Normalized_Volatility,98.225253
5y7y_ATM,2008-09-12,Normalized_Volatility,97.9341168
5y7y_ATM,2008-09-15,Normalized_Volatility,102.1629408
5y7y_ATM,2008-09-16,Normalized_Volatility,107.4466128
5y7y_ATM,2008-09-17,Normalized_Volatility,106.9616664
5y7y_ATM,2008-09-18,Normalized_Volatility,107.1198018
5y7y_ATM,2008-09-19,Normalized_Volatility,102.7011606
5y7y_ATM,2008-09-22,Normalized_Volatility,100.37572
5y7y_ATM,2008-09-23,Normalized_Volatility,100.365941
5y7y_ATM,2008-09-24,Normalized_Volatility,104.2965915
5y7y_ATM,2008-09-25,Normalized_Volatility,104.773428
5y7y_ATM,2008-09-26,Normalized_Volatility,104.1490932
5y7y_ATM,2008-09-29,Normalized_Volatility,108.9183406
5y7y_ATM,2008-09-30,Normalized_Volatility,109.4972204
5y7y_ATM,2008-10-01,Normalized_Volatility,109.4983132
5y7y_ATM,2008-10-02,Normalized_Volatility,110.358577
5y7y_ATM,2008-10-03,Normalized_Volatility,110.3495582
5y7y_ATM,2008-10-06,Normalized_Volatility,110.694948
5y7y_ATM,2008-10-07,Normalized_Volatility,116.9791536
5y7y_ATM,2008-10-08,Normalized_Volatility,115.796324
5y7y_ATM,2008-10-09,Normalized_Volatility,122.101716
5y7y_ATM,2008-10-10,Normalized_Volatility,131.6950089
5y7y_ATM,2008-10-14,Normalized_Volatility,131.717856
5y7y_ATM,2008-10-15,Normalized_Volatility,120.335211
5y7y_ATM,2008-10-16,Normalized_Volatility,121.567312
5y7y_ATM,2008-10-17,Normalized_Volatility,118.243238
5y7y_ATM,2008-10-20,Normalized_Volatility,114.7810952
5y7y_ATM,2008-10-21,Normalized_Volatility,114.2489348
5y7y_ATM,2008-10-22,Normalized_Volatility,114.7960944
5y7y_ATM,2008-10-23,Normalized_Volatility,120.7702584
5y7y_ATM,2008-10-24,Normalized_Volatility,120.2031136
5y7y_ATM,2008-10-27,Normalized_Volatility,119.703045
5y7y_ATM,2008-10-28,Normalized_Volatility,118.1110492
5y7y_ATM,2008-10-29,Normalized_Volatility,113.9737824
5y7y_ATM,2008-10-30,Normalized_Volatility,111.719643
5y7y_ATM,2008-10-31,Normalized_Volatility,112.1839492
5y7y_ATM,2008-11-03,Normalized_Volatility,111.924384
5y7y_ATM,2008-11-04,Normalized_Volatility,110.898892
5y7y_ATM,2008-11-05,Normalized_Volatility,113.7158528
5y7y_ATM,2008-11-06,Normalized_Volatility,114.4144197
5y7y_ATM,2008-11-07,Normalized_Volatility,115.689581
5y7y_ATM,2008-11-10,Normalized_Volatility,117.1483222
5y7y_ATM,2008-11-12,Normalized_Volatility,116.0343048
5y7y_ATM,2008-11-13,Normalized_Volatility,117.556464
5y7y_ATM,2008-11-14,Normalized_Volatility,123.1590672
5y7y_ATM,2008-11-17,Normalized_Volatility,126.8011624
5y7y_ATM,2008-11-18,Normalized_Volatility,131.9866698776
5y7y_ATM,2008-11-19,Normalized_Volatility,138.5561819954
5y7y_ATM,2008-11-20,Normalized_Volatility,145.715513785
5y7y_ATM,2008-11-21,Normalized_Volatility,137.9457088152
5y7y_ATM,2008-11-24,Normalized_Volatility,125.9607257456
5y7y_ATM,2008-11-25,Normalized_Volatility,125.5788616914
5y7y_ATM,2008-11-26,Normalized_Volatility,126.112245007
5y7y_ATM,2008-11-28,Normalized_Volatility,126.3395012972
5y7y_ATM,2008-12-01,Normalized_Volatility,123.705876495
5y7y_ATM,2008-12-02,Normalized_Volatility,116.0885882268
5y7y_ATM,2008-12-03,Normalized_Volatility,113.625039301
5y7y_ATM,2008-12-04,Normalized_Volatility,116.4818299743
5y7y_ATM,2008-12-05,Normalized_Volatility,118.4456250342
5y7y_ATM,2008-12-08,Normalized_Volatility,117.7690132848
5y7y_ATM,2008-12-09,Normalized_Volatility,118.512313416
5y7y_ATM,2008-12-10,Normalized_Volatility,119.1914103
5y7y_ATM,2008-12-11,Normalized_Volatility,121.413616419
5y7y_ATM,2008-12-12,Normalized_Volatility,121.1445779882
5y7y_ATM,2008-12-15,Normalized_Volatility,116.926955546
5y7y_ATM,2008-12-16,Normalized_Volatility,106.7439406138
5y7y_ATM,2008-12-17,Normalized_Volatility,99.2821735605
5y7y_ATM,2008-12-18,Normalized_Volatility,100.7505261632
5y7y_ATM,2008-12-19,Normalized_Volatility,100.8839992266
5y7y_ATM,2008-12-22,Normalized_Volatility,101.95843915
5y7y_ATM,2008-12-23,Normalized_Volatility,102.0899249884
5y7y_ATM,2008-12-24,Normalized_Volatility,102.0093085795
5y7y_ATM,2008-12-26,Normalized_Volatility,102.978301536
5y7y_ATM,2008-12-29,Normalized_Volatility,103.565363825
5y7y_ATM,2008-12-30,Normalized_Volatility,102.492635082
5y7y_ATM,2008-12-31,Normalized_Volatility,102.2583075275
5y7y_ATM,2009-01-02,Normalized_Volatility,101.6330614076
5y7y_ATM,2009-01-05,Normalized_Volatility,100.3720097037
5y7y_ATM,2009-01-06,Normalized_Volatility,99.3234326448
5y7y_ATM,2009-01-07,Normalized_Volatility,98.0469665026
5y7y_ATM,2009-01-08,Normalized_Volatility,96.5978316612
5y7y_ATM,2009-01-09,Normalized_Volatility,94.7552081931
5y7y_ATM,2009-01-12,Normalized_Volatility,94.8643235818
5y7y_ATM,2009-01-13,Normalized_Volatility,93.6971065784
5y7y_ATM,2009-01-14,Normalized_Volatility,95.3181364416
5y7y_ATM,2009-01-15,Normalized_Volatility,99.00519021
5y7y_ATM,2009-01-16,Normalized_Volatility,98.7277133686
5y7y_ATM,2009-01-20,Normalized_Volatility,99.9584585041
5y7y_ATM,2009-01-21,Normalized_Volatility,100.785144402
5y7y_ATM,2009-01-22,Normalized_Volatility,102.5367259842
5y7y_ATM,2009-01-23,Normalized_Volatility,104.589638265
5y7y_ATM,2009-01-26,Normalized_Volatility,108.224564144
5y7y_ATM,2009-01-27,Normalized_Volatility,107.9138344095
5y7y_ATM,2009-01-28,Normalized_Volatility,107.9970067095
5y7y_ATM,2009-01-29,Normalized_Volatility,108.7489828385
5y7y_ATM,2009-01-30,Normalized_Volatility,109.8580045444
5y7y_ATM,2009-02-02,Normalized_Volatility,112.3878696752
5y7y_ATM,2009-02-03,Normalized_Volatility,113.1115283004
5y7y_ATM,2009-02-04,Normalized_Volatility,117.4892683899
5y7y_ATM,2009-02-05,Normalized_Volatility,117.208915168
5y7y_ATM,2009-02-06,Normalized_Volatility,118.662911964
5y7y_ATM,2009-02-09,Normalized_Volatility,116.999005896
5y7y_ATM,2009-02-10,Normalized_Volatility,116.708701466
5y7y_ATM,2009-02-11,Normalized_Volatility,111.0558288312
5y7y_ATM,2009-02-12,Normalized_Volatility,110.8436054938
5y7y_ATM,2009-02-13,Normalized_Volatility,113.0429331135
5y7y_ATM,2009-02-17,Normalized_Volatility,112.4236634964
5y7y_ATM,2009-02-18,Normalized_Volatility,111.8134384576
5y7y_ATM,2009-02-19,Normalized_Volatility,113.0121775968
5y7y_ATM,2009-02-20,Normalized_Volatility,113.392934389
5y7y_ATM,2009-02-23,Normalized_Volatility,112.6031404186
5y7y_ATM,2009-02-24,Normalized_Volatility,113.1095877744
5y7y_ATM,2009-02-25,Normalized_Volatility,118.2271239666
5y7y_ATM,2009-02-26,Normalized_Volatility,116.3674015713
5y7y_ATM,2009-02-27,Normalized_Volatility,118.663464117
5y7y_ATM,2009-03-02,Normalized_Volatility,117.7157940462
5y7y_ATM,2009-03-03,Normalized_Volatility,117.9925608992
5y7y_ATM,2009-03-04,Normalized_Volatility,117.7106742931
5y7y_ATM,2009-03-05,Normalized_Volatility,115.5934737387
5y7y_ATM,2009-03-06,Normalized_Volatility,114.8146935096
5y7y_ATM,2009-03-09,Normalized_Volatility,115.528980018
5y7y_ATM,2009-03-10,Normalized_Volatility,114.3369087856
5y7y_ATM,2009-03-11,Normalized_Volatility,112.5017584704
5y7y_ATM,2009-03-12,Normalized_Volatility,111.7536458661
5y7y_ATM,2009-03-13,Normalized_Volatility,108.8392596342
5y7y_ATM,2009-03-16,Normalized_Volatility,107.9719845755
5y7y_ATM,2009-03-17,Normalized_Volatility,105.8678332608
5y7y_ATM,2009-03-18,Normalized_Volatility,98.4626273048
5y7y_ATM,2009-03-19,Normalized_Volatility,92.9123944696
5y7y_ATM,2009-03-20,Normalized_Volatility,94.3837677664
5y7y_ATM,2009-03-23,Normalized_Volatility,92.5539092709
5y7y_ATM,2009-03-24,Normalized_Volatility,90.002173738
5y7y_ATM,2009-03-25,Normalized_Volatility,92.6033947452
5y7y_ATM,2009-03-26,Normalized_Volatility,95.035234343
5y7y_ATM,2009-03-27,Normalized_Volatility,96.8605329615
5y7y_ATM,2009-03-30,Normalized_Volatility,98.481754854
5y7y_ATM,2009-03-31,Normalized_Volatility,100.0977517332
5y7y_ATM,2009-04-01,Normalized_Volatility,98.6965051359
5y7y_ATM,2009-04-02,Normalized_Volatility,99.1758630726
5y7y_ATM,2009-04-03,Normalized_Volatility,100.783066124
5y7y_ATM,2009-04-06,Normalized_Volatility,102.775326634
5y7y_ATM,2009-04-07,Normalized_Volatility,99.92636199
5y7y_ATM,2009-04-08,Normalized_Volatility,98.9679971057
5y7y_ATM,2009-04-09,Normalized_Volatility,99.1725316407
5y7y_ATM,2009-04-13,Normalized_Volatility,97.4010489781
5y7y_ATM,2009-04-14,Normalized_Volatility,95.6746956912
5y7y_ATM,2009-04-15,Normalized_Volatility,95.9618747715
5y7y_ATM,2009-04-16,Normalized_Volatility,97.7684030172
5y7y_ATM,2009-04-17,Normalized_Volatility,100.7896501326
5y7y_ATM,2009-04-20,Normalized_Volatility,100.02594555
5y7y_ATM,2009-04-21,Normalized_Volatility,100.5018570585
5y7y_ATM,2009-04-22,Normalized_Volatility,102.1908092114
5y7y_ATM,2009-04-23,Normalized_Volatility,101.9462239004
5y7y_ATM,2009-04-24,Normalized_Volatility,103.9376260776
5y7y_ATM,2009-04-27,Normalized_Volatility,103.3084207772
5y7y_ATM,2009-04-28,Normalized_Volatility,101.458488112
5y7y_ATM,2009-04-29,Normalized_Volatility,102.1626206502
5y7y_ATM,2009-04-30,Normalized_Volatility,102.9465825465
5y7y_ATM,2009-05-01,Normalized_Volatility,104.8841584512
5y7y_ATM,2009-05-04,Normalized_Volatility,104.8391618968
5y7y_ATM,2009-05-05,Normalized_Volatility,105.1100624245
5y7y_ATM,2009-05-06,Normalized_Volatility,104.6219483715
5y7y_ATM,2009-05-07,Normalized_Volatility,105.5353351302
5y7y_ATM,2009-05-08,Normalized_Volatility,104.5843511935
5y7y_ATM,2009-05-11,Normalized_Volatility,102.8137055796
5y7y_ATM,2009-05-12,Normalized_Volatility,102.8484880228
5y7y_ATM,2009-05-13,Normalized_Volatility,104.7705486172
5y7y_ATM,2009-05-14,Normalized_Volatility,107.5959940422
5y7y_ATM,2009-05-15,Normalized_Volatility,108.849035471
5y7y_ATM,2009-05-18,Normalized_Volatility,108.2105952514
5y7y_ATM,2009-05-19,Normalized_Volatility,108.6733104786
5y7y_ATM,2009-05-20,Normalized_Volatility,108.7879457664
5y7y_ATM,2009-05-21,Normalized_Volatility,111.751263354
5y7y_ATM,2009-05-22,Normalized_Volatility,115.5419090112
5y7y_ATM,2009-05-26,Normalized_Volatility,118.7625248017
5y7y_ATM,2009-05-27,Normalized_Volatility,125.4404127856
5y7y_ATM,2009-05-28,Normalized_Volatility,121.3990308362
5y7y_ATM,2009-05-29,Normalized_Volatility,116.7170292701
5y7y_ATM,2009-06-01,Normalized_Volatility,122.8828755883
5y7y_ATM,2009-06-02,Normalized_Volatility,119.3447422552
5y7y_ATM,2009-06-03,Normalized_Volatility,118.2763796796
5y7y_ATM,2009-06-04,Normalized_Volatility,123.9815365625
5y7y_ATM,2009-06-05,Normalized_Volatility,126.644154648
5y7y_ATM,2009-06-08,Normalized_Volatility,128.0984021488
5y7y_ATM,2009-06-09,Normalized_Volatility,127.4490141126
5y7y_ATM,2009-06-10,Normalized_Volatility,130.7602005455
5y7y_ATM,2009-06-11,Normalized_Volatility,129.0193885705
5y7y_ATM,2009-06-12,Normalized_Volatility,125.905329781
5y7y_ATM,2009-06-15,Normalized_Volatility,123.5993668195
5y7y_ATM,2009-06-16,Normalized_Volatility,124.0081354376
5y7y_ATM,2009-06-17,Normalized_Volatility,124.0900628175
5y7y_ATM,2009-06-18,Normalized_Volatility,129.1089645737
5y7y_ATM,2009-06-19,Normalized_Volatility,126.3103095861
5y7y_ATM,2009-06-22,Normalized_Volatility,125.8006916346
5y7y_ATM,2009-06-23,Normalized_Volatility,125.3640025524
5y7y_ATM,2009-06-24,Normalized_Volatility,122.3376231022
5y7y_ATM,2009-06-25,Normalized_Volatility,123.3459213296
5y7y_ATM,2009-06-26,Normalized_Volatility,123.9808228403
5y7y_ATM,2009-06-29,Normalized_Volatility,124.2590941875
5y7y_ATM,2009-06-30,Normalized_Volatility,124.0884901715
5y7y_ATM,2009-07-01,Normalized_Volatility,124.7474875892
5y7y_ATM,2009-07-02,Normalized_Volatility,122.68670308
5y7y_ATM,2009-07-06,Normalized_Volatility,121.834590701
5y7y_ATM,2009-07-07,Normalized_Volatility,122.2007319582
5y7y_ATM,2009-07-08,Normalized_Volatility,121.6916347986
5y7y_ATM,2009-07-09,Normalized_Volatility,122.7848075229
5y7y_ATM,2009-07-10,Normalized_Volatility,122.8170044936
5y7y_ATM,2009-07-13,Normalized_Volatility,123.485470432
5y7y_ATM,2009-07-14,Normalized_Volatility,125.7061636198
5y7y_ATM,2009-07-15,Normalized_Volatility,128.855341335
5y7y_ATM,2009-07-16,Normalized_Volatility,127.5306080104
5y7y_ATM,2009-07-17,Normalized_Volatility,128.6838244812
5y7y_ATM,2009-07-20,Normalized_Volatility,127.3959307406
5y7y_ATM,2009-07-21,Normalized_Volatility,127.3857323992
5y7y_ATM,2009-07-22,Normalized_Volatility,126.456061716
5y7y_ATM,2009-07-23,Normalized_Volatility,127.8810458866
5y7y_ATM,2009-07-24,Normalized_Volatility,128.1341734668
5y7y_ATM,2009-07-27,Normalized_Volatility,129.6034090861
5y7y_ATM,2009-07-28,Normalized_Volatility,126.6729159597
5y7y_ATM,2009-07-29,Normalized_Volatility,124.6031170764
5y7y_ATM,2009-07-30,Normalized_Volatility,124.2304175472
5y7y_ATM,2009-07-31,Normalized_Volatility,124.7856869772
5y7y_ATM,2009-08-03,Normalized_Volatility,129.3768694226
5y7y_ATM,2009-08-04,Normalized_Volatility,129.3514953015
5y7y_ATM,2009-08-05,Normalized_Volatility,130.8540804699
5y7y_ATM,2009-08-06,Normalized_Volatility,130.3513614086
5y7y_ATM,2009-08-07,Normalized_Volatility,131.4403610665
5y7y_ATM,2009-08-10,Normalized_Volatility,130.9586673915
5y7y_ATM,2009-08-11,Normalized_Volatility,129.6804508934
5y7y_ATM,2009-08-12,Normalized_Volatility,129.331268881
5y7y_ATM,2009-08-13,Normalized_Volatility,128.6356150688
5y7y_ATM,2009-08-14,Normalized_Volatility,127.5947777988
5y7y_ATM,2009-08-17,Normalized_Volatility,126.8910679897
5y7y_ATM,2009-08-18,Normalized_Volatility,126.6209063982
5y7y_ATM,2009-08-19,Normalized_Volatility,127.3395144806
5y7y_ATM,2009-08-20,Normalized_Volatility,127.815845104
5y7y_ATM,2009-08-21,Normalized_Volatility,128.9901044468
5y7y_ATM,2009-08-24,Normalized_Volatility,127.351140057
5y7y_ATM,2009-08-25,Normalized_Volatility,126.015159995
5y7y_ATM,2009-08-26,Normalized_Volatility,127.426625262
5y7y_ATM,2009-08-27,Normalized_Volatility,126.7663813804
5y7y_ATM,2009-08-28,Normalized_Volatility,127.3077832755
5y7y_ATM,2009-08-31,Normalized_Volatility,127.252409232
5y7y_ATM,2009-09-01,Normalized_Volatility,126.8784591624
5y7y_ATM,2009-09-02,Normalized_Volatility,126.692686767
5y7y_ATM,2009-09-03,Normalized_Volatility,126.7143155855
5y7y_ATM,2009-09-04,Normalized_Volatility,126.4078892019
5y7y_ATM,2009-09-08,Normalized_Volatility,126.8927572152
5y7y_ATM,2009-09-09,Normalized_Volatility,126.0602639004
5y7y_ATM,2009-09-10,Normalized_Volatility,126.2493972376
5y7y_ATM,2009-09-11,Normalized_Volatility,126.8528822445
5y7y_ATM,2009-09-14,Normalized_Volatility,127.7727077508
5y7y_ATM,2009-09-15,Normalized_Volatility,129.0554509424
5y7y_ATM,2009-09-16,Normalized_Volatility,130.3562873457
5y7y_ATM,2009-09-17,Normalized_Volatility,128.7115316916
5y7y_ATM,2009-09-18,Normalized_Volatility,127.5120240366
5y7y_ATM,2009-09-21,Normalized_Volatility,126.1842542796
5y7y_ATM,2009-09-22,Normalized_Volatility,126.4252253796
5y7y_ATM,2009-09-23,Normalized_Volatility,124.1155148595
5y7y_ATM,2009-09-24,Normalized_Volatility,123.041849697
5y7y_ATM,2009-09-25,Normalized_Volatility,121.8271894776
5y7y_ATM,2009-09-28,Normalized_Volatility,121.3390112666
5y7y_ATM,2009-09-29,Normalized_Volatility,122.6779658049
5y7y_ATM,2009-09-30,Normalized_Volatility,122.8942965666
5y7y_ATM,2009-10-01,Normalized_Volatility,122.7326548952
5y7y_ATM,2009-10-02,Normalized_Volatility,121.33529655
5y7y_ATM,2009-10-05,Normalized_Volatility,122.3515524864
5y7y_ATM,2009-10-06,Normalized_Volatility,122.6055470895
5y7y_ATM,2009-10-07,Normalized_Volatility,121.3601627124
5y7y_ATM,2009-10-08,Normalized_Volatility,120.8220770688
5y7y_ATM,2009-10-09,Normalized_Volatility,124.5286134382
5y7y_ATM,2009-10-13,Normalized_Volatility,122.9925650784
5y7y_ATM,2009-10-14,Normalized_Volatility,124.0556909202
5y7y_ATM,2009-10-15,Normalized_Volatility,125.655341535
5y7y_ATM,2009-10-16,Normalized_Volatility,124.6912398512
5y7y_ATM,2009-10-19,Normalized_Volatility,124.5873884946
5y7y_ATM,2009-10-20,Normalized_Volatility,123.8468505069
5y7y_ATM,2009-10-21,Normalized_Volatility,125.37499371
5y7y_ATM,2009-10-22,Normalized_Volatility,125.898225641
5y7y_ATM,2009-10-23,Normalized_Volatility,127.680938364
5y7y_ATM,2009-10-26,Normalized_Volatility,128.749965624
5y7y_ATM,2009-10-27,Normalized_Volatility,127.9432983564
5y7y_ATM,2009-10-28,Normalized_Volatility,127.184456686
5y7y_ATM,2009-10-29,Normalized_Volatility,128.0887278768
5y7y_ATM,2009-10-30,Normalized_Volatility,126.460078472
5y7y_ATM,2009-11-02,Normalized_Volatility,126.40862751
5y7y_ATM,2009-11-03,Normalized_Volatility,126.1406857056
5y7y_ATM,2009-11-04,Normalized_Volatility,127.0142518238
5y7y_ATM,2009-11-05,Normalized_Volatility,126.2369992866
5y7y_ATM,2009-11-06,Normalized_Volatility,124.5404409606
5y7y_ATM,2009-11-09,Normalized_Volatility,123.0670651719
5y7y_ATM,2009-11-10,Normalized_Volatility,122.2954749
5y7y_ATM,2009-11-12,Normalized_Volatility,122.0425611255
5y7y_ATM,2009-11-13,Normalized_Volatility,123.1778339464
5y7y_ATM,2009-11-16,Normalized_Volatility,121.970224402
5y7y_ATM,2009-11-17,Normalized_Volatility,122.2901519112
5y7y_ATM,2009-11-18,Normalized_Volatility,122.5104695026
5y7y_ATM,2009-11-19,Normalized_Volatility,121.2457251817
5y7y_ATM,2009-11-20,Normalized_Volatility,121.867238984
5y7y_ATM,2009-11-23,Normalized_Volatility,122.7238833804
5y7y_ATM,2009-11-24,Normalized_Volatility,121.838014808
5y7y_ATM,2009-11-25,Normalized_Volatility,122.26741504
5y7y_ATM,2009-11-27,Normalized_Volatility,123.111527487
5y7y_ATM,2009-11-30,Normalized_Volatility,123.0283174653
5y7y_ATM,2009-12-01,Normalized_Volatility,124.622666124
5y7y_ATM,2009-12-02,Normalized_Volatility,125.4552429366
5y7y_ATM,2009-12-03,Normalized_Volatility,126.8906217292
5y7y_ATM,2009-12-04,Normalized_Volatility,127.172154702
5y7y_ATM,2009-12-07,Normalized_Volatility,125.1229035815
5y7y_ATM,2009-12-08,Normalized_Volatility,123.7172806092
5y7y_ATM,2009-12-09,Normalized_Volatility,124.1615091252
5y7y_ATM,2009-12-10,Normalized_Volatility,125.144877897
5y7y_ATM,2009-12-11,Normalized_Volatility,125.920383897
5y7y_ATM,2009-12-14,Normalized_Volatility,125.4014332362
5y7y_ATM,2009-12-15,Normalized_Volatility,127.923098045
5y7y_ATM,2009-12-16,Normalized_Volatility,127.5123872043
5y7y_ATM,2009-12-17,Normalized_Volatility,127.5950761824
5y7y_ATM,2009-12-18,Normalized_Volatility,127.938939211
5y7y_ATM,2009-12-21,Normalized_Volatility,130.2911779455
5y7y_ATM,2009-12-22,Normalized_Volatility,130.0069382084
5y7y_ATM,2009-12-23,Normalized_Volatility,127.4763133952
5y7y_ATM,2009-12-24,Normalized_Volatility,127.72462508
5y7y_ATM,2009-12-28,Normalized_Volatility,127.6667247043
5y7y_ATM,2009-12-29,Normalized_Volatility,125.1378444064
5y7y_ATM,2009-12-30,Normalized_Volatility,122.7150144864
5y7y_ATM,2009-12-31,Normalized_Volatility,123.1301437014
5y7y_ATM,2010-01-04,Normalized_Volatility,123.3747098646
5y7y_ATM,2010-01-05,Normalized_Volatility,122.0876102567
5y7y_ATM,2010-01-06,Normalized_Volatility,122.6489917569
5y7y_ATM,2010-01-07,Normalized_Volatility,122.094524547
5y7y_ATM,2010-01-08,Normalized_Volatility,120.8505736224
5y7y_ATM,2010-01-11,Normalized_Volatility,120.262802462
5y7y_ATM,2010-01-12,Normalized_Volatility,120.2150406107
5y7y_ATM,2010-01-13,Normalized_Volatility,122.823524904
5y7y_ATM,2010-01-14,Normalized_Volatility,123.2719857431
5y7y_ATM,2010-01-15,Normalized_Volatility,123.878836782
5y7y_ATM,2010-01-19,Normalized_Volatility,124.5813552865
5y7y_ATM,2010-01-20,Normalized_Volatility,124.24148412
5y7y_ATM,2010-01-21,Normalized_Volatility,123.8344460982
5y7y_ATM,2010-01-22,Normalized_Volatility,124.4114838976
5y7y_ATM,2010-01-25,Normalized_Volatility,124.6760306895
5y7y_ATM,2010-01-26,Normalized_Volatility,123.118516168
5y7y_ATM,2010-01-27,Normalized_Volatility,122.5369678379
5y7y_ATM,2010-01-28,Normalized_Volatility,122.3197626336
5y7y_ATM,2010-01-29,Normalized_Volatility,121.200180654
5y7y_ATM,2010-02-01,Normalized_Volatility,120.5555742272
5y7y_ATM,2010-02-02,Normalized_Volatility,119.3410416868
5y7y_ATM,2010-02-03,Normalized_Volatility,119.8250783628
5y7y_ATM,2010-02-04,Normalized_Volatility,118.8814965369
5y7y_ATM,2010-02-05,Normalized_Volatility,118.671495592
5y7y_ATM,2010-02-08,Normalized_Volatility,118.7015891075
5y7y_ATM,2010-02-09,Normalized_Volatility,120.6586269848
5y7y_ATM,2010-02-10,Normalized_Volatility,121.2635470692
5y7y_ATM,2010-02-11,Normalized_Volatility,120.207997548
5y7y_ATM,2010-02-12,Normalized_Volatility,118.1393252248
5y7y_ATM,2010-02-16,Normalized_Volatility,117.366620926
5y7y_ATM,2010-02-17,Normalized_Volatility,117.1222923296
5y7y_ATM,2010-02-18,Normalized_Volatility,116.9955282251
5y7y_ATM,2010-02-19,Normalized_Volatility,116.354660543
5y7y_ATM,2010-02-22,Normalized_Volatility,114.496610942
5y7y_ATM,2010-02-23,Normalized_Volatility,114.3871208282
5y7y_ATM,2010-02-24,Normalized_Volatility,114.476536021
5y7y_ATM,2010-02-25,Normalized_Volatility,114.4284449665
5y7y_ATM,2010-02-26,Normalized_Volatility,114.9915959054
5y7y_ATM,2010-03-01,Normalized_Volatility,115.0464084563
5y7y_ATM,2010-03-02,Normalized_Volatility,114.931846722
5y7y_ATM,2010-03-03,Normalized_Volatility,115.318769057
5y7y_ATM,2010-03-04,Normalized_Volatility,114.0874835337
5y7y_ATM,2010-03-05,Normalized_Volatility,113.9509466805
5y7y_ATM,2010-03-08,Normalized_Volatility,113.4342449968
5y7y_ATM,2010-03-09,Normalized_Volatility,112.3797008362
5y7y_ATM,2010-03-10,Normalized_Volatility,110.9125301294
5y7y_ATM,2010-03-11,Normalized_Volatility,112.1997472574
5y7y_ATM,2010-03-12,Normalized_Volatility,111.3845918397
5y7y_ATM,2010-03-15,Normalized_Volatility,110.852100504
5y7y_ATM,2010-03-16,Normalized_Volatility,109.7730672192
5y7y_ATM,2010-03-17,Normalized_Volatility,108.2586647929
5y7y_ATM,2010-03-18,Normalized_Volatility,108.7866857616
5y7y_ATM,2010-03-19,Normalized_Volatility,109.0971580122
5y7y_ATM,2010-03-22,Normalized_Volatility,109.0471934124
5y7y_ATM,2010-03-23,Normalized_Volatility,109.9269692307
5y7y_ATM,2010-03-24,Normalized_Volatility,111.0907912131
5y7y_ATM,2010-03-25,Normalized_Volatility,110.182996613
5y7y_ATM,2010-03-26,Normalized_Volatility,108.5977595842
5y7y_ATM,2010-03-29,Normalized_Volatility,108.889314872
5y7y_ATM,2010-03-30,Normalized_Volatility,107.5651656536
5y7y_ATM,2010-03-31,Normalized_Volatility,107.4163812574
5y7y_ATM,2010-04-01,Normalized_Volatility,108.72030926
5y7y_ATM,2010-04-05,Normalized_Volatility,107.645932695
5y7y_ATM,2010-04-06,Normalized_Volatility,106.7880317176
5y7y_ATM,2010-04-07,Normalized_Volatility,107.5141151554
5y7y_ATM,2010-04-08,Normalized_Volatility,109.309085922
5y7y_ATM,2010-04-09,Normalized_Volatility,108.8700670878
5y7y_ATM,2010-04-12,Normalized_Volatility,109.1054735265
5y7y_ATM,2010-04-13,Normalized_Volatility,109.222233912
5y7y_ATM,2010-04-14,Normalized_Volatility,108.6182579556
5y7y_ATM,2010-04-15,Normalized_Volatility,107.9297507412
5y7y_ATM,2010-04-16,Normalized_Volatility,107.1020956313
5y7y_ATM,2010-04-19,Normalized_Volatility,107.591949535
5y7y_ATM,2010-04-20,Normalized_Volatility,108.6552221355
5y7y_ATM,2010-04-21,Normalized_Volatility,110.1193810192
5y7y_ATM,2010-04-22,Normalized_Volatility,110.9434263679
5y7y_ATM,2010-04-23,Normalized_Volatility,111.9156064373
5y7y_ATM,2010-04-26,Normalized_Volatility,112.2175181616
5y7y_ATM,2010-04-27,Normalized_Volatility,115.3131507052
5y7y_ATM,2010-04-28,Normalized_Volatility,114.3958189038
5y7y_ATM,2010-04-29,Normalized_Volatility,113.123824174
5y7y_ATM,2010-04-30,Normalized_Volatility,116.935735752
5y7y_ATM,2010-05-03,Normalized_Volatility,117.051804987
5y7y_ATM,2010-05-04,Normalized_Volatility,122.3856132302
5y7y_ATM,2010-05-05,Normalized_Volatility,123.9876102152
5y7y_ATM,2010-05-06,Normalized_Volatility,126.9384695205
5y7y_ATM,2010-05-07,Normalized_Volatility,120.8174241792
5y7y_ATM,2010-05-10,Normalized_Volatility,119.4131529732
5y7y_ATM,2010-05-11,Normalized_Volatility,117.1750364416
5y7y_ATM,2010-05-12,Normalized_Volatility,116.6644109322
5y7y_ATM,2010-05-13,Normalized_Volatility,115.4540459832
5y7y_ATM,2010-05-14,Normalized_Volatility,119.22864129
5y7y_ATM,2010-05-17,Normalized_Volatility,118.9836924525
5y7y_ATM,2010-05-18,Normalized_Volatility,119.8960513176
5y7y_ATM,2010-05-19,Normalized_Volatility,121.0331871778
5y7y_ATM,2010-05-20,Normalized_Volatility,122.281250553
5y7y_ATM,2010-05-21,Normalized_Volatility,119.17976766
5y7y_ATM,2010-05-24,Normalized_Volatility,117.4417094106
5y7y_ATM,2010-05-25,Normalized_Volatility,118.0336252704
5y7y_ATM,2010-05-26,Normalized_Volatility,116.1582739106
5y7y_ATM,2010-05-27,Normalized_Volatility,115.1769466239
5y7y_ATM,2010-05-28,Normalized_Volatility,114.4243549008
5y7y_ATM,2010-06-01,Normalized_Volatility,114.984476145
5y7y_ATM,2010-06-02,Normalized_Volatility,114.0825330014
5y7y_ATM,2010-06-03,Normalized_Volatility,112.9485923973
5y7y_ATM,2010-06-04,Normalized_Volatility,114.023919483
5y7y_ATM,2010-06-07,Normalized_Volatility,114.44891896
5y7y_ATM,2010-06-08,Normalized_Volatility,115.977794009
5y7y_ATM,2010-06-09,Normalized_Volatility,114.3502823335
5y7y_ATM,2010-06-10,Normalized_Volatility,113.648586615
5y7y_ATM,2010-06-11,Normalized_Volatility,113.3076995336
5y7y_ATM,2010-06-14,Normalized_Volatility,112.719806519
5y7y_ATM,2010-06-15,Normalized_Volatility,112.4409970827
5y7y_ATM,2010-06-16,Normalized_Volatility,112.1656914939
5y7y_ATM,2010-06-17,Normalized_Volatility,112.1139885108
5y7y_ATM,2010-06-18,Normalized_Volatility,112.434677362
5y7y_ATM,2010-06-21,Normalized_Volatility,111.98620849
5y7y_ATM,2010-06-22,Normalized_Volatility,112.7785564178
5y7y_ATM,2010-06-23,Normalized_Volatility,111.6369615346
5y7y_ATM,2010-06-24,Normalized_Volatility,112.0155043873
5y7y_ATM,2010-06-25,Normalized_Volatility,110.7899587782
5y7y_ATM,2010-06-28,Normalized_Volatility,108.9404678128
5y7y_ATM,2010-06-29,Normalized_Volatility,108.6652825912
5y7y_ATM,2010-06-30,Normalized_Volatility,107.8572618074
5y7y_ATM,2010-07-01,Normalized_Volatility,107.3649744248
5y7y_ATM,2010-07-02,Normalized_Volatility,105.4829164784
5y7y_ATM,2010-07-06,Normalized_Volatility,104.6417687766
5y7y_ATM,2010-07-07,Normalized_Volatility,104.260322696
5y7y_ATM,2010-07-08,Normalized_Volatility,104.8235468268
5y7y_ATM,2010-07-09,Normalized_Volatility,104.3148391846
5y7y_ATM,2010-07-12,Normalized_Volatility,103.7605022571
5y7y_ATM,2010-07-13,Normalized_Volatility,104.199111475
5y7y_ATM,2010-07-14,Normalized_Volatility,103.6987254701
5y7y_ATM,2010-07-15,Normalized_Volatility,103.2487808786
5y7y_ATM,2010-07-16,Normalized_Volatility,102.3940347464
5y7y_ATM,2010-07-19,Normalized_Volatility,102.8314956182
5y7y_ATM,2010-07-20,Normalized_Volatility,102.4598448624
5y7y_ATM,2010-07-21,Normalized_Volatility,102.71047472
5y7y_ATM,2010-07-22,Normalized_Volatility,102.4729554624
5y7y_ATM,2010-07-23,Normalized_Volatility,101.098947474
5y7y_ATM,2010-07-26,Normalized_Volatility,100.8134887345
5y7y_ATM,2010-07-27,Normalized_Volatility,102.083413816
5y7y_ATM,2010-07-28,Normalized_Volatility,100.6646799177
5y7y_ATM,2010-07-29,Normalized_Volatility,101.1697412465
5y7y_ATM,2010-07-30,Normalized_Volatility,101.0337030738
5y7y_ATM,2010-08-02,Normalized_Volatility,101.8367346266
5y7y_ATM,2010-08-03,Normalized_Volatility,101.520786756
5y7y_ATM,2010-08-04,Normalized_Volatility,101.143333332
5y7y_ATM,2010-08-05,Normalized_Volatility,99.2830079826
5y7y_ATM,2010-08-06,Normalized_Volatility,97.5268941181
5y7y_ATM,2010-08-09,Normalized_Volatility,97.003998038
5y7y_ATM,2010-08-10,Normalized_Volatility,94.7236111236
5y7y_ATM,2010-08-11,Normalized_Volatility,93.2219126864
5y7y_ATM,2010-08-12,Normalized_Volatility,94.1441701376
5y7y_ATM,2010-08-13,Normalized_Volatility,95.8896854097
5y7y_ATM,2010-08-16,Normalized_Volatility,98.5255830817
5y7y_ATM,2010-08-17,Normalized_Volatility,96.5255585792
5y7y_ATM,2010-08-18,Normalized_Volatility,95.4376193799
5y7y_ATM,2010-08-19,Normalized_Volatility,95.721788187
5y7y_ATM,2010-08-20,Normalized_Volatility,95.8186772262
5y7y_ATM,2010-08-23,Normalized_Volatility,96.3460527282
5y7y_ATM,2010-08-24,Normalized_Volatility,95.1582185578
5y7y_ATM,2010-08-25,Normalized_Volatility,94.81551717
5y7y_ATM,2010-08-26,Normalized_Volatility,95.031486732
5y7y_ATM,2010-08-27,Normalized_Volatility,93.8464353351
5y7y_ATM,2010-08-30,Normalized_Volatility,95.1769254304
5y7y_ATM,2010-08-31,Normalized_Volatility,94.7586993607
5y7y_ATM,2010-09-01,Normalized_Volatility,96.0519699693
5y7y_ATM,2010-09-02,Normalized_Volatility,94.3480569738
5y7y_ATM,2010-09-03,Normalized_Volatility,92.7713826204
5y7y_ATM,2010-09-07,Normalized_Volatility,93.864981876
5y7y_ATM,2010-09-08,Normalized_Volatility,95.0103035308
5y7y_ATM,2010-09-09,Normalized_Volatility,95.5108295111
5y7y_ATM,2010-09-10,Normalized_Volatility,96.3989175552
5y7y_ATM,2010-09-13,Normalized_Volatility,95.953710066
5y7y_ATM,2010-09-14,Normalized_Volatility,96.6987544128
5y7y_ATM,2010-09-15,Normalized_Volatility,98.5135639548
5y7y_ATM,2010-09-16,Normalized_Volatility,99.874531208
5y7y_ATM,2010-09-17,Normalized_Volatility,99.681002256
5y7y_ATM,2010-09-20,Normalized_Volatility,100.6402594002
5y7y_ATM,2010-09-21,Normalized_Volatility,99.762138336
5y7y_ATM,2010-09-22,Normalized_Volatility,99.4152906586
5y7y_ATM,2010-09-23,Normalized_Volatility,100.1337231198
5y7y_ATM,2010-09-24,Normalized_Volatility,102.087688699
5y7y_ATM,2010-09-27,Normalized_Volatility,103.8691840725
5y7y_ATM,2010-09-28,Normalized_Volatility,104.0547693336
5y7y_ATM,2010-09-29,Normalized_Volatility,106.317977365
5y7y_ATM,2010-09-30,Normalized_Volatility,104.8638064728
5y7y_ATM,2010-10-01,Normalized_Volatility,103.0666429884
5y7y_ATM,2010-10-04,Normalized_Volatility,103.1402718793
5y7y_ATM,2010-10-05,Normalized_Volatility,103.210230816
5y7y_ATM,2010-10-06,Normalized_Volatility,101.4443558586
5y7y_ATM,2010-10-07,Normalized_Volatility,101.3503245566
5y7y_ATM,2010-10-08,Normalized_Volatility,99.4722449226
5y7y_ATM,2010-10-12,Normalized_Volatility,99.1033384227
5y7y_ATM,2010-10-13,Normalized_Volatility,96.2628281256
5y7y_ATM,2010-10-14,Normalized_Volatility,96.3318015204
5y7y_ATM,2010-10-15,Normalized_Volatility,95.0542809088
5y7y_ATM,2010-10-18,Normalized_Volatility,94.6940956342
5y7y_ATM,2010-10-19,Normalized_Volatility,94.8920352864
5y7y_ATM,2010-10-20,Normalized_Volatility,95.2074545289
5y7y_ATM,2010-10-21,Normalized_Volatility,96.5707022644
5y7y_ATM,2010-10-22,Normalized_Volatility,97.79152484
5y7y_ATM,2010-10-25,Normalized_Volatility,97.4670159885
5y7y_ATM,2010-10-26,Normalized_Volatility,97.9342424181
5y7y_ATM,2010-10-27,Normalized_Volatility,97.886396248
5y7y_ATM,2010-10-28,Normalized_Volatility,99.1924489096
5y7y_ATM,2010-10-29,Normalized_Volatility,99.3343148565
5y7y_ATM,2010-11-01,Normalized_Volatility,100.2251609912
5y7y_ATM,2010-11-02,Normalized_Volatility,101.3940125772
5y7y_ATM,2010-11-03,Normalized_Volatility,99.898046108
5y7y_ATM,2010-11-04,Normalized_Volatility,99.33345988
5y7y_ATM,2010-11-05,Normalized_Volatility,100.3478397805
5y7y_ATM,2010-11-08,Normalized_Volatility,100.5351412758
5y7y_ATM,2010-11-09,Normalized_Volatility,102.0582248648
5y7y_ATM,2010-11-10,Normalized_Volatility,102.134892195
5y7y_ATM,2010-11-12,Normalized_Volatility,102.29058036
5y7y_ATM,2010-11-15,Normalized_Volatility,103.8737374316
5y7y_ATM,2010-11-16,Normalized_Volatility,103.26341095
5y7y_ATM,2010-11-17,Normalized_Volatility,104.4310556078
5y7y_ATM,2010-11-18,Normalized_Volatility,105.481764297
5y7y_ATM,2010-11-19,Normalized_Volatility,105.4025441172
5y7y_ATM,2010-11-22,Normalized_Volatility,105.1412715391
5y7y_ATM,2010-11-23,Normalized_Volatility,105.250396815
5y7y_ATM,2010-11-24,Normalized_Volatility,106.6203661038
5y7y_ATM,2010-11-26,Normalized_Volatility,106.7198169096
5y7y_ATM,2010-11-29,Normalized_Volatility,107.4921442107
5y7y_ATM,2010-11-30,Normalized_Volatility,109.0408233056
5y7y_ATM,2010-12-01,Normalized_Volatility,110.2330348672
5y7y_ATM,2010-12-02,Normalized_Volatility,110.4269166896
5y7y_ATM,2010-12-03,Normalized_Volatility,111.44122804
5y7y_ATM,2010-12-06,Normalized_Volatility,111.9855407258
5y7y_ATM,2010-12-07,Normalized_Volatility,114.6391194705
5y7y_ATM,2010-12-08,Normalized_Volatility,114.5750386648
5y7y_ATM,2010-12-09,Normalized_Volatility,113.8723494278
5y7y_ATM,2010-12-10,Normalized_Volatility,115.1124277628
5y7y_ATM,2010-12-13,Normalized_Volatility,114.150397711
5y7y_ATM,2010-12-14,Normalized_Volatility,115.0925027098
5y7y_ATM,2010-12-15,Normalized_Volatility,116.31273039
5y7y_ATM,2010-12-16,Normalized_Volatility,115.6137865141
5y7y_ATM,2010-12-17,Normalized_Volatility,114.4520722426
5y7y_ATM,2010-12-20,Normalized_Volatility,113.7169085268
5y7y_ATM,2010-12-21,Normalized_Volatility,112.9316462016
5y7y_ATM,2010-12-22,Normalized_Volatility,112.5995388331
5y7y_ATM,2010-12-23,Normalized_Volatility,113.455349858
5y7y_ATM,2010-12-27,Normalized_Volatility,113.5239406202
5y7y_ATM,2010-12-28,Normalized_Volatility,114.6351640224
5y7y_ATM,2010-12-29,Normalized_Volatility,113.935674048
5y7y_ATM,2010-12-30,Normalized_Volatility,113.7464325504
5y7y_ATM,2010-12-31,Normalized_Volatility,113.6418826752
5y7y_ATM,2011-01-03,Normalized_Volatility,112.1292968512
5y7y_ATM,2011-01-04,Normalized_Volatility,109.9904514345
5y7y_ATM,2011-01-05,Normalized_Volatility,111.910715505
5y7y_ATM,2011-01-06,Normalized_Volatility,111.5428568478
5y7y_ATM,2011-01-07,Normalized_Volatility,109.5361747172
5y7y_ATM,2011-01-10,Normalized_Volatility,109.57827424
5y7y_ATM,2011-01-11,Normalized_Volatility,110.374534312
5y7y_ATM,2011-01-12,Normalized_Volatility,110.2583706471
5y7y_ATM,2011-01-13,Normalized_Volatility,112.0629399664
5y7y_ATM,2011-01-14,Normalized_Volatility,113.3697518037
5y7y_ATM,2011-01-18,Normalized_Volatility,113.9018050314
5y7y_ATM,2011-01-19,Normalized_Volatility,114.001556035
5y7y_ATM,2011-01-20,Normalized_Volatility,113.2225676064
5y7y_ATM,2011-01-21,Normalized_Volatility,112.932649408
5y7y_ATM,2011-01-24,Normalized_Volatility,112.7424144912
5y7y_ATM,2011-01-25,Normalized_Volatility,112.470948996
5y7y_ATM,2011-01-26,Normalized_Volatility,113.0403156654
5y7y_ATM,2011-01-27,Normalized_Volatility,112.4587314567
5y7y_ATM,2011-01-28,Normalized_Volatility,113.502401607
5y7y_ATM,2011-01-31,Normalized_Volatility,114.3571574992
5y7y_ATM,2011-02-01,Normalized_Volatility,115.0035900463
5y7y_ATM,2011-02-02,Normalized_Volatility,115.2045445936
5y7y_ATM,2011-02-03,Normalized_Volatility,114.8876711391
5y7y_ATM,2011-02-04,Normalized_Volatility,115.2441670407
5y7y_ATM,2011-02-07,Normalized_Volatility,114.2775883009
5y7y_ATM,2011-02-08,Normalized_Volatility,114.1855814924
5y7y_ATM,2011-02-09,Normalized_Volatility,112.5538411272
5y7y_ATM,2011-02-10,Normalized_Volatility,111.7836741228
5y7y_ATM,2011-02-11,Normalized_Volatility,110.0117316732
5y7y_ATM,2011-02-14,Normalized_Volatility,109.1771151075
5y7y_ATM,2011-02-15,Normalized_Volatility,108.6309549066
5y7y_ATM,2011-02-16,Normalized_Volatility,110.1445421992
5y7y_ATM,2011-02-17,Normalized_Volatility,110.087479195
5y7y_ATM,2011-02-18,Normalized_Volatility,111.1544274048
5y7y_ATM,2011-02-22,Normalized_Volatility,111.2990140262
5y7y_ATM,2011-02-23,Normalized_Volatility,111.8372744632
5y7y_ATM,2011-02-24,Normalized_Volatility,111.5637620724
5y7y_ATM,2011-02-25,Normalized_Volatility,110.1912338059
5y7y_ATM,2011-02-28,Normalized_Volatility,110.0906926896
5y7y_ATM,2011-03-01,Normalized_Volatility,109.9600763628
5y7y_ATM,2011-03-02,Normalized_Volatility,110.17335048
5y7y_ATM,2011-03-03,Normalized_Volatility,110.2838168223
5y7y_ATM,2011-03-04,Normalized_Volatility,110.1649734151
5y7y_ATM,2011-03-07,Normalized_Volatility,110.404025425
5y7y_ATM,2011-03-08,Normalized_Volatility,111.7829820483
5y7y_ATM,2011-03-09,Normalized_Volatility,111.1110095907
5y7y_ATM,2011-03-10,Normalized_Volatility,111.271622156
5y7y_ATM,2011-03-11,Normalized_Volatility,111.670051922
5y7y_ATM,2011-03-14,Normalized_Volatility,112.1073088086
5y7y_ATM,2011-03-15,Normalized_Volatility,113.7960918123
5y7y_ATM,2011-03-16,Normalized_Volatility,113.9765996608
5y7y_ATM,2011-03-17,Normalized_Volatility,113.0921925069
5y7y_ATM,2011-03-18,Normalized_Volatility,112.4147837472
5y7y_ATM,2011-03-21,Normalized_Volatility,111.7221434264
5y7y_ATM,2011-03-22,Normalized_Volatility,111.2641899802
5y7y_ATM,2011-03-23,Normalized_Volatility,111.1044452532
5y7y_ATM,2011-03-24,Normalized_Volatility,110.8984659245
5y7y_ATM,2011-03-25,Normalized_Volatility,111.517335961
5y7y_ATM,2011-03-28,Normalized_Volatility,111.7660556302
5y7y_ATM,2011-03-29,Normalized_Volatility,111.8231218272
5y7y_ATM,2011-03-30,Normalized_Volatility,111.620354451
5y7y_ATM,2011-03-31,Normalized_Volatility,112.0320002016
5y7y_ATM,2011-04-01,Normalized_Volatility,110.610830356
5y7y_ATM,2011-04-04,Normalized_Volatility,110.5482441976
5y7y_ATM,2011-04-05,Normalized_Volatility,111.1406749398
5y7y_ATM,2011-04-06,Normalized_Volatility,111.4824237965
5y7y_ATM,2011-04-07,Normalized_Volatility,111.4692410095
5y7y_ATM,2011-04-08,Normalized_Volatility,111.7981218621
5y7y_ATM,2011-04-11,Normalized_Volatility,111.7999393414
5y7y_ATM,2011-04-12,Normalized_Volatility,111.2791947828
5y7y_ATM,2011-04-13,Normalized_Volatility,110.8926172794
5y7y_ATM,2011-04-14,Normalized_Volatility,110.8096047051
5y7y_ATM,2011-04-15,Normalized_Volatility,110.2657968214
5y7y_ATM,2011-04-18,Normalized_Volatility,110.672183375
5y7y_ATM,2011-04-19,Normalized_Volatility,110.653216819
5y7y_ATM,2011-04-20,Normalized_Volatility,110.4577721862
5y7y_ATM,2011-04-21,Normalized_Volatility,109.79128821
5y7y_ATM,2011-04-25,Normalized_Volatility,109.570185068
5y7y_ATM,2011-04-26,Normalized_Volatility,110.386011736
5y7y_ATM,2011-04-27,Normalized_Volatility,110.302887657
5y7y_ATM,2011-04-28,Normalized_Volatility,109.4317078882
5y7y_ATM,2011-04-29,Normalized_Volatility,109.739499402
5y7y_ATM,2011-05-02,Normalized_Volatility,110.2397201724
5y7y_ATM,2011-05-03,Normalized_Volatility,110.6542143264
5y7y_ATM,2011-05-04,Normalized_Volatility,110.0730443549
5y7y_ATM,2011-05-05,Normalized_Volatility,109.9617405014
5y7y_ATM,2011-05-06,Normalized_Volatility,109.5946953288
5y7y_ATM,2011-05-09,Normalized_Volatility,110.219675202
5y7y_ATM,2011-05-10,Normalized_Volatility,110.5851440922
5y7y_ATM,2011-05-11,Normalized_Volatility,110.5474149566
5y7y_ATM,2011-05-12,Normalized_Volatility,110.6588972745
5y7y_ATM,2011-05-13,Normalized_Volatility,110.4961960655
5y7y_ATM,2011-05-16,Normalized_Volatility,110.63200695
5y7y_ATM,2011-05-17,Normalized_Volatility,110.8614210052
5y7y_ATM,2011-05-18,Normalized_Volatility,112.035641403
5y7y_ATM,2011-05-19,Normalized_Volatility,112.2765230772
5y7y_ATM,2011-05-20,Normalized_Volatility,112.3519005795
5y7y_ATM,2011-05-23,Normalized_Volatility,112.339494942
5y7y_ATM,2011-05-24,Normalized_Volatility,112.2722128377
5y7y_ATM,2011-05-25,Normalized_Volatility,111.8802035043
5y7y_ATM,2011-05-26,Normalized_Volatility,111.3651390405
5y7y_ATM,2011-05-27,Normalized_Volatility,111.1857223887
5y7y_ATM,2011-05-31,Normalized_Volatility,110.8986827754
5y7y_ATM,2011-06-01,Normalized_Volatility,109.8286479036
5y7y_ATM,2011-06-02,Normalized_Volatility,110.8847133674
5y7y_ATM,2011-06-03,Normalized_Volatility,110.916900045
5y7y_ATM,2011-06-06,Normalized_Volatility,111.2327680632
5y7y_ATM,2011-06-07,Normalized_Volatility,110.834495497
5y7y_ATM,2011-06-08,Normalized_Volatility,110.2172348376
5y7y_ATM,2011-06-09,Normalized_Volatility,110.189057583
5y7y_ATM,2011-06-10,Normalized_Volatility,110.1610711204
5y7y_ATM,2011-06-13,Normalized_Volatility,110.3642589168
5y7y_ATM,2011-06-14,Normalized_Volatility,110.7606915564
5y7y_ATM,2011-06-15,Normalized_Volatility,110.0133970026
5y7y_ATM,2011-06-16,Normalized_Volatility,110.5288036672
5y7y_ATM,2011-06-17,Normalized_Volatility,110.4732278571
5y7y_ATM,2011-06-20,Normalized_Volatility,111.1251402576
5y7y_ATM,2011-06-21,Normalized_Volatility,111.0390015767
5y7y_ATM,2011-06-22,Normalized_Volatility,111.26764491
5y7y_ATM,2011-06-23,Normalized_Volatility,111.38690241
5y7y_ATM,2011-06-24,Normalized_Volatility,111.7453627296
5y7y_ATM,2011-06-27,Normalized_Volatility,111.9313424141
5y7y_ATM,2011-06-28,Normalized_Volatility,112.7936279295
5y7y_ATM,2011-06-29,Normalized_Volatility,112.182115419
5y7y_ATM,2011-06-30,Normalized_Volatility,112.1414155456
5y7y_ATM,2011-07-01,Normalized_Volatility,111.7721165372
5y7y_ATM,2011-07-05,Normalized_Volatility,111.5457268428
5y7y_ATM,2011-07-06,Normalized_Volatility,112.1044215764
5y7y_ATM,2011-07-07,Normalized_Volatility,112.6856408608
5y7y_ATM,2011-07-08,Normalized_Volatility,112.606050403
5y7y_ATM,2011-07-11,Normalized_Volatility,113.327109375
5y7y_ATM,2011-07-12,Normalized_Volatility,113.891712916
5y7y_ATM,2011-07-13,Normalized_Volatility,113.942126693
5y7y_ATM,2011-07-14,Normalized_Volatility,115.053393
5y7y_ATM,2011-07-15,Normalized_Volatility,115.896664572
5y7y_ATM,2011-07-18,Normalized_Volatility,118.332459488
5y7y_ATM,2011-07-19,Normalized_Volatility,116.661654102
5y7y_ATM,2011-07-20,Normalized_Volatility,114.936403482
5y7y_ATM,2011-07-21,Normalized_Volatility,114.431567604
5y7y_ATM,2011-07-22,Normalized_Volatility,113.795653516
5y7y_ATM,2011-07-25,Normalized_Volatility,114.646112235
5y7y_ATM,2011-07-26,Normalized_Volatility,114.76724946
5y7y_ATM,2011-07-27,Normalized_Volatility,114.471419396
5y7y_ATM,2011-07-28,Normalized_Volatility,113.574663156
5y7y_ATM,2011-07-29,Normalized_Volatility,113.931018096
5y7y_ATM,2011-08-01,Normalized_Volatility,113.499797892
5y7y_ATM,2011-08-02,Normalized_Volatility,114.666640384
5y7y_ATM,2011-08-03,Normalized_Volatility,113.24097603
5y7y_ATM,2011-08-04,Normalized_Volatility,112.596209672
5y7y_ATM,2011-08-05,Normalized_Volatility,111.632267175
5y7y_ATM,2011-08-08,Normalized_Volatility,114.455156662
5y7y_ATM,2011-08-09,Normalized_Volatility,107.458359756
5y7y_ATM,2011-08-10,Normalized_Volatility,109.245541773
5y7y_ATM,2011-08-11,Normalized_Volatility,109.099293984
5y7y_ATM,2011-08-12,Normalized_Volatility,108.562981563
5y7y_ATM,2011-08-15,Normalized_Volatility,107.414970934
5y7y_ATM,2011-08-16,Normalized_Volatility,105.9683601
5y7y_ATM,2011-08-17,Normalized_Volatility,106.488475628
5y7y_ATM,2011-08-18,Normalized_Volatility,107.5078173
5y7y_ATM,2011-08-19,Normalized_Volatility,108.147965085
5y7y_ATM,2011-08-22,Normalized_Volatility,107.69026229
5y7y_ATM,2011-08-23,Normalized_Volatility,108.130813371
5y7y_ATM,2011-08-24,Normalized_Volatility,106.773337416
5y7y_ATM,2011-08-25,Normalized_Volatility,107.964842692
5y7y_ATM,2011-08-26,Normalized_Volatility,107.789645106
5y7y_ATM,2011-08-29,Normalized_Volatility,107.853842772
5y7y_ATM,2011-08-30,Normalized_Volatility,107.659625348
5y7y_ATM,2011-08-31,Normalized_Volatility,107.330067375
5y7y_ATM,2011-09-01,Normalized_Volatility,107.64891028
5y7y_ATM,2011-09-02,Normalized_Volatility,107.67229956
5y7y_ATM,2011-09-06,Normalized_Volatility,108.462064128
5y7y_ATM,2011-09-07,Normalized_Volatility,107.90854006
5y7y_ATM,2011-09-08,Normalized_Volatility,107.1355584
5y7y_ATM,2011-09-09,Normalized_Volatility,106.94455728
5y7y_ATM,2011-09-12,Normalized_Volatility,106.648897476
5y7y_ATM,2011-09-13,Normalized_Volatility,107.498947712
5y7y_ATM,2011-09-14,Normalized_Volatility,107.760054801
5y7y_ATM,2011-09-15,Normalized_Volatility,108.0532962
5y7y_ATM,2011-09-16,Normalized_Volatility,108.435515223
5y7y_ATM,2011-09-19,Normalized_Volatility,107.540921664
5y7y_ATM,2011-09-20,Normalized_Volatility,108.552929208
5y7y_ATM,2011-09-21,Normalized_Volatility,108.103757208
5y7y_ATM,2011-09-22,Normalized_Volatility,109.433803212
5y7y_ATM,2011-09-23,Normalized_Volatility,107.632683396
5y7y_ATM,2011-09-26,Normalized_Volatility,108.20058831
5y7y_ATM,2011-09-27,Normalized_Volatility,108.374210837
5y7y_ATM,2011-09-28,Normalized_Volatility,107.426723598
5y7y_ATM,2011-09-29,Normalized_Volatility,106.631296892
5y7y_ATM,2011-09-30,Normalized_Volatility,106.583382948
5y7y_ATM,2011-10-03,Normalized_Volatility,107.19400681
5y7y_ATM,2011-10-04,Normalized_Volatility,106.4918556
5y7y_ATM,2011-10-05,Normalized_Volatility,105.972493445
5y7y_ATM,2011-10-06,Normalized_Volatility,105.797787336
5y7y_ATM,2011-10-07,Normalized_Volatility,105.824441136
5y7y_ATM,2011-10-11,Normalized_Volatility,106.405430163
5y7y_ATM,2011-10-12,Normalized_Volatility,106.618221722
5y7y_ATM,2011-10-13,Normalized_Volatility,106.784556858
5y7y_ATM,2011-10-14,Normalized_Volatility,107.193237558
5y7y_ATM,2011-10-17,Normalized_Volatility,108.394045984
5y7y_ATM,2011-10-18,Normalized_Volatility,108.48691836
5y7y_ATM,2011-10-19,Normalized_Volatility,108.888357312
5y7y_ATM,2011-10-20,Normalized_Volatility,108.606521058
5y7y_ATM,2011-10-21,Normalized_Volatility,108.231697704
5y7y_ATM,2011-10-24,Normalized_Volatility,108.880037694
5y7y_ATM,2011-10-25,Normalized_Volatility,108.09550701
5y7y_ATM,2011-10-26,Normalized_Volatility,108.388402199
5y7y_ATM,2011-10-27,Normalized_Volatility,108.048527512
5y7y_ATM,2011-10-28,Normalized_Volatility,107.85208644
5y7y_ATM,2011-10-31,Normalized_Volatility,108.3428199
5y7y_ATM,2011-11-01,Normalized_Volatility,111.2916004
5y7y_ATM,2011-11-02,Normalized_Volatility,109.592910578
5y7y_ATM,2011-11-03,Normalized_Volatility,108.90532642
5y7y_ATM,2011-11-04,Normalized_Volatility,109.200983725
5y7y_ATM,2011-11-07,Normalized_Volatility,109.366915714
5y7y_ATM,2011-11-08,Normalized_Volatility,108.622670816
5y7y_ATM,2011-11-09,Normalized_Volatility,109.722127236
5y7y_ATM,2011-11-10,Normalized_Volatility,110.01944596
5y7y_ATM,2011-11-14,Normalized_Volatility,109.974710798
5y7y_ATM,2011-11-15,Normalized_Volatility,109.623530082
5y7y_ATM,2011-11-16,Normalized_Volatility,109.987852204
5y7y_ATM,2011-11-17,Normalized_Volatility,109.9140949
5y7y_ATM,2011-11-18,Normalized_Volatility,109.962912104
5y7y_ATM,2011-11-21,Normalized_Volatility,110.574483603
5y7y_ATM,2011-11-22,Normalized_Volatility,110.640440911
5y7y_ATM,2011-11-23,Normalized_Volatility,110.645916736
5y7y_ATM,2011-11-25,Normalized_Volatility,110.409886496
5y7y_ATM,2011-11-28,Normalized_Volatility,110.5860012
5y7y_ATM,2011-11-29,Normalized_Volatility,110.332325376
5y7y_ATM,2011-11-30,Normalized_Volatility,109.960574438
5y7y_ATM,2011-12-01,Normalized_Volatility,109.34987319
5y7y_ATM,2011-12-02,Normalized_Volatility,109.617460912
5y7y_ATM,2011-12-05,Normalized_Volatility,109.584732571
5y7y_ATM,2011-12-06,Normalized_Volatility,108.435711986
5y7y_ATM,2011-12-07,Normalized_Volatility,107.590090322
5y7y_ATM,2011-12-08,Normalized_Volatility,109.069858989
5y7y_ATM,2011-12-09,Normalized_Volatility,109.95130185
5y7y_ATM,2011-12-12,Normalized_Volatility,109.846536507
5y7y_ATM,2011-12-13,Normalized_Volatility,109.086953784
5y7y_ATM,2011-12-14,Normalized_Volatility,108.612483283
5y7y_ATM,2011-12-15,Normalized_Volatility,107.544579
5y7y_ATM,2011-12-16,Normalized_Volatility,108.034808556
5y7y_ATM,2011-12-19,Normalized_Volatility,106.333022883
5y7y_ATM,2011-12-20,Normalized_Volatility,108.223730208
5y7y_ATM,2011-12-21,Normalized_Volatility,107.741904561
5y7y_ATM,2011-12-22,Normalized_Volatility,107.510383072
5y7y_ATM,2011-12-23,Normalized_Volatility,108.484839822
5y7y_ATM,2011-12-27,Normalized_Volatility,109.168675154
5y7y_ATM,2011-12-28,Normalized_Volatility,108.654632262
5y7y_ATM,2011-12-29,Normalized_Volatility,109.05212778
5y7y_ATM,2011-12-30,Normalized_Volatility,107.954652962
5y7y_ATM,2012-01-03,Normalized_Volatility,108.024023808
5y7y_ATM,2012-01-04,Normalized_Volatility,106.841063238
5y7y_ATM,2012-01-05,Normalized_Volatility,106.444069875
5y7y_ATM,2012-01-06,Normalized_Volatility,105.310464665
5y7y_ATM,2012-01-09,Normalized_Volatility,103.617597147
5y7y_ATM,2012-01-10,Normalized_Volatility,104.092424572
5y7y_ATM,2012-01-11,Normalized_Volatility,103.466594523
5y7y_ATM,2012-01-12,Normalized_Volatility,103.74169296
5y7y_ATM,2012-01-13,Normalized_Volatility,103.013731524
5y7y_ATM,2012-01-17,Normalized_Volatility,103.283984812
5y7y_ATM,2012-01-18,Normalized_Volatility,102.86712345
5y7y_ATM,2012-01-19,Normalized_Volatility,103.69935844
5y7y_ATM,2012-01-20,Normalized_Volatility,104.04993437
5y7y_ATM,2012-01-23,Normalized_Volatility,103.986011448
5y7y_ATM,2012-01-24,Normalized_Volatility,103.670836184
5y7y_ATM,2012-01-25,Normalized_Volatility,102.024195712
5y7y_ATM,2012-01-26,Normalized_Volatility,99.620913254
5y7y_ATM,2012-01-27,Normalized_Volatility,99.691962982
5y7y_ATM,2012-01-30,Normalized_Volatility,99.624521712
5y7y_ATM,2012-01-31,Normalized_Volatility,100.006481588
5y7y_ATM,2012-02-01,Normalized_Volatility,99.928746351
5y7y_ATM,2012-02-02,Normalized_Volatility,100.181687616
5y7y_ATM,2012-02-03,Normalized_Volatility,101.264785436
5y7y_ATM,2012-02-06,Normalized_Volatility,100.378194411
5y7y_ATM,2012-02-07,Normalized_Volatility,100.837662912
5y7y_ATM,2012-02-08,Normalized_Volatility,100.995029216
5y7y_ATM,2012-02-09,Normalized_Volatility,101.599679568
5y7y_ATM,2012-02-10,Normalized_Volatility,102.328942464
5y7y_ATM,2012-02-13,Normalized_Volatility,104.4488709
5y7y_ATM,2012-02-14,Normalized_Volatility,103.610838776
5y7y_ATM,2012-02-15,Normalized_Volatility,102.61603805
5y7y_ATM,2012-02-16,Normalized_Volatility,102.807923618
5y7y_ATM,2012-02-17,Normalized_Volatility,102.983512023
5y7y_ATM,2012-02-21,Normalized_Volatility,102.808172045
5y7y_ATM,2012-02-22,Normalized_Volatility,103.570425105
5y7y_ATM,2012-02-23,Normalized_Volatility,103.349146096
5y7y_ATM,2012-02-24,Normalized_Volatility,104.466222425
5y7y_ATM,2012-02-27,Normalized_Volatility,103.986283072
5y7y_ATM,2012-02-28,Normalized_Volatility,103.868450952
5y7y_ATM,2012-02-29,Normalized_Volatility,105.341874035
5y7y_ATM,2012-03-01,Normalized_Volatility,106.03120734
5y7y_ATM,2012-03-02,Normalized_Volatility,105.80910024
5y7y_ATM,2012-03-05,Normalized_Volatility,106.27835939
5y7y_ATM,2012-03-06,Normalized_Volatility,106.016136842
5y7y_ATM,2012-03-07,Normalized_Volatility,105.2194536
5y7y_ATM,2012-03-08,Normalized_Volatility,104.600884964
5y7y_ATM,2012-03-09,Normalized_Volatility,104.5568342
5y7y_ATM,2012-03-12,Normalized_Volatility,104.53885871
5y7y_ATM,2012-03-13,Normalized_Volatility,105.33937422
5y7y_ATM,2012-03-14,Normalized_Volatility,106.758687232
5y7y_ATM,2012-03-15,Normalized_Volatility,105.61152943
5y7y_ATM,2012-03-16,Normalized_Volatility,104.804625552
5y7y_ATM,2012-03-19,Normalized_Volatility,106.353415241
5y7y_ATM,2012-03-20,Normalized_Volatility,106.12789362
5y7y_ATM,2012-03-21,Normalized_Volatility,105.48241704
5y7y_ATM,2012-03-22,Normalized_Volatility,104.903160655
5y7y_ATM,2012-03-23,Normalized_Volatility,104.742358095
5y7y_ATM,2012-03-26,Normalized_Volatility,104.625256362
5y7y_ATM,2012-03-27,Normalized_Volatility,103.922376483
5y7y_ATM,2012-03-28,Normalized_Volatility,102.970113888
5y7y_ATM,2012-03-29,Normalized_Volatility,102.214407607
5y7y_ATM,2012-03-30,Normalized_Volatility,102.928162176
5y7y_ATM,2012-04-02,Normalized_Volatility,102.261213468
5y7y_ATM,2012-04-03,Normalized_Volatility,103.271375372
5y7y_ATM,2012-04-04,Normalized_Volatility,103.924133655
5y7y_ATM,2012-04-05,Normalized_Volatility,104.27257082
5y7y_ATM,2012-04-06,Normalized_Volatility,102.560403244
5y7y_ATM,2012-04-09,Normalized_Volatility,101.37630915
5y7y_ATM,2012-04-10,Normalized_Volatility,102.07361556
5y7y_ATM,2012-04-11,Normalized_Volatility,102.31521909
5y7y_ATM,2012-04-12,Normalized_Volatility,102.70513365
5y7y_ATM,2012-04-13,Normalized_Volatility,103.000985775
5y7y_ATM,2012-04-16,Normalized_Volatility,103.25490084
5y7y_ATM,2012-04-17,Normalized_Volatility,103.65855642
5y7y_ATM,2012-04-18,Normalized_Volatility,103.690868736
5y7y_ATM,2012-04-19,Normalized_Volatility,103.384063587
5y7y_ATM,2012-04-20,Normalized_Volatility,103.532691542
5y7y_ATM,2012-04-23,Normalized_Volatility,103.229440992
5y7y_ATM,2012-04-24,Normalized_Volatility,103.165971198
5y7y_ATM,2012-04-25,Normalized_Volatility,102.760323621
5y7y_ATM,2012-04-26,Normalized_Volatility,102.036035142
5y7y_ATM,2012-04-27,Normalized_Volatility,100.5394066
5y7y_ATM,2012-04-30,Normalized_Volatility,99.266777766
5y7y_ATM,2012-05-01,Normalized_Volatility,101.187134472
5y7y_ATM,2012-05-02,Normalized_Volatility,99.959307441
5y7y_ATM,2012-05-03,Normalized_Volatility,99.753821052
5y7y_ATM,2012-05-04,Normalized_Volatility,97.90800194
5y7y_ATM,2012-05-07,Normalized_Volatility,98.352627564
5y7y_ATM,2012-05-08,Normalized_Volatility,98.335962252
5y7y_ATM,2012-05-09,Normalized_Volatility,98.536307976
5y7y_ATM,2012-05-10,Normalized_Volatility,98.34919192
5y7y_ATM,2012-05-11,Normalized_Volatility,98.26295609
5y7y_ATM,2012-05-14,Normalized_Volatility,98.57456688
5y7y_ATM,2012-05-15,Normalized_Volatility,98.623847394
5y7y_ATM,2012-05-16,Normalized_Volatility,97.8006168
5y7y_ATM,2012-05-17,Normalized_Volatility,97.626308965
5y7y_ATM,2012-05-18,Normalized_Volatility,97.425159588
5y7y_ATM,2012-05-21,Normalized_Volatility,97.3949884
5y7y_ATM,2012-05-22,Normalized_Volatility,98.6594061
5y7y_ATM,2012-05-23,Normalized_Volatility,97.999279272
5y7y_ATM,2012-05-24,Normalized_Volatility,96.999647976
5y7y_ATM,2012-05-25,Normalized_Volatility,96.700791465
5y7y_ATM,2012-05-29,Normalized_Volatility,96.127849444
5y7y_ATM,2012-05-30,Normalized_Volatility,94.219683008
5y7y_ATM,2012-05-31,Normalized_Volatility,93.719270117
5y7y_ATM,2012-06-01,Normalized_Volatility,93.208293697
5y7y_ATM,2012-06-04,Normalized_Volatility,94.198566684
5y7y_ATM,2012-06-05,Normalized_Volatility,94.127154048
5y7y_ATM,2012-06-06,Normalized_Volatility,94.095734346
5y7y_ATM,2012-06-07,Normalized_Volatility,94.875720764
5y7y_ATM,2012-06-08,Normalized_Volatility,94.278521883
5y7y_ATM,2012-06-11,Normalized_Volatility,94.524127425
5y7y_ATM,2012-06-12,Normalized_Volatility,94.733176656
5y7y_ATM,2012-06-13,Normalized_Volatility,94.520228964
5y7y_ATM,2012-06-14,Normalized_Volatility,94.585440627
5y7y_ATM,2012-06-15,Normalized_Volatility,94.43803698
5y7y_ATM,2012-06-18,Normalized_Volatility,93.646970225
5y7y_ATM,2012-06-19,Normalized_Volatility,93.89874012
5y7y_ATM,2012-06-20,Normalized_Volatility,93.049643872
5y7y_ATM,2012-06-21,Normalized_Volatility,93.370452175
5y7y_ATM,2012-06-22,Normalized_Volatility,93.677368305
5y7y_ATM,2012-06-25,Normalized_Volatility,93.39600234
5y7y_ATM,2012-06-26,Normalized_Volatility,93.72827216
5y7y_ATM,2012-06-27,Normalized_Volatility,93.690338175
5y7y_ATM,2012-06-28,Normalized_Volatility,93.58594371
5y7y_ATM,2012-06-29,Normalized_Volatility,93.761708658
5y7y_ATM,2012-07-02,Normalized_Volatility,93.98774928
5y7y_ATM,2012-07-03,Normalized_Volatility,93.883214322
5y7y_ATM,2012-07-05,Normalized_Volatility,93.660958844
5y7y_ATM,2012-07-06,Normalized_Volatility,93.486617332
5y7y_ATM,2012-07-09,Normalized_Volatility,92.976243724
5y7y_ATM,2012-07-10,Normalized_Volatility,93.550895724
5y7y_ATM,2012-07-11,Normalized_Volatility,92.821025742
5y7y_ATM,2012-07-12,Normalized_Volatility,92.763205766
5y7y_ATM,2012-07-13,Normalized_Volatility,92.937129894
5y7y_ATM,2012-07-16,Normalized_Volatility,93.030950276
5y7y_ATM,2012-07-17,Normalized_Volatility,93.229578162
5y7y_ATM,2012-07-18,Normalized_Volatility,92.986219128
5y7y_ATM,2012-07-19,Normalized_Volatility,92.316701295
5y7y_ATM,2012-07-20,Normalized_Volatility,92.129828016
5y7y_ATM,2012-07-23,Normalized_Volatility,92.051708454
5y7y_ATM,2012-07-24,Normalized_Volatility,92.0238228
5y7y_ATM,2012-07-25,Normalized_Volatility,91.92902502
5y7y_ATM,2012-07-26,Normalized_Volatility,92.159666622
5y7y_ATM,2012-07-27,Normalized_Volatility,92.811933266
5y7y_ATM,2012-07-30,Normalized_Volatility,92.832745146
5y7y_ATM,2012-07-31,Normalized_Volatility,92.735275917
5y7y_ATM,2012-08-01,Normalized_Volatility,93.272778357
5y7y_ATM,2012-08-02,Normalized_Volatility,93.149445795
5y7y_ATM,2012-08-03,Normalized_Volatility,93.713809574
5y7y_ATM,2012-08-06,Normalized_Volatility,93.461976691
5y7y_ATM,2012-08-07,Normalized_Volatility,94.228654514
5y7y_ATM,2012-08-08,Normalized_Volatility,94.458349017
5y7y_ATM,2012-08-09,Normalized_Volatility,94.324419162
5y7y_ATM,2012-08-10,Normalized_Volatility,94.181551794
5y7y_ATM,2012-08-13,Normalized_Volatility,94.83261378
5y7y_ATM,2012-08-14,Normalized_Volatility,96.013716544
5y7y_ATM,2012-08-15,Normalized_Volatility,96.823069108
5y7y_ATM,2012-08-16,Normalized_Volatility,97.64854164
5y7y_ATM,2012-08-17,Normalized_Volatility,96.907271572
5y7y_ATM,2012-08-20,Normalized_Volatility,96.78722722
5y7y_ATM,2012-08-21,Normalized_Volatility,94.492669226
5y7y_ATM,2012-08-22,Normalized_Volatility,95.421010784
5y7y_ATM,2012-08-23,Normalized_Volatility,95.07066879
5y7y_ATM,2012-08-24,Normalized_Volatility,95.422770746
5y7y_ATM,2012-08-27,Normalized_Volatility,95.46180592
5y7y_ATM,2012-08-28,Normalized_Volatility,95.78895774
5y7y_ATM,2012-08-29,Normalized_Volatility,96.249967952
5y7y_ATM,2012-08-30,Normalized_Volatility,96.320295396
5y7y_ATM,2012-08-31,Normalized_Volatility,96.053867466
5y7y_ATM,2012-09-04,Normalized_Volatility,95.54090898
5y7y_ATM,2012-09-05,Normalized_Volatility,94.994138844
5y7y_ATM,2012-09-06,Normalized_Volatility,95.576072669
5y7y_ATM,2012-09-07,Normalized_Volatility,94.944776076
5y7y_ATM,2012-09-10,Normalized_Volatility,94.911570432
5y7y_ATM,2012-09-11,Normalized_Volatility,94.857984672
5y7y_ATM,2012-09-12,Normalized_Volatility,96.253493454
5y7y_ATM,2012-09-13,Normalized_Volatility,94.615005516
5y7y_ATM,2012-09-14,Normalized_Volatility,95.57285549
5y7y_ATM,2012-09-17,Normalized_Volatility,94.913122845
5y7y_ATM,2012-09-18,Normalized_Volatility,93.62402328
5y7y_ATM,2012-09-19,Normalized_Volatility,93.471341148
5y7y_ATM,2012-09-20,Normalized_Volatility,92.907460625
5y7y_ATM,2012-09-21,Normalized_Volatility,92.954429628
5y7y_ATM,2012-09-24,Normalized_Volatility,92.48089144
5y7y_ATM,2012-09-25,Normalized_Volatility,92.216494806
5y7y_ATM,2012-09-26,Normalized_Volatility,91.571711218
5y7y_ATM,2012-09-27,Normalized_Volatility,91.84333462
5y7y_ATM,2012-09-28,Normalized_Volatility,92.060760166
5y7y_ATM,2012-10-01,Normalized_Volatility,91.95639108
5y7y_ATM,2012-10-02,Normalized_Volatility,92.002557222
5y7y_ATM,2012-10-03,Normalized_Volatility,91.950573288
5y7y_ATM,2012-10-04,Normalized_Volatility,92.098219945
5y7y_ATM,2012-10-05,Normalized_Volatility,92.044967053
5y7y_ATM,2012-10-09,Normalized_Volatility,91.63869927
5y7y_ATM,2012-10-10,Normalized_Volatility,90.942939512
5y7y_ATM,2012-10-11,Normalized_Volatility,90.686315648
5y7y_ATM,2012-10-12,Normalized_Volatility,90.37084208
5y7y_ATM,2012-10-15,Normalized_Volatility,90.870123392
5y7y_ATM,2012-10-16,Normalized_Volatility,91.040578125
5y7y_ATM,2012-10-17,Normalized_Volatility,91.741209817
5y7y_ATM,2012-10-18,Normalized_Volatility,91.558885604
5y7y_ATM,2012-10-19,Normalized_Volatility,90.88799993
5y7y_ATM,2012-10-22,Normalized_Volatility,92.433981092
5y7y_ATM,2012-10-23,Normalized_Volatility,91.27392581
5y7y_ATM,2012-10-24,Normalized_Volatility,91.291437072
5y7y_ATM,2012-10-25,Normalized_Volatility,91.35610242
5y7y_ATM,2012-10-26,Normalized_Volatility,90.706879634
5y7y_ATM,2012-10-29,Normalized_Volatility,90.35364177
5y7y_ATM,2012-10-31,Normalized_Volatility,90.249273456
5y7y_ATM,2012-11-01,Normalized_Volatility,90.851935911
5y7y_ATM,2012-11-02,Normalized_Volatility,90.943454952
5y7y_ATM,2012-11-05,Normalized_Volatility,91.091928764
5y7y_ATM,2012-11-06,Normalized_Volatility,91.389244275
5y7y_ATM,2012-11-07,Normalized_Volatility,89.488912492
5y7y_ATM,2012-11-08,Normalized_Volatility,89.28699871
5y7y_ATM,2012-11-09,Normalized_Volatility,90.251362048
5y7y_ATM,2012-11-13,Normalized_Volatility,89.877782584
5y7y_ATM,2012-11-14,Normalized_Volatility,90.07539696
5y7y_ATM,2012-11-15,Normalized_Volatility,90.58948514
5y7y_ATM,2012-11-16,Normalized_Volatility,90.662479004
5y7y_ATM,2012-11-19,Normalized_Volatility,91.273052472
5y7y_ATM,2012-11-20,Normalized_Volatility,91.772497908
5y7y_ATM,2012-11-21,Normalized_Volatility,91.477873715
5y7y_ATM,2012-11-23,Normalized_Volatility,91.303696704
5y7y_ATM,2012-11-26,Normalized_Volatility,90.975873252
5y7y_ATM,2012-11-27,Normalized_Volatility,90.445743576
5y7y_ATM,2012-11-28,Normalized_Volatility,90.037183848
5y7y_ATM,2012-11-29,Normalized_Volatility,90.39463712
5y7y_ATM,2012-11-30,Normalized_Volatility,90.719646141
5y7y_ATM,2012-12-03,Normalized_Volatility,90.455705444
5y7y_ATM,2012-12-04,Normalized_Volatility,90.193996859
5y7y_ATM,2012-12-05,Normalized_Volatility,90.263149934
5y7y_ATM,2012-12-06,Normalized_Volatility,90.344535659
5y7y_ATM,2012-12-07,Normalized_Volatility,90.709563932
5y7y_ATM,2012-12-10,Normalized_Volatility,90.621169632
5y7y_ATM,2012-12-11,Normalized_Volatility,90.975937864
5y7y_ATM,2012-12-12,Normalized_Volatility,91.692630315
5y7y_ATM,2012-12-13,Normalized_Volatility,91.849366154
5y7y_ATM,2012-12-14,Normalized_Volatility,91.97940299
5y7y_ATM,2012-12-17,Normalized_Volatility,92.747867077
5y7y_ATM,2012-12-18,Normalized_Volatility,93.2343148
5y7y_ATM,2012-12-19,Normalized_Volatility,92.365347426
5y7y_ATM,2012-12-20,Normalized_Volatility,91.39203591
5y7y_ATM,2012-12-21,Normalized_Volatility,91.179589488
5y7y_ATM,2012-12-24,Normalized_Volatility,91.276591216
5y7y_ATM,2012-12-26,Normalized_Volatility,90.91773712
5y7y_ATM,2012-12-27,Normalized_Volatility,90.984516734
5y7y_ATM,2012-12-28,Normalized_Volatility,90.825239925
5y7y_ATM,2012-12-31,Normalized_Volatility,92.047715925
5y7y_ATM,2013-01-02,Normalized_Volatility,92.090518299
5y7y_ATM,2013-01-03,Normalized_Volatility,91.358601273
5y7y_ATM,2013-01-04,Normalized_Volatility,90.91343972
5y7y_ATM,2013-01-07,Normalized_Volatility,90.696762005
5y7y_ATM,2013-01-08,Normalized_Volatility,90.669533952
5y7y_ATM,2013-01-09,Normalized_Volatility,90.618716955
5y7y_ATM,2013-01-10,Normalized_Volatility,90.880043067
5y7y_ATM,2013-01-11,Normalized_Volatility,90.187658325
5y7y_ATM,2013-01-14,Normalized_Volatility,90.164315195
5y7y_ATM,2013-01-15,Normalized_Volatility,89.415000844
5y7y_ATM,2013-01-16,Normalized_Volatility,89.518053072
5y7y_ATM,2013-01-17,Normalized_Volatility,90.016662078
5y7y_ATM,2013-01-18,Normalized_Volatility,89.746387458
5y7y_ATM,2013-01-22,Normalized_Volatility,89.937278928
5y7y_ATM,2013-01-23,Normalized_Volatility,90.518446026
5y7y_ATM,2013-01-24,Normalized_Volatility,91.126911972
5y7y_ATM,2013-01-25,Normalized_Volatility,91.982734407
5y7y_ATM,2013-01-28,Normalized_Volatility,92.53609144
5y7y_ATM,2013-01-29,Normalized_Volatility,93.390132136
5y7y_ATM,2013-01-30,Normalized_Volatility,93.615868368
5y7y_ATM,2013-01-31,Normalized_Volatility,93.57018671
5y7y_ATM,2013-02-01,Normalized_Volatility,94.016490944
5y7y_ATM,2013-02-04,Normalized_Volatility,93.511500887
5y7y_ATM,2013-02-05,Normalized_Volatility,95.666252028
5y7y_ATM,2013-02-06,Normalized_Volatility,95.37667623
5y7y_ATM,2013-02-07,Normalized_Volatility,95.822001582
5y7y_ATM,2013-02-08,Normalized_Volatility,95.634213344
5y7y_ATM,2013-02-11,Normalized_Volatility,95.93187555
5y7y_ATM,2013-02-12,Normalized_Volatility,95.9567241
5y7y_ATM,2013-02-13,Normalized_Volatility,96.159202593
5y7y_ATM,2013-02-14,Normalized_Volatility,95.295511894
5y7y_ATM,2013-02-15,Normalized_Volatility,95.130442177
5y7y_ATM,2013-02-19,Normalized_Volatility,95.111761464
5y7y_ATM,2013-02-20,Normalized_Volatility,94.891258529
5y7y_ATM,2013-02-21,Normalized_Volatility,95.230363959
5y7y_ATM,2013-02-22,Normalized_Volatility,95.274534525
5y7y_ATM,2013-02-25,Normalized_Volatility,95.333164456
5y7y_ATM,2013-02-26,Normalized_Volatility,95.809903329
5y7y_ATM,2013-02-27,Normalized_Volatility,96.35885435
5y7y_ATM,2013-02-28,Normalized_Volatility,96.371398
5y7y_ATM,2013-03-01,Normalized_Volatility,96.755035041
5y7y_ATM,2013-03-04,Normalized_Volatility,96.293111802
5y7y_ATM,2013-03-05,Normalized_Volatility,96.276142258
5y7y_ATM,2013-03-06,Normalized_Volatility,96.314778198
5y7y_ATM,2013-03-07,Normalized_Volatility,96.218402385
5y7y_ATM,2013-03-08,Normalized_Volatility,96.38104644
5y7y_ATM,2013-03-11,Normalized_Volatility,96.184094504
5y7y_ATM,2013-03-12,Normalized_Volatility,95.914430021
5y7y_ATM,2013-03-13,Normalized_Volatility,96.1071993
5y7y_ATM,2013-03-14,Normalized_Volatility,96.48715408
5y7y_ATM,2013-03-15,Normalized_Volatility,96.780289613
5y7y_ATM,2013-03-18,Normalized_Volatility,97.66117116
5y7y_ATM,2013-03-19,Normalized_Volatility,97.382347302
5y7y_ATM,2013-03-20,Normalized_Volatility,97.546047276
5y7y_ATM,2013-03-21,Normalized_Volatility,97.518646304
5y7y_ATM,2013-03-22,Normalized_Volatility,97.22766522
5y7y_ATM,2013-03-25,Normalized_Volatility,96.553782098
5y7y_ATM,2013-03-26,Normalized_Volatility,96.39599895
5y7y_ATM,2013-03-27,Normalized_Volatility,96.025302471
5y7y_ATM,2013-03-28,Normalized_Volatility,96.088016752
5y7y_ATM,2013-04-01,Normalized_Volatility,95.979845556
5y7y_ATM,2013-04-02,Normalized_Volatility,96.0684508
5y7y_ATM,2013-04-03,Normalized_Volatility,95.57568612
5y7y_ATM,2013-04-04,Normalized_Volatility,95.212638488
5y7y_ATM,2013-04-05,Normalized_Volatility,95.190526172
5y7y_ATM,2013-04-08,Normalized_Volatility,95.608585622
5y7y_ATM,2013-04-09,Normalized_Volatility,95.672565344
5y7y_ATM,2013-04-10,Normalized_Volatility,96.308196096
5y7y_ATM,2013-04-11,Normalized_Volatility,95.125755566
5y7y_ATM,2013-04-12,Normalized_Volatility,95.86058328
5y7y_ATM,2013-04-15,Normalized_Volatility,95.575868504
5y7y_ATM,2013-04-16,Normalized_Volatility,95.857853533
5y7y_ATM,2013-04-17,Normalized_Volatility,95.67883752
5y7y_ATM,2013-04-18,Normalized_Volatility,95.43091041
5y7y_ATM,2013-04-19,Normalized_Volatility,95.954320716
5y7y_ATM,2013-04-22,Normalized_Volatility,95.917611932
5y7y_ATM,2013-04-23,Normalized_Volatility,95.6633112
5y7y_ATM,2013-04-24,Normalized_Volatility,95.648479136
5y7y_ATM,2013-04-25,Normalized_Volatility,95.343277636
5y7y_ATM,2013-04-26,Normalized_Volatility,95.057018194
5y7y_ATM,2013-04-29,Normalized_Volatility,95.065161051
5y7y_ATM,2013-04-30,Normalized_Volatility,95.138403424
5y7y_ATM,2013-05-01,Normalized_Volatility,95.130762012
5y7y_ATM,2013-05-02,Normalized_Volatility,95.202471104
5y7y_ATM,2013-05-03,Normalized_Volatility,95.565397764
5y7y_ATM,2013-05-06,Normalized_Volatility,95.452515059
5y7y_ATM,2013-05-07,Normalized_Volatility,95.504662638
5y7y_ATM,2013-05-08,Normalized_Volatility,95.48353115
5y7y_ATM,2013-05-09,Normalized_Volatility,94.821252207
5y7y_ATM,2013-05-10,Normalized_Volatility,94.271446997
5y7y_ATM,2013-05-13,Normalized_Volatility,94.444925107
5y7y_ATM,2013-05-14,Normalized_Volatility,94.388458248
5y7y_ATM,2013-05-15,Normalized_Volatility,94.14623925
5y7y_ATM,2013-05-16,Normalized_Volatility,94.14147886
5y7y_ATM,2013-05-17,Normalized_Volatility,94.170545991
5y7y_ATM,2013-05-20,Normalized_Volatility,94.20963721
5y7y_ATM,2013-05-21,Normalized_Volatility,94.10475921
5y7y_ATM,2013-05-22,Normalized_Volatility,94.459714024
5y7y_ATM,2013-05-23,Normalized_Volatility,94.511390889
5y7y_ATM,2013-05-24,Normalized_Volatility,94.624131735
5y7y_ATM,2013-05-28,Normalized_Volatility,96.39187116
5y7y_ATM,2013-05-29,Normalized_Volatility,97.304732115
5y7y_ATM,2013-05-30,Normalized_Volatility,97.90611447
5y7y_ATM,2013-05-31,Normalized_Volatility,98.774344375
5y7y_ATM,2013-06-03,Normalized_Volatility,100.50026048
5y7y_ATM,2013-06-04,Normalized_Volatility,101.631899425
5y7y_ATM,2013-06-05,Normalized_Volatility,101.809651616
5y7y_ATM,2013-06-06,Normalized_Volatility,101.441079535
5y7y_ATM,2013-06-07,Normalized_Volatility,102.270802284
5y7y_ATM,2013-06-10,Normalized_Volatility,102.7545
5y7y_ATM,2013-06-11,Normalized_Volatility,102.619306299
5y7y_ATM,2013-06-12,Normalized_Volatility,102.337066993
5y7y_ATM,2013-06-13,Normalized_Volatility,101.009995975
5y7y_ATM,2013-06-14,Normalized_Volatility,100.824898052
5y7y_ATM,2013-06-17,Normalized_Volatility,101.44360426
5y7y_ATM,2013-06-18,Normalized_Volatility,101.584603178
5y7y_ATM,2013-06-19,Normalized_Volatility,103.599681458
5y7y_ATM,2013-06-20,Normalized_Volatility,104.3476394
5y7y_ATM,2013-06-21,Normalized_Volatility,103.887483784
5y7y_ATM,2013-06-24,Normalized_Volatility,104.30218032
5y7y_ATM,2013-06-25,Normalized_Volatility,103.829231205
5y7y_ATM,2013-06-26,Normalized_Volatility,103.522015572
5y7y_ATM,2013-06-27,Normalized_Volatility,102.21756545
5y7y_ATM,2013-06-28,Normalized_Volatility,103.236251118
5y7y_ATM,2013-07-01,Normalized_Volatility,102.796706824
5y7y_ATM,2013-07-02,Normalized_Volatility,102.759098026
5y7y_ATM,2013-07-03,Normalized_Volatility,103.261582932
5y7y_ATM,2013-07-05,Normalized_Volatility,104.614249
5y7y_ATM,2013-07-08,Normalized_Volatility,103.79188864
5y7y_ATM,2013-07-09,Normalized_Volatility,103.19348776
5y7y_ATM,2013-07-10,Normalized_Volatility,103.599938611
5y7y_ATM,2013-07-11,Normalized_Volatility,102.963838885
5y7y_ATM,2013-07-12,Normalized_Volatility,103.244519136
5y7y_ATM,2013-07-15,Normalized_Volatility,102.80949351
5y7y_ATM,2013-07-16,Normalized_Volatility,102.49889166
5y7y_ATM,2013-07-17,Normalized_Volatility,101.717360283
5y7y_ATM,2013-07-18,Normalized_Volatility,101.886448755
5y7y_ATM,2013-07-19,Normalized_Volatility,101.6917767
5y7y_ATM,2013-07-22,Normalized_Volatility,101.883037755
5y7y_ATM,2013-07-23,Normalized_Volatility,102.254567695
5y7y_ATM,2013-07-24,Normalized_Volatility,104.044887687
5y7y_ATM,2013-07-25,Normalized_Volatility,104.246151566
5y7y_ATM,2013-07-26,Normalized_Volatility,104.655309048
5y7y_ATM,2013-07-29,Normalized_Volatility,104.896549858
5y7y_ATM,2013-07-30,Normalized_Volatility,104.988936652
5y7y_ATM,2013-07-31,Normalized_Volatility,105.06607314
5y7y_ATM,2013-08-01,Normalized_Volatility,106.159065264
5y7y_ATM,2013-08-02,Normalized_Volatility,105.313326938
5y7y_ATM,2013-08-05,Normalized_Volatility,105.315990088
5y7y_ATM,2013-08-06,Normalized_Volatility,105.499643018
5y7y_ATM,2013-08-07,Normalized_Volatility,104.693102468
5y7y_ATM,2013-08-08,Normalized_Volatility,104.144801901
5y7y_ATM,2013-08-09,Normalized_Volatility,103.988575872
5y7y_ATM,2013-08-12,Normalized_Volatility,104.368796983
5y7y_ATM,2013-08-13,Normalized_Volatility,104.936402928
5y7y_ATM,2013-08-14,Normalized_Volatility,104.895912286
5y7y_ATM,2013-08-15,Normalized_Volatility,105.36008659
5y7y_ATM,2013-08-16,Normalized_Volatility,105.505659
5y7y_ATM,2013-08-19,Normalized_Volatility,106.08998122
5y7y_ATM,2013-08-20,Normalized_Volatility,105.732423424
5y7y_ATM,2013-08-21,Normalized_Volatility,106.635303996
5y7y_ATM,2013-08-22,Normalized_Volatility,106.384445775
5y7y_ATM,2013-08-23,Normalized_Volatility,105.87892454
5y7y_ATM,2013-08-26,Normalized_Volatility,105.708347817
5y7y_ATM,2013-08-27,Normalized_Volatility,105.722397372
5y7y_ATM,2013-08-28,Normalized_Volatility,106.830482643
5y7y_ATM,2013-08-29,Normalized_Volatility,106.86028079
5y7y_ATM,2013-08-30,Normalized_Volatility,107.252916598
5y7y_ATM,2013-09-03,Normalized_Volatility,107.966755675
5y7y_ATM,2013-09-04,Normalized_Volatility,108.277239764
5y7y_ATM,2013-09-05,Normalized_Volatility,108.850597713
5y7y_ATM,2013-09-06,Normalized_Volatility,108.618861226
5y7y_ATM,2013-09-09,Normalized_Volatility,108.673134833
5y7y_ATM,2013-09-10,Normalized_Volatility,108.907135854
5y7y_ATM,2013-09-11,Normalized_Volatility,108.193067955
5y7y_ATM,2013-09-12,Normalized_Volatility,107.273777856
5y7y_ATM,2013-09-13,Normalized_Volatility,106.877933114
5y7y_ATM,2013-09-16,Normalized_Volatility,106.481651328
5y7y_ATM,2013-09-17,Normalized_Volatility,105.501811558
5y7y_ATM,2013-09-18,Normalized_Volatility,103.662892863
5y7y_ATM,2013-09-19,Normalized_Volatility,103.644199718
5y7y_ATM,2013-09-20,Normalized_Volatility,103.374236292
5y7y_ATM,2013-09-23,Normalized_Volatility,102.951707638
5y7y_ATM,2013-09-24,Normalized_Volatility,102.668278298
5y7y_ATM,2013-09-25,Normalized_Volatility,102.318354368
5y7y_ATM,2013-09-26,Normalized_Volatility,102.811405554
5y7y_ATM,2013-09-27,Normalized_Volatility,103.674886191
5y7y_ATM,2013-09-30,Normalized_Volatility,103.641778658
5y7y_ATM,2013-10-01,Normalized_Volatility,103.7877185
5y7y_ATM,2013-10-02,Normalized_Volatility,103.4368049
5y7y_ATM,2013-10-03,Normalized_Volatility,102.724552936
5y7y_ATM,2013-10-04,Normalized_Volatility,103.054686504
5y7y_ATM,2013-10-07,Normalized_Volatility,102.869108636
5y7y_ATM,2013-10-08,Normalized_Volatility,102.769730586
5y7y_ATM,2013-10-09,Normalized_Volatility,103.373812
5y7y_ATM,2013-10-10,Normalized_Volatility,103.333414128
5y7y_ATM,2013-10-11,Normalized_Volatility,103.3972569
5y7y_ATM,2013-10-15,Normalized_Volatility,103.857629918
5y7y_ATM,2013-10-16,Normalized_Volatility,103.454303232
5y7y_ATM,2013-10-17,Normalized_Volatility,102.999180984
5y7y_ATM,2013-10-18,Normalized_Volatility,103.110356322
5y7y_ATM,2013-10-21,Normalized_Volatility,103.132788576
5y7y_ATM,2013-10-22,Normalized_Volatility,102.06918826
5y7y_ATM,2013-10-23,Normalized_Volatility,101.675681315
5y7y_ATM,2013-10-24,Normalized_Volatility,101.84074236
5y7y_ATM,2013-10-25,Normalized_Volatility,101.47358906
5y7y_ATM,2013-10-28,Normalized_Volatility,100.979486342
5y7y_ATM,2013-10-29,Normalized_Volatility,100.863372744
5y7y_ATM,2013-10-30,Normalized_Volatility,101.196088972
5y7y_ATM,2013-10-31,Normalized_Volatility,102.051150568
5y7y_ATM,2013-11-01,Normalized_Volatility,102.66062088
5y7y_ATM,2013-11-04,Normalized_Volatility,102.318560991
5y7y_ATM,2013-11-05,Normalized_Volatility,103.44930474
5y7y_ATM,2013-11-06,Normalized_Volatility,103.15192835
5y7y_ATM,2013-11-07,Normalized_Volatility,102.841443022
5y7y_ATM,2013-11-08,Normalized_Volatility,104.103508458
5y7y_ATM,2013-11-12,Normalized_Volatility,104.339299147
5y7y_ATM,2013-11-13,Normalized_Volatility,103.897945736
5y7y_ATM,2013-11-14,Normalized_Volatility,102.850749128
5y7y_ATM,2013-11-15,Normalized_Volatility,102.524342646
5y7y_ATM,2013-11-18,Normalized_Volatility,101.815804354
5y7y_ATM,2013-11-19,Normalized_Volatility,102.119007457
5y7y_ATM,2013-11-20,Normalized_Volatility,103.019777091
5y7y_ATM,2013-11-21,Normalized_Volatility,103.044917345
5y7y_ATM,2013-11-22,Normalized_Volatility,102.959195136
5y7y_ATM,2013-12-03,Normalized_Volatility,104.2307274
5y7y_ATM,2013-12-04,Normalized_Volatility,104.633863261
5y7y_ATM,2013-12-05,Normalized_Volatility,104.768735598
5y7y_ATM,2013-12-06,Normalized_Volatility,104.312510964
5y7y_ATM,2013-12-09,Normalized_Volatility,103.97337731
5y7y_ATM,2013-12-10,Normalized_Volatility,103.47164373
5y7y_ATM,2013-12-11,Normalized_Volatility,103.71180456
5y7y_ATM,2013-12-12,Normalized_Volatility,103.868166465
5y7y_ATM,2013-12-13,Normalized_Volatility,103.590513408
5y7y_ATM,2013-12-16,Normalized_Volatility,103.508758442
5y7y_ATM,2013-12-17,Normalized_Volatility,103.07783598
5y7y_ATM,2013-12-18,Normalized_Volatility,103.272953606
5y7y_ATM,2013-12-19,Normalized_Volatility,103.899046048
5y7y_ATM,2013-12-20,Normalized_Volatility,103.387225404
5y7y_ATM,2013-12-23,Normalized_Volatility,103.555113332
5y7y_ATM,2013-12-24,Normalized_Volatility,103.74350276
5y7y_ATM,2013-12-26,Normalized_Volatility,104.218043504
5y7y_ATM,2013-12-27,Normalized_Volatility,103.84839235
5y7y_ATM,2013-12-30,Normalized_Volatility,103.773097506
5y7y_ATM,2013-12-31,Normalized_Volatility,104.310113056
5y7y_ATM,2014-01-02,Normalized_Volatility,103.94365896
5y7y_ATM,2014-01-03,Normalized_Volatility,103.197566537
5y7y_ATM,2014-01-06,Normalized_Volatility,102.620595246
5y7y_ATM,2014-01-07,Normalized_Volatility,101.45819055
5y7y_ATM,2014-01-08,Normalized_Volatility,101.468661502
5y7y_ATM,2014-01-09,Normalized_Volatility,100.623461244
5y7y_ATM,2014-01-10,Normalized_Volatility,98.576104032
5y7y_ATM,2014-01-13,Normalized_Volatility,97.69880992
5y7y_ATM,2014-01-14,Normalized_Volatility,98.220926144
5y7y_ATM,2014-01-15,Normalized_Volatility,98.317742739
5y7y_ATM,2014-01-16,Normalized_Volatility,98.01968162
5y7y_ATM,2014-01-17,Normalized_Volatility,97.726127714
5y7y_ATM,2014-01-21,Normalized_Volatility,97.838224176
5y7y_ATM,2014-01-22,Normalized_Volatility,97.977378631
5y7y_ATM,2014-01-23,Normalized_Volatility,97.518549104
5y7y_ATM,2014-01-24,Normalized_Volatility,97.284353326
5y7y_ATM,2014-01-27,Normalized_Volatility,97.61753248
5y7y_ATM,2014-01-28,Normalized_Volatility,98.560298746
5y7y_ATM,2014-01-29,Normalized_Volatility,98.74472181
5y7y_ATM,2014-01-30,Normalized_Volatility,99.26338826
5y7y_ATM,2014-01-31,Normalized_Volatility,99.454562584
5y7y_ATM,2014-02-03,Normalized_Volatility,99.429608017
5y7y_ATM,2014-02-04,Normalized_Volatility,100.290462992
5y7y_ATM,2014-02-05,Normalized_Volatility,100.29175056
5y7y_ATM,2014-02-06,Normalized_Volatility,100.119783234
5y7y_ATM,2014-02-07,Normalized_Volatility,99.554712048
5y7y_ATM,2014-02-10,Normalized_Volatility,99.04999923
5y7y_ATM,2014-02-11,Normalized_Volatility,99.198003868
5y7y_ATM,2014-02-12,Normalized_Volatility,99.182101176
5y7y_ATM,2014-02-13,Normalized_Volatility,98.684408354
5y7y_ATM,2014-02-14,Normalized_Volatility,98.24251293
5y7y_ATM,2014-02-18,Normalized_Volatility,98.076686686
5y7y_ATM,2014-02-19,Normalized_Volatility,98.261747459
5y7y_ATM,2014-02-20,Normalized_Volatility,98.119217911
5y7y_ATM,2014-02-21,Normalized_Volatility,97.779539144
5y7y_ATM,2014-02-24,Normalized_Volatility,97.333476184
5y7y_ATM,2014-02-25,Normalized_Volatility,96.688124925
5y7y_ATM,2014-02-26,Normalized_Volatility,96.316813164
5y7y_ATM,2014-02-27,Normalized_Volatility,96.325619553
5y7y_ATM,2014-02-28,Normalized_Volatility,96.1811352
5y7y_ATM,2014-03-03,Normalized_Volatility,96.05519456
5y7y_ATM,2014-03-04,Normalized_Volatility,97.220956154
5y7y_ATM,2014-03-05,Normalized_Volatility,96.753449579
5y7y_ATM,2014-03-06,Normalized_Volatility,96.896163464
5y7y_ATM,2014-03-07,Normalized_Volatility,96.76298775
5y7y_ATM,2014-03-10,Normalized_Volatility,96.388415994
5y7y_ATM,2014-03-11,Normalized_Volatility,96.174866799
5y7y_ATM,2014-03-12,Normalized_Volatility,96.058023024
5y7y_ATM,2014-03-13,Normalized_Volatility,96.068824956
5y7y_ATM,2014-03-14,Normalized_Volatility,96.4593264
5y7y_ATM,2014-03-17,Normalized_Volatility,96.39869294
5y7y_ATM,2014-03-18,Normalized_Volatility,96.585125652
5y7y_ATM,2014-03-19,Normalized_Volatility,97.076636756
5y7y_ATM,2014-03-20,Normalized_Volatility,96.66354385
5y7y_ATM,2014-03-21,Normalized_Volatility,95.726232965
5y7y_ATM,2014-03-24,Normalized_Volatility,95.32973208
5y7y_ATM,2014-03-25,Normalized_Volatility,95.473427504
5y7y_ATM,2014-03-26,Normalized_Volatility,95.037709426
5y7y_ATM,2014-03-27,Normalized_Volatility,94.568447533
5y7y_ATM,2014-03-28,Normalized_Volatility,94.559249828
5y7y_ATM,2014-03-31,Normalized_Volatility,94.474571873
5y7y_ATM,2014-04-01,Normalized_Volatility,94.507772241
5y7y_ATM,2014-04-02,Normalized_Volatility,93.966976999
5y7y_ATM,2014-04-03,Normalized_Volatility,93.789524272
5y7y_ATM,2014-04-04,Normalized_Volatility,92.683161146
5y7y_ATM,2014-04-07,Normalized_Volatility,92.06120792
5y7y_ATM,2014-04-08,Normalized_Volatility,91.697535188
5y7y_ATM,2014-04-09,Normalized_Volatility,91.851730082
5y7y_ATM,2014-04-10,Normalized_Volatility,91.872894582
5y7y_ATM,2014-04-11,Normalized_Volatility,92.271257823
5y7y_ATM,2014-04-14,Normalized_Volatility,92.427099228
5y7y_ATM,2014-04-15,Normalized_Volatility,92.12326398
5y7y_ATM,2014-04-16,Normalized_Volatility,92.395425852
5y7y_ATM,2014-04-17,Normalized_Volatility,93.02972112
5y7y_ATM,2014-04-21,Normalized_Volatility,92.7847734
5y7y_ATM,2014-04-22,Normalized_Volatility,92.80174888
5y7y_ATM,2014-04-23,Normalized_Volatility,92.69871728
5y7y_ATM,2014-04-24,Normalized_Volatility,92.593568873
5y7y_ATM,2014-04-25,Normalized_Volatility,92.509423005
5y7y_ATM,2014-04-28,Normalized_Volatility,92.90653662
5y7y_ATM,2014-04-29,Normalized_Volatility,92.846952534
5y7y_ATM,2014-04-30,Normalized_Volatility,92.740203703
5y7y_ATM,2014-05-01,Normalized_Volatility,92.590693888
5y7y_ATM,2014-05-02,Normalized_Volatility,92.244591504
5y7y_ATM,2014-05-05,Normalized_Volatility,92.330974848
5y7y_ATM,2014-05-06,Normalized_Volatility,92.339621349
5y7y_ATM,2014-05-07,Normalized_Volatility,92.435659906
5y7y_ATM,2014-05-08,Normalized_Volatility,92.304364664
5y7y_ATM,2014-05-09,Normalized_Volatility,92.44150267
5y7y_ATM,2014-05-12,Normalized_Volatility,92.682258966
5y7y_ATM,2014-05-13,Normalized_Volatility,92.540114898
5y7y_ATM,2014-05-14,Normalized_Volatility,92.49369816
5y7y_ATM,2014-05-15,Normalized_Volatility,92.817002264
5y7y_ATM,2014-05-16,Normalized_Volatility,92.97476886
5y7y_ATM,2014-05-19,Normalized_Volatility,93.013789083
5y7y_ATM,2014-05-20,Normalized_Volatility,92.937047307
5y7y_ATM,2014-05-21,Normalized_Volatility,93.040727462
5y7y_ATM,2014-05-22,Normalized_Volatility,93.126090419
5y7y_ATM,2014-05-23,Normalized_Volatility,92.986852385
5y7y_ATM,2014-05-27,Normalized_Volatility,93.00361006
5y7y_ATM,2014-05-28,Normalized_Volatility,93.140973126
5y7y_ATM,2014-05-29,Normalized_Volatility,93.905775865
5y7y_ATM,2014-05-30,Normalized_Volatility,93.92158721
5y7y_ATM,2014-06-02,Normalized_Volatility,94.545791835
5y7y_ATM,2014-06-03,Normalized_Volatility,94.556316096
5y7y_ATM,2014-06-04,Normalized_Volatility,94.718289173
5y7y_ATM,2014-06-05,Normalized_Volatility,94.583128453
5y7y_ATM,2014-06-06,Normalized_Volatility,94.0405167
5y7y_ATM,2014-06-09,Normalized_Volatility,93.760410003
5y7y_ATM,2014-06-10,Normalized_Volatility,93.471714936
5y7y_ATM,2014-06-11,Normalized_Volatility,92.56264704
5y7y_ATM,2014-06-12,Normalized_Volatility,92.003685172
5y7y_ATM,2014-06-13,Normalized_Volatility,91.662925482
5y7y_ATM,2014-06-16,Normalized_Volatility,90.392828088
5y7y_ATM,2014-06-17,Normalized_Volatility,90.600369468
5y7y_ATM,2014-06-18,Normalized_Volatility,90.1595125
5y7y_ATM,2014-06-19,Normalized_Volatility,90.860932912
5y7y_ATM,2014-06-20,Normalized_Volatility,90.767380845
5y7y_ATM,2014-06-23,Normalized_Volatility,90.870234266
5y7y_ATM,2014-06-24,Normalized_Volatility,90.460770752
5y7y_ATM,2014-06-25,Normalized_Volatility,90.03528492
5y7y_ATM,2014-06-26,Normalized_Volatility,89.835575367
5y7y_ATM,2014-06-27,Normalized_Volatility,89.91748133
5y7y_ATM,2014-06-30,Normalized_Volatility,89.872230308
5y7y_ATM,2014-07-01,Normalized_Volatility,90.233973576
5y7y_ATM,2014-07-02,Normalized_Volatility,90.608999256
5y7y_ATM,2014-07-03,Normalized_Volatility,90.33262536
5y7y_ATM,2014-07-07,Normalized_Volatility,90.172973403
5y7y_ATM,2014-07-08,Normalized_Volatility,89.489286968
5y7y_ATM,2014-07-09,Normalized_Volatility,89.58149966
5y7y_ATM,2014-07-10,Normalized_Volatility,89.641347939
5y7y_ATM,2014-07-11,Normalized_Volatility,89.608743282
5y7y_ATM,2014-07-14,Normalized_Volatility,89.898135115
5y7y_ATM,2014-07-15,Normalized_Volatility,89.926170196
5y7y_ATM,2014-07-16,Normalized_Volatility,89.771112552
5y7y_ATM,2014-07-17,Normalized_Volatility,89.935953009
5y7y_ATM,2014-07-18,Normalized_Volatility,89.998063155
5y7y_ATM,2014-07-21,Normalized_Volatility,90.51925208
5y7y_ATM,2014-07-22,Normalized_Volatility,90.678324646
5y7y_ATM,2014-07-23,Normalized_Volatility,90.690385644
5y7y_ATM,2014-07-24,Normalized_Volatility,91.022793002
5y7y_ATM,2014-07-25,Normalized_Volatility,91.116009985
5y7y_ATM,2014-07-28,Normalized_Volatility,91.389493492
5y7y_ATM,2014-07-29,Normalized_Volatility,92.104116839
5y7y_ATM,2014-07-30,Normalized_Volatility,93.051236807
5y7y_ATM,2014-07-31,Normalized_Volatility,93.146486069
5y7y_ATM,2014-08-01,Normalized_Volatility,93.23369084
5y7y_ATM,2014-08-04,Normalized_Volatility,93.171935976
5y7y_ATM,2014-08-05,Normalized_Volatility,92.988957024
5y7y_ATM,2014-08-06,Normalized_Volatility,93.069800232
5y7y_ATM,2014-08-07,Normalized_Volatility,93.31550116
5y7y_ATM,2014-08-08,Normalized_Volatility,93.52853312
5y7y_ATM,2014-08-11,Normalized_Volatility,93.261420703
5y7y_ATM,2014-08-12,Normalized_Volatility,93.48029075
5y7y_ATM,2014-08-13,Normalized_Volatility,93.32779617
5y7y_ATM,2014-08-14,Normalized_Volatility,93.692586864
5y7y_ATM,2014-08-15,Normalized_Volatility,94.330103296
5y7y_ATM,2014-08-18,Normalized_Volatility,94.72668042
5y7y_ATM,2014-08-19,Normalized_Volatility,94.65312054
5y7y_ATM,2014-08-20,Normalized_Volatility,94.494021888
5y7y_ATM,2014-08-21,Normalized_Volatility,94.348211306
5y7y_ATM,2014-08-22,Normalized_Volatility,93.464945388
5y7y_ATM,2014-08-25,Normalized_Volatility,92.585666604
5y7y_ATM,2014-08-26,Normalized_Volatility,92.406196827
5y7y_ATM,2014-08-27,Normalized_Volatility,92.380165431
5y7y_ATM,2014-08-28,Normalized_Volatility,92.08007097
5y7y_ATM,2014-08-29,Normalized_Volatility,92.15476192
5y7y_ATM,2014-09-02,Normalized_Volatility,92.25927424
5y7y_ATM,2014-09-03,Normalized_Volatility,92.010590442
5y7y_ATM,2014-09-04,Normalized_Volatility,92.153481014
5y7y_ATM,2014-09-05,Normalized_Volatility,92.001121632
5y7y_ATM,2014-09-08,Normalized_Volatility,92.124693934
5y7y_ATM,2014-09-09,Normalized_Volatility,92.163592547
5y7y_ATM,2014-09-10,Normalized_Volatility,91.970456964
5y7y_ATM,2014-09-11,Normalized_Volatility,90.78551608
5y7y_ATM,2014-09-12,Normalized_Volatility,89.4789918
5y7y_ATM,2014-09-15,Normalized_Volatility,89.515877034
5y7y_ATM,2014-09-16,Normalized_Volatility,89.667371752
5y7y_ATM,2014-09-17,Normalized_Volatility,89.838738248
5y7y_ATM,2014-09-18,Normalized_Volatility,89.997566088
5y7y_ATM,2014-09-19,Normalized_Volatility,89.852327318
5y7y_ATM,2014-09-22,Normalized_Volatility,89.132967161
5y7y_ATM,2014-09-23,Normalized_Volatility,89.175589159
5y7y_ATM,2014-09-24,Normalized_Volatility,89.172512018
5y7y_ATM,2014-09-25,Normalized_Volatility,89.443310293
5y7y_ATM,2014-09-26,Normalized_Volatility,90.328398672
5y7y_ATM,2014-09-29,Normalized_Volatility,90.876464028
5y7y_ATM,2014-09-30,Normalized_Volatility,90.983257076
5y7y_ATM,2014-10-01,Normalized_Volatility,91.212185448
5y7y_ATM,2014-10-02,Normalized_Volatility,92.227794809
5y7y_ATM,2014-10-03,Normalized_Volatility,92.011452078
5y7y_ATM,2014-10-06,Normalized_Volatility,91.94819571
5y7y_ATM,2014-10-07,Normalized_Volatility,92.183440692
5y7y_ATM,2014-10-08,Normalized_Volatility,92.037991905
5y7y_ATM,2014-10-09,Normalized_Volatility,92.16437696
5y7y_ATM,2014-10-10,Normalized_Volatility,92.33619471
5y7y_ATM,2014-10-14,Normalized_Volatility,92.98817164
5y7y_ATM,2014-10-15,Normalized_Volatility,95.982465287
5y7y_ATM,2014-10-16,Normalized_Volatility,95.00767024
5y7y_ATM,2014-10-17,Normalized_Volatility,93.074486388
5y7y_ATM,2014-10-20,Normalized_Volatility,93.497263002
5y7y_ATM,2014-10-21,Normalized_Volatility,94.140870561
5y7y_ATM,2014-10-22,Normalized_Volatility,94.184670816
5y7y_ATM,2014-10-23,Normalized_Volatility,94.61462229
5y7y_ATM,2014-10-24,Normalized_Volatility,94.876165686
5y7y_ATM,2014-10-27,Normalized_Volatility,94.68619088
5y7y_ATM,2014-10-28,Normalized_Volatility,94.33258752
5y7y_ATM,2014-10-29,Normalized_Volatility,92.901994196
5y7y_ATM,2014-10-30,Normalized_Volatility,92.172533544
5y7y_ATM,2014-10-31,Normalized_Volatility,92.159483472
5y7y_ATM,2014-11-03,Normalized_Volatility,91.359814876
5y7y_ATM,2014-11-04,Normalized_Volatility,91.406008848
5y7y_ATM,2014-11-05,Normalized_Volatility,91.332369898
5y7y_ATM,2014-11-06,Normalized_Volatility,91.30598748
5y7y_ATM,2014-11-07,Normalized_Volatility,90.470256132
5y7y_ATM,2014-11-10,Normalized_Volatility,90.52435047
5y7y_ATM,2014-11-12,Normalized_Volatility,90.26888493
5y7y_ATM,2014-11-13,Normalized_Volatility,89.806192592
5y7y_ATM,2014-11-14,Normalized_Volatility,89.85147075
5y7y_ATM,2014-11-17,Normalized_Volatility,89.96293786
5y7y_ATM,2014-11-18,Normalized_Volatility,89.975863402
5y7y_ATM,2014-11-19,Normalized_Volatility,90.706374225
5y7y_ATM,2014-11-20,Normalized_Volatility,90.9334755
5y7y_ATM,2014-11-21,Normalized_Volatility,90.796447143
5y7y_ATM,2014-11-24,Normalized_Volatility,90.838085226
5y7y_ATM,2014-11-25,Normalized_Volatility,91.030053714
5y7y_ATM,2014-11-26,Normalized_Volatility,91.127056548
5y7y_ATM,2014-11-28,Normalized_Volatility,90.878878064
5y7y_ATM,2014-12-01,Normalized_Volatility,91.37502528
5y7y_ATM,2014-12-02,Normalized_Volatility,91.555135164
5y7y_ATM,2014-12-03,Normalized_Volatility,91.170728424
5y7y_ATM,2014-12-04,Normalized_Volatility,90.743462571
5y7y_ATM,2014-12-05,Normalized_Volatility,90.800749872
5y7y_ATM,2014-12-08,Normalized_Volatility,90.511200288
5y7y_ATM,2014-12-09,Normalized_Volatility,90.470422736
5y7y_ATM,2014-12-10,Normalized_Volatility,90.72710064
5y7y_ATM,2014-12-11,Normalized_Volatility,91.318499476
5y7y_ATM,2014-12-12,Normalized_Volatility,92.3505975
5y7y_ATM,2014-12-15,Normalized_Volatility,92.694010104
5y7y_ATM,2014-12-16,Normalized_Volatility,93.94444463
5y7y_ATM,2014-12-17,Normalized_Volatility,93.375467808
5y7y_ATM,2014-12-18,Normalized_Volatility,93.503771168
5y7y_ATM,2014-12-19,Normalized_Volatility,92.819645716
5y7y_ATM,2014-12-22,Normalized_Volatility,92.724542928
5y7y_ATM,2014-12-23,Normalized_Volatility,92.23011583
5y7y_ATM,2014-12-24,Normalized_Volatility,91.808886555
5y7y_ATM,2014-12-26,Normalized_Volatility,91.754432744
5y7y_ATM,2014-12-29,Normalized_Volatility,91.311644592
5y7y_ATM,2014-12-30,Normalized_Volatility,91.099220256
5y7y_ATM,2014-12-31,Normalized_Volatility,91.09663299
