3y7y_ATM	12/31/2013	106.2263435
3y7y_ATM	12/30/2013	105.5250363
3y7y_ATM	12/27/2013	105.7313352
3y7y_ATM	12/26/2013	106.355097
3y7y_ATM	12/24/2013	106.2527737
3y7y_ATM	12/23/2013	106.2333955
3y7y_ATM	12/20/2013	106.1383274
3y7y_ATM	12/19/2013	106.4505528
3y7y_ATM	12/18/2013	105.8697536
3y7y_ATM	12/17/2013	105.6567432
3y7y_ATM	12/16/2013	106.1442463
3y7y_ATM	12/13/2013	106.3131688
3y7y_ATM	12/12/2013	106.6612932
3y7y_ATM	12/11/2013	106.2971908
3y7y_ATM	12/10/2013	105.7933734
3y7y_ATM	12/9/2013	106.4647658
3y7y_ATM	12/6/2013	107.018246
3y7y_ATM	12/5/2013	107.5949453
3y7y_ATM	12/4/2013	107.6008712
3y7y_ATM	12/3/2013	106.4583696
3y7y_ATM	11/22/2013	103.4434927
3y7y_ATM	11/21/2013	103.4948713
3y7y_ATM	11/20/2013	103.26178
3y7y_ATM	11/19/2013	102.1797328
3y7y_ATM	11/18/2013	101.8369149
3y7y_ATM	11/15/2013	103.2201182
3y7y_ATM	11/14/2013	103.7957423
3y7y_ATM	11/13/2013	105.5620027
3y7y_ATM	11/12/2013	106.2685381
3y7y_ATM	11/8/2013	106.0549171
3y7y_ATM	11/7/2013	103.4790155
3y7y_ATM	11/6/2013	103.6748658
3y7y_ATM	11/5/2013	103.9590621
3y7y_ATM	11/4/2013	102.3582938
3y7y_ATM	11/1/2013	102.7472278
3y7y_ATM	10/31/2013	101.2342477
3y7y_ATM	10/30/2013	100.1438745
3y7y_ATM	10/29/2013	99.56486618
3y7y_ATM	10/28/2013	99.81079176
3y7y_ATM	10/25/2013	100.3589302
3y7y_ATM	10/24/2013	100.7929428
3y7y_ATM	10/23/2013	100.4325371
3y7y_ATM	10/22/2013	101.3351996
3y7y_ATM	10/21/2013	103.3627631
3y7y_ATM	10/18/2013	103.4147275
3y7y_ATM	10/17/2013	103.5592867
3y7y_ATM	10/16/2013	104.663914
3y7y_ATM	10/15/2013	105.4212731
3y7y_ATM	10/11/2013	105.0003266
3y7y_ATM	10/10/2013	104.9304556
3y7y_ATM	10/9/2013	104.6763792
3y7y_ATM	10/8/2013	104.1337012
3y7y_ATM	10/7/2013	104.3295419
3y7y_ATM	10/4/2013	104.7891954
3y7y_ATM	10/3/2013	104.272286
3y7y_ATM	10/2/2013	105.1878482
3y7y_ATM	10/1/2013	105.7484736
3y7y_ATM	9/30/2013	105.3475922
3y7y_ATM	9/27/2013	105.2741911
3y7y_ATM	9/26/2013	104.342518
3y7y_ATM	9/25/2013	103.4730383
3y7y_ATM	9/24/2013	104.0306286
3y7y_ATM	9/23/2013	104.4934888
3y7y_ATM	9/20/2013	105.0654763
3y7y_ATM	9/19/2013	105.7171136
3y7y_ATM	9/18/2013	105.9248625
3y7y_ATM	9/17/2013	108.8736789
3y7y_ATM	9/16/2013	109.846201
3y7y_ATM	9/13/2013	110.9741208
3y7y_ATM	9/12/2013	111.9994902
3y7y_ATM	9/11/2013	112.9548015
3y7y_ATM	9/10/2013	113.7196348
3y7y_ATM	9/9/2013	113.323846
3y7y_ATM	9/6/2013	113.3080973
3y7y_ATM	9/5/2013	113.7383027
3y7y_ATM	9/4/2013	112.7286492
3y7y_ATM	9/3/2013	112.1748124
3y7y_ATM	8/30/2013	111.0375964
3y7y_ATM	8/29/2013	110.2317301
3y7y_ATM	8/28/2013	110.4228107
3y7y_ATM	8/27/2013	108.82867
3y7y_ATM	8/26/2013	108.9742248
3y7y_ATM	8/23/2013	109.1254897
3y7y_ATM	8/22/2013	110.0781511
3y7y_ATM	8/21/2013	110.149376
3y7y_ATM	8/20/2013	108.6281086
3y7y_ATM	8/19/2013	109.2888234
3y7y_ATM	8/16/2013	108.3750133
3y7y_ATM	8/15/2013	107.5237676
3y7y_ATM	8/14/2013	106.7914496
3y7y_ATM	8/13/2013	106.793037
3y7y_ATM	8/12/2013	105.9952146
3y7y_ATM	8/9/2013	105.6105966
3y7y_ATM	8/8/2013	105.8589314
3y7y_ATM	8/7/2013	106.7290805
3y7y_ATM	8/6/2013	108.1306814
3y7y_ATM	8/5/2013	108.0287276
3y7y_ATM	8/2/2013	107.7154284
3y7y_ATM	8/1/2013	109.8833794
3y7y_ATM	7/31/2013	107.9964457
3y7y_ATM	7/30/2013	107.8149272
3y7y_ATM	7/29/2013	107.7601691
3y7y_ATM	7/26/2013	107.4084951
3y7y_ATM	7/25/2013	107.2094514
3y7y_ATM	7/24/2013	106.9500516
3y7y_ATM	7/23/2013	104.7328066
3y7y_ATM	7/22/2013	104.1580784
3y7y_ATM	7/19/2013	103.9288604
3y7y_ATM	7/18/2013	104.3626586
3y7y_ATM	7/17/2013	104.5561431
3y7y_ATM	7/16/2013	105.7926272
3y7y_ATM	7/15/2013	106.2778306
3y7y_ATM	7/12/2013	107.2850911
3y7y_ATM	7/11/2013	106.7598277
3y7y_ATM	7/10/2013	108.4625446
3y7y_ATM	7/9/2013	107.9366476
3y7y_ATM	7/8/2013	108.7013726
3y7y_ATM	7/5/2013	109.8882839
3y7y_ATM	7/3/2013	106.0639028
3y7y_ATM	7/2/2013	105.087523
3y7y_ATM	7/1/2013	105.2522802
3y7y_ATM	6/28/2013	105.7965427
3y7y_ATM	6/27/2013	104.5801064
3y7y_ATM	6/26/2013	107.8215258
3y7y_ATM	6/25/2013	108.5741067
3y7y_ATM	6/24/2013	108.6281357
3y7y_ATM	6/21/2013	106.8776837
3y7y_ATM	6/20/2013	106.1529343
3y7y_ATM	6/19/2013	102.8832541
3y7y_ATM	6/18/2013	100.0014881
3y7y_ATM	6/17/2013	99.87834151
3y7y_ATM	6/14/2013	98.98745914
3y7y_ATM	6/13/2013	100.394685
3y7y_ATM	6/12/2013	102.1269137
3y7y_ATM	6/11/2013	102.7408695
3y7y_ATM	6/10/2013	102.9392451
3y7y_ATM	6/7/2013	101.9633255
3y7y_ATM	6/6/2013	100.7189228
3y7y_ATM	6/5/2013	101.1927859
3y7y_ATM	6/4/2013	101.2576583
3y7y_ATM	6/3/2013	99.62236088
3y7y_ATM	5/31/2013	97.88555913
3y7y_ATM	5/30/2013	96.50392355
3y7y_ATM	5/29/2013	95.57096801
3y7y_ATM	5/28/2013	93.91079724
3y7y_ATM	5/24/2013	90.88714732
3y7y_ATM	5/23/2013	90.74980616
3y7y_ATM	5/22/2013	90.19679702
3y7y_ATM	5/21/2013	89.09081785
3y7y_ATM	5/20/2013	89.35324156
3y7y_ATM	5/17/2013	89.2927025
3y7y_ATM	5/16/2013	88.53461397
3y7y_ATM	5/15/2013	88.46265077
3y7y_ATM	5/14/2013	88.43316409
3y7y_ATM	5/13/2013	88.08516599
3y7y_ATM	5/10/2013	87.64039543
3y7y_ATM	5/9/2013	87.26108625
3y7y_ATM	5/8/2013	87.67797305
3y7y_ATM	5/7/2013	87.70121666
3y7y_ATM	5/6/2013	87.67708925
3y7y_ATM	5/3/2013	87.57165004
3y7y_ATM	5/2/2013	86.70263563
3y7y_ATM	5/1/2013	86.48204562
3y7y_ATM	4/30/2013	86.59287796
3y7y_ATM	4/29/2013	86.45243671
3y7y_ATM	4/26/2013	86.44262022
3y7y_ATM	4/25/2013	86.85637967
3y7y_ATM	4/24/2013	86.98706185
3y7y_ATM	4/23/2013	86.96218836
3y7y_ATM	4/22/2013	87.14039174
3y7y_ATM	4/19/2013	87.28690625
3y7y_ATM	4/18/2013	86.59880384
3y7y_ATM	4/17/2013	86.86087389
3y7y_ATM	4/16/2013	86.97240353
3y7y_ATM	4/15/2013	86.67536327
3y7y_ATM	4/12/2013	86.98941
3y7y_ATM	4/11/2013	87.40365172
3y7y_ATM	4/10/2013	88.1591502
3y7y_ATM	4/9/2013	87.72115321
3y7y_ATM	4/8/2013	87.88646136
3y7y_ATM	4/5/2013	87.40130751
3y7y_ATM	4/4/2013	88.23329268
3y7y_ATM	4/3/2013	88.70037768
3y7y_ATM	4/2/2013	89.64798183
3y7y_ATM	4/1/2013	89.50847246
3y7y_ATM	3/28/2013	89.80841688
3y7y_ATM	3/27/2013	89.92183971
3y7y_ATM	3/26/2013	90.40354991
3y7y_ATM	3/25/2013	90.78457002
3y7y_ATM	3/22/2013	91.63849229
3y7y_ATM	3/21/2013	92.00741462
3y7y_ATM	3/20/2013	91.87571507
3y7y_ATM	3/19/2013	91.82291719
3y7y_ATM	3/18/2013	92.26642784
3y7y_ATM	3/15/2013	91.69276721
3y7y_ATM	3/14/2013	92.03184877
3y7y_ATM	3/13/2013	91.42505514
3y7y_ATM	3/12/2013	91.1194422
3y7y_ATM	3/11/2013	91.26517489
3y7y_ATM	3/8/2013	91.45358112
3y7y_ATM	3/7/2013	90.9882663
3y7y_ATM	3/6/2013	90.35153506
3y7y_ATM	3/5/2013	90.12036239
3y7y_ATM	3/4/2013	90.26336099
3y7y_ATM	3/1/2013	90.95049941
3y7y_ATM	2/28/2013	90.99126141
3y7y_ATM	2/27/2013	90.80440649
3y7y_ATM	2/26/2013	90.30249622
3y7y_ATM	2/25/2013	90.29081934
3y7y_ATM	2/22/2013	90.42584868
3y7y_ATM	2/21/2013	90.53423331
3y7y_ATM	2/20/2013	90.11551629
3y7y_ATM	2/19/2013	90.17855664
3y7y_ATM	2/15/2013	90.10017937
3y7y_ATM	2/14/2013	90.21492944
3y7y_ATM	2/13/2013	90.99528471
3y7y_ATM	2/12/2013	90.41733228
3y7y_ATM	2/11/2013	90.21567414
3y7y_ATM	2/8/2013	90.54080642
3y7y_ATM	2/7/2013	90.59013466
3y7y_ATM	2/6/2013	90.1280339
3y7y_ATM	2/5/2013	90.33174182
3y7y_ATM	2/4/2013	88.31297873
3y7y_ATM	2/1/2013	89.4634134
3y7y_ATM	1/31/2013	89.02098687
3y7y_ATM	1/30/2013	89.5098913
3y7y_ATM	1/29/2013	89.22586694
3y7y_ATM	1/28/2013	88.60778354
3y7y_ATM	1/25/2013	87.41376684
3y7y_ATM	1/24/2013	85.3476888
3y7y_ATM	1/23/2013	84.73932974
3y7y_ATM	1/22/2013	84.16057183
3y7y_ATM	1/18/2013	84.17518656
3y7y_ATM	1/17/2013	84.34212801
3y7y_ATM	1/16/2013	83.08517178
3y7y_ATM	1/15/2013	83.02219002
3y7y_ATM	1/14/2013	83.89095851
3y7y_ATM	1/11/2013	84.22884634
3y7y_ATM	1/10/2013	84.39539348
3y7y_ATM	1/9/2013	83.77855915
3y7y_ATM	1/8/2013	83.98371882
3y7y_ATM	1/7/2013	84.06244189
3y7y_ATM	1/4/2013	84.5290302
3y7y_ATM	1/3/2013	84.53346297
3y7y_ATM	1/2/2013	84.68597922
3y7y_ATM	12/31/2012	84.15883512
3y7y_ATM	12/28/2012	82.75954333
3y7y_ATM	12/27/2012	83.18910867
3y7y_ATM	12/26/2012	83.38301059
3y7y_ATM	12/24/2012	83.58874235
3y7y_ATM	12/21/2012	83.34336248
3y7y_ATM	12/20/2012	83.64041512
3y7y_ATM	12/19/2012	84.81510376
3y7y_ATM	12/18/2012	86.01065295
3y7y_ATM	12/17/2012	84.8551236
3y7y_ATM	12/14/2012	83.96408546
3y7y_ATM	12/13/2012	83.81269562
3y7y_ATM	12/12/2012	83.23134421
3y7y_ATM	12/11/2012	82.06317454
3y7y_ATM	12/10/2012	81.77309803
3y7y_ATM	12/7/2012	81.99981676
3y7y_ATM	12/6/2012	81.51900923
3y7y_ATM	12/5/2012	81.51197074
3y7y_ATM	12/4/2012	81.51479201
3y7y_ATM	12/3/2012	81.83556722
3y7y_ATM	11/30/2012	82.17215913
3y7y_ATM	11/29/2012	82.11578839
3y7y_ATM	11/28/2012	82.23183535
3y7y_ATM	11/27/2012	82.72696186
3y7y_ATM	11/26/2012	83.59535982
3y7y_ATM	11/23/2012	84.15859689
3y7y_ATM	11/21/2012	84.30202143
3y7y_ATM	11/20/2012	84.30545654
3y7y_ATM	11/19/2012	84.17170785
3y7y_ATM	11/16/2012	83.68256614
3y7y_ATM	11/15/2012	83.72426954
3y7y_ATM	11/14/2012	83.48795293
3y7y_ATM	11/13/2012	82.99791616
3y7y_ATM	11/9/2012	83.30810406
3y7y_ATM	11/8/2012	82.25219955
3y7y_ATM	11/7/2012	82.82671856
3y7y_ATM	11/6/2012	85.0575546
3y7y_ATM	11/5/2012	84.53494201
3y7y_ATM	11/2/2012	84.83473326
3y7y_ATM	11/1/2012	84.65177705
3y7y_ATM	10/31/2012	84.23566256
3y7y_ATM	10/29/2012	84.12315841
3y7y_ATM	10/26/2012	84.6825391
3y7y_ATM	10/25/2012	85.53998219
3y7y_ATM	10/24/2012	84.88176102
3y7y_ATM	10/23/2012	84.92317873
3y7y_ATM	10/22/2012	85.4846888
3y7y_ATM	10/19/2012	84.5387503
3y7y_ATM	10/18/2012	85.55501364
3y7y_ATM	10/17/2012	85.78360806
3y7y_ATM	10/16/2012	83.44625097
3y7y_ATM	10/15/2012	83.07812837
3y7y_ATM	10/12/2012	82.51700889
3y7y_ATM	10/11/2012	82.85561608
3y7y_ATM	10/10/2012	82.95856662
3y7y_ATM	10/9/2012	83.78549508
3y7y_ATM	10/5/2012	84.49875203
3y7y_ATM	10/4/2012	84.42337153
3y7y_ATM	10/3/2012	84.10932407
3y7y_ATM	10/2/2012	84.46452447
3y7y_ATM	10/1/2012	84.49971394
3y7y_ATM	9/28/2012	84.74443847
3y7y_ATM	9/27/2012	84.60916994
3y7y_ATM	9/26/2012	84.60905445
3y7y_ATM	9/25/2012	85.53840367
3y7y_ATM	9/24/2012	85.41404625
3y7y_ATM	9/21/2012	86.3442313
3y7y_ATM	9/20/2012	86.44968716
3y7y_ATM	9/19/2012	86.7105775
3y7y_ATM	9/18/2012	87.5594104
3y7y_ATM	9/17/2012	88.60370133
3y7y_ATM	9/14/2012	89.59494831
3y7y_ATM	9/13/2012	88.02880433
3y7y_ATM	9/12/2012	90.32176757
3y7y_ATM	9/11/2012	88.88339768
3y7y_ATM	9/10/2012	88.90690174
3y7y_ATM	9/7/2012	88.79505174
3y7y_ATM	9/6/2012	89.75776865
3y7y_ATM	9/5/2012	88.77269969
3y7y_ATM	9/4/2012	89.63739288
3y7y_ATM	8/31/2012	90.59858669
3y7y_ATM	8/30/2012	91.24766634
3y7y_ATM	8/29/2012	90.86747097
3y7y_ATM	8/28/2012	90.47461783
3y7y_ATM	8/27/2012	90.20902914
3y7y_ATM	8/24/2012	90.22508835
3y7y_ATM	8/23/2012	90.01327633
3y7y_ATM	8/22/2012	89.98104226
3y7y_ATM	8/21/2012	90.59980992
3y7y_ATM	8/20/2012	92.39635075
3y7y_ATM	8/17/2012	92.56034742
3y7y_ATM	8/16/2012	93.71786959
3y7y_ATM	8/15/2012	92.61993835
3y7y_ATM	8/14/2012	90.99837572
3y7y_ATM	8/13/2012	89.45431578
3y7y_ATM	8/10/2012	89.12768657
3y7y_ATM	8/9/2012	89.59566231
3y7y_ATM	8/8/2012	89.6561494
3y7y_ATM	8/7/2012	89.10637461
3y7y_ATM	8/6/2012	87.84592698
3y7y_ATM	8/3/2012	88.93201977
3y7y_ATM	8/2/2012	87.43054236
3y7y_ATM	8/1/2012	87.92465528
3y7y_ATM	7/31/2012	87.1362258
3y7y_ATM	7/30/2012	87.33421353
3y7y_ATM	7/27/2012	88.43819484
3y7y_ATM	7/26/2012	86.34780517
3y7y_ATM	7/25/2012	85.97266234
3y7y_ATM	7/24/2012	86.40796628
3y7y_ATM	7/23/2012	86.491923
3y7y_ATM	7/20/2012	86.96104316
3y7y_ATM	7/19/2012	87.24581687
3y7y_ATM	7/18/2012	87.66020547
3y7y_ATM	7/17/2012	87.96049189
3y7y_ATM	7/16/2012	87.98796591
3y7y_ATM	7/13/2012	87.95480713
3y7y_ATM	7/12/2012	87.77914527
3y7y_ATM	7/11/2012	87.98207359
3y7y_ATM	7/10/2012	88.57874985
3y7y_ATM	7/9/2012	88.1153416
3y7y_ATM	7/6/2012	88.89631458
3y7y_ATM	7/5/2012	89.57958834
3y7y_ATM	7/3/2012	89.7871079
3y7y_ATM	7/2/2012	89.85979215
3y7y_ATM	6/29/2012	89.88920199
3y7y_ATM	6/28/2012	89.52856171
3y7y_ATM	6/27/2012	89.60312919
3y7y_ATM	6/26/2012	89.72954831
3y7y_ATM	6/25/2012	89.49299413
3y7y_ATM	6/22/2012	89.75138604
3y7y_ATM	6/21/2012	89.4928045
3y7y_ATM	6/20/2012	89.65484789
3y7y_ATM	6/19/2012	91.29885581
3y7y_ATM	6/18/2012	91.55236399
3y7y_ATM	6/15/2012	92.35705607
3y7y_ATM	6/14/2012	92.76522527
3y7y_ATM	6/13/2012	92.62556867
3y7y_ATM	6/12/2012	92.54016644
3y7y_ATM	6/11/2012	92.24863155
3y7y_ATM	6/8/2012	91.24315927
3y7y_ATM	6/7/2012	91.36135895
3y7y_ATM	6/6/2012	90.59692674
3y7y_ATM	6/5/2012	89.91889496
3y7y_ATM	6/4/2012	89.92846971
3y7y_ATM	6/1/2012	89.3579211
3y7y_ATM	5/31/2012	90.1111029
3y7y_ATM	5/30/2012	90.45248103
3y7y_ATM	5/29/2012	92.12914479
3y7y_ATM	5/25/2012	92.81845924
3y7y_ATM	5/24/2012	93.15188213
3y7y_ATM	5/23/2012	93.8042855
3y7y_ATM	5/22/2012	94.6119003
3y7y_ATM	5/21/2012	93.05243743
3y7y_ATM	5/18/2012	92.86366232
3y7y_ATM	5/17/2012	92.91594509
3y7y_ATM	5/16/2012	93.50619153
3y7y_ATM	5/15/2012	94.9000001
3y7y_ATM	5/14/2012	94.97679446
3y7y_ATM	5/11/2012	94.63880418
3y7y_ATM	5/10/2012	94.55583854
3y7y_ATM	5/9/2012	94.44651173
3y7y_ATM	5/8/2012	94.38775281
3y7y_ATM	5/7/2012	94.3749221
3y7y_ATM	5/4/2012	93.77000217
3y7y_ATM	5/3/2012	95.8098772
3y7y_ATM	5/2/2012	95.51167455
3y7y_ATM	5/1/2012	96.74150171
3y7y_ATM	4/30/2012	94.80958496
3y7y_ATM	4/27/2012	95.87488768
3y7y_ATM	4/26/2012	97.01847584
3y7y_ATM	4/25/2012	98.06313229
3y7y_ATM	4/24/2012	98.51334561
3y7y_ATM	4/23/2012	98.67905798
3y7y_ATM	4/20/2012	99.29202898
3y7y_ATM	4/19/2012	98.92928309
3y7y_ATM	4/18/2012	99.71495481
3y7y_ATM	4/17/2012	99.85254156
3y7y_ATM	4/16/2012	99.47791871
3y7y_ATM	4/13/2012	99.48389784
3y7y_ATM	4/12/2012	99.40117924
3y7y_ATM	4/11/2012	98.69382036
3y7y_ATM	4/10/2012	98.35952976
3y7y_ATM	4/9/2012	98.04159955
3y7y_ATM	4/6/2012	98.9587522
3y7y_ATM	4/5/2012	102.2011951
3y7y_ATM	4/4/2012	102.1903253
3y7y_ATM	4/3/2012	101.668036
3y7y_ATM	4/2/2012	99.6600856
3y7y_ATM	3/30/2012	100.868191
3y7y_ATM	3/29/2012	99.85982971
3y7y_ATM	3/28/2012	101.0927323
3y7y_ATM	3/27/2012	102.0915293
3y7y_ATM	3/26/2012	103.9849279
3y7y_ATM	3/23/2012	103.7853003
3y7y_ATM	3/22/2012	104.4945837
3y7y_ATM	3/21/2012	105.4207373
3y7y_ATM	3/20/2012	106.6578543
3y7y_ATM	3/19/2012	106.3690085
3y7y_ATM	3/16/2012	103.8871251
3y7y_ATM	3/15/2012	104.0744598
3y7y_ATM	3/14/2012	105.6756762
3y7y_ATM	3/13/2012	101.2190245
3y7y_ATM	3/12/2012	99.88284747
3y7y_ATM	3/9/2012	100.1084745
3y7y_ATM	3/8/2012	99.89020438
3y7y_ATM	3/7/2012	100.0596723
3y7y_ATM	3/6/2012	100.9256455
3y7y_ATM	3/5/2012	101.3156326
3y7y_ATM	3/2/2012	100.5079482
3y7y_ATM	3/1/2012	101.4870807
3y7y_ATM	2/29/2012	100.0191825
3y7y_ATM	2/28/2012	98.40179571
3y7y_ATM	2/27/2012	98.58705355
3y7y_ATM	2/24/2012	98.68315153
3y7y_ATM	2/23/2012	98.56531344
3y7y_ATM	2/22/2012	98.38356318
3y7y_ATM	2/21/2012	98.10531272
3y7y_ATM	2/17/2012	97.5140702
3y7y_ATM	2/16/2012	96.84686274
3y7y_ATM	2/15/2012	95.80577987
3y7y_ATM	2/14/2012	97.57114323
3y7y_ATM	2/13/2012	98.4697623
3y7y_ATM	2/10/2012	97.09878372
3y7y_ATM	2/9/2012	97.60867952
3y7y_ATM	2/8/2012	95.67150507
3y7y_ATM	2/7/2012	95.90544553
3y7y_ATM	2/6/2012	94.45413205
3y7y_ATM	2/3/2012	95.77273176
3y7y_ATM	2/2/2012	93.19160338
3y7y_ATM	2/1/2012	93.61256152
3y7y_ATM	1/31/2012	93.81648941
3y7y_ATM	1/30/2012	93.98608377
3y7y_ATM	1/27/2012	94.03194544
3y7y_ATM	1/26/2012	93.95137474
3y7y_ATM	1/25/2012	97.46013046
3y7y_ATM	1/24/2012	100.2735434
3y7y_ATM	1/23/2012	100.553808
3y7y_ATM	1/20/2012	100.2210237
3y7y_ATM	1/19/2012	98.78374724
3y7y_ATM	1/18/2012	96.54309469
3y7y_ATM	1/17/2012	97.21421854
3y7y_ATM	1/13/2012	97.43723105
3y7y_ATM	1/12/2012	98.73497509
3y7y_ATM	1/11/2012	97.60681559
3y7y_ATM	1/10/2012	98.55070178
3y7y_ATM	1/9/2012	97.73272042
3y7y_ATM	1/6/2012	99.1282092
3y7y_ATM	1/5/2012	100.4250781
3y7y_ATM	1/4/2012	100.8755269
3y7y_ATM	1/3/2012	102.7437353
3y7y_ATM	12/30/2011	102.6386977
3y7y_ATM	12/29/2011	104.6479009
3y7y_ATM	12/28/2011	104.4126295
3y7y_ATM	12/27/2011	104.8937886
3y7y_ATM	12/23/2011	104.6789032
3y7y_ATM	12/22/2011	103.2793616
3y7y_ATM	12/21/2011	104.002096
3y7y_ATM	12/20/2011	104.350569
3y7y_ATM	12/19/2011	103.3693139
3y7y_ATM	12/16/2011	104.9128934
3y7y_ATM	12/15/2011	104.3366955
3y7y_ATM	12/14/2011	105.5692794
3y7y_ATM	12/13/2011	106.11016
3y7y_ATM	12/12/2011	106.8317501
3y7y_ATM	12/9/2011	107.0191094
3y7y_ATM	12/8/2011	105.9955092
3y7y_ATM	12/7/2011	104.8249491
3y7y_ATM	12/6/2011	105.9135081
3y7y_ATM	12/5/2011	106.8664545
3y7y_ATM	12/2/2011	107.7173483
3y7y_ATM	12/1/2011	108.1850203
3y7y_ATM	11/30/2011	108.2598044
3y7y_ATM	11/29/2011	109.5251034
3y7y_ATM	11/28/2011	109.7544311
3y7y_ATM	11/25/2011	109.4374311
3y7y_ATM	11/23/2011	109.8084127
3y7y_ATM	11/22/2011	109.8744394
3y7y_ATM	11/21/2011	109.7760218
3y7y_ATM	11/18/2011	109.6121266
3y7y_ATM	11/17/2011	109.3874484
3y7y_ATM	11/16/2011	109.22822
3y7y_ATM	11/15/2011	108.4921151
3y7y_ATM	11/14/2011	108.7705818
3y7y_ATM	11/10/2011	108.9157764
3y7y_ATM	11/9/2011	108.3899176
3y7y_ATM	11/8/2011	107.1994372
3y7y_ATM	11/7/2011	107.7595844
3y7y_ATM	11/4/2011	108.0565884
3y7y_ATM	11/3/2011	107.6373732
3y7y_ATM	11/2/2011	108.2505788
3y7y_ATM	11/1/2011	110.6201424
3y7y_ATM	10/31/2011	107.8183966
3y7y_ATM	10/28/2011	108.2883092
3y7y_ATM	10/27/2011	108.0896499
3y7y_ATM	10/26/2011	108.1454855
3y7y_ATM	10/25/2011	107.843673
3y7y_ATM	10/24/2011	108.7749882
3y7y_ATM	10/21/2011	108.046333
3y7y_ATM	10/20/2011	108.1955872
3y7y_ATM	10/19/2011	108.1734336
3y7y_ATM	10/18/2011	107.4013721
3y7y_ATM	10/17/2011	107.7869284
3y7y_ATM	10/14/2011	106.5998454
3y7y_ATM	10/13/2011	105.7115453
3y7y_ATM	10/12/2011	105.7927201
3y7y_ATM	10/11/2011	105.0685872
3y7y_ATM	10/7/2011	104.5352186
3y7y_ATM	10/6/2011	104.1277857
3y7y_ATM	10/5/2011	103.7489729
3y7y_ATM	10/4/2011	103.8042743
3y7y_ATM	10/3/2011	104.2544957
3y7y_ATM	9/30/2011	103.9099534
3y7y_ATM	9/29/2011	103.9480171
3y7y_ATM	9/28/2011	104.6808986
3y7y_ATM	9/27/2011	105.8001613
3y7y_ATM	9/26/2011	103.8452543
3y7y_ATM	9/23/2011	102.5219268
3y7y_ATM	9/22/2011	104.0605513
3y7y_ATM	9/21/2011	104.6568225
3y7y_ATM	9/20/2011	106.0626121
3y7y_ATM	9/19/2011	105.1915999
3y7y_ATM	9/16/2011	105.8475316
3y7y_ATM	9/15/2011	104.9296339
3y7y_ATM	9/14/2011	104.1681923
3y7y_ATM	9/13/2011	103.7718331
3y7y_ATM	9/12/2011	102.6377132
3y7y_ATM	9/9/2011	103.2825588
3y7y_ATM	9/8/2011	103.7146946
3y7y_ATM	9/7/2011	104.3161263
3y7y_ATM	9/6/2011	104.2137771
3y7y_ATM	9/2/2011	104.0398942
3y7y_ATM	9/1/2011	104.6209742
3y7y_ATM	8/31/2011	104.4503524
3y7y_ATM	8/30/2011	104.5649713
3y7y_ATM	8/29/2011	104.8344819
3y7y_ATM	8/26/2011	104.4626873
3y7y_ATM	8/25/2011	104.4817046
3y7y_ATM	8/24/2011	103.261261
3y7y_ATM	8/23/2011	103.9365473
3y7y_ATM	8/22/2011	103.2233151
3y7y_ATM	8/19/2011	103.4914896
3y7y_ATM	8/18/2011	102.0504654
3y7y_ATM	8/17/2011	102.2916538
3y7y_ATM	8/16/2011	102.4461437
3y7y_ATM	8/15/2011	103.4207544
3y7y_ATM	8/12/2011	103.7517024
3y7y_ATM	8/11/2011	104.4639454
3y7y_ATM	8/10/2011	104.185084
3y7y_ATM	8/9/2011	104.2962572
3y7y_ATM	8/8/2011	114.7946709
3y7y_ATM	8/5/2011	112.2979336
3y7y_ATM	8/4/2011	112.0835219
3y7y_ATM	8/3/2011	113.1451128
3y7y_ATM	8/2/2011	114.0711259
3y7y_ATM	8/1/2011	114.152791
3y7y_ATM	7/29/2011	115.143453
3y7y_ATM	7/28/2011	115.4298747
3y7y_ATM	7/27/2011	116.5557612
3y7y_ATM	7/26/2011	116.1568118
3y7y_ATM	7/25/2011	116.1119909
3y7y_ATM	7/22/2011	115.1346356
3y7y_ATM	7/21/2011	116.5042985
3y7y_ATM	7/20/2011	117.1064795
3y7y_ATM	7/19/2011	118.6277292
3y7y_ATM	7/18/2011	119.514864
3y7y_ATM	7/15/2011	117.9610208
3y7y_ATM	7/14/2011	117.7323462
3y7y_ATM	7/13/2011	117.2960783
3y7y_ATM	7/12/2011	117.3168662
3y7y_ATM	7/11/2011	116.8526268
3y7y_ATM	7/8/2011	116.0909339
3y7y_ATM	7/7/2011	116.9290875
3y7y_ATM	7/6/2011	116.0768393
3y7y_ATM	7/5/2011	115.1436925
3y7y_ATM	7/1/2011	115.3910183
3y7y_ATM	6/30/2011	115.3408955
3y7y_ATM	6/29/2011	114.7180755
3y7y_ATM	6/28/2011	115.1307267
3y7y_ATM	6/27/2011	113.7082412
3y7y_ATM	6/24/2011	113.2921088
3y7y_ATM	6/23/2011	113.6298504
3y7y_ATM	6/22/2011	113.1301566
3y7y_ATM	6/21/2011	113.1298659
3y7y_ATM	6/20/2011	113.2406388
3y7y_ATM	6/17/2011	112.9176981
3y7y_ATM	6/16/2011	112.8871603
3y7y_ATM	6/15/2011	112.2420037
3y7y_ATM	6/14/2011	112.6232412
3y7y_ATM	6/13/2011	111.2330328
3y7y_ATM	6/10/2011	110.8449292
3y7y_ATM	6/9/2011	110.8222669
3y7y_ATM	6/8/2011	110.7236045
3y7y_ATM	6/7/2011	111.5362659
3y7y_ATM	6/6/2011	112.0485973
3y7y_ATM	6/3/2011	111.2071495
3y7y_ATM	6/2/2011	111.1802188
3y7y_ATM	6/1/2011	109.9980837
3y7y_ATM	5/31/2011	111.1919586
3y7y_ATM	5/27/2011	111.627448
3y7y_ATM	5/26/2011	111.7970072
3y7y_ATM	5/25/2011	112.8049783
3y7y_ATM	5/24/2011	113.3824782
3y7y_ATM	5/23/2011	113.6376837
3y7y_ATM	5/20/2011	113.8510186
3y7y_ATM	5/19/2011	114.1400077
3y7y_ATM	5/18/2011	113.8262094
3y7y_ATM	5/17/2011	112.8486507
3y7y_ATM	5/16/2011	112.982289
3y7y_ATM	5/13/2011	113.1550007
3y7y_ATM	5/12/2011	113.4112644
3y7y_ATM	5/11/2011	113.1624489
3y7y_ATM	5/10/2011	113.1160822
3y7y_ATM	5/9/2011	112.7287347
3y7y_ATM	5/6/2011	112.0644031
3y7y_ATM	5/5/2011	112.7255368
3y7y_ATM	5/4/2011	112.6362451
3y7y_ATM	5/3/2011	113.1132453
3y7y_ATM	5/2/2011	112.8541622
3y7y_ATM	4/29/2011	112.4038935
3y7y_ATM	4/28/2011	112.1026464
3y7y_ATM	4/27/2011	113.2624038
3y7y_ATM	4/26/2011	113.7690055
3y7y_ATM	4/25/2011	112.8780036
3y7y_ATM	4/21/2011	113.1643616
3y7y_ATM	4/20/2011	114.1340777
3y7y_ATM	4/19/2011	114.5066731
3y7y_ATM	4/18/2011	114.4904101
3y7y_ATM	4/15/2011	114.1513146
3y7y_ATM	4/14/2011	114.8302537
3y7y_ATM	4/13/2011	115.1930659
3y7y_ATM	4/12/2011	115.5908282
3y7y_ATM	4/11/2011	116.0403444
3y7y_ATM	4/8/2011	116.0070012
3y7y_ATM	4/7/2011	115.5641519
3y7y_ATM	4/6/2011	115.3493129
3y7y_ATM	4/5/2011	114.9410049
3y7y_ATM	4/4/2011	114.1660228
3y7y_ATM	4/1/2011	114.4504401
3y7y_ATM	3/31/2011	116.1415884
3y7y_ATM	3/30/2011	115.5788341
3y7y_ATM	3/29/2011	115.6721144
3y7y_ATM	3/28/2011	115.6601614
3y7y_ATM	3/25/2011	115.4148235
3y7y_ATM	3/24/2011	114.2658664
3y7y_ATM	3/23/2011	114.7634409
3y7y_ATM	3/22/2011	114.7602238
3y7y_ATM	3/21/2011	115.516385
3y7y_ATM	3/18/2011	115.9834409
3y7y_ATM	3/17/2011	116.7311586
3y7y_ATM	3/16/2011	117.6074214
3y7y_ATM	3/15/2011	116.257599
3y7y_ATM	3/14/2011	114.7914438
3y7y_ATM	3/11/2011	114.4471606
3y7y_ATM	3/10/2011	114.6940149
3y7y_ATM	3/9/2011	114.6955124
3y7y_ATM	3/8/2011	115.6217999
3y7y_ATM	3/7/2011	114.3288363
3y7y_ATM	3/4/2011	114.2018869
3y7y_ATM	3/3/2011	115.4648423
3y7y_ATM	3/2/2011	114.6199073
3y7y_ATM	3/1/2011	114.4269311
3y7y_ATM	2/28/2011	114.6059375
3y7y_ATM	2/25/2011	114.8960866
3y7y_ATM	2/24/2011	116.997132
3y7y_ATM	2/23/2011	117.0049251
3y7y_ATM	2/22/2011	116.2785361
3y7y_ATM	2/18/2011	115.9715381
3y7y_ATM	2/17/2011	115.172621
3y7y_ATM	2/16/2011	115.2008523
3y7y_ATM	2/15/2011	114.0210796
3y7y_ATM	2/14/2011	114.5028729
3y7y_ATM	2/11/2011	115.3157228
3y7y_ATM	2/10/2011	117.73078
3y7y_ATM	2/9/2011	118.4811595
3y7y_ATM	2/8/2011	120.3653844
3y7y_ATM	2/7/2011	120.3401394
3y7y_ATM	2/4/2011	120.5119744
3y7y_ATM	2/3/2011	119.4231672
3y7y_ATM	2/2/2011	119.4375279
3y7y_ATM	2/1/2011	119.1025458
3y7y_ATM	1/31/2011	118.2740802
3y7y_ATM	1/28/2011	117.1531246
3y7y_ATM	1/27/2011	116.3722973
3y7y_ATM	1/26/2011	117.3940912
3y7y_ATM	1/25/2011	116.4103333
3y7y_ATM	1/24/2011	116.9586535
3y7y_ATM	1/21/2011	117.3371834
3y7y_ATM	1/20/2011	117.1930975
3y7y_ATM	1/19/2011	117.626493
3y7y_ATM	1/18/2011	117.6744072
3y7y_ATM	1/14/2011	117.0352735
3y7y_ATM	1/13/2011	115.9795286
3y7y_ATM	1/12/2011	114.8098499
3y7y_ATM	1/11/2011	115.1603991
3y7y_ATM	1/10/2011	114.7113533
3y7y_ATM	1/7/2011	114.9463287
3y7y_ATM	1/6/2011	117.3983682
3y7y_ATM	1/5/2011	117.6546017
3y7y_ATM	1/4/2011	115.2677279
3y7y_ATM	1/3/2011	117.7443213
3y7y_ATM	12/31/2010	119.3798066
3y7y_ATM	12/30/2010	119.3651724
3y7y_ATM	12/29/2010	118.8415859
3y7y_ATM	12/28/2010	119.5407085
3y7y_ATM	12/27/2010	118.1548389
3y7y_ATM	12/23/2010	118.0638092
3y7y_ATM	12/22/2010	116.2741825
3y7y_ATM	12/21/2010	116.3363757
3y7y_ATM	12/20/2010	117.747551
3y7y_ATM	12/17/2010	118.9294046
3y7y_ATM	12/16/2010	121.5614023
3y7y_ATM	12/15/2010	123.462343
3y7y_ATM	12/14/2010	120.2842615
3y7y_ATM	12/13/2010	118.0698803
3y7y_ATM	12/10/2010	118.8674871
3y7y_ATM	12/9/2010	117.036117
3y7y_ATM	12/8/2010	117.6008943
3y7y_ATM	12/7/2010	117.4610393
3y7y_ATM	12/6/2010	112.9415994
3y7y_ATM	12/3/2010	112.2209816
3y7y_ATM	12/2/2010	112.7994089
3y7y_ATM	12/1/2010	112.515937
3y7y_ATM	11/30/2010	110.1039991
3y7y_ATM	11/29/2010	108.8260493
3y7y_ATM	11/26/2010	108.6895751
3y7y_ATM	11/24/2010	108.5251241
3y7y_ATM	11/23/2010	106.3331281
3y7y_ATM	11/22/2010	106.2095239
3y7y_ATM	11/19/2010	107.3086704
3y7y_ATM	11/18/2010	107.7208702
3y7y_ATM	11/17/2010	105.3340929
3y7y_ATM	11/16/2010	105.5715491
3y7y_ATM	11/15/2010	105.878353
3y7y_ATM	11/12/2010	102.6634758
3y7y_ATM	11/10/2010	101.2262622
3y7y_ATM	11/9/2010	100.9289896
3y7y_ATM	11/8/2010	99.16242416
3y7y_ATM	11/5/2010	98.88840163
3y7y_ATM	11/4/2010	97.97998687
3y7y_ATM	11/3/2010	98.73961711
3y7y_ATM	11/2/2010	100.2878856
3y7y_ATM	11/1/2010	99.9673344
3y7y_ATM	10/29/2010	98.83832065
3y7y_ATM	10/28/2010	99.02161916
3y7y_ATM	10/27/2010	98.64617413
3y7y_ATM	10/26/2010	98.02689882
3y7y_ATM	10/25/2010	96.96310356
3y7y_ATM	10/22/2010	97.71988175
3y7y_ATM	10/21/2010	95.80629476
3y7y_ATM	10/20/2010	94.14212077
3y7y_ATM	10/19/2010	94.39952678
3y7y_ATM	10/18/2010	94.98976493
3y7y_ATM	10/15/2010	95.76914169
3y7y_ATM	10/14/2010	96.3313155
3y7y_ATM	10/13/2010	94.91315533
3y7y_ATM	10/12/2010	96.79479641
3y7y_ATM	10/8/2010	97.72060663
3y7y_ATM	10/7/2010	100.6401933
3y7y_ATM	10/6/2010	101.3846645
3y7y_ATM	10/5/2010	104.3265639
3y7y_ATM	10/4/2010	104.9680942
3y7y_ATM	10/1/2010	104.6629081
3y7y_ATM	9/30/2010	106.128553
3y7y_ATM	9/29/2010	107.6034369
3y7y_ATM	9/28/2010	106.1935524
3y7y_ATM	9/27/2010	106.0722801
3y7y_ATM	9/24/2010	105.0962956
3y7y_ATM	9/23/2010	104.1993948
3y7y_ATM	9/22/2010	102.9106414
3y7y_ATM	9/21/2010	103.7265697
3y7y_ATM	9/20/2010	104.8063599
3y7y_ATM	9/17/2010	103.5792995
3y7y_ATM	9/16/2010	103.8931857
3y7y_ATM	9/15/2010	102.5099268
3y7y_ATM	9/14/2010	101.1320889
3y7y_ATM	9/13/2010	101.426217
3y7y_ATM	9/10/2010	101.9632592
3y7y_ATM	9/9/2010	100.5364244
3y7y_ATM	9/8/2010	98.98812494
3y7y_ATM	9/7/2010	97.58481117
3y7y_ATM	9/3/2010	96.30162448
3y7y_ATM	9/2/2010	98.04920973
3y7y_ATM	9/1/2010	99.06075438
3y7y_ATM	8/31/2010	96.65630479
3y7y_ATM	8/30/2010	96.77449134
3y7y_ATM	8/27/2010	94.79049281
3y7y_ATM	8/26/2010	95.98060174
3y7y_ATM	8/25/2010	94.56410989
3y7y_ATM	8/24/2010	94.42297743
3y7y_ATM	8/23/2010	95.12774006
3y7y_ATM	8/20/2010	94.85559503
3y7y_ATM	8/19/2010	94.84612102
3y7y_ATM	8/18/2010	94.79330946
3y7y_ATM	8/17/2010	96.28449554
3y7y_ATM	8/16/2010	98.6240108
3y7y_ATM	8/13/2010	96.55372263
3y7y_ATM	8/12/2010	94.40567163
3y7y_ATM	8/11/2010	93.54867834
3y7y_ATM	8/10/2010	95.81412425
3y7y_ATM	8/9/2010	98.38759052
3y7y_ATM	8/6/2010	98.65217264
3y7y_ATM	8/5/2010	100.5078462
3y7y_ATM	8/4/2010	101.9237131
3y7y_ATM	8/3/2010	102.3522289
3y7y_ATM	8/2/2010	102.3511603
3y7y_ATM	7/30/2010	101.6510458
3y7y_ATM	7/29/2010	101.8728368
3y7y_ATM	7/28/2010	101.3579714
3y7y_ATM	7/27/2010	102.9580305
3y7y_ATM	7/26/2010	101.9437874
3y7y_ATM	7/23/2010	102.9043271
3y7y_ATM	7/22/2010	104.6233017
3y7y_ATM	7/21/2010	105.1195148
3y7y_ATM	7/20/2010	104.6399453
3y7y_ATM	7/19/2010	105.1121232
3y7y_ATM	7/16/2010	105.0246634
3y7y_ATM	7/15/2010	106.3286874
3y7y_ATM	7/14/2010	106.5751737
3y7y_ATM	7/13/2010	106.9708489
3y7y_ATM	7/12/2010	106.5840924
3y7y_ATM	7/9/2010	107.2634567
3y7y_ATM	7/8/2010	107.8295368
3y7y_ATM	7/7/2010	107.0496891
3y7y_ATM	7/6/2010	107.8567963
3y7y_ATM	7/2/2010	109.0055029
3y7y_ATM	7/1/2010	111.0579487
3y7y_ATM	6/30/2010	111.4734536
3y7y_ATM	6/29/2010	112.0826893
3y7y_ATM	6/28/2010	112.2733447
3y7y_ATM	6/25/2010	114.5041236
3y7y_ATM	6/24/2010	115.9609884
3y7y_ATM	6/23/2010	115.7722724
3y7y_ATM	6/22/2010	117.5314386
3y7y_ATM	6/21/2010	117.3806084
3y7y_ATM	6/18/2010	117.9889785
3y7y_ATM	6/17/2010	117.9512753
3y7y_ATM	6/16/2010	118.0764509
3y7y_ATM	6/15/2010	118.6966003
3y7y_ATM	6/14/2010	119.2045786
3y7y_ATM	6/11/2010	119.9897113
3y7y_ATM	6/10/2010	120.3836805
3y7y_ATM	6/9/2010	121.0609212
3y7y_ATM	6/8/2010	123.0273249
3y7y_ATM	6/7/2010	121.7046219
3y7y_ATM	6/4/2010	121.3974471
3y7y_ATM	6/3/2010	120.009273
3y7y_ATM	6/2/2010	120.5418929
3y7y_ATM	6/1/2010	121.5143531
3y7y_ATM	5/28/2010	121.1490443
3y7y_ATM	5/27/2010	121.2644077
3y7y_ATM	5/26/2010	121.8087888
3y7y_ATM	5/25/2010	123.4899724
3y7y_ATM	5/24/2010	122.8842415
3y7y_ATM	5/21/2010	125.2707629
3y7y_ATM	5/20/2010	127.8574243
3y7y_ATM	5/19/2010	126.3066249
3y7y_ATM	5/18/2010	125.3968611
3y7y_ATM	5/17/2010	124.7955645
3y7y_ATM	5/14/2010	124.943431
3y7y_ATM	5/13/2010	121.4514661
3y7y_ATM	5/12/2010	122.8152032
3y7y_ATM	5/11/2010	123.9107517
3y7y_ATM	5/10/2010	126.5480457
3y7y_ATM	5/7/2010	128.3961083
3y7y_ATM	5/6/2010	135.1389311
3y7y_ATM	5/5/2010	130.7810918
3y7y_ATM	5/4/2010	127.7914547
3y7y_ATM	5/3/2010	122.2777261
3y7y_ATM	4/30/2010	121.6806127
3y7y_ATM	4/29/2010	117.6487571
3y7y_ATM	4/28/2010	119.3301889
3y7y_ATM	4/27/2010	120.3828053
3y7y_ATM	4/26/2010	116.8719354
3y7y_ATM	4/23/2010	116.5895644
3y7y_ATM	4/22/2010	115.256492
3y7y_ATM	4/21/2010	114.3824579
3y7y_ATM	4/20/2010	113.0490642
3y7y_ATM	4/19/2010	111.9392655
3y7y_ATM	4/16/2010	111.6093563
3y7y_ATM	4/15/2010	112.74172
3y7y_ATM	4/14/2010	113.649668
3y7y_ATM	4/13/2010	114.7388435
3y7y_ATM	4/12/2010	114.7436622
3y7y_ATM	4/9/2010	114.6069119
3y7y_ATM	4/8/2010	115.0514903
3y7y_ATM	4/7/2010	113.073562
3y7y_ATM	4/6/2010	112.4768367
3y7y_ATM	4/5/2010	113.8392351
3y7y_ATM	4/1/2010	113.951902
3y7y_ATM	3/31/2010	112.5440615
3y7y_ATM	3/30/2010	112.9792635
3y7y_ATM	3/29/2010	114.6336496
3y7y_ATM	3/26/2010	114.3774613
3y7y_ATM	3/25/2010	116.3174632
3y7y_ATM	3/24/2010	117.6712097
3y7y_ATM	3/23/2010	115.9923768
3y7y_ATM	3/22/2010	114.4566858
3y7y_ATM	3/19/2010	114.6993646
3y7y_ATM	3/18/2010	113.8414914
3y7y_ATM	3/17/2010	113.0000545
3y7y_ATM	3/16/2010	113.9404453
3y7y_ATM	3/15/2010	115.3821834
3y7y_ATM	3/12/2010	115.8052507
3y7y_ATM	3/11/2010	116.600049
3y7y_ATM	3/10/2010	116.294662
3y7y_ATM	3/9/2010	116.7200299
3y7y_ATM	3/8/2010	118.093595
3y7y_ATM	3/5/2010	118.5566315
3y7y_ATM	3/4/2010	118.6400302
3y7y_ATM	3/3/2010	120.5919036
3y7y_ATM	3/2/2010	120.40466
3y7y_ATM	3/1/2010	120.7595503
3y7y_ATM	2/26/2010	120.6782082
3y7y_ATM	2/25/2010	120.2993655
3y7y_ATM	2/24/2010	120.2782477
3y7y_ATM	2/23/2010	120.0210627
3y7y_ATM	2/22/2010	120.1859203
3y7y_ATM	2/19/2010	122.1281058
3y7y_ATM	2/18/2010	123.0321944
3y7y_ATM	2/17/2010	123.1431197
3y7y_ATM	2/16/2010	123.4043638
3y7y_ATM	2/12/2010	124.4255001
3y7y_ATM	2/11/2010	126.5446837
3y7y_ATM	2/10/2010	128.3955805
3y7y_ATM	2/9/2010	127.8191744
3y7y_ATM	2/8/2010	125.8949536
3y7y_ATM	2/5/2010	125.714753
3y7y_ATM	2/4/2010	126.3986621
3y7y_ATM	2/3/2010	127.2995847
3y7y_ATM	2/2/2010	126.3412558
3y7y_ATM	2/1/2010	127.8023489
3y7y_ATM	1/29/2010	129.5395694
3y7y_ATM	1/28/2010	131.1429368
3y7y_ATM	1/27/2010	130.9901829
3y7y_ATM	1/26/2010	131.8978748
3y7y_ATM	1/25/2010	133.8588451
3y7y_ATM	1/22/2010	133.6753877
3y7y_ATM	1/21/2010	133.2795104
3y7y_ATM	1/20/2010	133.9183502
3y7y_ATM	1/19/2010	134.9151099
3y7y_ATM	1/15/2010	133.9910631
3y7y_ATM	1/14/2010	133.8477441
3y7y_ATM	1/13/2010	133.16012
3y7y_ATM	1/12/2010	130.8272051
3y7y_ATM	1/11/2010	131.4612883
3y7y_ATM	1/8/2010	132.7260121
3y7y_ATM	1/7/2010	134.6560006
3y7y_ATM	1/6/2010	135.1834373
3y7y_ATM	1/5/2010	134.4272295
3y7y_ATM	1/4/2010	136.3139396
3y7y_ATM	12/31/2009	136.2144418
3y7y_ATM	12/30/2009	135.0668526
3y7y_ATM	12/29/2009	137.8530764
3y7y_ATM	12/28/2009	139.7416115
3y7y_ATM	12/24/2009	139.4244871
3y7y_ATM	12/23/2009	139.0560856
3y7y_ATM	12/22/2009	141.4140436
3y7y_ATM	12/21/2009	141.1636759
3y7y_ATM	12/18/2009	137.9731073
3y7y_ATM	12/17/2009	137.5877806
3y7y_ATM	12/16/2009	136.9982553
3y7y_ATM	12/15/2009	137.6966177
3y7y_ATM	12/14/2009	135.3360791
3y7y_ATM	12/11/2009	135.1938766
3y7y_ATM	12/10/2009	133.9762398
3y7y_ATM	12/9/2009	132.7021172
3y7y_ATM	12/8/2009	132.0899445
3y7y_ATM	12/7/2009	133.8124994
3y7y_ATM	12/4/2009	136.0647413
3y7y_ATM	12/3/2009	134.956412
3y7y_ATM	12/2/2009	132.6073343
3y7y_ATM	12/1/2009	132.082722
3y7y_ATM	11/30/2009	130.4215188
3y7y_ATM	11/27/2009	130.3252681
3y7y_ATM	11/25/2009	128.8342833
3y7y_ATM	11/24/2009	128.4506057
3y7y_ATM	11/23/2009	130.1576923
3y7y_ATM	11/20/2009	129.229251
3y7y_ATM	11/19/2009	128.8636931
3y7y_ATM	11/18/2009	130.2950925
3y7y_ATM	11/17/2009	130.3099634
3y7y_ATM	11/16/2009	130.6080296
3y7y_ATM	11/13/2009	131.6008715
3y7y_ATM	11/12/2009	129.9940282
3y7y_ATM	11/10/2009	130.5725047
3y7y_ATM	11/9/2009	131.9753618
3y7y_ATM	11/6/2009	133.894256
3y7y_ATM	11/5/2009	136.4622737
3y7y_ATM	11/4/2009	136.9075984
3y7y_ATM	11/3/2009	135.1678573
3y7y_ATM	11/2/2009	135.5248547
3y7y_ATM	10/30/2009	135.1238062
3y7y_ATM	10/29/2009	137.127885
3y7y_ATM	10/28/2009	135.8277077
3y7y_ATM	10/27/2009	136.7714547
3y7y_ATM	10/26/2009	137.9787173
3y7y_ATM	10/23/2009	136.1937349
3y7y_ATM	10/22/2009	134.5136327
3y7y_ATM	10/21/2009	134.4764178
3y7y_ATM	10/20/2009	132.4209963
3y7y_ATM	10/19/2009	133.462232
3y7y_ATM	10/16/2009	133.8894808
3y7y_ATM	10/15/2009	135.1845797
3y7y_ATM	10/14/2009	133.9061177
3y7y_ATM	10/13/2009	131.6583603
3y7y_ATM	10/9/2009	133.2399382
3y7y_ATM	10/8/2009	129.5273153
3y7y_ATM	10/7/2009	130.3425863
3y7y_ATM	10/6/2009	131.757519
3y7y_ATM	10/5/2009	131.6397156
3y7y_ATM	10/2/2009	130.9024669
3y7y_ATM	10/1/2009	132.2476178
3y7y_ATM	9/30/2009	132.3928675
3y7y_ATM	9/29/2009	131.9163396
3y7y_ATM	9/28/2009	130.1944436
3y7y_ATM	9/25/2009	130.6823025
3y7y_ATM	9/24/2009	131.4006781
3y7y_ATM	9/23/2009	133.6293097
3y7y_ATM	9/22/2009	135.8750238
3y7y_ATM	9/21/2009	135.9188826
3y7y_ATM	9/18/2009	137.7095503
3y7y_ATM	9/17/2009	138.3526269
3y7y_ATM	9/16/2009	140.3437515
3y7y_ATM	9/15/2009	138.7312793
3y7y_ATM	9/14/2009	137.0278612
3y7y_ATM	9/11/2009	136.0801777
3y7y_ATM	9/10/2009	135.5410945
3y7y_ATM	9/9/2009	134.4252837
3y7y_ATM	9/8/2009	136.575922
3y7y_ATM	9/4/2009	134.9654445
3y7y_ATM	9/3/2009	135.6990743
3y7y_ATM	9/2/2009	136.1785355
3y7y_ATM	9/1/2009	135.7853831
3y7y_ATM	8/31/2009	135.4854318
3y7y_ATM	8/28/2009	135.9040715
3y7y_ATM	8/27/2009	136.1323415
3y7y_ATM	8/26/2009	137.6419085
3y7y_ATM	8/25/2009	137.2593559
3y7y_ATM	8/24/2009	139.7686218
3y7y_ATM	8/21/2009	140.8158664
3y7y_ATM	8/20/2009	139.6779466
3y7y_ATM	8/19/2009	139.8980052
3y7y_ATM	8/18/2009	139.1818728
3y7y_ATM	8/17/2009	140.6064615
3y7y_ATM	8/14/2009	141.3028982
3y7y_ATM	8/13/2009	142.2610093
3y7y_ATM	8/12/2009	142.8458059
3y7y_ATM	8/11/2009	143.7358123
3y7y_ATM	8/10/2009	144.9665168
3y7y_ATM	8/7/2009	146.4659176
3y7y_ATM	8/6/2009	143.3456315
3y7y_ATM	8/5/2009	144.274312
3y7y_ATM	8/4/2009	142.1806609
3y7y_ATM	8/3/2009	142.3092735
3y7y_ATM	7/31/2009	137.7380463
3y7y_ATM	7/30/2009	137.205855
3y7y_ATM	7/29/2009	137.4796194
3y7y_ATM	7/28/2009	137.7438273
3y7y_ATM	7/27/2009	140.1068716
3y7y_ATM	7/24/2009	139.2001356
3y7y_ATM	7/23/2009	138.9695119
3y7y_ATM	7/22/2009	137.2631647
3y7y_ATM	7/21/2009	139.5986358
3y7y_ATM	7/20/2009	139.7218021
3y7y_ATM	7/17/2009	142.0261969
3y7y_ATM	7/16/2009	140.3534695
3y7y_ATM	7/15/2009	141.5587545
3y7y_ATM	7/14/2009	137.7121932
3y7y_ATM	7/13/2009	135.3681107
3y7y_ATM	7/10/2009	134.1899511
3y7y_ATM	7/9/2009	134.8290202
3y7y_ATM	7/8/2009	134.4937426
3y7y_ATM	7/7/2009	135.6993284
3y7y_ATM	7/6/2009	137.5843972
3y7y_ATM	7/2/2009	138.6825071
3y7y_ATM	7/1/2009	140.6645488
3y7y_ATM	6/30/2009	140.8647541
3y7y_ATM	6/29/2009	140.7890151
3y7y_ATM	6/26/2009	140.4427783
3y7y_ATM	6/25/2009	140.6808959
3y7y_ATM	6/24/2009	139.6362112
3y7y_ATM	6/23/2009	142.7009805
3y7y_ATM	6/22/2009	143.2897406
3y7y_ATM	6/19/2009	143.7731852
3y7y_ATM	6/18/2009	147.0420902
3y7y_ATM	6/17/2009	139.8808065
3y7y_ATM	6/16/2009	139.4012484
3y7y_ATM	6/15/2009	139.1673978
3y7y_ATM	6/12/2009	141.6932846
3y7y_ATM	6/11/2009	146.433308
3y7y_ATM	6/10/2009	148.8248049
3y7y_ATM	6/9/2009	145.8142488
3y7y_ATM	6/8/2009	147.6891205
3y7y_ATM	6/5/2009	147.3179246
3y7y_ATM	6/4/2009	141.2128849
3y7y_ATM	6/3/2009	133.6167382
3y7y_ATM	6/2/2009	136.2447695
3y7y_ATM	6/1/2009	140.5809027
3y7y_ATM	5/29/2009	131.8790539
3y7y_ATM	5/28/2009	138.640614
3y7y_ATM	5/27/2009	142.286057
3y7y_ATM	5/26/2009	133.1171706
3y7y_ATM	5/22/2009	128.3198628
3y7y_ATM	5/21/2009	124.2822799
3y7y_ATM	5/20/2009	119.9986652
3y7y_ATM	5/19/2009	119.7832369
3y7y_ATM	5/18/2009	118.9478406
3y7y_ATM	5/15/2009	119.315667
3y7y_ATM	5/14/2009	118.0863229
3y7y_ATM	5/13/2009	115.0293983
3y7y_ATM	5/12/2009	112.5096721
3y7y_ATM	5/11/2009	112.6626835
3y7y_ATM	5/8/2009	114.4387999
3y7y_ATM	5/7/2009	115.3884592
3y7y_ATM	5/6/2009	114.1368756
3y7y_ATM	5/5/2009	114.5983015
3y7y_ATM	5/4/2009	114.4058206
3y7y_ATM	5/1/2009	114.2234795
3y7y_ATM	4/30/2009	111.8284352
3y7y_ATM	4/29/2009	110.7505381
3y7y_ATM	4/28/2009	110.527071
3y7y_ATM	4/27/2009	112.400721
3y7y_ATM	4/24/2009	113.6677493
3y7y_ATM	4/23/2009	110.8932825
3y7y_ATM	4/22/2009	111.0680388
3y7y_ATM	4/21/2009	109.1035553
3y7y_ATM	4/20/2009	108.751912
3y7y_ATM	4/17/2009	110.0169403
3y7y_ATM	4/16/2009	106.5135986
3y7y_ATM	4/15/2009	104.1223425
3y7y_ATM	4/14/2009	103.5152074
3y7y_ATM	4/13/2009	105.3114435
3y7y_ATM	4/9/2009	106.727214
3y7y_ATM	4/8/2009	106.5026188
3y7y_ATM	4/7/2009	107.2616925
3y7y_ATM	4/6/2009	109.5388008
3y7y_ATM	4/3/2009	106.4473602
3y7y_ATM	4/2/2009	103.9794897
3y7y_ATM	4/1/2009	103.1474407
3y7y_ATM	3/31/2009	103.9424707
3y7y_ATM	3/30/2009	102.4255845
3y7y_ATM	3/27/2009	100.8043072
3y7y_ATM	3/26/2009	100.2470515
3y7y_ATM	3/25/2009	99.65595686
3y7y_ATM	3/24/2009	97.30779233
3y7y_ATM	3/23/2009	100.1866651
3y7y_ATM	3/20/2009	102.2572335
3y7y_ATM	3/19/2009	100.7973078
3y7y_ATM	3/18/2009	110.2676686
3y7y_ATM	3/17/2009	118.0353763
3y7y_ATM	3/16/2009	120.2230386
3y7y_ATM	3/13/2009	121.0770334
3y7y_ATM	3/12/2009	124.0992394
3y7y_ATM	3/11/2009	124.7571287
3y7y_ATM	3/10/2009	126.3933888
3y7y_ATM	3/9/2009	127.9195044
3y7y_ATM	3/6/2009	127.1770431
3y7y_ATM	3/5/2009	128.2031638
3y7y_ATM	3/4/2009	129.411663
3y7y_ATM	3/3/2009	129.1559546
3y7y_ATM	3/2/2009	128.4181585
3y7y_ATM	2/27/2009	128.9662699
3y7y_ATM	2/26/2009	125.8643992
3y7y_ATM	2/25/2009	127.5916907
3y7y_ATM	2/24/2009	122.2017052
3y7y_ATM	2/23/2009	121.6569879
3y7y_ATM	2/20/2009	122.6805138
3y7y_ATM	2/19/2009	122.0170505
3y7y_ATM	2/18/2009	120.589829
3y7y_ATM	2/17/2009	121.5538886
3y7y_ATM	2/13/2009	121.8873246
3y7y_ATM	2/12/2009	118.6488399
3y7y_ATM	2/11/2009	118.68871
3y7y_ATM	2/10/2009	125.4189396
3y7y_ATM	2/9/2009	125.7570779
3y7y_ATM	2/6/2009	128.1246243
3y7y_ATM	2/5/2009	126.0967969
3y7y_ATM	2/4/2009	126.8611921
3y7y_ATM	2/3/2009	122.2558755
3y7y_ATM	2/2/2009	121.1707165
3y7y_ATM	1/30/2009	118.0551593
3y7y_ATM	1/29/2009	116.6406095
3y7y_ATM	1/28/2009	115.6347402
3y7y_ATM	1/27/2009	115.4048667
3y7y_ATM	1/26/2009	115.8685778
3y7y_ATM	1/23/2009	112.3528326
3y7y_ATM	1/22/2009	110.5237232
3y7y_ATM	1/21/2009	109.0679679
3y7y_ATM	1/20/2009	108.1695762
3y7y_ATM	1/16/2009	106.2029604
3y7y_ATM	1/15/2009	106.4655512
3y7y_ATM	1/14/2009	102.5200963
3y7y_ATM	1/13/2009	100.4194605
3y7y_ATM	1/12/2009	102.2392192
3y7y_ATM	1/9/2009	102.204132
3y7y_ATM	1/8/2009	105.6539599
3y7y_ATM	1/7/2009	108.3545172
3y7y_ATM	1/6/2009	111.6735796
3y7y_ATM	1/5/2009	114.11298
3y7y_ATM	1/2/2009	115.011436
3y7y_ATM	12/31/2008	115.9772992
3y7y_ATM	12/30/2008	116.1994803
3y7y_ATM	12/29/2008	117.7212126
3y7y_ATM	12/26/2008	117.1307273
3y7y_ATM	12/24/2008	115.8575563
3y7y_ATM	12/23/2008	116.1339246
3y7y_ATM	12/22/2008	114.3649791
3y7y_ATM	12/19/2008	113.0682003
3y7y_ATM	12/18/2008	113.2147571
3y7y_ATM	12/17/2008	113.6991953
3y7y_ATM	12/16/2008	121.677843
3y7y_ATM	12/15/2008	133.8045357
3y7y_ATM	12/12/2008	139.1992311
3y7y_ATM	12/11/2008	138.3556571
3y7y_ATM	12/10/2008	135.9841547
3y7y_ATM	12/9/2008	135.6594591
3y7y_ATM	12/8/2008	134.2745197
3y7y_ATM	12/5/2008	135.1840221
3y7y_ATM	12/4/2008	133.4149059
3y7y_ATM	12/3/2008	130.4806763
3y7y_ATM	12/2/2008	133.484844
3y7y_ATM	12/1/2008	140.6632396
3y7y_ATM	11/28/2008	143.2218586
3y7y_ATM	11/26/2008	142.9991413
3y7y_ATM	11/25/2008	143.2783544
3y7y_ATM	11/24/2008	142.2477071
3y7y_ATM	11/21/2008	155.3879239
3y7y_ATM	11/20/2008	162.1866225
3y7y_ATM	11/19/2008	155.8544747
3y7y_ATM	11/18/2008	149.4680693
3y7y_ATM	11/17/2008	144.516288
3y7y_ATM	11/14/2008	140.4938912
3y7y_ATM	11/13/2008	133.326258
3y7y_ATM	11/12/2008	131.016431
3y7y_ATM	11/10/2008	132.3507757
3y7y_ATM	11/7/2008	131.5646241
3y7y_ATM	11/6/2008	129.5210559
3y7y_ATM	11/5/2008	128.5342136
3y7y_ATM	11/4/2008	124.9602816
3y7y_ATM	11/3/2008	126.4818303
3y7y_ATM	10/31/2008	126.503792
3y7y_ATM	10/30/2008	126.3655764
3y7y_ATM	10/29/2008	129.8916108
3y7y_ATM	10/28/2008	132.7376592
3y7y_ATM	10/27/2008	135.0239884
3y7y_ATM	10/24/2008	134.6791238
3y7y_ATM	10/23/2008	136.8039384
3y7y_ATM	10/22/2008	127.27616
3y7y_ATM	10/21/2008	126.6791056
3y7y_ATM	10/20/2008	126.612465
3y7y_ATM	10/17/2008	132.2392552
3y7y_ATM	10/16/2008	134.7118033
3y7y_ATM	10/15/2008	133.34805
3y7y_ATM	10/14/2008	145.6347622
3y7y_ATM	10/10/2008	145.3879888
3y7y_ATM	10/9/2008	134.90989
3y7y_ATM	10/8/2008	127.6978584
3y7y_ATM	10/7/2008	128.287705
3y7y_ATM	10/6/2008	121.7138064
3y7y_ATM	10/3/2008	121.668156
3y7y_ATM	10/2/2008	121.68996
3y7y_ATM	10/1/2008	120.4879914
3y7y_ATM	9/30/2008	120.6004954
3y7y_ATM	9/29/2008	120.3836284
3y7y_ATM	9/26/2008	113.791212
3y7y_ATM	9/25/2008	114.9787989
3y7y_ATM	9/24/2008	114.5279615
3y7y_ATM	9/23/2008	109.3913547
3y7y_ATM	9/22/2008	109.3927128
3y7y_ATM	9/19/2008	112.1470105
3y7y_ATM	9/18/2008	118.0321736
3y7y_ATM	9/17/2008	118.615119
3y7y_ATM	9/16/2008	119.0027564
3y7y_ATM	9/15/2008	113.1604034
3y7y_ATM	9/12/2008	106.8655819
3y7y_ATM	9/11/2008	107.1139564
3y7y_ATM	9/10/2008	107.2360494
3y7y_ATM	9/9/2008	107.320572
3y7y_ATM	9/8/2008	107.0385773
3y7y_ATM	9/5/2008	108.32613
3y7y_ATM	9/4/2008	108.95054
3y7y_ATM	9/3/2008	106.9272425
3y7y_ATM	9/2/2008	106.6470656
3y7y_ATM	8/29/2008	106.526667
3y7y_ATM	8/28/2008	106.9512084
3y7y_ATM	8/27/2008	106.622304
3y7y_ATM	8/26/2008	107.6383508
3y7y_ATM	8/25/2008	107.9563576
3y7y_ATM	8/22/2008	107.1163387
3y7y_ATM	8/21/2008	107.4629552
3y7y_ATM	8/20/2008	106.6031343
3y7y_ATM	8/19/2008	104.8720617
3y7y_ATM	8/18/2008	103.7453544
3y7y_ATM	8/15/2008	103.302381
3y7y_ATM	8/14/2008	102.7319616
3y7y_ATM	8/13/2008	103.2610416
3y7y_ATM	8/12/2008	102.0121856
3y7y_ATM	8/11/2008	101.2614025
3y7y_ATM	8/8/2008	101.5990885
3y7y_ATM	8/7/2008	102.2469008
3y7y_ATM	8/6/2008	102.643623
3y7y_ATM	8/5/2008	102.1645152
3y7y_ATM	8/4/2008	102.5039752
3y7y_ATM	8/1/2008	102.6022449
3y7y_ATM	7/31/2008	103.5814656
3y7y_ATM	7/30/2008	104.0728104
3y7y_ATM	7/29/2008	105.4052274
3y7y_ATM	7/28/2008	105.4072545
3y7y_ATM	7/25/2008	105.790014
3y7y_ATM	7/24/2008	107.3176803
3y7y_ATM	7/23/2008	106.5955894
3y7y_ATM	7/22/2008	106.7547338
3y7y_ATM	7/21/2008	108.7369704
3y7y_ATM	7/18/2008	108.9369135
3y7y_ATM	7/17/2008	109.166125
3y7y_ATM	7/16/2008	108.753404
3y7y_ATM	7/15/2008	110.357356
3y7y_ATM	7/14/2008	111.2126918
3y7y_ATM	7/11/2008	110.82757
3y7y_ATM	7/10/2008	109.4695784
3y7y_ATM	7/9/2008	109.1297772
3y7y_ATM	7/8/2008	109.6641653
3y7y_ATM	7/7/2008	109.5677472
3y7y_ATM	7/3/2008	110.251701
3y7y_ATM	7/2/2008	111.2558944
3y7y_ATM	7/1/2008	111.670416
3y7y_ATM	6/30/2008	111.5012688
3y7y_ATM	6/27/2008	112.2664921
3y7y_ATM	6/26/2008	111.9454092
3y7y_ATM	6/25/2008	109.6743865
3y7y_ATM	6/24/2008	109.3842533
3y7y_ATM	6/23/2008	108.2189988
3y7y_ATM	6/20/2008	107.885008
3y7y_ATM	6/19/2008	106.509204
3y7y_ATM	6/18/2008	106.498175
3y7y_ATM	6/17/2008	107.4651039
3y7y_ATM	6/16/2008	108.2080944
3y7y_ATM	6/13/2008	109.275156
3y7y_ATM	6/12/2008	109.041218
3y7y_ATM	6/11/2008	109.15981
3y7y_ATM	6/10/2008	111.8710188
3y7y_ATM	6/9/2008	113.4853952
3y7y_ATM	6/6/2008	110.5572736
3y7y_ATM	6/5/2008	106.2836331
3y7y_ATM	6/4/2008	105.2899976
3y7y_ATM	6/3/2008	104.7866967
3y7y_ATM	6/2/2008	104.9167148
3y7y_ATM	5/30/2008	103.962955
3y7y_ATM	5/29/2008	104.8211844
3y7y_ATM	5/28/2008	103.5624879
3y7y_ATM	5/27/2008	103.973323
3y7y_ATM	5/23/2008	103.586099
3y7y_ATM	5/22/2008	103.94002
3y7y_ATM	5/21/2008	102.912057
3y7y_ATM	5/20/2008	103.700575
3y7y_ATM	5/19/2008	103.1564387
3y7y_ATM	5/16/2008	105.197427
3y7y_ATM	5/15/2008	106.2926522
3y7y_ATM	5/14/2008	107.938986
3y7y_ATM	5/13/2008	108.67464
3y7y_ATM	5/12/2008	108.3478968
3y7y_ATM	5/9/2008	108.1219327
3y7y_ATM	5/8/2008	106.6758881
3y7y_ATM	5/7/2008	103.865839
3y7y_ATM	5/6/2008	103.3819188
3y7y_ATM	5/5/2008	102.5777
3y7y_ATM	5/2/2008	102.188271
3y7y_ATM	5/1/2008	104.9716672
3y7y_ATM	4/30/2008	108.3040896
3y7y_ATM	4/29/2008	109.76049
3y7y_ATM	4/28/2008	110.1317668
3y7y_ATM	4/25/2008	110.3284875
3y7y_ATM	4/24/2008	111.1724509
3y7y_ATM	4/23/2008	110.2897402
3y7y_ATM	4/22/2008	110.63179
3y7y_ATM	4/21/2008	110.5833387
3y7y_ATM	4/18/2008	111.209625
3y7y_ATM	4/17/2008	114.3659972
3y7y_ATM	4/16/2008	113.9370139
3y7y_ATM	4/15/2008	110.9464668
3y7y_ATM	4/14/2008	110.5829334
3y7y_ATM	4/11/2008	111.4826544
3y7y_ATM	4/10/2008	109.7401544
3y7y_ATM	4/9/2008	107.6239726
3y7y_ATM	4/8/2008	107.55154
3y7y_ATM	4/7/2008	109.244485
3y7y_ATM	4/4/2008	108.75141
3y7y_ATM	4/3/2008	107.3596349
3y7y_ATM	4/2/2008	108.049004
3y7y_ATM	4/1/2008	109.479168
3y7y_ATM	3/31/2008	112.885028
3y7y_ATM	3/28/2008	112.548409
3y7y_ATM	3/27/2008	116.4969168
3y7y_ATM	3/26/2008	116.8972948
3y7y_ATM	3/25/2008	117.7556813
3y7y_ATM	3/24/2008	117.5763975
3y7y_ATM	3/20/2008	116.6139361
3y7y_ATM	3/19/2008	115.600124
3y7y_ATM	3/18/2008	118.3618332
3y7y_ATM	3/17/2008	122.856555
3y7y_ATM	3/14/2008	123.4193364
3y7y_ATM	3/13/2008	121.2002743
3y7y_ATM	3/12/2008	119.945805
3y7y_ATM	3/11/2008	121.218462
3y7y_ATM	3/10/2008	124.9716474
3y7y_ATM	3/7/2008	124.9105388
3y7y_ATM	3/6/2008	123.7903182
3y7y_ATM	3/5/2008	120.2116104
3y7y_ATM	3/4/2008	120.1122675
3y7y_ATM	3/3/2008	117.5606038
3y7y_ATM	2/29/2008	117.6125906
3y7y_ATM	2/28/2008	114.7201187
3y7y_ATM	2/27/2008	115.6057963
3y7y_ATM	2/26/2008	116.9369376
3y7y_ATM	2/25/2008	118.8685218
3y7y_ATM	2/22/2008	118.3904022
3y7y_ATM	2/21/2008	118.1162205
3y7y_ATM	2/20/2008	116.115445
3y7y_ATM	2/19/2008	115.6879348
3y7y_ATM	2/15/2008	115.3092402
3y7y_ATM	2/14/2008	114.7294176
3y7y_ATM	2/13/2008	111.1295262
3y7y_ATM	2/12/2008	109.8741255
3y7y_ATM	2/11/2008	109.8959885
3y7y_ATM	2/8/2008	108.25174
3y7y_ATM	2/7/2008	108.1938494
3y7y_ATM	2/6/2008	107.2058425
3y7y_ATM	2/5/2008	106.7782848
3y7y_ATM	2/4/2008	105.9806464
3y7y_ATM	2/1/2008	106.4829213
3y7y_ATM	1/31/2008	107.433243
3y7y_ATM	1/30/2008	105.7574898
3y7y_ATM	1/29/2008	108.3732937
3y7y_ATM	1/28/2008	109.2320853
3y7y_ATM	1/25/2008	110.3138943
3y7y_ATM	1/24/2008	109.457744
3y7y_ATM	1/23/2008	108.107948
3y7y_ATM	1/22/2008	104.542659
3y7y_ATM	1/18/2008	102.4124018
3y7y_ATM	1/17/2008	101.514075
3y7y_ATM	1/16/2008	101.488079
3y7y_ATM	1/15/2008	101.6532232
3y7y_ATM	1/14/2008	101.214106
3y7y_ATM	1/11/2008	100.443196
3y7y_ATM	1/10/2008	101.0707392
3y7y_ATM	1/9/2008	101.6336773
3y7y_ATM	1/8/2008	100.342015
3y7y_ATM	1/7/2008	102.2128845
3y7y_ATM	1/4/2008	104.1815788
3y7y_ATM	1/3/2008	104.018802
3y7y_ATM	1/2/2008	104.5267752
3y7y_ATM	12/31/2007	103.8579102
3y7y_ATM	12/28/2007	102.3433565
3y7y_ATM	12/27/2007	100.6064806
3y7y_ATM	12/26/2007	100.3341474
3y7y_ATM	12/24/2007	100.427472
3y7y_ATM	12/21/2007	100.3495864
3y7y_ATM	12/20/2007	101.160115
3y7y_ATM	12/19/2007	99.5637785
3y7y_ATM	12/18/2007	98.5861748
3y7y_ATM	12/17/2007	98.208682
3y7y_ATM	12/14/2007	97.484412
3y7y_ATM	12/13/2007	98.588208
3y7y_ATM	12/12/2007	99.4308952
3y7y_ATM	12/11/2007	100.8563177
3y7y_ATM	12/10/2007	99.6441108
3y7y_ATM	12/7/2007	100.2221044
3y7y_ATM	12/6/2007	99.991135
3y7y_ATM	12/5/2007	101.357136
3y7y_ATM	12/4/2007	102.3322624
3y7y_ATM	12/3/2007	101.976506
3y7y_ATM	11/30/2007	102.1312182
3y7y_ATM	11/29/2007	104.7205788
3y7y_ATM	11/28/2007	104.2739888
3y7y_ATM	11/27/2007	106.7289716
3y7y_ATM	11/26/2007	104.1243552
3y7y_ATM	11/23/2007	101.4943518
3y7y_ATM	11/21/2007	101.248872
3y7y_ATM	11/20/2007	99.326304
3y7y_ATM	11/19/2007	98.14441
3y7y_ATM	11/16/2007	96.2837128
3y7y_ATM	11/15/2007	96.5122898
3y7y_ATM	11/14/2007	94.098186
3y7y_ATM	11/13/2007	95.282719
3y7y_ATM	11/9/2007	97.310448
3y7y_ATM	11/8/2007	97.9955704
3y7y_ATM	11/7/2007	94.7932887
3y7y_ATM	11/6/2007	92.0156094
3y7y_ATM	11/5/2007	92.0339315
3y7y_ATM	11/2/2007	91.7123529
3y7y_ATM	11/1/2007	91.0256906
3y7y_ATM	10/31/2007	88.7487488
3y7y_ATM	10/30/2007	90.6358075
3y7y_ATM	10/29/2007	92.4082803
3y7y_ATM	10/26/2007	92.5936115
3y7y_ATM	10/25/2007	93.8578186
3y7y_ATM	10/24/2007	93.3655632
3y7y_ATM	10/23/2007	92.1436334
3y7y_ATM	10/22/2007	92.1658266
3y7y_ATM	10/19/2007	91.6959654
3y7y_ATM	10/18/2007	90.99981
3y7y_ATM	10/17/2007	90.2113127
3y7y_ATM	10/16/2007	88.1034408
3y7y_ATM	10/15/2007	86.2537819
3y7y_ATM	10/12/2007	86.7255795
3y7y_ATM	10/11/2007	87.9765964
3y7y_ATM	10/10/2007	89.0376914
3y7y_ATM	10/9/2007	90.6965598
3y7y_ATM	10/5/2007	91.9648048
3y7y_ATM	10/4/2007	92.191947
3y7y_ATM	10/3/2007	91.9404556
3y7y_ATM	10/2/2007	93.1569582
3y7y_ATM	10/1/2007	94.22128
3y7y_ATM	9/28/2007	94.2142014
3y7y_ATM	9/27/2007	94.312408
3y7y_ATM	9/26/2007	94.3359245
3y7y_ATM	9/25/2007	94.5600234
3y7y_ATM	9/24/2007	93.155432
3y7y_ATM	9/21/2007	93.1941885
3y7y_ATM	9/20/2007	92.5622704
3y7y_ATM	9/19/2007	91.0855132
3y7y_ATM	9/18/2007	92.6370404
3y7y_ATM	9/17/2007	93.5533872
3y7y_ATM	9/14/2007	93.711276
3y7y_ATM	9/13/2007	94.9414944
3y7y_ATM	9/12/2007	95.933602
3y7y_ATM	9/11/2007	94.5770616
3y7y_ATM	9/10/2007	93.638128
3y7y_ATM	9/7/2007	92.1428095
3y7y_ATM	9/6/2007	90.4037848
3y7y_ATM	9/5/2007	91.0204614
3y7y_ATM	9/4/2007	90.1393896
3y7y_ATM	8/31/2007	90.7073151
3y7y_ATM	8/30/2007	91.015083
3y7y_ATM	8/29/2007	90.7228141
3y7y_ATM	8/28/2007	90.6322976
3y7y_ATM	8/27/2007	89.100273
3y7y_ATM	8/24/2007	89.4875419
3y7y_ATM	8/23/2007	92.2367652
3y7y_ATM	8/22/2007	93.8394747
3y7y_ATM	8/21/2007	95.3297073
3y7y_ATM	8/20/2007	94.7327634
3y7y_ATM	8/17/2007	95.4594111
3y7y_ATM	8/16/2007	96.7775364
3y7y_ATM	8/15/2007	93.1674752
3y7y_ATM	8/14/2007	92.2034498
3y7y_ATM	8/13/2007	91.7666859
3y7y_ATM	8/10/2007	92.5024569
3y7y_ATM	8/9/2007	92.1959016
3y7y_ATM	8/8/2007	88.7588496
3y7y_ATM	8/7/2007	89.2345844
3y7y_ATM	8/6/2007	91.4230012
3y7y_ATM	8/3/2007	91.15364
3y7y_ATM	8/2/2007	90.524225
3y7y_ATM	8/1/2007	91.9135602
3y7y_ATM	7/31/2007	92.964256
3y7y_ATM	7/30/2007	93.7403658
3y7y_ATM	7/27/2007	94.790724
3y7y_ATM	7/26/2007	92.6263302
3y7y_ATM	7/25/2007	87.4330875
3y7y_ATM	7/24/2007	86.0796558
3y7y_ATM	7/23/2007	83.9961932
3y7y_ATM	7/20/2007	84.229008
3y7y_ATM	7/19/2007	82.559169
3y7y_ATM	7/18/2007	82.7496645
3y7y_ATM	7/17/2007	82.6644244
3y7y_ATM	7/16/2007	82.975776
3y7y_ATM	7/13/2007	83.431117
3y7y_ATM	7/12/2007	83.4153001
3y7y_ATM	7/11/2007	83.6714592
3y7y_ATM	7/10/2007	83.6769074
3y7y_ATM	7/9/2007	81.843684
3y7y_ATM	7/6/2007	82.5837708
3y7y_ATM	7/5/2007	81.9721728
3y7y_ATM	7/3/2007	82.1048454
3y7y_ATM	7/2/2007	82.2090966
3y7y_ATM	6/29/2007	81.6676432
3y7y_ATM	6/28/2007	80.7719198
3y7y_ATM	6/27/2007	81.0197872
3y7y_ATM	6/26/2007	80.5394844
3y7y_ATM	6/25/2007	80.5041966
3y7y_ATM	6/22/2007	80.2914602
3y7y_ATM	6/21/2007	80.050658
3y7y_ATM	6/20/2007	78.9051082
3y7y_ATM	6/19/2007	78.2521065
3y7y_ATM	6/18/2007	77.485469
3y7y_ATM	6/15/2007	78.615008
3y7y_ATM	6/14/2007	80.2232928
3y7y_ATM	6/13/2007	80.4529236
3y7y_ATM	6/12/2007	81.6881472
3y7y_ATM	6/11/2007	78.3643119
3y7y_ATM	6/8/2007	78.5820882
3y7y_ATM	6/7/2007	77.7073227
3y7y_ATM	6/6/2007	75.3576555
3y7y_ATM	6/5/2007	74.718774
3y7y_ATM	6/4/2007	75.0746724
3y7y_ATM	6/1/2007	75.0928731
3y7y_ATM	5/31/2007	75.5702625
3y7y_ATM	5/30/2007	75.4222314
3y7y_ATM	5/29/2007	75.201966
3y7y_ATM	5/25/2007	75.1751466
3y7y_ATM	5/24/2007	75.1956615
3y7y_ATM	5/23/2007	75.0066176
3y7y_ATM	5/22/2007	74.5339414
3y7y_ATM	5/21/2007	75.2615667
3y7y_ATM	5/18/2007	75.8312544
3y7y_ATM	5/17/2007	75.219214
3y7y_ATM	5/16/2007	75.99508
3y7y_ATM	5/15/2007	75.920757
3y7y_ATM	5/14/2007	76.0627287
3y7y_ATM	5/11/2007	76.6972764
3y7y_ATM	5/10/2007	76.6353714
3y7y_ATM	5/9/2007	76.522859
3y7y_ATM	5/8/2007	76.9424262
3y7y_ATM	5/7/2007	76.3744644
3y7y_ATM	5/4/2007	76.1389024
3y7y_ATM	5/3/2007	76.2239014
3y7y_ATM	5/2/2007	76.50697
3y7y_ATM	5/1/2007	76.686487
3y7y_ATM	4/30/2007	76.7806884
3y7y_ATM	4/27/2007	76.1965398
3y7y_ATM	4/26/2007	76.2182784
3y7y_ATM	4/25/2007	76.615353
3y7y_ATM	4/24/2007	76.695785
3y7y_ATM	4/23/2007	76.7994392
3y7y_ATM	4/20/2007	77.0829289
3y7y_ATM	4/19/2007	76.4597614
3y7y_ATM	4/18/2007	76.096084
3y7y_ATM	4/17/2007	75.4772768
3y7y_ATM	4/16/2007	74.7362682
3y7y_ATM	4/13/2007	74.415834
3y7y_ATM	4/12/2007	75.091612
3y7y_ATM	4/11/2007	75.608775
3y7y_ATM	4/10/2007	75.976017
3y7y_ATM	4/9/2007	75.8572616
3y7y_ATM	4/5/2007	77.0584936
3y7y_ATM	4/4/2007	77.610372
3y7y_ATM	4/3/2007	77.4098649
3y7y_ATM	4/2/2007	77.338952
3y7y_ATM	3/30/2007	77.6110544
3y7y_ATM	3/29/2007	77.4512718
3y7y_ATM	3/28/2007	78.268833
3y7y_ATM	3/27/2007	77.8984587
3y7y_ATM	3/26/2007	77.5438356
3y7y_ATM	3/23/2007	77.0446116
3y7y_ATM	3/22/2007	77.2355172
3y7y_ATM	3/21/2007	76.6682862
3y7y_ATM	3/20/2007	76.753964
3y7y_ATM	3/19/2007	76.9995413
3y7y_ATM	3/16/2007	77.7061197
3y7y_ATM	3/15/2007	78.3936736
3y7y_ATM	3/14/2007	79.141962
3y7y_ATM	3/13/2007	78.6898144
3y7y_ATM	3/12/2007	77.6470695
3y7y_ATM	3/9/2007	77.7693492
3y7y_ATM	3/8/2007	78.622441
3y7y_ATM	3/7/2007	79.5684192
3y7y_ATM	3/6/2007	79.067541
3y7y_ATM	3/5/2007	81.0375713
3y7y_ATM	3/2/2007	81.136872
3y7y_ATM	3/1/2007	79.5484746
3y7y_ATM	2/28/2007	78.2241012
3y7y_ATM	2/27/2007	79.4295124
3y7y_ATM	2/26/2007	76.7424294
3y7y_ATM	2/23/2007	75.7224724
3y7y_ATM	2/22/2007	74.7939957
3y7y_ATM	2/21/2007	75.397953
3y7y_ATM	2/20/2007	76.6110715
3y7y_ATM	2/16/2007	75.7080444
3y7y_ATM	2/15/2007	74.8360026
3y7y_ATM	2/14/2007	73.9632456
3y7y_ATM	2/13/2007	73.271182
3y7y_ATM	2/12/2007	73.2766125
3y7y_ATM	2/9/2007	73.6800684
3y7y_ATM	2/8/2007	73.86432
3y7y_ATM	2/7/2007	74.2948875
3y7y_ATM	2/6/2007	73.4775828
3y7y_ATM	2/5/2007	73.3328216
3y7y_ATM	2/2/2007	73.5667458
3y7y_ATM	2/1/2007	74.7502601
3y7y_ATM	1/31/2007	74.9231586
3y7y_ATM	1/30/2007	75.9365955
3y7y_ATM	1/29/2007	76.2708319
3y7y_ATM	1/26/2007	76.8154364
3y7y_ATM	1/25/2007	76.9333431
3y7y_ATM	1/24/2007	76.148436
3y7y_ATM	1/23/2007	76.2274464
3y7y_ATM	1/22/2007	76.7508768
3y7y_ATM	1/19/2007	76.5391808
3y7y_ATM	1/18/2007	75.903567
3y7y_ATM	1/17/2007	75.7584544
3y7y_ATM	1/16/2007	76.5903792
3y7y_ATM	1/12/2007	77.2825075
3y7y_ATM	1/11/2007	78.2990748
3y7y_ATM	1/10/2007	78.2300694
3y7y_ATM	1/9/2007	78.1860424
3y7y_ATM	1/8/2007	79.3000832
3y7y_ATM	1/5/2007	79.3752139
3y7y_ATM	1/4/2007	80.9346638
3y7y_ATM	1/3/2007	81.1991528
3y7y_ATM	1/2/2007	81.7488522
3y7y_ATM	12/29/2006	82.2716967
3y7y_ATM	12/28/2006	82.5982768
3y7y_ATM	12/27/2006	82.6065204
3y7y_ATM	12/26/2006	82.7332025
3y7y_ATM	12/22/2006	82.8948696
3y7y_ATM	12/21/2006	82.565392
3y7y_ATM	12/20/2006	82.4435586
3y7y_ATM	12/19/2006	82.9339238
3y7y_ATM	12/18/2006	83.0970855
3y7y_ATM	12/15/2006	83.5878285
3y7y_ATM	12/14/2006	83.9172852
3y7y_ATM	12/13/2006	84.2459592
3y7y_ATM	12/12/2006	84.8968098
3y7y_ATM	12/11/2006	85.2272775
3y7y_ATM	12/8/2006	85.3885065
3y7y_ATM	12/7/2006	86.3773621
3y7y_ATM	12/6/2006	85.721368
3y7y_ATM	12/5/2006	86.3743116
3y7y_ATM	12/4/2006	86.8640472
3y7y_ATM	12/1/2006	86.6544972
3y7y_ATM	11/30/2006	86.1678944
3y7y_ATM	11/29/2006	85.6779286
3y7y_ATM	11/28/2006	86.012784
3y7y_ATM	11/27/2006	85.3518161
3y7y_ATM	11/24/2006	85.1847228
3y7y_ATM	11/22/2006	84.6961668
3y7y_ATM	11/21/2006	84.6920777
3y7y_ATM	11/20/2006	84.6867456
3y7y_ATM	11/17/2006	84.9351816
3y7y_ATM	11/16/2006	85.0223408
3y7y_ATM	11/15/2006	85.5105606
3y7y_ATM	11/14/2006	86.3267061
3y7y_ATM	11/13/2006	85.6715822
3y7y_ATM	11/10/2006	86.0668886
3y7y_ATM	11/9/2006	85.5605454
3y7y_ATM	11/8/2006	86.3739544
3y7y_ATM	11/7/2006	86.697438
3y7y_ATM	11/6/2006	86.3280288
3y7y_ATM	11/3/2006	86.9779794
3y7y_ATM	11/2/2006	87.6393144
3y7y_ATM	11/1/2006	88.4563889
3y7y_ATM	10/31/2006	87.1468161
3y7y_ATM	10/30/2006	86.6497088
3y7y_ATM	10/27/2006	86.8294545
3y7y_ATM	10/26/2006	86.335677
3y7y_ATM	10/25/2006	86.198364
3y7y_ATM	10/24/2006	86.328384
3y7y_ATM	10/23/2006	86.657698
3y7y_ATM	10/20/2006	86.8201152
3y7y_ATM	10/19/2006	87.1519264
3y7y_ATM	10/18/2006	87.1458112
3y7y_ATM	10/17/2006	87.6363282
3y7y_ATM	10/16/2006	87.4713568
3y7y_ATM	10/13/2006	87.6366745
3y7y_ATM	10/12/2006	88.1342451
3y7y_ATM	10/11/2006	88.2933458
3y7y_ATM	10/10/2006	88.9409456
3y7y_ATM	10/6/2006	89.7591366
3y7y_ATM	10/5/2006	90.5772861
3y7y_ATM	10/4/2006	90.7482528
3y7y_ATM	10/3/2006	90.0919175
3y7y_ATM	10/2/2006	90.4148441
3y7y_ATM	9/29/2006	90.088362
3y7y_ATM	9/28/2006	89.7652112
3y7y_ATM	9/27/2006	90.2623998
3y7y_ATM	9/26/2006	90.2567815
3y7y_ATM	9/25/2006	91.3931634
3y7y_ATM	9/22/2006	90.2545488
3y7y_ATM	9/21/2006	88.1339585
3y7y_ATM	9/20/2006	87.6392702
3y7y_ATM	9/19/2006	88.1377986
3y7y_ATM	9/18/2006	87.7975758
3y7y_ATM	9/15/2006	87.9621372
3y7y_ATM	9/14/2006	88.2954358
3y7y_ATM	9/13/2006	88.2906885
3y7y_ATM	9/12/2006	87.718248
3y7y_ATM	9/11/2006	87.305702
3y7y_ATM	9/8/2006	87.303879
3y7y_ATM	9/7/2006	87.227448
3y7y_ATM	9/6/2006	87.06412
3y7y_ATM	9/5/2006	87.0120462
3y7y_ATM	9/1/2006	87.119342
3y7y_ATM	8/31/2006	87.6062317
3y7y_ATM	8/30/2006	87.9413898
3y7y_ATM	8/29/2006	87.31169
3y7y_ATM	8/28/2006	86.946424
3y7y_ATM	8/25/2006	87.0748374
3y7y_ATM	8/24/2006	86.9608576
3y7y_ATM	8/23/2006	86.4273426
3y7y_ATM	8/22/2006	85.9466608
3y7y_ATM	8/21/2006	85.4558172
3y7y_ATM	8/18/2006	85.457562
3y7y_ATM	8/17/2006	85.4585708
3y7y_ATM	8/16/2006	85.619391
3y7y_ATM	8/15/2006	85.6220056
3y7y_ATM	8/14/2006	86.0993112
3y7y_ATM	8/11/2006	86.5873594
3y7y_ATM	8/10/2006	86.4273277
3y7y_ATM	8/9/2006	86.1051744
3y7y_ATM	8/8/2006	86.9641086
3y7y_ATM	8/7/2006	87.7709184
3y7y_ATM	8/4/2006	88.0942282
3y7y_ATM	8/3/2006	88.5850004
3y7y_ATM	8/2/2006	88.907877
3y7y_ATM	8/1/2006	89.174459
3y7y_ATM	7/31/2006	88.954544
3y7y_ATM	7/28/2006	89.1167404
3y7y_ATM	7/27/2006	88.6803984
3y7y_ATM	7/26/2006	88.4772113
3y7y_ATM	7/25/2006	88.4758182
3y7y_ATM	7/24/2006	88.793721
3y7y_ATM	7/21/2006	89.2784508
3y7y_ATM	7/20/2006	89.285514
3y7y_ATM	7/19/2006	89.0601525
3y7y_ATM	7/18/2006	89.8678517
3y7y_ATM	7/17/2006	89.860706
3y7y_ATM	7/14/2006	89.8617636
3y7y_ATM	7/13/2006	89.386143
3y7y_ATM	7/12/2006	88.741989
3y7y_ATM	7/11/2006	88.9049304
3y7y_ATM	7/10/2006	88.7419596
3y7y_ATM	7/7/2006	88.9017762
3y7y_ATM	7/6/2006	89.0677812
3y7y_ATM	7/5/2006	89.5449542
3y7y_ATM	7/3/2006	89.5456989
3y7y_ATM	6/30/2006	89.5419882
3y7y_ATM	6/29/2006	89.672928
3y7y_ATM	6/28/2006	89.9126787
3y7y_ATM	6/27/2006	89.8706997
3y7y_ATM	6/26/2006	90.3490068
3y7y_ATM	6/23/2006	90.68808
3y7y_ATM	6/22/2006	89.8903677
3y7y_ATM	6/21/2006	90.1354203
3y7y_ATM	6/20/2006	89.4958995
3y7y_ATM	6/19/2006	89.3333278
3y7y_ATM	6/16/2006	89.4959567
3y7y_ATM	6/15/2006	89.1768745
3y7y_ATM	6/14/2006	88.5332584
3y7y_ATM	6/13/2006	88.256999
3y7y_ATM	6/12/2006	88.354959
3y7y_ATM	6/9/2006	88.9965492
3y7y_ATM	6/8/2006	89.4870666
3y7y_ATM	6/7/2006	89.3239654
3y7y_ATM	6/6/2006	89.9712
3y7y_ATM	6/5/2006	90.12756
3y7y_ATM	6/2/2006	90.6145476
3y7y_ATM	6/1/2006	90.6163104
3y7y_ATM	5/31/2006	91.9092864
3y7y_ATM	5/30/2006	91.9099272
3y7y_ATM	5/26/2006	92.488704
3y7y_ATM	5/25/2006	92.4870885
3y7y_ATM	5/24/2006	92.5445982
3y7y_ATM	5/23/2006	92.2260552
3y7y_ATM	5/22/2006	92.5454158
3y7y_ATM	5/19/2006	92.2243128
3y7y_ATM	5/18/2006	91.425138
3y7y_ATM	5/17/2006	90.7777044
3y7y_ATM	5/16/2006	90.294108
3y7y_ATM	5/15/2006	90.7722088
3y7y_ATM	5/12/2006	90.9334594
3y7y_ATM	5/11/2006	90.1338932
3y7y_ATM	5/10/2006	89.482252
3y7y_ATM	5/9/2006	89.315956
3y7y_ATM	5/8/2006	88.9924335
3y7y_ATM	5/5/2006	88.8305289
3y7y_ATM	5/4/2006	88.5143454
3y7y_ATM	5/3/2006	88.5149338
3y7y_ATM	5/2/2006	87.5073619
3y7y_ATM	5/1/2006	87.0159384
3y7y_ATM	4/28/2006	87.1798113
3y7y_ATM	4/27/2006	87.5487894
3y7y_ATM	4/26/2006	88.3642703
3y7y_ATM	4/25/2006	87.8665116
3y7y_ATM	4/24/2006	88.1929806
3y7y_ATM	4/21/2006	88.0273926
3y7y_ATM	4/20/2006	88.8968898
3y7y_ATM	4/19/2006	89.3851024
3y7y_ATM	4/18/2006	90.35187
3y7y_ATM	4/17/2006	90.6781112
3y7y_ATM	4/13/2006	91.907792
3y7y_ATM	4/12/2006	91.4288024
3y7y_ATM	4/11/2006	91.0552832
3y7y_ATM	4/10/2006	91.216128
3y7y_ATM	4/7/2006	91.6983619
3y7y_ATM	4/6/2006	92.3931873
3y7y_ATM	4/5/2006	92.0750625
3y7y_ATM	4/4/2006	92.6159129
3y7y_ATM	4/3/2006	93.0732681
3y7y_ATM	3/31/2006	92.9916635
3y7y_ATM	3/30/2006	93.4006059
3y7y_ATM	3/29/2006	92.9166215
3y7y_ATM	3/28/2006	91.80748
3y7y_ATM	3/27/2006	91.4888205
3y7y_ATM	3/24/2006	91.1608749
3y7y_ATM	3/23/2006	91.1656014
3y7y_ATM	3/22/2006	90.9398406
3y7y_ATM	3/21/2006	91.09746
3y7y_ATM	3/20/2006	91.099645
3y7y_ATM	3/17/2006	91.5840705
3y7y_ATM	3/16/2006	91.7455136
3y7y_ATM	3/15/2006	92.2326012
3y7y_ATM	3/14/2006	91.746241
3y7y_ATM	3/13/2006	92.8738025
3y7y_ATM	3/10/2006	92.3924592
3y7y_ATM	3/9/2006	92.3927793
3y7y_ATM	3/8/2006	93.7509
3y7y_ATM	3/7/2006	93.2705904
3y7y_ATM	3/6/2006	92.7806292
3y7y_ATM	3/3/2006	91.6487118
3y7y_ATM	3/2/2006	92.3612154
3y7y_ATM	3/1/2006	90.08793
3y7y_ATM	2/28/2006	89.4386988
3y7y_ATM	2/27/2006	89.2743984
3y7y_ATM	2/24/2006	89.5334448
3y7y_ATM	2/23/2006	91.186305
3y7y_ATM	2/22/2006	91.2239312
3y7y_ATM	2/21/2006	92.682932
3y7y_ATM	2/17/2006	92.8437147
3y7y_ATM	2/16/2006	93.002271
3y7y_ATM	2/15/2006	94.470987
3y7y_ATM	2/14/2006	95.27745
3y7y_ATM	2/13/2006	95.60214
3y7y_ATM	2/10/2006	95.9269356
3y7y_ATM	2/9/2006	96.257792
3y7y_ATM	2/8/2006	96.5838172
3y7y_ATM	2/7/2006	96.7392234
3y7y_ATM	2/6/2006	96.3804885
3y7y_ATM	2/3/2006	96.0899922
3y7y_ATM	2/2/2006	96.7443159
3y7y_ATM	2/1/2006	96.6559284
3y7y_ATM	1/31/2006	96.1596636
3y7y_ATM	1/30/2006	96.1571833
3y7y_ATM	1/27/2006	96.1711461
3y7y_ATM	1/26/2006	96.5780288
3y7y_ATM	1/25/2006	95.876195
3y7y_ATM	1/24/2006	95.18688
3y7y_ATM	1/23/2006	95.183742
3y7y_ATM	1/20/2006	94.693098
3y7y_ATM	1/19/2006	94.2125724
3y7y_ATM	1/18/2006	94.3789542
3y7y_ATM	1/17/2006	95.0188608
3y7y_ATM	1/13/2006	94.53312
3y7y_ATM	1/12/2006	94.6967224
3y7y_ATM	1/11/2006	94.3819215
3y7y_ATM	1/10/2006	94.8617579
3y7y_ATM	1/9/2006	93.8813589
3y7y_ATM	1/6/2006	95.1854882
3y7y_ATM	1/5/2006	96.1684196
3y7y_ATM	1/4/2006	97.1431047
3y7y_ATM	1/3/2006	97.6248424
3y7y_ATM	12/30/2005	97.9473088
3y7y_ATM	12/29/2005	97.2941242
3y7y_ATM	12/28/2005	97.3048174
3y7y_ATM	12/27/2005	97.465704
3y7y_ATM	12/23/2005	97.6261172
3y7y_ATM	12/22/2005	97.9526727
3y7y_ATM	12/21/2005	98.2822905
3y7y_ATM	12/20/2005	98.2799944
3y7y_ATM	12/19/2005	97.785287
3y7y_ATM	12/16/2005	98.5991168
3y7y_ATM	12/15/2005	98.8575588
3y7y_ATM	12/14/2005	99.5868007
3y7y_ATM	12/13/2005	99.417633
3y7y_ATM	12/12/2005	100.3899555
3y7y_ATM	12/9/2005	100.0649512
3y7y_ATM	12/8/2005	100.0695504
3y7y_ATM	12/7/2005	100.8848085
3y7y_ATM	12/6/2005	100.7173273
3y7y_ATM	12/5/2005	100.5560486
3y7y_ATM	12/2/2005	100.5573987
3y7y_ATM	12/1/2005	101.2135482
3y7y_ATM	11/30/2005	100.7219038
3y7y_ATM	11/29/2005	100.3955634
3y7y_ATM	11/28/2005	100.0162222
3y7y_ATM	11/25/2005	100.1703675
3y7y_ATM	11/23/2005	100.0102701
3y7y_ATM	11/22/2005	100.06615
3y7y_ATM	11/21/2005	100.7091974
3y7y_ATM	11/18/2005	102.01356
3y7y_ATM	11/17/2005	102.5102476
3y7y_ATM	11/16/2005	102.514624
3y7y_ATM	11/15/2005	102.759804
3y7y_ATM	11/14/2005	102.5955
3y7y_ATM	11/10/2005	102.26433
3y7y_ATM	11/9/2005	102.11244
3y7y_ATM	11/8/2005	98.717983
3y7y_ATM	11/7/2005	100.745876
3y7y_ATM	11/4/2005	100.581108
3y7y_ATM	11/3/2005	99.9344272
3y7y_ATM	11/2/2005	97.9684798
3y7y_ATM	11/1/2005	97.3100088
3y7y_ATM	10/31/2005	97.469189
3y7y_ATM	10/28/2005	96.6504384
3y7y_ATM	10/27/2005	96.7031592
3y7y_ATM	10/26/2005	96.6541884
3y7y_ATM	10/25/2005	96.165341
3y7y_ATM	10/24/2005	95.8794464
3y7y_ATM	10/21/2005	95.8784992
3y7y_ATM	10/20/2005	96.212189
3y7y_ATM	10/19/2005	96.54232
3y7y_ATM	10/18/2005	96.7079296
3y7y_ATM	10/17/2005	96.8675006
3y7y_ATM	10/14/2005	96.3750552
3y7y_ATM	10/13/2005	96.0550396
3y7y_ATM	10/12/2005	95.7208392
3y7y_ATM	10/11/2005	95.0602374
3y7y_ATM	10/7/2005	95.0587725
3y7y_ATM	10/6/2005	95.548824
3y7y_ATM	10/5/2005	95.0755851
3y7y_ATM	10/4/2005	95.7170672
3y7y_ATM	10/3/2005	96.374532
3y7y_ATM	9/30/2005	96.371088
3y7y_ATM	9/29/2005	96.3814608
3y7y_ATM	9/28/2005	96.39178
3y7y_ATM	9/27/2005	96.3814843
3y7y_ATM	9/26/2005	96.0457608
3y7y_ATM	9/23/2005	96.044832
3y7y_ATM	9/22/2005	95.7229023
3y7y_ATM	9/21/2005	96.055944
3y7y_ATM	9/20/2005	96.0486862
3y7y_ATM	9/19/2005	96.862596
3y7y_ATM	9/16/2005	96.8632258
3y7y_ATM	9/15/2005	96.460375
3y7y_ATM	9/14/2005	96.7102376
3y7y_ATM	9/13/2005	97.0313568
3y7y_ATM	9/12/2005	96.3698128
3y7y_ATM	9/9/2005	96.7787128
3y7y_ATM	9/8/2005	96.5416208
3y7y_ATM	9/7/2005	96.2171862
3y7y_ATM	9/6/2005	95.5528971
3y7y_ATM	9/2/2005	95.8764573
3y7y_ATM	9/1/2005	96.3682478
3y7y_ATM	8/31/2005	95.8236444
3y7y_ATM	8/30/2005	94.8284253
3y7y_ATM	8/29/2005	94.5203994
3y7y_ATM	8/26/2005	94.3548233
3y7y_ATM	8/25/2005	94.1912928
3y7y_ATM	8/24/2005	93.879305
3y7y_ATM	8/23/2005	94.629258
3y7y_ATM	8/22/2005	94.7905101
3y7y_ATM	8/19/2005	94.7866571
3y7y_ATM	8/18/2005	94.6765314
3y7y_ATM	8/17/2005	94.1839884
3y7y_ATM	8/16/2005	94.0169359
3y7y_ATM	8/15/2005	93.851075
3y7y_ATM	8/12/2005	94.014248
3y7y_ATM	8/11/2005	93.2015126
3y7y_ATM	8/10/2005	93.5317368
3y7y_ATM	8/9/2005	93.5245584
3y7y_ATM	8/8/2005	93.6887198
3y7y_ATM	8/5/2005	93.3619347
3y7y_ATM	8/4/2005	93.2026259
3y7y_ATM	8/3/2005	94.182732
3y7y_ATM	8/2/2005	95.2253437
3y7y_ATM	8/1/2005	95.0608545
3y7y_ATM	7/29/2005	94.570311
3y7y_ATM	7/28/2005	94.2461616
3y7y_ATM	7/27/2005	94.905216
3y7y_ATM	7/26/2005	95.2269948
3y7y_ATM	7/25/2005	95.0654916
3y7y_ATM	7/22/2005	95.0604176
3y7y_ATM	7/21/2005	95.0686569
3y7y_ATM	7/20/2005	94.413032
3y7y_ATM	7/19/2005	94.4725296
3y7y_ATM	7/18/2005	95.0304216
3y7y_ATM	7/15/2005	95.0274342
3y7y_ATM	7/14/2005	95.6782036
3y7y_ATM	7/13/2005	96.1676511
3y7y_ATM	7/12/2005	95.912232
3y7y_ATM	7/11/2005	97.1422312
3y7y_ATM	7/8/2005	96.8074056
3y7y_ATM	7/7/2005	97.81317
3y7y_ATM	7/6/2005	97.644729
3y7y_ATM	7/5/2005	97.3098944
3y7y_ATM	7/1/2005	97.139735
3y7y_ATM	6/30/2005	97.635141
3y7y_ATM	6/29/2005	97.6402328
3y7y_ATM	6/28/2005	97.6514735
3y7y_ATM	6/27/2005	97.642623
3y7y_ATM	6/24/2005	97.472691
3y7y_ATM	6/23/2005	96.985654
3y7y_ATM	6/22/2005	96.9781616
3y7y_ATM	6/21/2005	95.4873668
3y7y_ATM	6/20/2005	95.1550312
3y7y_ATM	6/17/2005	95.6486424
3y7y_ATM	6/16/2005	95.9869775
3y7y_ATM	6/15/2005	95.9899486
3y7y_ATM	6/14/2005	96.956202
3y7y_ATM	6/13/2005	98.1312192
3y7y_ATM	6/10/2005	98.642124
3y7y_ATM	6/9/2005	96.49965
3y7y_ATM	6/8/2005	95.9921025
3y7y_ATM	6/7/2005	95.8196764
3y7y_ATM	6/6/2005	95.3180484
3y7y_ATM	6/3/2005	94.9852679
3y7y_ATM	6/2/2005	95.1599418
3y7y_ATM	6/1/2005	95.1619464
3y7y_ATM	5/31/2005	94.98603
3y7y_ATM	5/27/2005	94.1610894
3y7y_ATM	5/26/2005	94.1738756
3y7y_ATM	5/25/2005	94.661136
3y7y_ATM	5/24/2005	95.151626
3y7y_ATM	5/23/2005	94.9823462
3y7y_ATM	5/20/2005	94.980587
3y7y_ATM	5/19/2005	95.4946688
3y7y_ATM	5/18/2005	97.147232
3y7y_ATM	5/17/2005	97.123264
3y7y_ATM	5/16/2005	96.473158
3y7y_ATM	5/13/2005	95.977434
3y7y_ATM	5/12/2005	95.4919721
3y7y_ATM	5/11/2005	95.653628
3y7y_ATM	5/10/2005	94.6607382
3y7y_ATM	5/9/2005	93.7609372
3y7y_ATM	5/6/2005	94.4216907
3y7y_ATM	5/5/2005	95.37456
3y7y_ATM	5/4/2005	95.8553904
3y7y_ATM	5/3/2005	95.797108
3y7y_ATM	5/2/2005	96.3036306
3y7y_ATM	4/29/2005	96.14781
3y7y_ATM	4/28/2005	95.374395
3y7y_ATM	4/27/2005	95.2066248
3y7y_ATM	4/26/2005	95.1999336
3y7y_ATM	4/25/2005	95.3573368
3y7y_ATM	4/22/2005	95.681489
3y7y_ATM	4/21/2005	95.693011
3y7y_ATM	4/20/2005	96.8452232
3y7y_ATM	4/19/2005	96.8448551
3y7y_ATM	4/18/2005	97.8255376
3y7y_ATM	4/15/2005	96.3417708
3y7y_ATM	4/14/2005	95.5335888
3y7y_ATM	4/13/2005	94.0482668
3y7y_ATM	4/12/2005	93.8793974
3y7y_ATM	4/11/2005	95.0213558
3y7y_ATM	4/8/2005	95.3520768
3y7y_ATM	4/7/2005	94.5442432
3y7y_ATM	4/6/2005	93.1600944
3y7y_ATM	4/5/2005	92.9358528
3y7y_ATM	4/4/2005	92.919475
3y7y_ATM	4/1/2005	92.046564
3y7y_ATM	3/31/2005	93.364748
3y7y_ATM	3/30/2005	94.55859
3y7y_ATM	3/29/2005	95.689664
3y7y_ATM	3/28/2005	95.5012015
3y7y_ATM	3/24/2005	95.377284
3y7y_ATM	3/23/2005	96.533262
3y7y_ATM	3/22/2005	97.0560325
3y7y_ATM	3/21/2005	95.976893
3y7y_ATM	3/18/2005	95.2816515
3y7y_ATM	3/17/2005	95.040002
3y7y_ATM	3/16/2005	95.529625
3y7y_ATM	3/15/2005	94.593704
3y7y_ATM	3/14/2005	94.3362779
3y7y_ATM	3/11/2005	94.21896
3y7y_ATM	3/10/2005	93.2490762
3y7y_ATM	3/9/2005	94.0435652
3y7y_ATM	3/8/2005	91.5089175
3y7y_ATM	3/7/2005	90.3418035
3y7y_ATM	3/4/2005	90.5454675
3y7y_ATM	3/3/2005	92.363661
3y7y_ATM	3/2/2005	92.9759512
3y7y_ATM	3/1/2005	92.8715568
3y7y_ATM	2/28/2005	93.1492936
3y7y_ATM	2/25/2005	91.9766583
3y7y_ATM	2/24/2005	92.3985061
3y7y_ATM	2/23/2005	93.0537976
3y7y_ATM	2/22/2005	93.3392505
3y7y_ATM	2/18/2005	92.6387
3y7y_ATM	2/17/2005	92.6675685
3y7y_ATM	2/16/2005	92.9914456
3y7y_ATM	2/15/2005	94.7045869
3y7y_ATM	2/14/2005	94.422528
3y7y_ATM	2/11/2005	94.541888
3y7y_ATM	2/10/2005	94.9475376
3y7y_ATM	2/9/2005	93.2653381
3y7y_ATM	2/8/2005	91.7011425
3y7y_ATM	2/7/2005	91.31136
3y7y_ATM	2/4/2005	91.49473
3y7y_ATM	2/3/2005	91.68049
3y7y_ATM	2/2/2005	92.63051
3y7y_ATM	2/1/2005	93.76989
3y7y_ATM	1/31/2005	93.666537
3y7y_ATM	1/28/2005	94.2793929
3y7y_ATM	1/27/2005	94.6598998
3y7y_ATM	1/26/2005	95.6042325
3y7y_ATM	1/25/2005	95.537478
3y7y_ATM	1/24/2005	94.1772163
3y7y_ATM	1/21/2005	93.460464
3y7y_ATM	1/20/2005	92.4139425
3y7y_ATM	1/19/2005	93.9660945
3y7y_ATM	1/18/2005	94.926683
3y7y_ATM	1/14/2005	95.525618
3y7y_ATM	1/13/2005	95.2362684
3y7y_ATM	1/12/2005	96.34524
3y7y_ATM	1/11/2005	97.271055
3y7y_ATM	1/10/2005	97.356644
3y7y_ATM	1/7/2005	98.789145
3y7y_ATM	1/6/2005	100.30382
3y7y_ATM	1/5/2005	100.973372
3y7y_ATM	1/4/2005	101.007172
3y7y_ATM	1/3/2005	102.52704
3y7y_ATM	12/31/2004	103.210706
3y7y_ATM	12/30/2004	103.72676
3y7y_ATM	12/29/2004	103.98448
3y7y_ATM	12/28/2004	104.64832
3y7y_ATM	12/27/2004	104.27984
3y7y_ATM	12/23/2004	104.245844
3y7y_ATM	12/22/2004	104.084423
3y7y_ATM	12/21/2004	105.009888
3y7y_ATM	12/20/2004	106.7286155
3y7y_ATM	12/17/2004	107.036832
3y7y_ATM	12/16/2004	106.660309
3y7y_ATM	12/15/2004	106.582528
3y7y_ATM	12/14/2004	104.5748537
3y7y_ATM	12/13/2004	103.809125
3y7y_ATM	12/10/2004	104.139354
3y7y_ATM	12/9/2004	103.0196025
3y7y_ATM	12/8/2004	103.3891752
3y7y_ATM	12/7/2004	102.0047712
3y7y_ATM	12/6/2004	102.0458865
3y7y_ATM	12/3/2004	102.969878
3y7y_ATM	12/2/2004	103.645696
3y7y_ATM	12/1/2004	104.30089
3y7y_ATM	11/30/2004	102.80298
3y7y_ATM	11/29/2004	102.830205
3y7y_ATM	11/26/2004	102.8233
3y7y_ATM	11/24/2004	103.02899
3y7y_ATM	11/23/2004	103.1984695
3y7y_ATM	11/22/2004	103.8819375
3y7y_ATM	11/19/2004	104.7183475
3y7y_ATM	11/18/2004	105.412052
3y7y_ATM	11/17/2004	105.2356765
3y7y_ATM	11/16/2004	105.4758055
3y7y_ATM	11/15/2004	105.947332
3y7y_ATM	11/12/2004	105.97635
3y7y_ATM	11/10/2004	106.2010825
3y7y_ATM	11/9/2004	105.616278
3y7y_ATM	11/8/2004	106.634756
3y7y_ATM	11/5/2004	106.755759
3y7y_ATM	11/4/2004	108.612592
3y7y_ATM	11/3/2004	108.535665
3y7y_ATM	11/2/2004	109.0863075
3y7y_ATM	11/1/2004	109.375074
3y7y_ATM	10/29/2004	110.9742183
3y7y_ATM	10/28/2004	113.03604
3y7y_ATM	10/27/2004	113.7088465
3y7y_ATM	10/26/2004	113.572994
3y7y_ATM	10/25/2004	113.926995
3y7y_ATM	10/22/2004	113.47168
3y7y_ATM	10/21/2004	113.011794
3y7y_ATM	10/20/2004	113.33203
3y7y_ATM	10/19/2004	112.061961
3y7y_ATM	10/18/2004	111.938552
3y7y_ATM	10/15/2004	112.95016
3y7y_ATM	10/14/2004	111.891432
3y7y_ATM	10/13/2004	111.83854
3y7y_ATM	10/12/2004	110.838495
3y7y_ATM	10/8/2004	110.680464
3y7y_ATM	10/7/2004	111.004222
3y7y_ATM	10/6/2004	109.9703204
3y7y_ATM	10/5/2004	110.07225
3y7y_ATM	10/4/2004	110.943792
3y7y_ATM	10/1/2004	112.0917
3y7y_ATM	9/30/2004	113.7450384
3y7y_ATM	9/29/2004	113.956458
3y7y_ATM	9/28/2004	114.4791872
3y7y_ATM	9/27/2004	112.383765
3y7y_ATM	9/24/2004	111.793064
3y7y_ATM	9/23/2004	111.7722564
3y7y_ATM	9/22/2004	110.4819884
3y7y_ATM	9/21/2004	106.7005584
3y7y_ATM	9/20/2004	107.4529075
3y7y_ATM	9/17/2004	108.1275498
3y7y_ATM	9/16/2004	107.455623
3y7y_ATM	9/15/2004	107.2065225
3y7y_ATM	9/14/2004	106.60035
3y7y_ATM	9/13/2004	106.753891
3y7y_ATM	9/10/2004	106.7871117
3y7y_ATM	9/9/2004	107.5039622
3y7y_ATM	9/8/2004	107.631174
3y7y_ATM	9/7/2004	107.2764198
3y7y_ATM	9/3/2004	108.0454086
3y7y_ATM	9/2/2004	110.227065
3y7y_ATM	9/1/2004	110.107
3y7y_ATM	8/31/2004	109.1068008
3y7y_ATM	8/30/2004	107.8677054
3y7y_ATM	8/27/2004	107.7884799
3y7y_ATM	8/26/2004	108.483585
3y7y_ATM	8/25/2004	108.993024
3y7y_ATM	8/24/2004	109.7007496
3y7y_ATM	8/23/2004	109.7754531
3y7y_ATM	8/20/2004	111.3660025
3y7y_ATM	8/19/2004	111.1905192
3y7y_ATM	8/18/2004	111.4596128
3y7y_ATM	8/17/2004	110.451873
3y7y_ATM	8/16/2004	108.3057442
3y7y_ATM	8/13/2004	108.1989214
3y7y_ATM	8/12/2004	105.9967964
3y7y_ATM	8/11/2004	106.8651429
3y7y_ATM	8/10/2004	109.0075416
3y7y_ATM	8/9/2004	109.5768375
3y7y_ATM	8/6/2004	108.9998325
3y7y_ATM	8/5/2004	106.0693953
3y7y_ATM	8/4/2004	105.7852234
3y7y_ATM	8/3/2004	105.0585996
3y7y_ATM	8/2/2004	104.7053955
3y7y_ATM	7/30/2004	104.0488028
3y7y_ATM	7/29/2004	103.7270598
3y7y_ATM	7/28/2004	104.1411707
3y7y_ATM	7/27/2004	104.3797456
3y7y_ATM	7/26/2004	103.41978
3y7y_ATM	7/23/2004	103.3197052
3y7y_ATM	7/22/2004	105.03724
3y7y_ATM	7/21/2004	106.275132
3y7y_ATM	7/20/2004	107.54892
3y7y_ATM	7/19/2004	107.40503
3y7y_ATM	7/16/2004	106.9904758
3y7y_ATM	7/15/2004	106.2471645
3y7y_ATM	7/14/2004	107.321025
3y7y_ATM	7/13/2004	108.4940428
3y7y_ATM	7/12/2004	107.3036776
3y7y_ATM	7/9/2004	107.3345264
3y7y_ATM	7/8/2004	106.563341
3y7y_ATM	7/7/2004	105.903558
3y7y_ATM	7/6/2004	104.4015238
3y7y_ATM	7/2/2004	103.926293
3y7y_ATM	7/1/2004	102.8617548
3y7y_ATM	6/30/2004	104.02656
3y7y_ATM	6/29/2004	104.484094
3y7y_ATM	6/28/2004	105.128504
3y7y_ATM	6/25/2004	104.6811612
3y7y_ATM	6/24/2004	107.237935
3y7y_ATM	6/23/2004	106.806978
3y7y_ATM	6/22/2004	105.4899741
3y7y_ATM	6/21/2004	107.0395106
3y7y_ATM	6/18/2004	108.197964
3y7y_ATM	6/17/2004	108.707184
3y7y_ATM	6/16/2004	111.242064
3y7y_ATM	6/15/2004	111.364804
3y7y_ATM	6/14/2004	113.5705904
3y7y_ATM	6/10/2004	112.7460125
3y7y_ATM	6/9/2004	113.154629
3y7y_ATM	6/8/2004	112.2326772
3y7y_ATM	6/7/2004	111.7352961
3y7y_ATM	6/4/2004	112.8234355
3y7y_ATM	6/3/2004	114.4843175
3y7y_ATM	6/2/2004	116.0495012
3y7y_ATM	6/1/2004	116.5112538
3y7y_ATM	5/28/2004	116.746
3y7y_ATM	5/27/2004	117.8666649
3y7y_ATM	5/26/2004	119.2601564
3y7y_ATM	5/25/2004	119.2615
3y7y_ATM	5/24/2004	118.8691488
3y7y_ATM	5/21/2004	118.8684303
3y7y_ATM	5/20/2004	118.4594355
3y7y_ATM	5/19/2004	118.736745
3y7y_ATM	5/18/2004	117.2992674
3y7y_ATM	5/17/2004	118.1291748
3y7y_ATM	5/14/2004	116.6026262
3y7y_ATM	5/13/2004	116.2553483
3y7y_ATM	5/12/2004	114.9124776
3y7y_ATM	5/11/2004	115.1012
3y7y_ATM	5/10/2004	114.937848
3y7y_ATM	5/7/2004	119.453766
3y7y_ATM	5/6/2004	120.9596967
3y7y_ATM	5/5/2004	119.6981115
3y7y_ATM	5/4/2004	119.627568
3y7y_ATM	5/3/2004	118.2275
3y7y_ATM	4/30/2004	116.408703
3y7y_ATM	4/29/2004	117.051195
3y7y_ATM	4/28/2004	117.0153294
3y7y_ATM	4/27/2004	117.7308425
3y7y_ATM	4/26/2004	119.074197
3y7y_ATM	4/23/2004	120.6407718
3y7y_ATM	4/22/2004	119.4356735
3y7y_ATM	4/21/2004	120.36472
3y7y_ATM	4/20/2004	120.2753519
3y7y_ATM	4/19/2004	121.9395856
3y7y_ATM	4/16/2004	122.1744114
3y7y_ATM	4/15/2004	121.9492504
3y7y_ATM	4/14/2004	123.15292
3y7y_ATM	4/13/2004	123.3434692
3y7y_ATM	4/12/2004	124.1873175
3y7y_ATM	4/8/2004	125.2507816
3y7y_ATM	4/7/2004	125.335413
3y7y_ATM	4/6/2004	125.3658568
3y7y_ATM	4/5/2004	127.5566708
3y7y_ATM	4/2/2004	127.4714105
3y7y_ATM	4/1/2004	126.1858286
3y7y_ATM	3/31/2004	125.9009588
3y7y_ATM	3/30/2004	126.4661188
3y7y_ATM	3/29/2004	126.8988032
3y7y_ATM	3/26/2004	127.007589
3y7y_ATM	3/25/2004	127.310214
3y7y_ATM	3/24/2004	125.9300736
3y7y_ATM	3/23/2004	126.426546
3y7y_ATM	3/22/2004	125.2385135
3y7y_ATM	3/19/2004	125.502091
3y7y_ATM	3/18/2004	125.6057536
3y7y_ATM	3/17/2004	124.964658
3y7y_ATM	3/16/2004	124.2283775
3y7y_ATM	3/15/2004	125.1134166
3y7y_ATM	3/12/2004	124.3423314
3y7y_ATM	3/11/2004	124.627188
3y7y_ATM	3/10/2004	123.9448608
3y7y_ATM	3/9/2004	122.0211363
3y7y_ATM	3/8/2004	121.330744
3y7y_ATM	3/5/2004	121.069113
3y7y_ATM	3/4/2004	122.636425
3y7y_ATM	3/3/2004	124.1734388
3y7y_ATM	3/2/2004	124.5113034
3y7y_ATM	3/1/2004	122.8919056
3y7y_ATM	2/27/2004	122.8974272
3y7y_ATM	2/26/2004	123.3903405
3y7y_ATM	2/25/2004	122.649075
3y7y_ATM	2/24/2004	122.729997
3y7y_ATM	2/23/2004	122.8927809
3y7y_ATM	2/20/2004	122.9978824
3y7y_ATM	2/19/2004	122.3540736
3y7y_ATM	2/18/2004	121.7605386
3y7y_ATM	2/17/2004	122.4511812
3y7y_ATM	2/13/2004	122.532685
3y7y_ATM	2/12/2004	123.0647328
3y7y_ATM	2/11/2004	123.2619974
3y7y_ATM	2/10/2004	126.195093
3y7y_ATM	2/9/2004	127.284705
3y7y_ATM	2/6/2004	127.6764768
3y7y_ATM	2/5/2004	128.5579768
3y7y_ATM	2/4/2004	127.130306
3y7y_ATM	2/3/2004	126.7927935
3y7y_ATM	2/2/2004	126.2117715
3y7y_ATM	1/30/2004	125.7425424
3y7y_ATM	1/29/2004	127.56387
3y7y_ATM	1/28/2004	127.334772
3y7y_ATM	1/27/2004	126.3480096
3y7y_ATM	1/26/2004	127.25456
3y7y_ATM	1/23/2004	127.1590923
3y7y_ATM	1/22/2004	126.4622004
3y7y_ATM	1/21/2004	126.208849
3y7y_ATM	1/20/2004	126.5890368
3y7y_ATM	1/16/2004	125.764629
3y7y_ATM	1/15/2004	125.7205508
3y7y_ATM	1/14/2004	123.840956
3y7y_ATM	1/13/2004	123.833016
3y7y_ATM	1/12/2004	123.373789
3y7y_ATM	1/9/2004	123.4694251
3y7y_ATM	1/8/2004	125.154145
3y7y_ATM	1/7/2004	125.71625
3y7y_ATM	1/6/2004	126.3780345
3y7y_ATM	1/5/2004	128.3272125
3y7y_ATM	1/2/2004	129.6963744
3y7y_ATM	12/31/2003	128.935961
3y7y_ATM	12/30/2003	128.9783375
3y7y_ATM	12/29/2003	129.3185768
3y7y_ATM	12/26/2003	128.040335
3y7y_ATM	12/24/2003	127.911015
3y7y_ATM	12/23/2003	129.0206257
3y7y_ATM	12/22/2003	127.7300492
3y7y_ATM	12/19/2003	127.7306
3y7y_ATM	12/18/2003	128.156582
3y7y_ATM	12/17/2003	128.81336
3y7y_ATM	12/16/2003	129.0553
3y7y_ATM	12/15/2003	129.62712
3y7y_ATM	12/12/2003	129.6043984
3y7y_ATM	12/11/2003	129.143441
3y7y_ATM	12/10/2003	130.51626
3y7y_ATM	12/9/2003	132.2074608
3y7y_ATM	12/8/2003	131.4076767
3y7y_ATM	12/5/2003	131.5425336
3y7y_ATM	12/4/2003	131.9214672
3y7y_ATM	12/3/2003	132.4054827
3y7y_ATM	12/2/2003	132.627395
3y7y_ATM	12/1/2003	132.7011406
3y7y_ATM	11/28/2003	130.6841832
3y7y_ATM	11/26/2003	130.2823968
3y7y_ATM	11/25/2003	129.9071741
3y7y_ATM	11/24/2003	129.4413298
3y7y_ATM	11/21/2003	128.931825
3y7y_ATM	11/20/2003	128.5759225
3y7y_ATM	11/19/2003	127.578672
3y7y_ATM	11/18/2003	126.71784
3y7y_ATM	11/17/2003	125.4920623
3y7y_ATM	11/14/2003	124.56274
3y7y_ATM	11/13/2003	124.858185
3y7y_ATM	11/12/2003	126.515745
3y7y_ATM	11/10/2003	127.3144
3y7y_ATM	11/7/2003	128.657775
3y7y_ATM	11/6/2003	128.9059177
3y7y_ATM	11/5/2003	128.76579
3y7y_ATM	11/4/2003	129.2175911
3y7y_ATM	11/3/2003	130.9423136
3y7y_ATM	10/31/2003	130.036515
3y7y_ATM	10/30/2003	131.198155
3y7y_ATM	10/29/2003	129.4437903
3y7y_ATM	10/28/2003	130.9210037
3y7y_ATM	10/27/2003	132.3988482
3y7y_ATM	10/24/2003	131.055385
3y7y_ATM	10/23/2003	132.339025
3y7y_ATM	10/22/2003	131.70477
3y7y_ATM	10/21/2003	132.5180821
3y7y_ATM	10/20/2003	132.7582562
3y7y_ATM	10/17/2003	133.0934675
3y7y_ATM	10/16/2003	133.7755683
3y7y_ATM	10/15/2003	133.0889613
3y7y_ATM	10/14/2003	131.891325
3y7y_ATM	10/10/2003	132.8398904
3y7y_ATM	10/9/2003	133.9525125
3y7y_ATM	10/8/2003	134.367637
3y7y_ATM	10/7/2003	133.8270775
3y7y_ATM	10/6/2003	132.563655
3y7y_ATM	10/3/2003	133.49727
3y7y_ATM	10/2/2003	130.8290472
3y7y_ATM	10/1/2003	129.657353
3y7y_ATM	9/30/2003	129.207125
3y7y_ATM	9/29/2003	128.3472575
3y7y_ATM	9/26/2003	128.3836411
3y7y_ATM	9/25/2003	128.8061023
3y7y_ATM	9/24/2003	127.51497
3y7y_ATM	9/23/2003	127.2022591
3y7y_ATM	9/22/2003	126.69588
3y7y_ATM	9/19/2003	125.295905
3y7y_ATM	9/18/2003	125.90149
3y7y_ATM	9/17/2003	125.3354598
3y7y_ATM	9/16/2003	126.9297666
3y7y_ATM	9/15/2003	125.726736
3y7y_ATM	9/12/2003	126.0029
3y7y_ATM	9/11/2003	125.062065
3y7y_ATM	9/10/2003	123.4516268
3y7y_ATM	9/9/2003	126.4515336
3y7y_ATM	9/8/2003	126.9472836
3y7y_ATM	9/5/2003	127.92
3y7y_ATM	9/4/2003	130.274992
3y7y_ATM	9/3/2003	132.8912201
3y7y_ATM	9/2/2003	133.870086
3y7y_ATM	8/29/2003	131.4786424
3y7y_ATM	8/28/2003	131.55791
3y7y_ATM	8/27/2003	131.7954956
3y7y_ATM	8/26/2003	132.2904975
3y7y_ATM	8/25/2003	133.38
3y7y_ATM	8/22/2003	131.7302892
3y7y_ATM	8/21/2003	133.5939612
3y7y_ATM	8/20/2003	131.21136
3y7y_ATM	8/19/2003	129.5541592
3y7y_ATM	8/18/2003	133.4784
3y7y_ATM	8/15/2003	136.66476
3y7y_ATM	8/14/2003	136.775097
3y7y_ATM	8/13/2003	136.7815635
3y7y_ATM	8/12/2003	131.07855
3y7y_ATM	8/11/2003	132.3882
3y7y_ATM	8/8/2003	129.93438
3y7y_ATM	8/7/2003	127.165725
3y7y_ATM	8/6/2003	130.4034375
3y7y_ATM	8/5/2003	135.96381
3y7y_ATM	8/4/2003	137.58251
3y7y_ATM	8/1/2003	141.18525
3y7y_ATM	7/31/2003	140.9806118
3y7y_ATM	7/30/2003	134.927835
3y7y_ATM	7/29/2003	133.2253875
3y7y_ATM	7/28/2003	129.72962
3y7y_ATM	7/25/2003	129.0651525
3y7y_ATM	7/24/2003	128.7104416
3y7y_ATM	7/23/2003	127.65968
3y7y_ATM	7/22/2003	127.3694961
3y7y_ATM	7/21/2003	128.0980457
3y7y_ATM	7/18/2003	125.51032
3y7y_ATM	7/17/2003	127.0426189
3y7y_ATM	7/16/2003	129.5667639
3y7y_ATM	7/15/2003	127.18905
3y7y_ATM	7/14/2003	125.19386
3y7y_ATM	7/11/2003	124.4059263
3y7y_ATM	7/10/2003	125.621496
3y7y_ATM	7/9/2003	126.86898
3y7y_ATM	7/8/2003	128.0325987
3y7y_ATM	7/7/2003	128.82331
3y7y_ATM	7/3/2003	129.06327
3y7y_ATM	7/2/2003	127.2226722
3y7y_ATM	7/1/2003	127.1691447
3y7y_ATM	6/30/2003	127.0160464
3y7y_ATM	6/27/2003	127.60062
3y7y_ATM	6/26/2003	126.76338
3y7y_ATM	6/25/2003	123.5006
3y7y_ATM	6/24/2003	123.5218852
3y7y_ATM	6/23/2003	123.2500458
3y7y_ATM	6/20/2003	123.1894116
3y7y_ATM	6/19/2003	122.54211
3y7y_ATM	6/18/2003	121.45805
3y7y_ATM	6/17/2003	119.9183705
3y7y_ATM	6/16/2003	118.5664014
3y7y_ATM	6/13/2003	118.14612
3y7y_ATM	6/12/2003	118.581045
3y7y_ATM	6/11/2003	117.224481
3y7y_ATM	6/10/2003	116.98987
3y7y_ATM	6/9/2003	116.79416
3y7y_ATM	6/6/2003	117.7181688
3y7y_ATM	6/5/2003	118.2512748
3y7y_ATM	6/4/2003	117.8777325
3y7y_ATM	6/3/2003	116.93086
3y7y_ATM	6/2/2003	117.465348
3y7y_ATM	5/30/2003	116.60456
3y7y_ATM	5/29/2003	117.2808
3y7y_ATM	5/28/2003	118.0206675
3y7y_ATM	5/27/2003	118.2091725
3y7y_ATM	5/23/2003	117.4258905
3y7y_ATM	5/22/2003	117.7031742
3y7y_ATM	5/21/2003	119.07838
3y7y_ATM	5/20/2003	117.944928
3y7y_ATM	5/19/2003	115.605715
3y7y_ATM	5/16/2003	116.1438125
3y7y_ATM	5/15/2003	114.087612
3y7y_ATM	5/14/2003	112.934025
3y7y_ATM	5/13/2003	112.9737
3y7y_ATM	5/12/2003	113.1075
3y7y_ATM	5/9/2003	114.6385625
3y7y_ATM	5/8/2003	115.5294859
3y7y_ATM	5/7/2003	116.52564
3y7y_ATM	5/6/2003	116.8936613
3y7y_ATM	5/5/2003	118.1918676
3y7y_ATM	5/2/2003	117.993
3y7y_ATM	5/1/2003	117.984626
3y7y_ATM	4/30/2003	117.8085272
3y7y_ATM	4/29/2003	118.7759916
3y7y_ATM	4/28/2003	118.8765
3y7y_ATM	4/25/2003	118.207125
3y7y_ATM	4/24/2003	117.1454188
3y7y_ATM	4/23/2003	119.9453775
3y7y_ATM	4/22/2003	120.3669998
3y7y_ATM	4/21/2003	119.539629
3y7y_ATM	4/17/2003	118.66641
3y7y_ATM	4/16/2003	118.57077
3y7y_ATM	4/15/2003	120.8524033
3y7y_ATM	4/14/2003	121.690305
3y7y_ATM	4/11/2003	122.9546263
3y7y_ATM	4/10/2003	122.89656
3y7y_ATM	4/9/2003	123.0770436
3y7y_ATM	4/8/2003	123.159215
3y7y_ATM	4/7/2003	123.8948546
3y7y_ATM	4/4/2003	124.4750254
3y7y_ATM	4/3/2003	124.3357
3y7y_ATM	4/2/2003	124.3890214
3y7y_ATM	4/1/2003	124.61345
3y7y_ATM	3/31/2003	125.4342759
3y7y_ATM	3/28/2003	125.5715818
3y7y_ATM	3/27/2003	126.2046864
3y7y_ATM	3/26/2003	126.8226624
3y7y_ATM	3/25/2003	127.5438024
3y7y_ATM	3/24/2003	129.5372368
3y7y_ATM	3/21/2003	128.8689612
3y7y_ATM	3/20/2003	130.99351
3y7y_ATM	3/19/2003	129.602268
3y7y_ATM	3/18/2003	128.0868225
3y7y_ATM	3/17/2003	127.438479
3y7y_ATM	3/14/2003	126.70467
3y7y_ATM	3/13/2003	127.6331304
3y7y_ATM	3/12/2003	127.4480196
3y7y_ATM	3/11/2003	127.1471355
3y7y_ATM	3/10/2003	127.28702
3y7y_ATM	3/7/2003	127.0836
3y7y_ATM	3/6/2003	127.306785
3y7y_ATM	3/5/2003	125.4328636
3y7y_ATM	3/4/2003	125.56836
3y7y_ATM	3/3/2003	125.2797425
3y7y_ATM	2/28/2003	124.249356
3y7y_ATM	2/27/2003	124.235325
3y7y_ATM	2/26/2003	124.57368
3y7y_ATM	2/25/2003	123.5457899
3y7y_ATM	2/24/2003	123.435675
3y7y_ATM	2/21/2003	124.681905
3y7y_ATM	2/20/2003	123.66576
3y7y_ATM	2/19/2003	124.4160736
3y7y_ATM	2/18/2003	125.3645137
3y7y_ATM	2/14/2003	127.27008
3y7y_ATM	2/13/2003	126.06504
3y7y_ATM	2/12/2003	125.89185
3y7y_ATM	2/11/2003	125.7501
3y7y_ATM	2/10/2003	125.83216
3y7y_ATM	2/7/2003	124.85312
3y7y_ATM	2/6/2003	124.63736
3y7y_ATM	2/5/2003	125.62704
3y7y_ATM	2/4/2003	124.9579
3y7y_ATM	2/3/2003	125.23896
3y7y_ATM	1/31/2003	126.50508
3y7y_ATM	1/30/2003	128.09844
3y7y_ATM	1/29/2003	129.65604
3y7y_ATM	1/28/2003	129.50056
3y7y_ATM	1/27/2003	129.19116
3y7y_ATM	1/24/2003	126.96824
3y7y_ATM	1/23/2003	128.06542
3y7y_ATM	1/22/2003	127.59418
3y7y_ATM	1/21/2003	128.09136
3y7y_ATM	1/17/2003	129.88074
3y7y_ATM	1/16/2003	129.2499
3y7y_ATM	1/15/2003	129.40668
3y7y_ATM	1/14/2003	129.00511
3y7y_ATM	1/13/2003	130.75727
3y7y_ATM	1/10/2003	131.90814
3y7y_ATM	1/9/2003	131.24826
3y7y_ATM	1/8/2003	129.46391
3y7y_ATM	1/7/2003	128.78284
3y7y_ATM	1/6/2003	130.0656
3y7y_ATM	1/3/2003	129.8286
3y7y_ATM	1/2/2003	130.29786
3y7y_ATM	12/31/2002	128.7181
3y7y_ATM	12/30/2002	127.04592
3y7y_ATM	12/27/2002	125.26229
3y7y_ATM	12/26/2002	127.14912
3y7y_ATM	12/24/2002	127.08414
3y7y_ATM	12/23/2002	127.54866
3y7y_ATM	12/20/2002	127.17894
3y7y_ATM	12/19/2002	127.71556
3y7y_ATM	12/18/2002	127.51158
3y7y_ATM	12/17/2002	127.743
3y7y_ATM	12/16/2002	126.5172
3y7y_ATM	12/13/2002	126.0216
3y7y_ATM	12/12/2002	126.9141
3y7y_ATM	12/11/2002	127.93928
3y7y_ATM	12/10/2002	129.86543
3y7y_ATM	12/9/2002	129.55768
3y7y_ATM	12/6/2002	130.85002
3y7y_ATM	12/5/2002	130.65962
3y7y_ATM	12/4/2002	129.98466
3y7y_ATM	12/3/2002	130.00352
3y7y_ATM	12/2/2002	128.6275
3y7y_ATM	11/29/2002	129.628
3y7y_ATM	11/27/2002	129.7522
3y7y_ATM	11/26/2002	125.7157
3y7y_ATM	11/25/2002	127.16928
3y7y_ATM	11/22/2002	127.9927
3y7y_ATM	11/21/2002	129.12588
3y7y_ATM	11/20/2002	127.96455
3y7y_ATM	11/19/2002	126.2326
3y7y_ATM	11/18/2002	124.19128
3y7y_ATM	11/15/2002	125.61337
3y7y_ATM	11/14/2002	123.84212
3y7y_ATM	11/13/2002	120.7385
3y7y_ATM	11/12/2002	120.5798
3y7y_ATM	11/8/2002	123.45774
3y7y_ATM	11/7/2002	124.53112
3y7y_ATM	11/6/2002	125.1678
3y7y_ATM	11/5/2002	129.43767
3y7y_ATM	11/4/2002	129.75963
3y7y_ATM	11/1/2002	130.08294
3y7y_ATM	10/31/2002	131.8128
3y7y_ATM	10/30/2002	133.0392
3y7y_ATM	10/29/2002	132.53795
3y7y_ATM	10/28/2002	131.91295
3y7y_ATM	10/25/2002	131.4164
3y7y_ATM	10/24/2002	132.46272
3y7y_ATM	10/23/2002	134.48127
3y7y_ATM	10/22/2002	135.00102
3y7y_ATM	10/21/2002	132.56352
3y7y_ATM	10/18/2002	132.70049
3y7y_ATM	10/17/2002	132.298
3y7y_ATM	10/16/2002	130.7728
3y7y_ATM	10/15/2002	131.05863
3y7y_ATM	10/11/2002	132.01162
3y7y_ATM	10/10/2002	131.76496
3y7y_ATM	10/9/2002	133.7544
3y7y_ATM	10/8/2002	134.91612
3y7y_ATM	10/7/2002	136.70448
3y7y_ATM	10/4/2002	139.11002
3y7y_ATM	10/3/2002	138.86264
3y7y_ATM	10/2/2002	139.2939
3y7y_ATM	10/1/2002	140.508735
3y7y_ATM	9/30/2002	141.16557
3y7y_ATM	9/27/2002	141.70928
3y7y_ATM	9/26/2002	142.5189
3y7y_ATM	9/25/2002	141.63815
3y7y_ATM	9/24/2002	140.26608
3y7y_ATM	9/23/2002	140.1647
3y7y_ATM	9/20/2002	138.34926
3y7y_ATM	9/19/2002	135.82898
3y7y_ATM	9/18/2002	133.7344
3y7y_ATM	9/17/2002	131.46588
3y7y_ATM	9/16/2002	130.3984
3y7y_ATM	9/13/2002	130.834805
3y7y_ATM	9/12/2002	131.02556
3y7y_ATM	9/11/2002	131.14169
3y7y_ATM	9/10/2002	132.23331
3y7y_ATM	9/9/2002	131.61969
3y7y_ATM	9/6/2002	137.61234
3y7y_ATM	9/5/2002	131.15732
3y7y_ATM	9/4/2002	131.04018
3y7y_ATM	9/3/2002	131.78133
3y7y_ATM	8/30/2002	131.58652
3y7y_ATM	8/29/2002	132.6084
3y7y_ATM	8/28/2002	132.14362
3y7y_ATM	8/27/2002	133.0868
3y7y_ATM	8/26/2002	132.46715
3y7y_ATM	8/23/2002	132.28575
3y7y_ATM	8/22/2002	133.56882
3y7y_ATM	8/21/2002	133.90974
3y7y_ATM	8/20/2002	133.5258
3y7y_ATM	8/19/2002	134.48358
3y7y_ATM	8/16/2002	136.22076
3y7y_ATM	8/15/2002	135.55146
3y7y_ATM	8/14/2002	131.5152
3y7y_ATM	8/13/2002	128.63388
3y7y_ATM	8/12/2002	128.6775
3y7y_ATM	8/9/2002	127.4746
3y7y_ATM	8/8/2002	130.02423
3y7y_ATM	8/7/2002	133.224
3y7y_ATM	8/6/2002	130.61881
3y7y_ATM	8/5/2002	129.9188
3y7y_ATM	8/2/2002	127.89112
3y7y_ATM	8/1/2002	127.63884
3y7y_ATM	7/31/2002	128.17406
3y7y_ATM	7/30/2002	127.8333
3y7y_ATM	7/29/2002	128.72728
3y7y_ATM	7/26/2002	128.04921
3y7y_ATM	7/25/2002	126.83085
3y7y_ATM	7/24/2002	126.44404
3y7y_ATM	7/23/2002	125.19448
3y7y_ATM	7/22/2002	124.1352
3y7y_ATM	7/19/2002	124.32627
3y7y_ATM	7/18/2002	124.8669
3y7y_ATM	7/17/2002	125.5707
3y7y_ATM	7/16/2002	126.06885
3y7y_ATM	7/15/2002	126.71879
3y7y_ATM	7/12/2002	124.50222
3y7y_ATM	7/11/2002	125.69469
3y7y_ATM	7/10/2002	125.32815
3y7y_ATM	7/9/2002	125.28551
3y7y_ATM	7/8/2002	123.5322
3y7y_ATM	7/5/2002	124.95807
3y7y_ATM	7/3/2002	124.25626
3y7y_ATM	7/2/2002	123.69066
3y7y_ATM	7/1/2002	121.51804
3y7y_ATM	6/28/2002	122.09075
3y7y_ATM	6/27/2002	124.0773
3y7y_ATM	6/26/2002	125.28054
3y7y_ATM	6/25/2002	124.82904
3y7y_ATM	6/24/2002	125.01578
3y7y_ATM	6/21/2002	123.3834
3y7y_ATM	6/20/2002	123.81399
3y7y_ATM	6/19/2002	122.7958
3y7y_ATM	6/18/2002	121.79115
3y7y_ATM	6/17/2002	121.61175
3y7y_ATM	6/14/2002	120.7458
3y7y_ATM	6/13/2002	119.92317
3y7y_ATM	6/12/2002	118.64868
3y7y_ATM	6/11/2002	117.95004
3y7y_ATM	6/10/2002	118.17216
3y7y_ATM	6/7/2002	118.74256
3y7y_ATM	6/6/2002	119.44768
3y7y_ATM	6/5/2002	120.00228
3y7y_ATM	6/4/2002	121.00041
3y7y_ATM	6/3/2002	119.64132
3y7y_ATM	5/31/2002	119.36872
3y7y_ATM	5/30/2002	119.77119
3y7y_ATM	5/29/2002	117.73215
3y7y_ATM	5/28/2002	117.09516
3y7y_ATM	5/24/2002	118.23996
3y7y_ATM	5/23/2002	119.31296
3y7y_ATM	5/22/2002	119.57196
3y7y_ATM	5/21/2002	118.90264
3y7y_ATM	5/20/2002	118.58756
3y7y_ATM	5/17/2002	117.78916
3y7y_ATM	5/16/2002	118.34866
3y7y_ATM	5/15/2002	121.74176
3y7y_ATM	5/14/2002	124.76453
3y7y_ATM	5/13/2002	125.29566
3y7y_ATM	5/10/2002	123.45291
3y7y_ATM	5/9/2002	123.98589
3y7y_ATM	5/8/2002	123.36203
3y7y_ATM	5/7/2002	121.13404
3y7y_ATM	5/6/2002	119.89188
3y7y_ATM	5/3/2002	119.32272
3y7y_ATM	5/2/2002	120.11322
3y7y_ATM	5/1/2002	120.96378
3y7y_ATM	4/30/2002	119.86584
3y7y_ATM	4/29/2002	120.26295
3y7y_ATM	4/26/2002	118.23264
3y7y_ATM	4/25/2002	118.68099
3y7y_ATM	4/24/2002	117.09795
3y7y_ATM	4/23/2002	117.50276
3y7y_ATM	4/22/2002	117.96279
3y7y_ATM	4/19/2002	118.84168
3y7y_ATM	4/18/2002	119.54157
3y7y_ATM	4/17/2002	118.85238
3y7y_ATM	4/16/2002	116.116
3y7y_ATM	4/15/2002	117.09966
3y7y_ATM	4/12/2002	118.09944
3y7y_ATM	4/11/2002	119.13166
3y7y_ATM	4/10/2002	119.8584
3y7y_ATM	4/9/2002	118.8739
3y7y_ATM	4/8/2002	119.40374
3y7y_ATM	4/5/2002	118.44072
3y7y_ATM	4/4/2002	119.54336
3y7y_ATM	4/3/2002	118.93869
3y7y_ATM	4/2/2002	120.18477
3y7y_ATM	4/1/2002	120.96832
3y7y_ATM	3/28/2002	119.99575
3y7y_ATM	3/27/2002	119.13792
3y7y_ATM	3/26/2002	119.45199
3y7y_ATM	3/25/2002	119.11375
3y7y_ATM	3/22/2002	119.62368
3y7y_ATM	3/21/2002	120.47505
3y7y_ATM	3/20/2002	119.9065
3y7y_ATM	3/19/2002	119.42832
3y7y_ATM	3/18/2002	118.84576
3y7y_ATM	3/15/2002	118.41158
3y7y_ATM	3/14/2002	120.10352
3y7y_ATM	3/13/2002	117.7611
3y7y_ATM	3/12/2002	116.0641
3y7y_ATM	3/11/2002	115.12368
3y7y_ATM	3/8/2002	117.11961
3y7y_ATM	3/7/2002	118.63984
3y7y_ATM	3/6/2002	117.927
3y7y_ATM	3/5/2002	118.32366
3y7y_ATM	3/4/2002	119.3056
3y7y_ATM	3/1/2002	119.68575
3y7y_ATM	2/28/2002	117.57305
3y7y_ATM	2/27/2002	116.62773
3y7y_ATM	2/26/2002	120.5608
3y7y_ATM	2/25/2002	120.27092
3y7y_ATM	2/22/2002	121.6494
3y7y_ATM	2/21/2002	119.91234
3y7y_ATM	2/20/2002	119.6284
3y7y_ATM	2/19/2002	121.35365
3y7y_ATM	2/15/2002	121.2036
3y7y_ATM	2/14/2002	121.7091
3y7y_ATM	2/13/2002	124.45976
3y7y_ATM	2/12/2002	127.06176
3y7y_ATM	2/11/2002	126.77977
3y7y_ATM	2/8/2002	127.5259
3y7y_ATM	2/7/2002	127.49001
3y7y_ATM	2/6/2002	127.73736
3y7y_ATM	2/5/2002	127.32135
3y7y_ATM	2/4/2002	125.40561
3y7y_ATM	2/1/2002	123.75288
3y7y_ATM	1/31/2002	124.86096
3y7y_ATM	1/30/2002	124.24356
3y7y_ATM	1/29/2002	127.68687
3y7y_ATM	1/28/2002	126.4089
3y7y_ATM	1/25/2002	126.426
3y7y_ATM	1/24/2002	132.44895
3y7y_ATM	1/23/2002	135.464
3y7y_ATM	1/22/2002	136.81873
3y7y_ATM	1/18/2002	136.1451
3y7y_ATM	1/17/2002	137.74502
3y7y_ATM	1/16/2002	136.76304
3y7y_ATM	1/15/2002	134.98092
3y7y_ATM	1/14/2002	134.7005
3y7y_ATM	1/11/2002	133.46946
3y7y_ATM	1/10/2002	131.89017
3y7y_ATM	1/9/2002	133.23
3y7y_ATM	1/8/2002	133.46199
3y7y_ATM	1/7/2002	133.3032
3y7y_ATM	1/4/2002	135.37953
3y7y_ATM	1/3/2002	135.57432
3y7y_ATM	1/2/2002	136.57347
3y7y_ATM	12/31/2001	132.65937
3y7y_ATM	12/28/2001	134.65534
3y7y_ATM	12/27/2001	133.6698
3y7y_ATM	12/26/2001	135.05138
3y7y_ATM	12/24/2001	134.23186
3y7y_ATM	12/21/2001	132.84301
3y7y_ATM	12/20/2001	131.12204
3y7y_ATM	12/19/2001	130.88488
3y7y_ATM	12/18/2001	129.6674
3y7y_ATM	12/17/2001	130.8065
3y7y_ATM	12/14/2001	129.5602
3y7y_ATM	12/13/2001	124.64896
3y7y_ATM	12/12/2001	121.11306
3y7y_ATM	12/11/2001	123.11026
3y7y_ATM	12/10/2001	127.486875
3y7y_ATM	12/7/2001	127.9973
3y7y_ATM	12/6/2001	126.43756
3y7y_ATM	12/5/2001	125.57916
3y7y_ATM	12/4/2001	123.88256
3y7y_ATM	12/3/2001	126.12678
3y7y_ATM	11/30/2001	128.4038
3y7y_ATM	11/29/2001	131.14899
3y7y_ATM	11/28/2001	135.56367
3y7y_ATM	11/27/2001	132.17375
3y7y_ATM	11/26/2001	131.07913
3y7y_ATM	11/23/2001	131.93173
3y7y_ATM	11/21/2001	131.23138
3y7y_ATM	11/20/2001	131.0984
3y7y_ATM	11/19/2001	129.72839
3y7y_ATM	11/16/2001	127.234
3y7y_ATM	11/15/2001	121.89474
3y7y_ATM	11/14/2001	119.43505
3y7y_ATM	11/13/2001	120.50522
3y7y_ATM	11/9/2001	119.99781
3y7y_ATM	11/8/2001	120.23202
3y7y_ATM	11/7/2001	120.10322
3y7y_ATM	11/6/2001	120.903
3y7y_ATM	11/5/2001	120.7605
3y7y_ATM	11/2/2001	122.4321
3y7y_ATM	11/1/2001	123.167
3y7y_ATM	10/31/2001	122.21514
3y7y_ATM	10/30/2001	119.90316
3y7y_ATM	10/29/2001	119.21692
3y7y_ATM	10/26/2001	118.70038
3y7y_ATM	10/25/2001	118.6531
3y7y_ATM	10/24/2001	118.14794
3y7y_ATM	10/23/2001	117.91104
3y7y_ATM	10/22/2001	119.7854
3y7y_ATM	10/19/2001	120.65659
3y7y_ATM	10/18/2001	118.82892
3y7y_ATM	10/17/2001	115.88736
3y7y_ATM	10/16/2001	116.5152
3y7y_ATM	10/15/2001	116.5821
3y7y_ATM	10/12/2001	116.5694
3y7y_ATM	10/11/2001	116.81192
3y7y_ATM	10/10/2001	115.50168
3y7y_ATM	10/9/2001	117.01997
3y7y_ATM	10/5/2001	116.06632
3y7y_ATM	10/4/2001	115.16616
3y7y_ATM	10/3/2001	114.5376
3y7y_ATM	10/2/2001	115.25767
3y7y_ATM	10/1/2001	114.62976
3y7y_ATM	9/28/2001	114.28294
3y7y_ATM	9/27/2001	114.456
3y7y_ATM	9/26/2001	113.6677
3y7y_ATM	9/25/2001	114.421425
3y7y_ATM	9/24/2001	112.461216
3y7y_ATM	9/21/2001	113.246406
3y7y_ATM	9/20/2001	114.70914
3y7y_ATM	9/19/2001	114.694476
3y7y_ATM	9/18/2001	118.715415
3y7y_ATM	9/17/2001	121.7706
3y7y_ATM	9/14/2001	122.564
3y7y_ATM	9/13/2001	124.074
3y7y_ATM	9/12/2001	114.099465
3y7y_ATM	9/11/2001	113.64641
3y7y_ATM	9/10/2001	113.66085
3y7y_ATM	9/7/2001	112.938375
3y7y_ATM	9/6/2001	111.46716
3y7y_ATM	9/5/2001	111.75678
3y7y_ATM	9/4/2001	109.588875
3y7y_ATM	8/31/2001	111.75528
3y7y_ATM	8/30/2001	112.549965
3y7y_ATM	8/29/2001	112.2705
3y7y_ATM	8/28/2001	111.63626
3y7y_ATM	8/27/2001	111.66575
3y7y_ATM	8/24/2001	112.10144
3y7y_ATM	8/23/2001	112.849485
3y7y_ATM	8/22/2001	113.55456
3y7y_ATM	8/21/2001	115.11962
3y7y_ATM	8/20/2001	116.203225
3y7y_ATM	8/17/2001	114.987775
3y7y_ATM	8/16/2001	113.99367
3y7y_ATM	8/15/2001	113.22784
3y7y_ATM	8/14/2001	112.94624
3y7y_ATM	8/13/2001	112.49875
3y7y_ATM	8/10/2001	111.733425
3y7y_ATM	8/9/2001	115.0336
3y7y_ATM	8/8/2001	110.80287
3y7y_ATM	8/7/2001	112.86513
3y7y_ATM	8/6/2001	113.73193
3y7y_ATM	8/3/2001	114.05544
3y7y_ATM	8/2/2001	114.285285
3y7y_ATM	8/1/2001	114.88185
3y7y_ATM	7/31/2001	113.780725
3y7y_ATM	7/30/2001	113.23304
3y7y_ATM	7/27/2001	113.196605
3y7y_ATM	7/26/2001	112.883015
3y7y_ATM	7/25/2001	113.3824
3y7y_ATM	7/24/2001	113.9336
3y7y_ATM	7/23/2001	112.1559
3y7y_ATM	7/20/2001	113.87775
3y7y_ATM	7/19/2001	111.55732
3y7y_ATM	7/18/2001	113.31402
3y7y_ATM	7/17/2001	113.34972
3y7y_ATM	7/16/2001	112.2034
3y7y_ATM	7/13/2001	111.673925
3y7y_ATM	7/12/2001	112.270225
3y7y_ATM	7/11/2001	111.98858
3y7y_ATM	7/10/2001	110.779235
3y7y_ATM	7/9/2001	111.45604
3y7y_ATM	7/6/2001	110.959875
3y7y_ATM	7/5/2001	111.821125
3y7y_ATM	7/3/2001	111.39375
3y7y_ATM	7/2/2001	111.09102
3y7y_ATM	6/29/2001	109.960155
3y7y_ATM	6/28/2001	109.26121
3y7y_ATM	6/27/2001	112.03416
3y7y_ATM	6/26/2001	111.804575
3y7y_ATM	6/25/2001	111.10229
3y7y_ATM	6/22/2001	109.968775
3y7y_ATM	6/21/2001	109.63596
3y7y_ATM	6/20/2001	111.56499
3y7y_ATM	6/19/2001	112.186035
3y7y_ATM	6/18/2001	115.13524
3y7y_ATM	6/15/2001	115.47495
3y7y_ATM	6/14/2001	111.73266
3y7y_ATM	6/13/2001	109.569275
3y7y_ATM	6/12/2001	108.1334
3y7y_ATM	6/11/2001	108.686625
3y7y_ATM	6/8/2001	109.683975
3y7y_ATM	6/7/2001	109.29051
3y7y_ATM	6/6/2001	109.40049
3y7y_ATM	6/5/2001	107.26541
3y7y_ATM	6/4/2001	106.18234
3y7y_ATM	6/1/2001	107.121795
3y7y_ATM	5/31/2001	106.6527
3y7y_ATM	5/30/2001	110.13794
3y7y_ATM	5/29/2001	111.02077
3y7y_ATM	5/25/2001	112.67292
3y7y_ATM	5/24/2001	113.461835
3y7y_ATM	5/23/2001	111.70804
3y7y_ATM	5/22/2001	111.07724
3y7y_ATM	5/21/2001	111.28194
3y7y_ATM	5/18/2001	111.270285
3y7y_ATM	5/17/2001	108.73233
3y7y_ATM	5/16/2001	107.695475
3y7y_ATM	5/15/2001	107.75528
3y7y_ATM	5/14/2001	107.80245
3y7y_ATM	5/11/2001	105.36184
3y7y_ATM	5/10/2001	106.7056
3y7y_ATM	5/9/2001	101.6106
3y7y_ATM	5/8/2001	102.6714
3y7y_ATM	5/7/2001	102.25956
3y7y_ATM	5/4/2001	102.84378
3y7y_ATM	5/3/2001	103.18667
3y7y_ATM	5/2/2001	104.7368
3y7y_ATM	5/1/2001	105.62757
3y7y_ATM	4/30/2001	106.03538
3y7y_ATM	4/27/2001	107.64093
3y7y_ATM	4/26/2001	106.346135
3y7y_ATM	4/25/2001	108.12528
3y7y_ATM	4/24/2001	109.69009
3y7y_ATM	4/23/2001	109.8567
3y7y_ATM	4/20/2001	110.690865
3y7y_ATM	4/19/2001	110.687535
3y7y_ATM	4/18/2001	110.171985
3y7y_ATM	4/17/2001	111.414045
3y7y_ATM	4/16/2001	113.08023
3y7y_ATM	4/12/2001	113.10394
3y7y_ATM	4/11/2001	112.43789
3y7y_ATM	4/10/2001	113.73804
3y7y_ATM	4/9/2001	112.34826
3y7y_ATM	4/6/2001	110.67987
3y7y_ATM	4/5/2001	110.458775
3y7y_ATM	4/4/2001	110.970405
3y7y_ATM	4/3/2001	110.042375
3y7y_ATM	4/2/2001	108.351045
3y7y_ATM	3/30/2001	107.63665
3y7y_ATM	3/29/2001	107.49289
3y7y_ATM	3/28/2001	109.01934
3y7y_ATM	3/27/2001	108.388555
3y7y_ATM	3/26/2001	109.44412
3y7y_ATM	3/23/2001	108.09919
3y7y_ATM	3/22/2001	110.696375
3y7y_ATM	3/21/2001	110.16687
3y7y_ATM	3/20/2001	109.9368
3y7y_ATM	3/19/2001	109.96865
3y7y_ATM	3/16/2001	109.63931
3y7y_ATM	3/15/2001	112.40502
3y7y_ATM	3/14/2001	110.80209
3y7y_ATM	3/13/2001	109.8303
3y7y_ATM	3/12/2001	108.51162
3y7y_ATM	3/9/2001	106.39449
3y7y_ATM	3/8/2001	106.27217
3y7y_ATM	3/7/2001	106.1842
3y7y_ATM	3/6/2001	106.37836
3y7y_ATM	3/5/2001	107.23924
3y7y_ATM	3/2/2001	108.976395
3y7y_ATM	3/1/2001	108.771615
3y7y_ATM	2/28/2001	106.88125
3y7y_ATM	2/27/2001	106.44997
3y7y_ATM	2/26/2001	106.90338
3y7y_ATM	2/23/2001	108.149725
3y7y_ATM	2/22/2001	107.020575
3y7y_ATM	2/21/2001	105.6924
3y7y_ATM	2/20/2001	104.636805
3y7y_ATM	2/16/2001	104.66148
3y7y_ATM	2/15/2001	103.21245
3y7y_ATM	2/14/2001	102.967555
3y7y_ATM	2/13/2001	104.19255
3y7y_ATM	2/12/2001	106.24692
3y7y_ATM	2/9/2001	100.2032
3y7y_ATM	2/8/2001	99.70756
3y7y_ATM	2/7/2001	98.613435
3y7y_ATM	2/6/2001	100.38266
3y7y_ATM	2/5/2001	99.3182
3y7y_ATM	2/2/2001	100.413225
3y7y_ATM	2/1/2001	103.41785
3y7y_ATM	1/31/2001	102.59546
3y7y_ATM	1/30/2001	103.608375
3y7y_ATM	1/29/2001	104.127585
3y7y_ATM	1/26/2001	104.762125
3y7y_ATM	1/25/2001	105.04325
3y7y_ATM	1/24/2001	107.8407
3y7y_ATM	1/23/2001	107.489235
3y7y_ATM	1/22/2001	107.84359
3y7y_ATM	1/19/2001	111.043075
3y7y_ATM	1/18/2001	108.87876
3y7y_ATM	1/17/2001	107.183325
3y7y_ATM	1/16/2001	107.24072
3y7y_ATM	1/12/2001	106.95682
3y7y_ATM	1/11/2001	110.9082
3y7y_ATM	1/10/2001	112.90916
3y7y_ATM	1/9/2001	116.9432
3y7y_ATM	1/8/2001	116.6802
3y7y_ATM	1/5/2001	114.190805
3y7y_ATM	1/4/2001	111.83172
3y7y_ATM	1/3/2001	111.27972
3y7y_ATM	1/2/2001	110.352275
3y7y_ATM	9/29/2000	101.8857
3y7y_ATM	9/28/2000	101.49408
3y7y_ATM	9/27/2000	101.37556
3y7y_ATM	9/26/2000	100.394
3y7y_ATM	9/25/2000	100.73196
3y7y_ATM	9/22/2000	101.5227
3y7y_ATM	9/21/2000	100.874785
3y7y_ATM	9/20/2000	101.636295
3y7y_ATM	9/19/2000	101.8234
3y7y_ATM	9/18/2000	102.555825
3y7y_ATM	9/15/2000	103.58916
3y7y_ATM	9/14/2000	104.28634
3y7y_ATM	9/13/2000	102.55995
3y7y_ATM	9/12/2000	103.05451
3y7y_ATM	9/11/2000	102.931685
3y7y_ATM	9/8/2000	102.824755
3y7y_ATM	9/7/2000	101.69588
3y7y_ATM	9/6/2000	99.47409
3y7y_ATM	9/5/2000	98.980665
3y7y_ATM	9/1/2000	97.04563
3y7y_ATM	8/31/2000	98.04504
3y7y_ATM	8/30/2000	99.26685
3y7y_ATM	8/29/2000	99.6772
3y7y_ATM	8/28/2000	100.2804
3y7y_ATM	8/25/2000	99.51786
3y7y_ATM	8/24/2000	98.1764
3y7y_ATM	8/23/2000	96.754625
3y7y_ATM	8/22/2000	95.7015
3y7y_ATM	8/21/2000	95.31956
3y7y_ATM	8/18/2000	94.42202
3y7y_ATM	8/17/2000	94.25785
3y7y_ATM	8/16/2000	94.33735
3y7y_ATM	8/15/2000	94.057775
3y7y_ATM	8/14/2000	94.19858
3y7y_ATM	8/11/2000	94.50847
3y7y_ATM	8/10/2000	93.909375
3y7y_ATM	8/9/2000	94.579825
3y7y_ATM	8/8/2000	95.19885
3y7y_ATM	8/7/2000	96.3326
3y7y_ATM	8/4/2000	95.96544
3y7y_ATM	8/3/2000	96.78016
3y7y_ATM	8/2/2000	97.03047
3y7y_ATM	8/1/2000	98.46495
3y7y_ATM	7/31/2000	98.9442
3y7y_ATM	7/28/2000	98.57774
3y7y_ATM	7/27/2000	97.893135
3y7y_ATM	7/26/2000	100.07713
3y7y_ATM	7/25/2000	100.29907
3y7y_ATM	7/24/2000	99.881145
3y7y_ATM	7/21/2000	99.212295
3y7y_ATM	7/20/2000	99.4894
3y7y_ATM	7/19/2000	100.462085
3y7y_ATM	7/18/2000	100.117765
3y7y_ATM	7/17/2000	101.03848
3y7y_ATM	7/14/2000	101.022625
3y7y_ATM	7/13/2000	99.132
3y7y_ATM	7/12/2000	98.80515
3y7y_ATM	7/11/2000	98.094885
3y7y_ATM	7/10/2000	96.56731
3y7y_ATM	7/7/2000	95.95817
3y7y_ATM	7/6/2000	96.99042
3y7y_ATM	7/5/2000	96.212115
3y7y_ATM	7/3/2000	96.75012
3y7y_ATM	6/30/2000	97.31349
3y7y_ATM	6/29/2000	97.63122
3y7y_ATM	6/28/2000	98.07385
3y7y_ATM	6/27/2000	98.649025
3y7y_ATM	6/26/2000	98.33322
3y7y_ATM	6/23/2000	100.6182
3y7y_ATM	6/22/2000	100.0782
3y7y_ATM	6/21/2000	99.61245
3y7y_ATM	6/20/2000	97.895825
3y7y_ATM	6/19/2000	96.8669
3y7y_ATM	6/16/2000	95.41952
3y7y_ATM	6/15/2000	96.297025
3y7y_ATM	6/14/2000	96.731625
3y7y_ATM	6/13/2000	97.402075
3y7y_ATM	6/12/2000	97.34775
3y7y_ATM	6/9/2000	98.292475
3y7y_ATM	6/8/2000	98.32295
3y7y_ATM	6/7/2000	96.70944
3y7y_ATM	6/6/2000	96.59416
3y7y_ATM	6/5/2000	96.1933
3y7y_ATM	6/2/2000	97.40636
3y7y_ATM	6/1/2000	96.100575
3y7y_ATM	5/31/2000	96.6231
3y7y_ATM	5/30/2000	96.15332
3y7y_ATM	5/26/2000	95.56804
3y7y_ATM	5/25/2000	96.0876
3y7y_ATM	5/24/2000	97.18872
3y7y_ATM	5/23/2000	97.31024
3y7y_ATM	5/22/2000	98.561425
3y7y_ATM	5/19/2000	99.76748
3y7y_ATM	5/18/2000	101.267045
3y7y_ATM	5/17/2000	99.817355
3y7y_ATM	5/16/2000	97.876195
3y7y_ATM	5/15/2000	101.39264
3y7y_ATM	5/12/2000	101.3013
3y7y_ATM	5/11/2000	100.889205
3y7y_ATM	5/10/2000	102.2645
3y7y_ATM	5/9/2000	102.487595
3y7y_ATM	5/8/2000	102.76527
3y7y_ATM	5/5/2000	103.315545
3y7y_ATM	5/4/2000	102.610845
3y7y_ATM	5/3/2000	101.97036
3y7y_ATM	5/2/2000	99.74538
3y7y_ATM	5/1/2000	98.597385
3y7y_ATM	4/28/2000	97.829425
3y7y_ATM	4/27/2000	98.660505
3y7y_ATM	4/26/2000	97.00288
3y7y_ATM	4/25/2000	97.934725
3y7y_ATM	4/24/2000	96.869425
3y7y_ATM	4/20/2000	96.530225
3y7y_ATM	4/19/2000	96.22945
3y7y_ATM	4/18/2000	98.07444
3y7y_ATM	4/17/2000	98.6423
3y7y_ATM	4/14/2000	97.39254
3y7y_ATM	4/13/2000	97.51448
3y7y_ATM	4/12/2000	99.64128
3y7y_ATM	4/11/2000	98.56541
3y7y_ATM	4/10/2000	98.88523
3y7y_ATM	4/7/2000	98.70576
3y7y_ATM	4/6/2000	100.97516
3y7y_ATM	4/5/2000	102.28845
3y7y_ATM	4/4/2000	99.80712
3y7y_ATM	4/3/2000	100.61028
3y7y_ATM	3/31/2000	100.93872
3y7y_ATM	3/30/2000	102.04134
3y7y_ATM	3/29/2000	103.2516
3y7y_ATM	3/28/2000	103.02738
3y7y_ATM	3/27/2000	102.3792
3y7y_ATM	3/24/2000	101.7336
3y7y_ATM	3/23/2000	99.1116
3y7y_ATM	3/22/2000	100.21851
3y7y_ATM	3/21/2000	99.7832
3y7y_ATM	3/20/2000	100.75338
3y7y_ATM	3/17/2000	100.266075
3y7y_ATM	3/16/2000	101.805795
3y7y_ATM	3/15/2000	103.00071
3y7y_ATM	3/14/2000	103.2432
3y7y_ATM	3/13/2000	103.72818
3y7y_ATM	3/10/2000	103.68023
3y7y_ATM	3/9/2000	101.0095
3y7y_ATM	3/8/2000	101.37534
3y7y_ATM	3/7/2000	101.339025
3y7y_ATM	3/6/2000	101.71575
3y7y_ATM	3/3/2000	99.67685
3y7y_ATM	3/2/2000	100.47884
3y7y_ATM	3/1/2000	99.17204
3y7y_ATM	2/29/2000	100.97892
3y7y_ATM	2/28/2000	102.25942
3y7y_ATM	2/25/2000	102.76568
3y7y_ATM	2/24/2000	102.05712
3y7y_ATM	2/23/2000	102.65416
3y7y_ATM	2/22/2000	101.7076
3y7y_ATM	2/18/2000	102.77145
3y7y_ATM	2/17/2000	104.8764
3y7y_ATM	2/16/2000	105.17152
3y7y_ATM	2/15/2000	106.325065
3y7y_ATM	2/14/2000	105.621485
3y7y_ATM	2/11/2000	106.68655
3y7y_ATM	2/10/2000	108.784935
3y7y_ATM	2/9/2000	106.964055
3y7y_ATM	2/8/2000	105.40591
3y7y_ATM	2/7/2000	107.37869
3y7y_ATM	2/4/2000	106.8636
3y7y_ATM	2/3/2000	106.1379
3y7y_ATM	2/2/2000	107.52382
3y7y_ATM	2/1/2000	108.13374
