1971-04-01,7.33,0,7.08
1971-04-08,7.31,0,7.06
1971-04-15,7.31,0,7.06
1971-04-22,7.31,0,7.06
1971-04-29,7.29,0,7.04
1971-05-06,7.38,0,7.13
1971-05-13,7.42,0,7.17
1971-05-20,7.44,0,7.19
1971-05-27,7.46,1,7.46
1971-06-03,7.52,0,7.27
1971-06-10,7.52,0,7.27
1971-06-17,7.54,1.2,7.59
1971-06-24,7.54,0,7.29
1971-07-01,7.54,0,7.29
1971-07-08,7.54,0,7.29
1971-07-15,7.6,1.2,7.65
1971-07-22,7.65,0,7.4
1971-07-29,7.69,0,7.44
1971-08-05,7.66,0,7.41
1971-08-12,7.73,0,7.48
1971-08-19,7.71,1.3,7.785
1971-08-26,7.69,0,7.44
1971-09-02,7.71,0,7.46
1971-09-09,7.67,0,7.42
1971-09-16,7.7,1.1,7.725
1971-09-23,7.67,0,7.42
1971-09-30,7.67,0,7.42
1971-10-07,7.63,0,7.38
1971-10-14,7.63,0,7.38
1971-10-21,7.58,1.1,7.605
1971-10-28,7.63,0,7.38
1971-11-04,7.59,0,7.34
1971-11-11,7.56,0,7.31
1971-11-18,7.54,1,7.54
1971-11-25,7.51,0,7.26
1971-12-02,7.49,0,7.24
1971-12-09,7.47,0,7.22
1971-12-16,7.48,0,7.23
1971-12-23,7.48,0,7.23
1971-12-30,7.48,1,7.48
1972-01-06,7.46,1,7.46
1972-01-13,7.46,0.9,7.435
1972-01-20,7.43,1,7.43
1972-01-27,7.4,0.9,7.375
1972-02-03,7.35,0.9,7.325
1972-02-10,7.33,0.9,7.305
1972-02-17,7.31,0.9,7.285
1972-02-24,7.31,0.9,7.285
1972-03-02,7.32,0.9,7.295
1972-03-09,7.32,1,7.32
1972-03-16,7.31,0.9,7.285
1972-03-23,7.31,0.9,7.285
1972-03-30,7.23,0.9,7.205
1972-04-06,7.25,0.9,7.225
1972-04-13,7.29,0.9,7.265
1972-04-20,7.29,0.9,7.265
1972-04-27,7.33,1,7.33
1972-05-04,7.33,0.8,7.28
1972-05-11,7.38,0.9,7.355
1972-05-18,7.38,0.9,7.355
1972-05-25,7.4,0.9,7.375
1972-06-01,7.36,1,7.36
1972-06-08,7.38,1,7.38
1972-06-15,7.38,0.9,7.355
1972-06-22,7.36,0.9,7.335
1972-06-29,7.38,0.8,7.33
1972-07-06,7.38,0.9,7.355
1972-07-13,7.4,0.9,7.375
1972-07-20,7.4,0.9,7.375
1972-07-27,7.4,1,7.4
1972-08-03,7.35,0.9,7.325
1972-08-10,7.41,0.9,7.385
1972-08-17,7.42,0.9,7.395
1972-08-24,7.42,0.9,7.395
1972-08-31,7.42,1,7.42
1972-09-07,7.42,0.9,7.395
1972-09-14,7.42,0.9,7.395
1972-09-21,7.41,1,7.41
1972-09-28,7.43,1,7.43
1972-10-05,7.41,0.9,7.385
1972-10-12,7.41,0.9,7.385
1972-10-19,7.44,1,7.44
1972-10-26,7.42,1,7.42
1972-11-02,7.43,1,7.43
1972-11-09,7.42,1,7.42
1972-11-16,7.42,1,7.42
1972-11-23,7.44,0.9,7.415
1972-11-30,7.45,1,7.45
1972-12-07,7.43,1,7.43
1972-12-14,7.43,1,7.43
1972-12-21,7.45,1,7.45
1972-12-28,7.45,0.9,7.425
1973-01-04,7.44,0.9,7.415
1973-01-11,7.44,0.9,7.415
1973-01-18,7.44,0.9,7.415
1973-01-25,7.43,0.9,7.405
1973-02-01,7.43,0.9,7.405
1973-02-08,7.43,1,7.43
1973-02-15,7.45,0.9,7.425
1973-02-22,7.45,1,7.45
1973-03-01,7.45,1,7.45
1973-03-08,7.45,0.9,7.425
1973-03-15,7.45,0.9,7.425
1973-03-22,7.45,0.9,7.425
1973-03-29,7.49,0.9,7.465
1973-04-05,7.51,1,7.51
1973-04-12,7.54,0.9,7.515
1973-04-19,7.56,0.9,7.535
1973-04-26,7.56,0.9,7.535
1973-05-03,7.58,0.9,7.555
1973-05-10,7.64,0.9,7.615
1973-05-17,7.69,0.9,7.665
1973-05-23,7.7,0.9,7.675
1973-05-31,7.7,0.9,7.675
1973-06-07,7.73,0.9,7.705
1973-06-14,7.73,0.9,7.705
1973-06-21,7.75,0.9,7.725
1973-06-28,7.76,0.9,7.735
1973-07-05,7.89,0.9,7.865
1973-07-12,8.01,1,8.01
1973-07-19,8.12,0.9,8.095
1973-07-26,8.18,1,8.18
1973-08-02,8.26,1,8.26
1973-08-09,8.4,1.1,8.425
1973-08-16,8.55,1,8.55
1973-08-23,8.61,1,8.61
1973-08-30,8.66,1.1,8.685
1973-09-06,8.77,1.1,8.795
1973-09-13,8.81,1.1,8.835
1973-09-20,8.83,1.1,8.855
1973-09-27,8.85,1.1,8.875
1973-10-04,8.82,1.1,8.845
1973-10-11,8.83,1.1,8.855
1973-10-18,8.75,1,8.75
1973-10-25,8.68,1,8.68
1973-11-01,8.62,1,8.62
1973-11-08,8.59,1,8.59
1973-11-15,8.58,1,8.58
1973-11-22,8.57,1,8.57
1973-11-29,8.55,1,8.55
1973-12-06,8.53,1,8.53
1973-12-13,8.53,1,8.53
1973-12-20,8.53,1,8.53
1973-12-27,8.56,1,8.56
1974-01-03,8.56,1,8.56
1974-01-10,8.53,1,8.53
1974-01-17,8.55,1,8.55
1974-01-24,8.52,1,8.52
1974-01-31,8.48,1,8.48
1974-02-07,8.46,1,8.46
1974-02-14,8.46,1,8.46
1974-02-21,8.42,1,8.42
1974-02-28,8.41,1,8.41
1974-03-07,8.41,1,8.41
1974-03-14,8.4,1,8.4
1974-03-21,8.4,1,8.4
1974-03-28,8.41,1,8.41
1974-04-04,8.44,1,8.44
1974-04-11,8.53,1,8.53
1974-04-18,8.63,1,8.63
1974-04-25,8.73,1,8.73
1974-05-02,8.87,1,8.87
1974-05-09,8.98,1,8.98
1974-05-16,8.97,1.1,8.995
1974-05-23,9.01,1.1,9.035
1974-05-30,9.03,1.2,9.08
1974-06-06,9.06,1.2,9.11
1974-06-13,9.11,1.1,9.135
1974-06-20,9.07,1.2,9.12
1974-06-27,9.1,1.3,9.175
1974-07-04,9.14,1.3,9.215
1974-07-11,9.19,1.3,9.265
1974-07-18,9.37,1.2,9.42
1974-07-25,9.42,1.2,9.47
1974-08-01,9.47,1.3,9.545
1974-08-08,9.5,1.3,9.575
1974-08-15,9.6,1.2,9.65
1974-08-22,9.62,1.3,9.695
1974-08-29,9.74,1.3,9.815
1974-09-05,9.88,1.4,9.98
1974-09-12,9.92,1.4,10.02
1974-09-19,10,1.4,10.1
1974-09-26,10.03,1.4,10.13
1974-10-03,10.02,1.5,10.145
1974-10-10,9.96,1.5,10.085
1974-10-17,9.99,1.5,10.115
1974-10-24,9.94,1.5,10.065
1974-10-31,9.87,1.5,9.995
1974-11-07,9.81,1.4,9.91
1974-11-14,9.81,1.3,9.885
1974-11-21,9.73,1.3,9.805
1974-11-28,9.72,1.4,9.82
1974-12-05,9.69,1.3,9.765
1974-12-12,9.63,1.3,9.705
1974-12-19,9.58,1.3,9.655
1974-12-26,9.56,1.2,9.61
1975-01-02,9.6,1.2,9.65
1975-01-09,9.49,1.2,9.54
1975-01-16,9.43,1.2,9.48
1975-01-23,9.35,1.3,9.425
1975-01-30,9.29,1.2,9.34
1975-02-06,9.2,1.3,9.275
1975-02-13,9.13,1.2,9.18
1975-02-20,9.07,1.2,9.12
1975-02-27,9.02,1.1,9.045
1975-03-06,9,1.1,9.025
1975-03-13,8.89,1.1,8.915
1975-03-20,8.86,1.1,8.885
1975-03-27,8.86,1.1,8.885
1975-04-03,8.83,1,8.83
1975-04-10,8.81,1,8.81
1975-04-17,8.8,1,8.8
1975-04-24,8.84,1,8.84
1975-05-01,8.92,1.1,8.945
1975-05-08,8.88,1,8.88
1975-05-15,8.92,1.1,8.945
1975-05-22,8.92,1.1,8.945
1975-05-29,8.89,1.1,8.915
1975-06-05,8.89,1,8.89
1975-06-12,8.9,1,8.9
1975-06-19,8.88,1,8.88
1975-06-26,8.9,1.1,8.925
1975-07-02,8.88,1.1,8.905
1975-07-10,8.9,1.1,8.925
1975-07-17,8.89,1.1,8.915
1975-07-24,8.89,1.1,8.915
1975-07-31,8.89,1.1,8.915
1975-08-07,8.89,1.1,8.915
1975-08-14,8.93,1.1,8.955
1975-08-21,8.98,1.1,9.005
1975-08-28,9.02,1.1,9.045
1975-09-04,9.08,1.1,9.105
1975-09-11,9.16,1.1,9.185
1975-09-18,9.14,1.2,9.19
1975-09-25,9.14,1.1,9.165
1975-10-02,9.2,1.1,9.225
1975-10-09,9.21,1.1,9.235
1975-10-16,9.21,1.1,9.235
1975-10-23,9.26,1.1,9.285
1975-10-30,9.24,1.2,9.29
1975-11-06,9.19,1.2,9.24
1975-11-13,9.16,1.1,9.185
1975-11-20,9.12,1.1,9.145
1975-11-27,9.11,1.1,9.135
1975-12-04,9.11,1.1,9.135
1975-12-11,9.11,1.1,9.135
1975-12-18,9.08,1.1,9.105
1975-12-25,9.09,1.1,9.115
1976-01-01,9.1,1.1,9.125
1976-01-08,9.07,1.1,9.095
1976-01-15,9.01,1.1,9.035
1976-01-22,9,1.1,9.025
1976-01-29,8.9,1,8.9
1976-02-05,8.86,0.9,8.835
1976-02-12,8.83,0.9,8.805
1976-02-19,8.81,0.9,8.785
1976-02-26,8.75,1.1,8.775
1976-03-04,8.77,1.3,8.845
1976-03-11,8.75,1.3,8.825
1976-03-18,8.75,1.3,8.825
1976-03-25,8.75,1.3,8.825
1976-04-01,8.7,1.3,8.775
1976-04-08,8.7,1.3,8.775
1976-04-15,8.75,1.3,8.825
1976-04-22,8.75,1.3,8.825
1976-04-29,8.75,1.3,8.825
1976-05-06,8.75,1.3,8.825
1976-05-13,8.75,1.3,8.825
1976-05-20,8.78,1.3,8.855
1976-05-27,8.78,1.3,8.855
1976-06-03,8.78,1.3,8.855
1976-06-10,8.83,1.3,8.905
1976-06-17,8.88,1.3,8.955
1976-06-24,8.9,1.3,8.975
1976-07-01,8.93,1.3,9.005
1976-07-08,8.93,1.2,8.98
1976-07-15,8.93,1.2,8.98
1976-07-22,8.9,1.1,8.925
1976-07-29,8.98,1.2,9.03
1976-08-05,9,1.2,9.05
1976-08-12,9,1.2,9.05
1976-08-19,9,1.2,9.05
1976-08-26,9,1.2,9.05
1976-09-02,9,1.2,9.05
1976-09-09,8.97,1.2,9.02
1976-09-16,8.97,1.2,9.02
1976-09-23,8.97,1.2,9.02
1976-09-30,8.9,1.2,8.95
1976-10-07,8.95,1.2,9
1976-10-14,8.95,1.2,9
1976-10-21,8.95,1.1,8.975
1976-10-28,8.9,1.1,8.925
1976-11-04,8.85,1.3,8.925
1976-11-11,8.8,1.3,8.875
1976-11-18,8.8,1.3,8.875
1976-11-25,8.8,1.3,8.875
1976-12-02,8.8,1.3,8.875
1976-12-09,8.8,1.2,8.85
1976-12-16,8.8,1.2,8.85
1976-12-23,8.78,1.2,8.83
1976-12-30,8.78,1.2,8.83
1977-01-06,8.7,1.1,8.725
1977-01-13,8.73,1.1,8.755
1977-01-20,8.73,1.1,8.755
1977-01-27,8.73,1.1,8.755
1977-02-03,8.68,1.1,8.705
1977-02-10,8.7,1.1,8.725
1977-02-17,8.65,1.2,8.7
1977-02-24,8.65,1.1,8.675
1977-03-03,8.65,1.2,8.7
1977-03-10,8.7,1.2,8.75
1977-03-17,8.7,1.2,8.75
1977-03-24,8.7,1.2,8.75
1977-03-31,8.7,1.1,8.725
1977-04-07,8.75,1.2,8.8
1977-04-14,8.75,1.1,8.775
1977-04-21,8.78,1.1,8.805
1977-04-28,8.78,1.1,8.805
1977-05-05,8.78,1.2,8.83
1977-05-12,8.83,1.1,8.855
1977-05-19,8.85,1.1,8.875
1977-05-26,8.85,1.1,8.875
1977-06-02,8.85,1.1,8.875
1977-06-09,8.85,1.1,8.875
1977-06-16,8.85,1.1,8.875
1977-06-23,8.88,1.1,8.905
1977-06-30,8.95,1.1,8.975
1977-07-07,8.93,1.1,8.955
1977-07-14,8.95,1.1,8.975
1977-07-21,8.95,1.1,8.975
1977-07-28,8.93,1.1,8.955
1977-08-04,8.95,1.1,8.975
1977-08-11,8.95,1.1,8.975
1977-08-18,8.93,1.1,8.955
1977-08-25,8.93,1.1,8.955
1977-09-01,8.88,1.1,8.905
1977-09-08,8.9,1.1,8.925
1977-09-15,8.9,1.1,8.925
1977-09-22,8.9,1.1,8.925
1977-09-29,8.9,1.2,8.95
1977-10-06,8.93,1.2,8.98
1977-10-13,8.93,1.2,8.98
1977-10-20,8.93,1.2,8.98
1977-10-27,8.9,1.1,8.925
1977-11-03,8.9,1.1,8.925
1977-11-10,8.93,1.1,8.955
1977-11-17,8.93,1.1,8.955
1977-11-24,8.93,1.2,8.98
1977-12-01,8.95,1.1,8.975
1977-12-08,8.95,1.2,9
1977-12-15,8.95,1.3,9.025
1977-12-22,8.95,1.3,9.025
1977-12-29,9,1.2,9.05
1978-01-05,9,1.3,9.075
1978-01-12,9.03,1.2,9.08
1978-01-19,8.98,1.3,9.055
1978-01-26,9.05,1.3,9.125
1978-02-02,9.13,1.3,9.205
1978-02-09,9.15,1.3,9.225
1978-02-16,9.15,1.3,9.225
1978-02-23,9.15,1.3,9.225
1978-03-02,9.15,1.3,9.225
1978-03-09,9.15,1.3,9.225
1978-03-16,9.23,1.3,9.305
1978-03-23,9.23,1.3,9.305
1978-03-30,9.25,1.3,9.325
1978-04-06,9.28,1.3,9.355
1978-04-13,9.33,1.3,9.405
1978-04-20,9.38,1.2,9.43
1978-04-27,9.43,1.2,9.48
1978-05-04,9.48,1.2,9.53
1978-05-11,9.55,1.4,9.65
1978-05-18,9.58,1.3,9.655
1978-05-25,9.68,1.4,9.78
1978-06-01,9.68,1.4,9.78
1978-06-08,9.7,1.4,9.8
1978-06-15,9.73,1.4,9.83
1978-06-22,9.7,1.4,9.8
1978-06-29,9.73,1.4,9.83
1978-07-06,9.73,1.5,9.855
1978-07-13,9.73,1.5,9.855
1978-07-20,9.75,1.3,9.825
1978-07-27,9.75,1.3,9.825
1978-08-03,9.78,1.3,9.855
1978-08-10,9.78,1.3,9.855
1978-08-17,9.78,1.3,9.855
1978-08-24,9.8,1.3,9.875
1978-08-31,9.75,1.31,9.8275
1978-09-07,9.75,1.3,9.825
1978-09-14,9.75,1.3,9.825
1978-09-21,9.75,1.4,9.85
1978-09-28,9.78,1.4,9.88
1978-10-05,9.85,1.2,9.9
1978-10-12,9.85,1.2,9.9
1978-10-19,9.85,1.2,9.9
1978-10-26,9.88,1.2,9.93
1978-11-02,9.9,1.2,9.95
1978-11-09,10.05,1.2,10.1
1978-11-16,10.2,1.2,10.25
1978-11-23,10.28,1.3,10.355
1978-11-30,10.3,1.4,10.4
1978-12-07,10.35,1.4,10.45
1978-12-14,10.35,1.4,10.45
1978-12-21,10.35,1.4,10.45
1978-12-28,10.38,1.4,10.48
1979-01-04,10.38,1.5,10.505
1979-01-11,10.38,1.5,10.505
1979-01-18,10.4,1.5,10.525
1979-01-25,10.4,1.5,10.525
1979-02-01,10.4,1.5,10.525
1979-02-08,10.43,1.5,10.555
1979-02-15,10.4,1.5,10.525
1979-02-22,10.4,1.5,10.525
1979-03-01,10.43,1.5,10.555
1979-03-08,10.4,1.5,10.525
1979-03-15,10.4,1.5,10.525
1979-03-22,10.45,1.6,10.6
1979-03-29,10.45,1.6,10.6
1979-04-05,10.48,1.6,10.63
1979-04-12,10.48,1.6,10.63
1979-04-19,10.5,1.2,10.55
1979-04-26,10.53,1.6,10.68
1979-05-03,10.6,1.6,10.75
1979-05-10,10.68,1.6,10.83
1979-05-17,10.73,1.6,10.88
1979-05-24,10.75,1.6,10.9
1979-05-31,10.9,1.6,11.05
1979-06-07,11.03,1.6,11.18
1979-06-14,11.05,1.6,11.2
1979-06-21,11.1,1.7,11.275
1979-06-28,11.1,1.6,11.25
1979-07-05,11.13,1.7,11.305
1979-07-12,11.08,1.7,11.255
1979-07-19,11.08,1.6,11.23
1979-07-26,11.08,1.6,11.23
1979-08-02,11.08,1.6,11.23
1979-08-09,11.08,1.6,11.23
1979-08-16,11.08,1.7,11.255
1979-08-23,11.1,1.7,11.275
1979-08-30,11.13,1.7,11.305
1979-09-06,11.2,1.7,11.375
1979-09-13,11.3,1.6,11.45
1979-09-20,11.35,1.6,11.5
1979-09-27,11.35,1.6,11.5
1979-10-04,11.35,1.6,11.5
1979-10-11,11.45,1.6,11.6
1979-10-18,11.75,1.7,11.925
1979-10-25,12,1.7,12.175
1979-11-01,12.8,1.7,12.975
1979-11-08,12.85,1.7,13.025
1979-11-15,12.8,1.7,12.975
1979-11-22,12.8,1.7,12.975
1979-11-29,12.9,1.6,13.05
1979-12-06,12.9,1.6,13.05
1979-12-13,12.9,1.6,13.05
1979-12-20,12.9,1.6,13.05
1979-12-27,12.9,1.6,13.05
1980-01-03,12.85,1.6,13
1980-01-10,12.9,1.6,13.05
1980-01-17,12.87,1.6,13.02
1980-01-24,12.89,1.6,13.04
1980-01-31,12.85,1.6,13
1980-02-07,12.85,1.6,13
1980-02-14,12.875,1.6,13.025
1980-02-21,13.025,1.6,13.175
1980-02-28,13.59,1.8,13.79
1980-03-06,14,1.9,14.225
1980-03-13,15.4,1.9,15.625
1980-03-20,15.7,2,15.95
1980-03-27,16.025,2.1,16.3
1980-04-03,16.35,2,16.6
1980-04-10,16.35,1.9,16.575
1980-04-17,16.35,1.9,16.575
1980-04-24,16.25,1.9,16.475
1980-05-01,15.9,1.9,16.125
1980-05-08,14.675,1.8,14.875
1980-05-15,14.15,1.8,14.35
1980-05-22,13.375,1.9,13.6
1980-05-29,13.2,1.9,13.425
1980-06-05,13.06,1.8,13.26
1980-06-12,12.85,1.8,13.05
1980-06-19,12.575,1.9,12.8
1980-06-26,12.35,1.7,12.525
1980-07-03,12.175,1.7,12.35
1980-07-10,12.225,1.7,12.4
1980-07-17,12.175,1.8,12.375
1980-07-24,12.175,1.8,12.375
1980-07-31,12.25,1.8,12.45
1980-08-07,12.25,1.8,12.45
1980-08-14,12.55,1.7,12.725
1980-08-21,12.8,1.7,12.975
1980-08-28,12.95,1.7,13.125
1980-09-04,13.025,1.7,13.2
1980-09-11,13.075,1.8,13.275
1980-09-18,13.25,1.7,13.425
1980-09-25,13.425,1.7,13.6
1980-10-02,13.6,1.8,13.8
1980-10-09,13.725,1.7,13.9
1980-10-16,13.775,1.8,13.975
1980-10-23,13.85,1.7,14.025
1980-10-30,14,1.7,14.175
1980-11-06,14.075,1.7,14.25
1980-11-13,14.175,1.7,14.35
1980-11-20,14.275,1.7,14.45
1980-11-27,14.275,1.7,14.45
1980-12-04,14.425,1.7,14.6
1980-12-11,14.825,1.7,15
1980-12-18,14.95,1.7,15.125
1980-12-25,14.95,1.7,15.125
1981-01-01,14.95,2,15.2
1981-01-08,14.8,2,15.05
1981-01-15,14.85,2,15.1
1981-01-22,14.85,2,15.1
1981-01-29,15.07,2,15.32
1981-02-05,15,2,15.25
1981-02-12,15.03,2,15.28
1981-02-19,15.2,2,15.45
1981-02-26,15.3,2,15.55
1981-03-05,15.4,2,15.65
1981-03-12,15.4,2.1,15.675
1981-03-19,15.4,2,15.65
1981-03-26,15.4,2,15.65
1981-04-02,15.4,2,15.65
1981-04-09,15.5,2,15.75
1981-04-16,15.65,2,15.9
1981-04-23,15.77,2.1,16.045
1981-04-30,15.82,1.9,16.045
1981-05-07,16.12,2.1,16.395
1981-05-14,16.64,2.1,16.915
1981-05-21,16.63,2.1,16.905
1981-05-28,16.8,2.1,17.075
1981-06-04,16.76,2.1,17.035
1981-06-11,16.69,2,16.94
1981-06-18,16.71,2.1,16.985
1981-06-25,16.62,2.1,16.895
1981-07-02,16.64,2.1,16.915
1981-07-09,16.79,2.2,17.09
1981-07-16,16.74,2.1,17.015
1981-07-23,16.88,2.1,17.155
1981-07-30,17.11,2.2,17.41
1981-08-06,17.13,2,17.38
1981-08-13,17.27,2.1,17.545
1981-08-20,17.26,2.1,17.535
1981-08-27,17.48,2.1,17.755
1981-09-03,17.79,2,18.04
1981-09-10,18.22,2.1,18.495
1981-09-17,18.27,2.2,18.57
1981-09-24,18.36,2.2,18.66
1981-10-01,18.28,2.4,18.63
1981-10-08,18.63,2.2,18.93
1981-10-15,18.53,2.3,18.855
1981-10-20,18.39,2.2,18.69
1981-10-29,18.44,2.3,18.765
1981-11-05,18.37,2.1,18.645
1981-11-12,18.02,2.1,18.295
1981-11-19,17.7,2.2,18
1981-11-26,17.21,2.1,17.485
1981-12-03,16.9,2.1,17.175
1981-12-10,16.94,2.1,17.215
1981-12-17,16.9,2,17.15
1981-12-24,16.95,2,17.2
1981-12-30,17.04,2.1,17.315
1982-01-07,17.3,2.1,17.575
1982-01-14,17.44,2.2,17.74
1982-01-21,17.61,2.2,17.91
1982-01-28,17.59,2.2,17.89
1982-02-04,17.56,2.2,17.86
1982-02-11,17.65,2.2,17.95
1982-02-18,17.66,2.3,17.985
1982-02-25,17.52,2.2,17.82
1982-03-04,17.29,2.2,17.59
1982-03-11,17.19,2.3,17.515
1982-03-18,17.12,2.2,17.42
1982-03-25,17.04,2.2,17.34
1982-04-01,16.95,2.2,17.25
1982-04-08,16.91,2.3,17.235
1982-04-15,16.93,2.3,17.255
1982-04-22,16.86,2.3,17.185
1982-04-29,16.81,2.4,17.16
1982-05-06,16.78,2.3,17.105
1982-05-13,16.63,2.4,16.98
1982-05-20,16.67,2.3,16.995
1982-05-27,16.63,2.3,16.955
1982-06-03,16.65,2.2,16.95
1982-06-10,16.7,2.2,17
1982-06-17,16.71,2.1,16.985
1982-06-24,16.73,2.3,17.055
1982-07-01,16.87,2.3,17.195
1982-07-08,16.93,2.3,17.255
1982-07-15,16.88,2.2,17.18
1982-07-22,16.75,2.2,17.05
1982-07-29,16.65,2.2,16.95
1982-08-05,16.55,2.2,16.85
1982-08-12,16.44,2.2,16.74
1982-08-19,16.21,2.3,16.535
1982-08-26,15.88,2.3,16.205
1982-09-02,15.59,2.2,15.89
1982-09-09,15.56,2.3,15.885
1982-09-16,15.38,2.3,15.705
1982-09-23,15.19,2.2,15.49
1982-09-30,15.13,2.3,15.455
1982-10-07,14.96,2.2,15.26
1982-10-14,14.6,2.2,14.9
1982-10-21,14.2,2.2,14.5
1982-10-28,14.15,2.2,14.45
1982-11-04,13.91,2.2,14.21
1982-11-11,13.84,2.3,14.165
1982-11-18,13.78,2.1,14.055
1982-11-25,13.77,2.1,14.045
1982-12-02,13.66,2.2,13.96
1982-12-09,13.66,2.2,13.96
1982-12-16,13.63,2.2,13.93
1982-12-23,13.6,2.1,13.875
1982-12-30,13.57,2.3,13.895
1983-01-06,13.46,2.2,13.76
1983-01-13,13.31,2.2,13.61
1983-01-20,13.12,2.2,13.42
1983-01-27,13.1,2,13.35
1983-02-03,13.06,2,13.31
1983-02-10,13.06,1.9,13.285
1983-02-17,13.07,2,13.32
1983-02-24,12.98,1.9,13.205
1983-03-03,12.74,2.1,13.015
1983-03-10,12.79,2.1,13.065
1983-03-17,12.81,2.2,13.11
1983-03-24,12.86,2.2,13.16
1983-03-31,12.82,2.2,13.12
1983-04-07,12.82,2.2,13.12
1983-04-14,12.79,2.2,13.09
1983-04-21,12.75,2,13
1983-04-28,12.73,2.1,13.005
1983-05-05,12.71,2.1,12.985
1983-05-12,12.59,2.1,12.865
1983-05-19,12.55,2.1,12.825
1983-05-26,12.68,2.1,12.955
1983-06-02,12.74,2.2,13.04
1983-06-09,12.82,2,13.07
1983-06-16,12.96,2.1,13.235
1983-06-23,12.96,2.1,13.235
1983-06-30,13.08,2.1,13.355
1983-07-07,13.3,2.1,13.575
1983-07-14,13.5,2.2,13.8
1983-07-21,13.58,2.2,13.88
1983-07-28,13.65,2.2,13.95
1983-08-04,13.73,2.2,14.03
1983-08-11,13.84,2.2,14.14
1983-08-18,13.89,2.2,14.19
1983-08-25,13.78,2.2,14.08
1983-09-01,13.77,2.2,14.07
1983-09-08,13.77,2.2,14.07
1983-09-15,13.72,2.2,14.02
1983-09-22,13.72,2.2,14.02
1983-09-29,13.65,2.2,13.95
1983-10-06,13.59,2.2,13.89
1983-10-13,13.6,2.2,13.9
1983-10-20,13.52,2.1,13.795
1983-10-27,13.43,2,13.68
1983-11-03,13.42,2.1,13.695
1983-11-10,13.47,2.1,13.745
1983-11-17,13.42,2.2,13.72
1983-11-24,13.43,2.1,13.705
1983-12-01,13.41,2.1,13.685
1983-12-08,13.38,2.2,13.68
1983-12-15,13.42,2.1,13.695
1983-12-22,13.46,2.2,13.76
1983-12-29,13.43,2.2,13.73
1984-01-05,13.43,2.3,13.755
1984-01-12,13.4,2.3,13.725
1984-01-19,13.35,2.3,13.675
1984-01-26,13.29,2.3,13.615
1984-02-02,13.26,2.5,13.635
1984-02-09,13.23,2.4,13.58
1984-02-16,13.19,2.4,13.54
1984-02-23,13.25,2.4,13.6
1984-03-01,13.23,2.4,13.58
1984-03-08,13.3,2.4,13.65
1984-03-15,13.37,2.4,13.72
1984-03-22,13.48,2.4,13.83
1984-03-29,13.55,2.4,13.9
1984-04-05,13.63,2.4,13.98
1984-04-12,13.58,2.4,13.93
1984-04-19,13.67,2.5,14.045
1984-04-26,13.73,2.4,14.08
1984-05-03,13.78,2.4,14.13
1984-05-10,13.87,2.5,14.245
1984-05-17,14.04,2.5,14.415
1984-05-24,14.08,2.5,14.455
1984-05-31,14.29,2.4,14.64
1984-06-07,14.33,2.5,14.705
1984-06-14,14.47,2.5,14.845
1984-06-21,14.49,2.5,14.865
1984-06-28,14.5,2.5,14.875
1984-07-05,14.66,2.4,15.01
1984-07-12,14.68,2.6,15.08
1984-07-19,14.66,2.6,15.06
1984-07-26,14.67,2.7,15.095
1984-08-02,14.68,2.6,15.08
1984-08-09,14.54,2.6,14.94
1984-08-16,14.39,2.6,14.79
1984-08-23,14.36,2.6,14.76
1984-08-30,14.38,2.6,14.78
1984-09-06,14.42,2.6,14.82
1984-09-13,14.43,2.5,14.805
1984-09-20,14.29,2.7,14.715
1984-09-27,14.26,2.5,14.635
1984-10-04,14.18,2.6,14.58
1984-10-11,14.19,2.6,14.59
1984-10-18,14.1,2.6,14.5
1984-10-25,14.05,2.6,14.45
1984-11-01,13.85,2.5,14.225
1984-11-08,13.74,2.5,14.115
1984-11-15,13.63,2.5,14.005
1984-11-22,13.55,2.5,13.925
1984-11-29,13.42,2.4,13.77
1984-12-06,13.2,2.6,13.6
1984-12-13,13.2,2.5,13.575
1984-12-20,13.18,2.5,13.555
1984-12-27,13.14,2.5,13.515
1985-01-03,13.1,2.5,13.475
1985-01-10,13.12,2.5,13.495
1985-01-17,13.12,2.5,13.495
1985-01-24,12.96,2.5,13.335
1985-01-31,12.93,2.4,13.28
1985-02-07,12.91,2.4,13.26
1985-02-14,12.9,2.5,13.275
1985-02-21,12.94,2.4,13.29
1985-02-28,13.02,2.5,13.395
1985-03-07,13.1,2.6,13.5
1985-03-14,13.2,2.6,13.6
1985-03-21,13.24,2.7,13.665
1985-03-28,13.29,2.7,13.715
1985-04-04,13.27,2.7,13.695
1985-04-11,13.23,2.6,13.63
1985-04-18,13.16,2.6,13.56
1985-04-25,13.12,2.5,13.495
1985-05-02,13.07,2.6,13.47
1985-05-09,13.02,2.6,13.42
1985-05-16,12.94,2.5,13.315
1985-05-23,12.83,2.5,13.205
1985-05-30,12.71,2.5,13.085
1985-06-06,12.39,2.5,12.765
1985-06-13,12.27,2.5,12.645
1985-06-20,12.05,2.6,12.45
1985-06-27,12.15,2.5,12.525
1985-07-04,12.13,2.6,12.53
1985-07-11,12.03,2.5,12.405
1985-07-18,11.94,2.4,12.29
1985-07-25,12.03,2.6,12.43
1985-08-01,12.17,2.6,12.57
1985-08-08,12.23,2.6,12.63
1985-08-15,12.24,2.7,12.665
1985-08-22,12.18,2.5,12.555
1985-08-29,12.11,2.7,12.535
1985-09-05,12.15,2.5,12.525
1985-09-12,12.24,2.5,12.615
1985-09-19,12.21,2.5,12.585
1985-09-26,12.17,2.7,12.595
1985-10-03,12.17,2.6,12.57
1985-10-10,12.17,2.5,12.545
1985-10-17,12.13,2.5,12.505
1985-10-24,12.07,2.4,12.42
1985-10-31,12.01,2.4,12.36
1985-11-07,11.9,2.4,12.25
1985-11-14,11.79,2.4,12.14
1985-11-21,11.64,2.3,11.965
1985-11-28,11.58,2.3,11.905
1985-12-05,11.5,2.4,11.85
1985-12-12,11.31,2.3,11.635
1985-12-19,11.14,2.3,11.465
1985-12-26,11.09,2.2,11.39
1986-01-02,10.81,2.3,11.135
1986-01-09,10.77,2.3,11.095
1986-01-16,10.99,2.4,11.34
1986-01-23,10.97,2.3,11.295
1986-01-30,10.89,2.4,11.24
1986-02-06,10.85,2.3,11.175
1986-02-13,10.8,2.4,11.15
1986-02-20,10.68,2.3,11.005
1986-02-27,10.51,2.2,10.81
1986-03-06,10.2,2.3,10.525
1986-03-13,10.01,2.3,10.335
1986-03-20,10.01,2.3,10.335
1986-03-27,10.1,2.3,10.425
1986-04-03,9.99,2.3,10.315
1986-04-10,9.98,2.3,10.305
1986-04-17,9.92,2.1,10.195
1986-04-24,9.86,2.2,10.16
1986-05-01,9.9,2.2,10.2
1986-05-08,10,2.2,10.3
1986-05-15,10.08,2.3,10.405
1986-05-22,10.36,2.4,10.71
1986-05-29,10.38,2.3,10.705
1986-06-05,10.74,2.3,11.065
1986-06-12,10.76,2.3,11.085
1986-06-19,10.61,2.2,10.91
1986-06-26,10.62,2.2,10.92
1986-07-03,10.61,2.2,10.91
1986-07-10,10.59,2.2,10.89
1986-07-17,10.43,2.2,10.73
1986-07-24,10.4,2.2,10.7
1986-07-31,10.4,2.1,10.675
1986-08-07,10.4,2.2,10.7
1986-08-14,10.23,2.1,10.505
1986-08-21,10.04,2.1,10.315
1986-08-28,9.93,2.1,10.205
1986-09-04,9.9,2.2,10.2
1986-09-11,9.96,2.1,10.235
1986-09-18,10.07,2.1,10.345
1986-09-25,10.1,2.2,10.4
1986-10-02,10.08,2.1,10.355
1986-10-09,9.99,2.1,10.265
1986-10-16,9.96,2.1,10.235
1986-10-23,9.95,2.2,10.25
1986-10-30,9.89,2.1,10.165
1986-11-06,9.83,2.1,10.105
1986-11-13,9.81,2,10.06
1986-11-20,9.64,2,9.89
1986-11-27,9.5,2,9.75
1986-12-04,9.3,2,9.55
1986-12-11,9.35,2.1,9.625
1986-12-18,9.3,2.1,9.575
1986-12-25,9.29,2.1,9.565
1987-01-01,9.37,2.2,9.67
1987-01-08,9.32,2.2,9.62
1987-01-15,9.21,2.1,9.485
1987-01-22,9.04,2.2,9.34
1987-01-29,9.08,2.2,9.38
1987-02-05,9.06,2.1,9.335
1987-02-12,9.09,2.1,9.365
1987-02-19,9.11,2.1,9.385
1987-02-26,9.07,2.1,9.345
1987-03-05,9.03,2,9.28
1987-03-12,9.05,2.1,9.325
1987-03-19,9.03,2.1,9.305
1987-03-26,9.03,2,9.28
1987-04-02,9.26,2.2,9.56
1987-04-09,9.43,2.3,9.755
1987-04-16,10.27,2.3,10.595
1987-04-23,10.37,2.2,10.67
1987-04-30,10.47,2.2,10.77
1987-05-07,10.52,2.2,10.82
1987-05-14,10.48,2.3,10.805
1987-05-21,10.81,2.3,11.135
1987-05-28,10.7,2.3,11.025
1987-06-04,10.7,2.3,11.025
1987-06-11,10.66,2.2,10.96
1987-06-18,10.44,2.2,10.74
1987-06-25,10.35,2.2,10.65
1987-07-02,10.36,2.2,10.66
1987-07-09,10.3,2.2,10.6
1987-07-16,10.23,2.2,10.53
1987-07-23,10.23,2.1,10.505
1987-07-30,10.27,2.2,10.57
1987-08-06,10.35,2,10.6
1987-08-13,10.34,2,10.59
1987-08-20,10.3,2.2,10.6
1987-08-27,10.33,2.1,10.605
1987-09-03,10.63,2.2,10.93
1987-09-10,10.91,2.2,11.21
1987-09-17,10.99,2.3,11.315
1987-09-24,11.02,2.2,11.32
1987-10-01,11.18,2.3,11.505
1987-10-08,11.21,2.2,11.51
1987-10-15,11.58,2.3,11.905
1987-10-22,11.36,2.2,11.66
1987-10-29,10.97,2.2,11.27
1987-11-05,10.79,2.1,11.065
1987-11-12,10.66,2.1,10.935
1987-11-19,10.6,2,10.85
1987-11-26,10.55,2,10.8
1987-12-03,10.6,2.1,10.875
1987-12-10,10.66,2.2,10.96
1987-12-17,10.69,2.2,10.99
1987-12-24,10.64,2.2,10.94
1987-12-30,10.61,2,10.86
1988-01-07,10.5,2,10.75
1988-01-14,10.53,2,10.78
1988-01-21,10.34,2,10.59
1988-01-28,10.16,2,10.41
1988-02-04,9.94,2,10.19
1988-02-11,9.84,2.1,10.115
1988-02-18,9.92,2.1,10.195
1988-02-25,9.87,2.1,10.145
1988-03-03,9.85,2,10.1
1988-03-10,9.96,2,10.21
1988-03-17,9.92,2,10.17
1988-03-24,9.99,2.1,10.265
1988-03-31,10.05,2.1,10.325
1988-04-07,10.19,2.2,10.49
1988-04-14,10.19,2.1,10.465
1988-04-21,10.3,2.2,10.6
1988-04-28,10.28,2.1,10.555
1988-05-05,10.32,2.2,10.62
1988-05-12,10.4,2.1,10.675
1988-05-19,10.52,2.1,10.795
1988-05-26,10.58,2.1,10.855
1988-06-02,10.58,2.1,10.855
1988-06-09,10.51,2,10.76
1988-06-16,10.35,2,10.6
1988-06-23,10.4,2,10.65
1988-06-30,10.39,2,10.64
1988-07-07,10.38,2,10.63
1988-07-14,10.44,2,10.69
1988-07-21,10.46,2.1,10.735
1988-07-28,10.49,2.1,10.765
1988-08-04,10.44,2,10.69
1988-08-11,10.57,2.2,10.87
1988-08-18,10.71,2.3,11.035
1988-08-25,10.67,2.2,10.97
1988-09-01,10.65,2.4,11
1988-09-08,10.53,2.1,10.805
1988-09-15,10.4,2,10.65
1988-09-22,10.4,2,10.65
1988-09-29,10.42,2.1,10.695
1988-10-06,10.38,1.9,10.605
1988-10-13,10.33,1.9,10.555
1988-10-20,10.28,1.9,10.505
1988-10-27,10.22,1.9,10.445
1988-11-03,10.12,1.9,10.345
1988-11-10,10.24,2,10.49
1988-11-17,10.31,2.2,10.61
1988-11-24,10.39,2.1,10.665
1988-12-01,10.44,2.1,10.715
1988-12-08,10.46,2,10.71
1988-12-15,10.71,2.2,11.01
1988-12-22,10.68,2.2,10.98
1988-12-29,10.77,2.2,11.07
1989-01-05,10.8,2.2,11.1
1989-01-12,10.81,2.1,11.085
1989-01-19,10.71,2,10.96
1989-01-26,10.6,2.1,10.875
1989-02-02,10.55,2.1,10.825
1989-02-09,10.56,2,10.81
1989-02-16,10.69,2.2,10.99
1989-02-23,10.78,2.3,11.105
1989-03-02,10.91,2.3,11.235
1989-03-09,10.86,2.2,11.16
1989-03-16,10.98,2.1,11.255
1989-03-23,11.22,2.2,11.52
1989-03-30,11.19,2.2,11.49
1989-04-06,11.07,2.2,11.37
1989-04-13,11.11,2.2,11.41
1989-04-20,10.99,2.1,11.265
1989-04-27,11.03,2.1,11.305
1989-05-04,10.97,2.1,11.245
1989-05-11,10.93,2.2,11.23
1989-05-18,10.69,2,10.94
1989-05-25,10.5,2,10.75
1989-06-01,10.48,2,10.73
1989-06-08,10.2,2.1,10.475
1989-06-15,10.04,2.1,10.315
1989-06-22,10.19,2.1,10.465
1989-06-29,10.07,2.1,10.345
1989-07-06,10.03,2.1,10.305
1989-07-13,9.82,2.1,10.095
1989-07-20,9.87,2,10.12
1989-07-27,9.81,2.1,10.085
1989-08-03,9.68,2,9.93
1989-08-10,9.96,2.1,10.235
1989-08-17,10.09,2.1,10.365
1989-08-24,10.21,2,10.46
1989-08-31,10.22,1.9,10.445
1989-09-07,10.17,2,10.42
1989-09-14,10.05,2,10.3
1989-09-21,10.03,2,10.28
1989-09-28,10.16,2.1,10.435
1989-10-05,10.1,2.1,10.375
1989-10-12,9.95,2,10.2
1989-10-19,9.92,2,10.17
1989-10-26,9.82,2,10.07
1989-11-02,9.82,2,10.07
1989-11-09,9.79,1.9,10.015
1989-11-16,9.72,2,9.97
1989-11-23,9.74,2,9.99
1989-11-30,9.74,2,9.99
1989-12-07,9.76,2,10.01
1989-12-14,9.75,1.9,9.975
1989-12-21,9.69,2,9.94
1989-12-28,9.78,2,10.03
1990-01-04,9.83,2,10.08
1990-01-11,9.8,2,10.05
1990-01-18,9.9,2.1,10.175
1990-01-25,10.05,2.1,10.325
1990-02-01,10.17,2.1,10.445
1990-02-08,10.21,2.1,10.485
1990-02-15,10.1,2.1,10.375
1990-02-22,10.31,2.1,10.585
1990-03-01,10.23,2.1,10.505
1990-03-08,10.29,2.1,10.565
1990-03-15,10.34,2,10.59
1990-03-22,10.26,2,10.51
1990-03-29,10.22,2.1,10.495
1990-04-05,10.26,2,10.51
1990-04-12,10.25,2,10.5
1990-04-19,10.41,2.1,10.685
1990-04-26,10.56,2.1,10.835
1990-05-03,10.67,2.1,10.945
1990-05-10,10.54,2,10.79
1990-05-17,10.37,2,10.62
1990-05-24,10.33,2,10.58
1990-05-31,10.29,2,10.54
1990-06-07,10.1,2,10.35
1990-06-14,10.12,2,10.37
1990-06-21,10.16,2,10.41
1990-06-28,10.15,2,10.4
1990-07-05,10.06,1.9,10.285
1990-07-12,10.11,2,10.36
1990-07-19,9.99,2,10.24
1990-07-26,9.98,2,10.23
1990-08-02,9.84,1.9,10.065
1990-08-09,10.08,2.1,10.355
1990-08-16,10.05,2,10.3
1990-08-23,10.29,2.1,10.565
1990-08-30,10.24,2.1,10.515
1990-09-06,10.19,2,10.44
1990-09-13,10.13,2,10.38
1990-09-20,10.16,2.1,10.435
1990-09-27,10.22,2.2,10.52
1990-10-04,10.08,2.1,10.355
1990-10-11,10.22,2.2,10.52
1990-10-18,10.24,2.2,10.54
1990-10-25,10.17,2.1,10.445
1990-11-01,10.13,2.1,10.405
1990-11-08,10.09,2.1,10.365
1990-11-15,10.02,2,10.27
1990-11-22,9.93,2.1,10.205
1990-11-29,9.9,2,10.15
1990-12-06,9.81,1.9,10.035
1990-12-13,9.56,1.9,9.785
1990-12-20,9.64,1.9,9.865
1990-12-27,9.68,2,9.93
1991-01-03,9.56,1.9,9.785
1991-01-10,9.63,2.1,9.905
1991-01-17,9.75,2.2,10.05
1991-01-24,9.61,2,9.86
1991-01-31,9.56,2,9.81
1991-02-07,9.36,1.9,9.585
1991-02-14,9.25,2,9.5
1991-02-21,9.29,2.1,9.565
1991-02-28,9.4,2.1,9.675
1991-03-07,9.49,2.1,9.765
1991-03-14,9.5,2,9.75
1991-03-21,9.59,2.1,9.865
1991-03-28,9.52,2.1,9.795
1991-04-04,9.49,2,9.74
1991-04-11,9.48,2,9.73
1991-04-18,9.47,2,9.72
1991-04-25,9.53,2.1,9.805
1991-05-02,9.47,1.9,9.695
1991-05-09,9.47,1.9,9.695
1991-05-16,9.5,2.1,9.775
1991-05-23,9.47,2,9.72
1991-05-30,9.45,1.9,9.675
1991-06-06,9.48,2,9.73
1991-06-13,9.66,2.2,9.96
1991-06-20,9.65,2,9.9
1991-06-27,9.67,2.1,9.945
1991-07-04,9.62,2,9.87
1991-07-11,9.64,2,9.89
1991-07-18,9.54,2,9.79
1991-07-25,9.5,1.9,9.725
1991-08-01,9.44,2,9.69
1991-08-08,9.27,1.8,9.47
1991-08-15,9.19,1.9,9.415
1991-08-22,9.17,1.9,9.395
1991-08-29,9.15,1.9,9.375
1991-09-05,9.14,1.9,9.365
1991-09-12,9.02,1.9,9.245
1991-09-19,8.95,1.9,9.175
1991-09-26,8.92,1.8,9.12
1991-10-03,8.87,1.8,9.07
1991-10-10,8.82,1.8,9.02
1991-10-17,8.82,1.9,9.045
1991-10-24,8.91,1.9,9.135
1991-10-31,8.78,1.8,8.98
1991-11-07,8.76,1.7,8.935
1991-11-14,8.69,1.8,8.89
1991-11-21,8.63,1.8,8.83
1991-11-28,8.7,1.9,8.925
1991-12-05,8.62,1.8,8.82
1991-12-12,8.53,1.7,8.705
1991-12-19,8.49,1.8,8.69
1991-12-26,8.35,1.8,8.55
1992-01-02,8.24,1.7,8.415
1992-01-09,8.23,1.6,8.38
1992-01-16,8.45,1.8,8.65
1992-01-23,8.56,1.8,8.76
1992-01-30,8.68,2.1,8.955
1992-02-06,8.67,1.7,8.845
1992-02-13,8.73,1.9,8.955
1992-02-20,8.82,1.9,9.045
1992-02-27,8.83,1.8,9.03
1992-03-05,8.85,1.9,9.075
1992-03-12,8.88,1.9,9.105
1992-03-19,9.03,1.8,9.23
1992-03-26,8.98,1.8,9.18
1992-04-02,8.96,1.7,9.135
1992-04-09,8.84,1.6,8.99
1992-04-16,8.76,1.6,8.91
1992-04-23,8.85,1.8,9.05
1992-04-30,8.84,1.8,9.04
1992-05-07,8.75,1.6,8.9
1992-05-14,8.64,1.6,8.79
1992-05-21,8.53,1.6,8.68
1992-05-28,8.6,1.8,8.8
1992-06-04,8.59,1.8,8.79
1992-06-11,8.54,1.6,8.69
1992-06-18,8.48,1.6,8.63
1992-06-25,8.43,1.6,8.58
1992-07-02,8.29,1.5,8.415
1992-07-09,8.13,1.5,8.255
1992-07-16,8.09,1.6,8.24
1992-07-23,8.08,1.6,8.23
1992-07-30,8.05,1.7,8.225
1992-08-06,8.06,1.6,8.21
1992-08-13,7.96,1.6,8.11
1992-08-20,7.87,1.7,8.045
1992-08-27,8.01,1.8,8.21
1992-09-03,7.94,1.7,8.115
1992-09-10,7.84,1.6,7.99
1992-09-17,7.89,1.7,8.065
1992-09-23,8.02,1.7,8.195
1992-10-01,7.93,1.6,8.08
1992-10-08,8.01,1.8,8.21
1992-10-15,8.06,1.7,8.235
1992-10-22,8.23,2,8.48
1992-10-29,8.21,1.9,8.435
1992-11-05,8.29,2,8.54
1992-11-12,8.32,2,8.57
1992-11-19,8.32,1.8,8.52
1992-11-26,8.29,1.8,8.49
1992-12-03,8.34,1.8,8.54
1992-12-10,8.23,1.6,8.38
1992-12-17,8.19,1.6,8.34
1992-12-24,8.13,1.5,8.255
1992-12-30,8.14,1.6,8.29
1993-01-07,8.07,1.6,8.22
1993-01-14,8.04,1.6,8.19
1993-01-21,8,1.7,8.175
1993-01-28,7.86,1.5,7.985
1993-02-04,7.8,1.5,7.925
1993-02-11,7.75,1.6,7.9
1993-02-18,7.65,1.5,7.775
1993-02-25,7.53,1.5,7.655
1993-03-04,7.44,1.5,7.565
1993-03-11,7.47,1.6,7.62
1993-03-18,7.57,1.7,7.745
1993-03-25,7.5,1.7,7.675
1993-04-01,7.53,1.7,7.705
1993-04-08,7.57,1.8,7.77
1993-04-15,7.45,1.6,7.6
1993-04-22,7.38,1.6,7.53
1993-04-29,7.43,1.8,7.63
1993-05-06,7.42,1.7,7.595
1993-05-13,7.42,1.8,7.62
1993-05-20,7.52,1.8,7.72
1993-05-27,7.5,1.8,7.7
1993-06-03,7.47,1.7,7.645
1993-06-10,7.48,1.7,7.655
1993-06-17,7.38,1.6,7.53
1993-06-24,7.34,1.5,7.465
1993-07-01,7.23,1.5,7.355
1993-07-08,7.19,1.6,7.34
1993-07-15,7.16,1.6,7.31
1993-07-22,7.2,1.7,7.375
1993-07-29,7.25,1.7,7.425
1993-08-05,7.21,1.6,7.36
1993-08-12,7.17,1.5,7.295
1993-08-19,7.1,1.4,7.2
1993-08-26,6.97,1.4,7.07
1993-09-02,6.93,1.4,7.03
1993-09-09,6.82,1.4,6.92
1993-09-16,6.96,1.6,7.11
1993-09-23,6.95,1.6,7.1
1993-09-30,6.89,1.5,7.015
1993-10-07,6.87,1.5,6.995
1993-10-14,6.81,1.5,6.935
1993-10-21,6.74,1.5,6.865
1993-10-28,6.86,1.5,6.985
1993-11-04,7.11,1.4,7.21
1993-11-11,7.12,1.5,7.245
1993-11-18,7.08,1.6,7.23
1993-11-25,7.31,1.7,7.485
1993-12-03,7.25,1.7,7.425
1993-12-09,7.14,1.6,7.29
1993-12-16,7.17,1.7,7.345
1993-12-23,7.17,1.7,7.345
1993-12-30,7.13,1.6,7.28
1994-01-06,7.23,1.6,7.38
1994-01-12,9.19,1.8,9.39
1994-01-13,6.99,1.7,7.165
1994-01-19,9.05,1.8,9.25
1994-01-20,7.05,1.7,7.225
1994-01-26,9.13,1.9,9.355
1994-01-27,6.97,1.7,7.145
1994-02-02,8.94,1.8,9.14
1994-02-03,6.97,1.7,7.145
1994-02-09,8.8,1.9,9.025
1994-02-10,7.21,1.8,7.41
1994-02-16,8.84,1.9,9.065
1994-02-17,7.11,1.8,7.31
1994-02-23,8.73,1.9,8.955
1994-02-24,7.32,1.7,7.495
1994-03-02,8.53,1.8,8.73
1994-03-03,7.51,1.7,7.685
1994-03-09,8.62,1.9,8.845
1994-03-10,7.63,1.6,7.78
1994-03-16,8.38,1.8,8.58
1994-03-17,7.76,1.7,7.935
1994-03-23,8.4,1.8,8.6
1994-03-24,7.8,1.7,7.975
1994-03-30,8.38,1.8,8.58
1994-03-31,8.04,1.7,8.215
1994-04-06,8.41,1.9,8.635
1994-04-07,8.47,1.7,8.645
1994-04-13,8.37,1.9,8.595
1994-04-14,8.26,1.8,8.46
1994-04-20,8.24,1.9,8.465
1994-04-21,8.49,1.8,8.69
1994-04-27,8.26,1.9,8.485
1994-04-28,8.32,1.8,8.52
1994-05-04,8.27,1.9,8.495
1994-05-05,8.53,1.8,8.73
1994-05-11,7.87,1.8,8.07
1994-05-12,8.77,1.8,8.97
1994-05-18,7.83,1.8,8.03
1994-05-19,8.56,1.8,8.76
1994-05-25,7.85,1.8,8.05
1994-05-26,8.53,1.8,8.73
1994-06-01,7.71,1.8,7.91
1994-06-02,8.55,1.8,8.75
1994-06-08,7.51,1.7,7.685
1994-06-09,8.25,1.8,8.45
1994-06-15,7.55,1.8,7.75
1994-06-16,8.33,1.8,8.53
1994-06-22,7.53,1.8,7.73
1994-06-23,8.46,1.8,8.66
1994-06-29,7.53,1.8,7.73
1994-06-30,8.57,1.7,8.745
1994-07-06,7.63,1.8,7.83
1994-07-07,8.68,1.8,8.88
1994-07-13,7.41,1.7,7.585
1994-07-14,8.72,1.8,8.92
1994-07-20,7.6,1.7,7.775
1994-07-21,8.53,1.8,8.73
1994-07-27,7.79,1.8,7.99
1994-07-28,8.57,1.9,8.795
1994-08-03,7.82,1.8,8.02
1994-08-04,8.38,1.8,8.58
1994-08-10,7.8,1.8,8
1994-08-11,8.57,1.8,8.77
1994-08-17,7.94,1.8,8.14
1994-08-18,8.54,1.8,8.74
1994-08-24,7.88,1.9,8.105
1994-08-25,8.56,1.8,8.76
1994-08-31,7.76,1.8,7.96
1994-09-01,8.48,1.8,8.68
1994-09-07,7.63,1.8,7.83
1994-09-08,8.51,1.8,8.71
1994-09-14,7.6,1.8,7.8
1994-09-15,8.66,1.8,8.86
1994-09-21,7.57,1.8,7.77
1994-09-22,8.73,1.8,8.93
1994-09-28,7.62,1.8,7.82
1994-09-29,8.82,1.8,9.02
1994-10-05,7.57,1.8,7.77
1994-10-06,8.89,1.8,9.09
1994-10-12,7.5,1.9,7.725
1994-10-13,8.93,1.8,9.13
1994-10-19,7.38,1.9,7.605
1994-10-20,8.85,1.8,9.05
1994-10-26,7.45,1.8,7.65
1994-10-27,9.03,1.8,9.23
1994-11-02,7.44,1.8,7.64
1994-11-03,9.05,1.9,9.275
1994-11-08,7.37,1.8,7.57
1994-11-10,9.19,1.8,9.39
1994-11-16,7.35,1.8,7.55
1994-11-17,9.19,1.8,9.39
1994-11-23,7.35,1.8,7.55
1994-11-24,9.25,1.8,9.45
1994-11-30,7.33,1.9,7.555
1994-12-01,9.23,1.8,9.43
1994-12-07,7.18,1.8,7.38
1994-12-08,9.15,1.8,9.35
1994-12-14,7.15,1.8,7.35
1994-12-15,9.25,1.8,9.45
1994-12-21,7.23,1.8,7.43
1994-12-22,9.18,1.8,9.38
1994-12-28,7.11,1.7,7.285
1994-12-29,9.18,1.8,9.38
1995-01-05,9.22,1.8,9.42
1996-01-04,7.02,1.8,7.22
1996-01-11,7.08,1.7,7.255
1996-01-18,7.02,1.7,7.195
1996-01-25,7,1.8,7.2
1996-02-01,7.02,1.8,7.22
1996-02-08,7.02,1.7,7.195
1996-02-15,6.94,1.7,7.115
1996-02-22,7.32,1.7,7.495
1996-02-29,7.41,1.8,7.61
1996-03-07,7.38,1.8,7.58
1996-03-14,7.83,1.7,8.005
1996-03-21,7.81,1.7,7.985
1996-03-28,7.69,1.8,7.89
1996-04-04,7.78,1.7,7.955
1996-04-11,8.05,1.8,8.25
1996-04-18,7.95,1.8,8.15
1996-04-25,7.92,1.8,8.12
1996-05-02,7.99,1.8,8.19
1996-05-09,8.24,1.8,8.44
1996-05-16,8.08,1.7,8.255
1996-05-23,8.01,1.7,8.185
1996-05-30,8.03,1.7,8.205
1996-06-06,8.3,1.7,8.475
1996-06-13,8.39,1.7,8.565
1996-06-20,8.3,1.7,8.475
1996-06-27,8.29,1.7,8.465
1996-07-04,8.14,1.8,8.34
1996-07-11,8.42,1.7,8.595
1996-07-18,8.23,1.8,8.43
1996-07-25,8.19,1.7,8.365
1996-08-01,8.23,1.7,8.405
1996-08-08,7.88,1.7,8.055
1996-08-15,7.88,1.7,8.055
1996-08-22,7.93,1.7,8.105
1996-08-29,8.09,1.7,8.265
1996-09-05,8.34,1.7,8.515
1996-09-12,8.28,1.7,8.455
1996-09-19,8.14,1.7,8.315
1996-09-26,8.16,1.7,8.335
1996-10-03,8.06,1.7,8.235
1996-10-10,7.86,1.7,8.035
1996-10-17,7.88,1.7,8.055
1996-10-24,7.86,1.8,8.06
1996-10-31,7.78,1.8,7.98
1996-11-07,7.67,1.7,7.845
1996-11-14,7.59,1.8,7.79
1996-11-21,7.53,1.8,7.73
1996-11-28,7.52,1.8,7.72
1996-12-05,7.44,1.7,7.615
1996-12-12,7.57,1.7,7.745
1996-12-19,7.74,1.8,7.94
1996-12-26,7.64,1.7,7.815
1997-01-02,7.67,1.7,7.845
1997-01-09,7.85,1.8,8.05
1997-01-16,7.87,1.8,8.07
1997-01-23,7.85,1.8,8.05
1997-01-30,7.88,1.8,8.08
1997-02-06,7.74,1.7,7.915
1997-02-13,7.65,1.7,7.825
1997-02-20,7.56,1.7,7.735
1997-02-27,7.65,1.7,7.825
1997-03-06,7.84,1.7,8.015
1997-03-13,7.84,1.7,8.015
1997-03-20,7.94,1.8,8.14
1997-03-27,7.97,1.8,8.17
1997-04-03,8.18,1.7,8.355
1997-04-10,8.15,1.8,8.35
1997-04-17,8.16,1.7,8.335
1997-04-24,8.08,1.7,8.255
1997-05-01,8.01,1.7,8.185
1997-05-08,7.94,1.6,8.09
1997-05-15,7.91,1.6,8.06
1997-05-22,7.92,1.7,8.095
1997-05-29,7.94,1.7,8.115
1997-06-05,7.85,1.7,8.025
1997-06-12,7.72,1.7,7.895
1997-06-19,7.61,1.7,7.785
1997-06-26,7.58,1.7,7.755
1997-07-03,7.62,1.8,7.82
1997-07-10,7.47,1.8,7.67
1997-07-17,7.47,1.8,7.67
1997-07-24,7.43,1.7,7.605
1997-07-31,7.36,1.7,7.535
1997-08-07,7.46,1.7,7.635
1997-08-14,7.54,1.8,7.74
1997-08-21,7.46,1.7,7.635
1997-08-28,7.58,1.7,7.755
1997-09-04,7.53,1.7,7.705
1997-09-11,7.53,1.7,7.705
1997-09-18,7.38,1.7,7.555
1997-09-25,7.28,1.7,7.455
1997-10-02,7.31,1.7,7.485
1997-10-09,7.26,1.7,7.435
1997-10-16,7.34,1.7,7.515
1997-10-23,7.35,1.8,7.55
1997-10-30,7.21,1.7,7.385
1997-11-06,7.24,1.7,7.415
1997-11-13,7.23,1.7,7.405
1997-11-20,7.18,1.7,7.355
1997-11-27,7.17,1.8,7.37
1997-12-04,7.15,1.8,7.35
1997-12-11,7.17,1.8,7.37
1997-12-18,7.07,1.8,7.27
1997-12-25,6.99,1.8,7.19
1998-01-01,7.03,1.8,7.23
1998-01-08,6.94,1.4,7.04
1998-01-15,6.89,1.3,6.965
1998-01-22,6.99,1.2,7.04
1998-01-29,7.12,1.2,7.17
1998-02-05,7.03,1.2,7.08
1998-02-12,7.06,1.3,7.135
1998-02-19,6.99,1.2,7.04
1998-02-27,7.09,1.2,7.14
1998-03-05,7.19,1.2,7.24
1998-03-12,7.16,1.2,7.21
1998-03-19,7.08,1.1,7.105
1998-03-26,7.08,1.1,7.105
1998-04-02,7.15,1.1,7.175
1998-04-09,7.09,1,7.09
1998-04-16,7.17,1,7.17
1998-04-23,7.15,1,7.15
1998-04-30,7.22,1.1,7.245
1998-05-07,7.14,1.1,7.165
1998-05-14,7.19,1.1,7.215
1998-05-21,7.1,1,7.1
1998-05-28,7.07,1,7.07
1998-06-04,7.05,1,7.05
1998-06-11,7.04,1,7.04
1998-06-18,6.94,1,6.94
1998-06-25,6.96,1,6.96
1998-07-02,6.98,1,6.98
1998-07-09,6.91,1.1,6.935
1998-07-16,6.94,1.1,6.965
1998-07-23,6.96,1.1,6.985
1998-07-30,6.97,1.1,6.995
1998-08-06,6.94,1.1,6.965
1998-08-13,6.91,1.1,6.935
1998-08-20,6.92,1.1,6.945
1998-08-27,6.92,1.1,6.945
1998-09-03,6.82,1,6.82
1998-09-10,6.77,1,6.77
1998-09-17,6.66,0.9,6.635
1998-09-24,6.64,1,6.64
1998-10-01,6.6,1,6.6
1998-10-08,6.49,1,6.49
1998-10-15,6.9,0.9,6.875
1998-10-22,6.73,0.9,6.705
1998-10-29,6.83,0.9,6.805
1998-11-05,6.89,0.9,6.865
1998-11-12,6.93,1,6.93
1998-11-19,6.86,0.9,6.835
1998-11-26,6.78,0.9,6.755
1998-12-03,6.71,0.9,6.685
1998-12-10,6.69,0.9,6.665
1998-12-17,6.69,1,6.69
1998-12-24,6.77,1,6.77
1998-12-30,6.83,1,6.83
1999-01-07,6.79,0.9,6.765
1999-01-14,6.83,1,6.83
1999-01-21,6.78,0.9,6.755
1999-01-28,6.74,0.9,6.715
1999-02-04,6.75,1,6.75
1999-02-11,6.77,1,6.77
1999-02-18,6.82,1,6.82
1999-02-25,6.89,1,6.89
1999-03-04,7.06,1,7.06
1999-03-11,7.11,0.8,7.06
1999-03-18,7.01,0.9,6.985
1999-03-25,6.98,0.9,6.955
1999-04-01,6.98,0.9,6.955
1999-04-08,6.92,1,6.92
1999-04-15,6.87,1,6.87
1999-04-22,6.88,1,6.88
1999-04-29,6.93,1,6.93
1999-05-06,7.02,1,7.02
1999-05-13,7.1,1,7.1
1999-05-20,7.23,1,7.23
1999-05-27,7.23,1,7.23
1999-06-03,7.41,1,7.41
1999-06-10,7.51,1,7.51
1999-06-17,7.65,1,7.65
1999-06-24,7.63,1,7.63
1999-07-01,7.71,1,7.71
1999-07-08,7.65,1,7.65
1999-07-15,7.58,1,7.58
1999-07-22,7.52,1,7.52
1999-07-29,7.7,1,7.7
1999-08-05,7.89,1,7.89
1999-08-12,8.15,1,8.15
1999-08-19,7.93,1,7.93
1999-08-26,7.8,1,7.8
1999-09-02,7.83,0.9,7.805
1999-09-09,7.88,1,7.88
1999-09-16,7.82,1,7.82
1999-09-23,7.76,1,7.76
1999-09-30,7.7,1,7.7
1999-10-07,7.82,1,7.82
1999-10-14,7.85,1,7.85
1999-10-21,7.93,1,7.93
1999-10-28,7.96,1,7.96
1999-11-04,7.84,1,7.84
1999-11-11,7.67,1,7.67
1999-11-18,7.69,1,7.69
1999-11-25,7.75,1,7.75
1999-12-02,7.84,1,7.84
1999-12-09,7.84,1,7.84
1999-12-16,7.86,1,7.86
1999-12-23,7.96,1,7.96
1999-12-30,8.06,1,8.06
2000-01-06,8.15,1,8.15
2000-01-13,8.18,1,8.18
2000-01-20,8.26,1,8.26
2000-01-27,8.25,1,8.25
2000-02-03,8.25,1,8.25
2000-02-10,8.36,1,8.36
2000-02-17,8.38,0.9,8.355
2000-02-24,8.31,1,8.31
2000-03-02,8.27,1,8.27
2000-03-09,8.23,0.9,8.205
2000-03-16,8.24,1,8.24
2000-03-23,8.23,1,8.23
2000-03-30,8.23,1,8.23
2000-04-06,8.2,1,8.2
2000-04-13,8.12,0.9,8.095
2000-04-20,8.16,1,8.16
2000-04-27,8.13,1,8.13
2000-05-04,8.28,1,8.28
2000-05-11,8.52,1,8.52
2000-05-18,8.64,1,8.64
2000-05-25,8.62,1,8.62
2000-06-01,8.54,0.9,8.515
2000-06-08,8.32,0.9,8.295
2000-06-15,8.22,1,8.22
2000-06-22,8.14,1,8.14
2000-06-29,8.22,0.9,8.195
2000-07-06,8.16,1,8.16
2000-07-13,8.09,0.9,8.065
2000-07-20,8.21,0.9,8.185
2000-07-27,8.13,0.9,8.105
2000-08-03,8.12,1,8.12
2000-08-10,8.04,0.9,8.015
2000-08-17,7.96,1,7.96
2000-08-24,7.99,1,7.99
2000-08-31,7.96,1,7.96
2000-09-07,7.94,1,7.94
2000-09-14,7.88,1,7.88
2000-09-21,7.9,1,7.9
2000-09-28,7.88,1,7.88
2000-10-05,7.83,1,7.83
2000-10-12,7.84,1,7.84
2000-10-19,7.83,0.9,7.805
2000-10-26,7.68,1,7.68
2000-11-02,7.73,0.9,7.705
2000-11-09,7.79,0.9,7.765
2000-11-16,7.73,0.9,7.705
2000-11-23,7.73,0.9,7.705
2000-11-30,7.65,0.9,7.625
2000-12-07,7.54,1,7.54
2000-12-14,7.42,0.9,7.395
2000-12-21,7.17,1,7.17
2000-12-28,7.13,1,7.13
2001-01-04,7.07,1,7.07
2001-01-11,6.89,0.9,6.865
2001-01-18,7.02,0.9,6.995
2001-01-25,7.15,0.8,7.1
2001-02-01,7.09,1,7.09
2001-02-08,6.98,1,6.98
2001-02-15,7.01,0.9,6.985
2001-02-22,7.12,0.9,7.095
2001-03-01,7.03,0.9,7.005
2001-03-08,6.97,0.9,6.945
2001-03-15,6.96,0.9,6.935
2001-03-22,6.89,1,6.89
2001-03-29,6.91,0.9,6.885
2001-04-05,7.01,0.9,6.985
2001-04-12,7.04,0.8,6.99
2001-04-19,7.14,0.9,7.115
2001-04-26,7.12,1,7.12
2001-05-03,7.14,0.9,7.115
2001-05-10,7.1,0.9,7.075
2001-05-17,7.14,1,7.14
2001-05-24,7.2,1,7.2
2001-05-31,7.24,0.9,7.215
2001-06-07,7.2,1,7.2
2001-06-14,7.14,0.9,7.115
2001-06-21,7.11,1,7.11
2001-06-28,7.11,1,7.11
2001-07-05,7.19,0.9,7.165
2001-07-12,7.21,0.9,7.185
2001-07-19,7.08,0.9,7.055
2001-07-26,7.03,0.9,7.005
2001-08-02,7,0.9,6.975
2001-08-09,7,0.9,6.975
2001-08-16,6.92,0.9,6.895
2001-08-23,6.91,0.9,6.885
2001-08-30,6.92,0.9,6.895
2001-09-06,6.89,0.9,6.865
2001-09-13,6.86,0.9,6.835
2001-09-20,6.8,0.9,6.775
2001-09-27,6.72,0.9,6.695
2001-10-04,6.64,0.8,6.59
2001-10-11,6.58,0.9,6.555
2001-10-18,6.61,0.9,6.585
2001-10-25,6.64,0.8,6.59
2001-11-01,6.56,0.9,6.535
2001-11-08,6.45,0.8,6.4
2001-11-15,6.51,0.8,6.46
2001-11-22,6.75,0.8,6.7
2001-11-29,7.02,0.7,6.945
2001-12-06,6.84,0.7,6.765
2001-12-13,7.09,0.8,7.04
2001-12-20,7.17,0.7,7.095
2001-12-27,7.16,0.8,7.11
2002-01-03,7.14,0.8,7.09
2002-01-10,7.06,0.8,7.01
2002-01-17,6.83,0.7,6.755
2002-01-24,6.96,0.7,6.885
2002-01-31,7.02,0.7,6.945
2002-02-07,6.88,0.7,6.805
2002-02-14,6.86,0.7,6.785
2002-02-21,6.81,0.7,6.735
2002-02-28,6.8,0.7,6.725
2002-03-07,6.87,0.7,6.795
2002-03-14,7.08,0.7,7.005
2002-03-21,7.14,0.7,7.065
2002-03-28,7.18,0.7,7.105
2002-04-04,7.13,0.7,7.055
2002-04-11,6.99,0.8,6.94
2002-04-18,6.94,0.7,6.865
2002-04-25,6.88,0.7,6.805
2002-05-02,6.78,0.7,6.705
2002-05-09,6.79,0.7,6.715
2002-05-16,6.89,0.7,6.815
2002-05-23,6.81,0.7,6.735
2002-05-30,6.76,0.8,6.71
2002-06-06,6.71,0.7,6.635
2002-06-13,6.71,0.7,6.635
2002-06-20,6.63,0.5,6.505
2002-06-27,6.55,0.5,6.425
2002-07-04,6.57,0.5,6.445
2002-07-11,6.54,0.5,6.415
2002-07-18,6.49,0.6,6.39
2002-07-25,6.34,0.6,6.24
2002-08-01,6.43,0.6,6.33
2002-08-08,6.31,0.6,6.21
2002-08-15,6.22,0.6,6.12
2002-08-22,6.27,0.7,6.195
2002-08-29,6.22,0.7,6.145
2002-09-05,6.15,0.6,6.05
2002-09-12,6.18,0.6,6.08
2002-09-19,6.05,0.7,5.975
2002-09-26,5.99,0.6,5.89
2002-10-03,6.01,0.5,5.885
2002-10-10,5.98,0.6,5.88
2002-10-17,6.15,0.5,6.025
2002-10-24,6.31,0.6,6.21
2002-10-31,6.13,0.6,6.03
2002-11-07,6.11,0.6,6.01
2002-11-14,5.94,0.6,5.84
2002-11-21,6.03,0.6,5.93
2002-11-28,6.13,0.6,6.03
2002-12-05,6.19,0.5,6.065
2002-12-12,6.04,0.5,5.915
2002-12-19,6.03,0.6,5.93
2002-12-26,5.93,0.6,5.83
2003-01-02,5.85,0.6,5.75
2003-01-09,5.95,0.5,5.825
2003-01-16,5.97,0.6,5.87
2003-01-23,5.91,0.6,5.81
2003-01-30,5.9,0.6,5.8
2003-02-06,5.88,0.7,5.805
2003-02-13,5.86,0.6,5.76
2003-02-20,5.84,0.6,5.74
2003-02-27,5.79,0.6,5.69
2003-03-06,5.67,0.6,5.57
2003-03-13,5.61,0.6,5.51
2003-03-20,5.79,0.6,5.69
2003-03-27,5.91,0.6,5.81
2003-04-03,5.79,0.6,5.69
2003-04-10,5.85,0.6,5.75
2003-04-17,5.82,0.6,5.72
2003-04-24,5.79,0.6,5.69
2003-05-01,5.7,0.6,5.6
2003-05-08,5.62,0.7,5.545
2003-05-15,5.45,0.6,5.35
2003-05-22,5.34,0.7,5.265
2003-05-29,5.31,0.6,5.21
2003-06-05,5.26,0.5,5.135
2003-06-12,5.21,0.5,5.085
2003-06-19,5.21,0.6,5.11
2003-06-26,5.24,0.6,5.14
2003-07-03,5.4,0.5,5.275
2003-07-10,5.52,0.6,5.42
2003-07-17,5.67,0.5,5.545
2003-07-24,5.94,0.4,5.79
2003-07-31,6.14,0.5,6.015
2003-08-07,6.34,0.7,6.265
2003-08-14,6.24,0.7,6.165
2003-08-21,6.28,0.8,6.23
2003-08-28,6.32,0.7,6.245
2003-09-04,6.44,0.6,6.34
2003-09-11,6.16,0.6,6.06
2003-09-18,6.01,0.5,5.885
2003-09-25,5.98,0.6,5.88
2003-10-02,5.77,0.6,5.67
2003-10-09,5.95,0.6,5.85
2003-10-16,6.05,0.5,5.925
2003-10-23,6.05,0.7,5.975
2003-10-30,5.94,0.6,5.84
2003-11-06,5.98,0.7,5.905
2003-11-13,6.03,0.6,5.93
2003-11-20,5.83,0.6,5.73
2003-11-27,5.89,0.6,5.79
2003-12-04,6.02,0.6,5.92
2003-12-11,5.88,0.7,5.805
2003-12-18,5.82,0.7,5.745
2003-12-25,5.81,0.7,5.735
2003-12-30,5.85,0.7,5.775
2004-01-07,5.87,0.7,5.795
2004-01-14,5.66,0.6,5.56
2004-01-21,5.64,0.6,5.54
2004-01-28,5.68,0.7,5.605
2004-02-04,5.72,0.6,5.62
2004-02-11,5.66,0.7,5.585
2004-02-18,5.58,0.6,5.48
2004-02-25,5.58,0.7,5.505
2004-03-03,5.59,0.7,5.515
2004-03-10,5.41,0.6,5.31
2004-03-17,5.38,0.7,5.305
2004-03-24,5.4,0.7,5.325
2004-03-31,5.52,0.6,5.42
2004-04-07,5.79,0.7,5.715
2004-04-14,5.89,0.6,5.79
2004-04-21,5.94,0.7,5.865
2004-04-28,6.01,0.7,5.935
2004-05-05,6.12,0.7,6.045
2004-05-12,6.34,0.7,6.265
2004-05-19,6.3,0.7,6.225
2004-05-26,6.32,0.6,6.22
2004-06-02,6.28,0.7,6.205
2004-06-09,6.3,0.7,6.225
2004-06-16,6.32,0.5,6.195
2004-06-23,6.25,0.6,6.15
2004-06-30,6.21,0.6,6.11
2004-07-07,6.01,0.6,5.91
2004-07-14,6,0.6,5.9
2004-07-21,5.98,0.6,5.88
2004-07-28,6.08,0.6,5.98
2004-08-04,5.99,0.7,5.915
2004-08-11,5.85,0.6,5.75
2004-08-18,5.81,0.7,5.735
2004-08-25,5.82,0.7,5.745
2004-09-01,5.77,0.8,5.72
2004-09-08,5.83,0.8,5.78
2004-09-15,5.75,0.8,5.7
2004-09-22,5.7,0.7,5.625
2004-09-29,5.72,0.6,5.62
2004-10-06,5.82,0.6,5.72
2004-10-13,5.74,0.6,5.64
2004-10-20,5.69,0.7,5.615
2004-10-27,5.64,0.7,5.565
2004-11-03,5.7,0.6,5.6
2004-11-10,5.76,0.7,5.685
2004-11-17,5.74,0.6,5.64
2004-11-23,5.72,0.6,5.62
2004-12-01,5.81,0.6,5.71
2004-12-08,5.71,0.7,5.635
2004-12-15,5.68,0.6,5.58
2004-12-21,5.75,0.6,5.65
2004-12-28,5.81,0.6,5.71
2005-01-05,5.77,0.7,5.695
2005-01-12,5.74,0.6,5.64
2005-01-19,5.67,0.7,5.595
2005-01-26,5.66,0.6,5.56
2005-02-02,5.63,0.7,5.555
2005-02-09,5.57,0.8,5.52
2005-02-16,5.62,0.7,5.545
2005-02-23,5.69,0.7,5.615
2005-03-02,5.79,0.7,5.715
2005-03-09,5.85,0.6,5.75
2005-03-16,5.95,0.7,5.875
2005-03-23,6.01,0.7,5.935
2005-03-30,6.04,0.7,5.965
2005-04-06,5.93,0.7,5.855
2005-04-13,5.91,0.7,5.835
2005-04-20,5.8,0.5,5.675
2005-04-27,5.78,0.6,5.68
2005-05-04,5.75,0.6,5.65
2005-05-11,5.77,0.5,5.645
2005-05-18,5.71,0.7,5.635
2005-05-25,5.65,0.6,5.55
2005-06-01,5.62,0.6,5.52
2005-06-08,5.56,0.6,5.46
2005-06-15,5.63,0.5,5.505
2005-06-22,5.57,0.6,5.47
2005-06-29,5.53,0.6,5.43
2005-07-06,5.62,0.6,5.52
2005-07-13,5.66,0.6,5.56
2005-07-20,5.73,0.4,5.58
2005-07-27,5.77,0.5,5.645
2005-08-03,5.82,0.6,5.72
2005-08-10,5.89,0.5,5.765
2005-08-17,5.8,0.5,5.675
2005-08-24,5.77,0.5,5.645
2005-08-31,5.71,0.6,5.61
2005-09-07,5.71,0.6,5.61
2005-09-14,5.74,0.6,5.64
2005-09-21,5.8,0.6,5.7
2005-09-28,5.91,0.5,5.785
2005-10-05,5.98,0.5,5.855
2005-10-12,6.03,0.6,5.93
2005-10-19,6.1,0.5,5.975
2005-10-26,6.15,0.5,6.025
2005-11-02,6.31,0.5,6.185
2005-11-09,6.36,0.5,6.235
2005-11-16,6.37,0.6,6.27
2005-11-22,6.28,0.6,6.18
2005-11-30,6.26,0.5,6.135
2005-12-07,6.32,0.6,6.22
2005-12-14,6.3,0.5,6.175
2005-12-21,6.26,0.6,6.16
2005-12-28,6.22,0.5,6.095
2006-01-04,6.21,0.5,6.085
2006-01-11,6.15,0.6,6.05
2006-01-18,6.1,0.5,5.975
2006-01-25,6.12,0.5,5.995
2006-02-01,6.23,0.5,6.105
2006-02-08,6.24,0.6,6.14
2006-02-15,6.28,0.5,6.155
2006-02-22,6.26,0.6,6.16
2006-03-01,6.24,0.6,6.14
2006-03-08,6.37,0.6,6.27
2006-03-15,6.34,0.7,6.265
2006-03-22,6.32,0.6,6.22
2006-03-29,6.35,0.5,6.225
2006-04-05,6.43,0.6,6.33
2006-04-12,6.49,0.6,6.39
2006-04-19,6.53,0.6,6.43
2006-04-26,6.58,0.5,6.455
2006-05-03,6.59,0.6,6.49
2006-05-10,6.58,0.5,6.455
2006-05-17,6.6,0.5,6.475
2006-05-24,6.62,0.4,6.47
2006-05-31,6.67,0.4,6.52
2006-06-07,6.62,0.5,6.495
2006-06-14,6.63,0.5,6.505
2006-06-21,6.71,0.5,6.585
2006-06-28,6.78,0.5,6.655
2006-07-05,6.79,0.5,6.665
2006-07-12,6.74,0.6,6.64
2006-07-19,6.8,0.5,6.675
2006-07-26,6.72,0.3,6.545
2006-08-02,6.63,0.3,6.455
2006-08-09,6.55,0.4,6.4
2006-08-16,6.52,0.3,6.345
2006-08-23,6.48,0.4,6.33
2006-08-30,6.44,0.4,6.29
2006-09-06,6.47,0.4,6.32
2006-09-13,6.43,0.5,6.305
2006-09-20,6.4,0.5,6.275
2006-09-27,6.31,0.4,6.16
2006-10-04,6.3,0.3,6.125
2006-10-11,6.37,0.5,6.245
2006-10-18,6.36,0.5,6.235
2006-10-25,6.4,0.4,6.25
2006-11-01,6.31,0.4,6.16
2006-11-08,6.33,0.6,6.23
2006-11-15,6.24,0.5,6.115
2006-11-21,6.18,0.5,6.055
2006-11-29,6.14,0.4,5.99
2006-12-06,6.11,0.5,5.985
2006-12-13,6.12,0.4,5.97
2006-12-20,6.13,0.4,5.98
2006-12-27,6.18,0.4,6.03
2007-01-03,6.18,0.4,6.03
2007-01-10,6.21,0.4,6.06
2007-01-17,6.23,0.4,6.08
2007-01-24,6.25,0.4,6.1
2007-01-31,6.34,0.4,6.19
2007-02-07,6.28,0.3,6.105
2007-02-14,6.3,0.4,6.15
2007-02-21,6.22,0.5,6.095
2007-02-28,6.18,0.4,6.03
2007-03-07,6.14,0.5,6.015
2007-03-14,6.14,0.4,5.99
2007-03-21,6.16,0.4,6.01
2007-03-28,6.16,0.4,6.01
2007-04-04,6.17,0.4,6.02
2007-04-11,6.22,0.4,6.07
2007-04-18,6.17,0.5,6.045
2007-04-25,6.16,0.5,6.035
2007-05-02,6.16,0.5,6.035
2007-05-09,6.15,0.5,6.025
2007-05-16,6.21,0.4,6.06
2007-05-23,6.37,0.4,6.22
2007-05-30,6.42,0.4,6.27
2007-06-06,6.53,0.4,6.38
2007-06-13,6.74,0.4,6.59
2007-06-20,6.69,0.5,6.565
2007-06-27,6.67,0.4,6.52
2007-07-11,6.73,0.4,6.58
2007-07-18,6.73,0.4,6.58
2007-07-25,6.69,0.4,6.54
2007-08-01,6.68,0.3,6.505
2007-08-08,6.59,0.4,6.44
2007-08-15,6.62,0.4,6.47
2007-08-22,6.52,0.4,6.37
2007-08-29,6.45,0.5,6.325
2007-09-05,6.46,0.5,6.335
2007-09-12,6.31,0.5,6.185
2007-09-19,6.34,0.5,6.215
2007-09-26,6.42,0.5,6.295
2007-10-03,6.37,0.5,6.245
2007-10-10,6.4,0.4,6.25
2007-10-17,6.4,0.5,6.275
2007-10-24,6.33,0.5,6.205
2007-10-31,6.26,0.4,6.11
2007-11-07,6.24,0.4,6.09
2007-11-14,6.24,0.4,6.09
2007-11-20,6.2,0.5,6.075
2007-11-28,6.1,0.5,5.975
2007-12-05,5.96,0.4,5.81
2007-12-12,6.11,0.5,5.985
2007-12-19,6.14,0.4,5.99
2007-12-26,6.17,0.5,6.045
2008-01-02,6.07,0.5,5.945
2008-01-09,5.87,0.4,5.72
2008-01-16,5.69,0.5,5.565
2008-01-23,5.48,0.4,5.33
2008-01-30,5.68,0.4,5.53
2008-02-06,5.67,0.4,5.52
2008-02-13,5.72,0.4,5.57
2008-02-20,6.04,0.6,5.94
2008-02-27,6.24,0.5,6.115
2008-03-05,6.03,0.5,5.905
2008-03-12,6.13,0.5,6.005
2008-03-19,5.87,0.5,5.745
2008-03-26,5.85,0.4,5.7
2008-04-02,5.88,0.5,5.755
2008-04-09,5.88,0.4,5.73
2008-04-16,5.88,0.4,5.73
2008-04-23,6.03,0.3,5.855
2008-04-30,6.06,0.5,5.935
2008-05-07,6.05,0.3,5.875
2008-05-14,6.01,0.6,5.91
2008-05-21,5.98,0.5,5.855
2008-05-28,6.08,0.6,5.98
2008-06-04,6.09,0.6,5.99
2008-06-11,6.32,0.7,6.245
2008-06-18,6.42,0.7,6.345
2008-06-25,6.45,0.6,6.35
2008-07-02,6.35,0.6,6.25
2008-07-09,6.37,0.6,6.27
2008-07-16,6.26,0.6,6.16
2008-07-23,6.63,0.6,6.53
2008-07-30,6.52,0.7,6.445
2008-08-06,6.52,0.7,6.445
2008-08-13,6.52,0.7,6.445
2008-08-20,6.47,0.7,6.395
2008-08-27,6.4,0.6,6.3
2008-09-03,6.35,0.7,6.275
2008-09-10,5.93,0.7,5.855
2008-09-17,5.78,0.6,5.68
2008-09-24,6.09,0.7,6.015
2008-10-01,6.1,0.6,6
2008-10-08,5.94,0.6,5.84
2008-10-15,6.46,0.6,6.36
2008-10-22,6.04,0.6,5.94
2008-10-29,6.46,0.7,6.385
2008-11-05,6.2,0.7,6.125
2008-11-12,6.14,0.7,6.065
2008-11-19,6.04,0.7,5.965
2008-11-25,5.97,0.7,5.895
2008-12-03,5.53,0.7,5.455
2008-12-10,5.47,0.7,5.395
2008-12-17,5.19,0.7,5.115
2008-12-23,5.14,0.8,5.09
2008-12-30,5.1,0.7,5.025
2009-01-07,5.01,0.6,4.91
2009-01-14,4.96,0.7,4.885
2009-01-21,5.12,0.7,5.045
2009-01-28,5.1,0.7,5.025
2009-02-04,5.25,0.8,5.2
2009-02-11,5.16,0.7,5.085
2009-02-18,5.04,0.7,4.965
2009-02-25,5.07,0.7,4.995
2009-03-04,5.15,0.7,5.075
2009-03-11,5.03,0.7,4.955
2009-03-18,4.98,0.7,4.905
2009-03-25,4.85,0.7,4.775
2009-04-01,4.78,0.7,4.705
2009-04-08,4.87,0.7,4.795
2009-04-15,4.82,0.6,4.72
2009-04-22,4.8,0.7,4.725
2009-04-29,4.78,0.7,4.705
2009-05-06,4.84,0.7,4.765
2009-05-13,4.86,0.6,4.76
2009-05-20,4.82,0.7,4.745
2009-05-27,4.91,0.7,4.835
2009-06-03,5.29,0.7,5.215
2009-06-10,5.59,0.7,5.515
2009-06-17,5.38,0.7,5.305
2009-06-24,5.42,0.7,5.345
2009-07-01,5.32,0.7,5.245
2009-07-08,5.2,0.7,5.125
2009-07-15,5.14,0.7,5.065
2009-07-22,5.2,0.7,5.125
2009-07-29,5.25,0.7,5.175
2009-08-05,5.22,0.6,5.12
2009-08-12,5.29,0.7,5.215
2009-08-19,5.12,0.7,5.045
2009-08-26,5.14,0.7,5.065
2009-09-02,5.08,0.7,5.005
2009-09-09,5.07,0.7,4.995
2009-09-16,5.04,0.7,4.965
2009-09-23,5.04,0.6,4.94
2009-09-30,4.94,0.7,4.865
2009-10-07,4.87,0.7,4.795
2009-10-14,4.92,0.7,4.845
2009-10-21,5,0.7,4.925
2009-10-28,5.03,0.7,4.955
2009-11-04,4.98,0.7,4.905
2009-11-18,4.83,0.7,4.755
2009-11-24,4.78,0.7,4.705
2009-12-02,4.71,0.7,4.635
2009-12-09,4.81,0.7,4.735
2009-12-16,4.94,0.7,4.865
2009-12-23,5.05,0.7,4.975
2009-12-30,5.14,0.7,5.065
2010-01-06,5.09,0.7,5.015
2010-01-13,5.06,0.7,4.985
2010-01-20,4.99,0.7,4.915
2010-01-27,4.98,0.6,4.88
2010-02-03,5.01,0.7,4.935
2010-02-10,4.97,0.7,4.895
2010-02-17,4.93,0.7,4.855
2010-02-24,5.05,0.7,4.975
2010-03-03,4.97,0.7,4.895
2010-03-10,4.95,0.7,4.875
2010-03-17,4.96,0.7,4.885
2010-03-24,4.99,0.6,4.89
2010-03-31,5.08,0.7,5.005
2010-04-07,5.21,0.6,5.11
2010-04-14,5.07,0.6,4.97
2010-04-21,5.07,0.7,4.995
2010-04-28,5.06,0.7,4.985
2010-05-05,5,0.7,4.925
2010-05-12,4.93,0.7,4.855
2010-05-19,4.84,0.7,4.765
2010-05-26,4.78,0.7,4.705
2010-06-02,4.79,0.8,4.74
2010-06-09,4.72,0.7,4.645
2010-06-16,4.75,0.7,4.675
2010-06-23,4.69,0.7,4.615
2010-06-30,4.58,0.7,4.505
2010-07-07,4.57,0.7,4.495
2010-07-14,4.57,0.7,4.495
2010-07-21,4.56,0.7,4.485
2010-07-28,4.54,0.7,4.465
2010-08-04,4.49,0.7,4.415
2010-08-11,4.44,0.7,4.365
2010-08-18,4.42,0.7,4.345
2010-08-25,4.36,0.7,4.285
2010-09-01,4.32,0.7,4.245
2010-09-08,4.35,0.7,4.275
2010-09-15,4.37,0.7,4.295
2010-09-22,4.37,0.7,4.295
2010-09-29,4.32,0.8,4.27
2010-10-06,4.27,0.8,4.22
2010-10-13,4.19,0.8,4.14
2010-10-20,4.21,0.8,4.16
2010-10-27,4.23,0.8,4.18
2010-11-03,4.24,0.8,4.19
2010-11-10,4.17,0.8,4.12
2010-11-17,4.39,0.9,4.365
2010-11-23,4.4,0.8,4.35
2010-12-01,4.46,0.8,4.41
2010-12-08,4.61,0.7,4.535
2010-12-15,4.83,0.7,4.755
2010-12-22,4.81,0.7,4.735
2010-12-29,4.86,0.8,4.81
2011-01-05,4.77,0.8,4.72
2011-01-12,4.71,0.8,4.66
2011-01-19,4.74,0.8,4.69
2011-01-26,4.8,0.7,4.725
2011-02-02,4.81,0.8,4.76
2011-02-09,5.05,0.7,4.975
2011-02-16,5,0.7,4.925
2011-02-23,4.95,0.6,4.85
2011-03-02,4.87,0.7,4.795
2011-03-09,4.88,0.7,4.805
2011-03-16,4.76,0.7,4.685
2011-03-23,4.81,0.7,4.735
2011-03-30,4.86,0.7,4.785
2011-04-06,4.87,0.7,4.795
2011-04-13,4.91,0.6,4.81
2011-04-20,4.8,0.7,4.725
2011-04-27,4.78,0.7,4.705
2011-05-04,4.71,0.7,4.635
2011-05-11,4.63,0.7,4.555
2011-05-18,4.61,0.7,4.535
2011-05-25,4.6,0.7,4.525
2011-06-01,4.55,0.6,4.45
2011-06-08,4.49,0.7,4.415
2011-06-15,4.5,0.7,4.425
2011-06-22,4.5,0.8,4.45
2011-06-29,4.51,0.7,4.435
2011-07-06,4.6,0.7,4.525
2011-07-13,4.51,0.7,4.435
2011-07-20,4.52,0.7,4.445
2011-07-27,4.55,0.8,4.5
2011-08-03,4.39,0.8,4.34
2011-08-10,4.32,0.7,4.245
2011-08-17,4.15,0.7,4.075
2011-08-24,4.22,0.7,4.145
2011-08-31,4.22,0.7,4.145
2011-09-07,4.12,0.7,4.045
2011-09-14,4.09,0.7,4.015
2011-09-21,4.09,0.7,4.015
2011-09-28,4.01,0.7,3.935
2011-10-05,3.94,0.8,3.89
2011-10-12,4.12,0.8,4.07
2011-10-19,4.11,0.8,4.06
2011-10-26,4.1,0.8,4.05
2011-11-02,4,0.7,3.925
2011-11-09,3.99,0.7,3.915
2011-11-16,4,0.7,3.925
2011-11-22,3.98,0.7,3.905
2011-11-30,4,0.7,3.925
2011-12-07,3.99,0.7,3.915
2011-12-14,3.94,0.8,3.89
2011-12-21,3.91,0.7,3.835
2011-12-28,3.95,0.7,3.875
2012-01-04,3.91,0.8,3.86
2012-01-11,3.89,0.7,3.815
2012-01-18,3.88,0.8,3.83
2012-01-25,3.98,0.7,3.905
2012-02-01,3.87,0.8,3.82
2012-02-08,3.87,0.8,3.82
2012-02-15,3.87,0.8,3.82
2012-02-22,3.95,0.8,3.9
2012-02-29,3.9,0.8,3.85
2012-03-07,3.88,0.8,3.83
2012-03-14,3.92,0.8,3.87
2012-03-21,4.08,0.8,4.03
2012-03-28,3.99,0.7,3.915
2012-04-04,3.98,0.7,3.905
2012-04-11,3.88,0.7,3.805
2012-04-18,3.9,0.8,3.85
2012-04-25,3.88,0.7,3.805
2012-05-02,3.84,0.8,3.79
2012-05-09,3.83,0.7,3.755
2012-05-16,3.79,0.7,3.715
2012-05-23,3.78,0.8,3.73
2012-05-30,3.75,0.8,3.7
2012-06-06,3.67,0.7,3.595
2012-06-13,3.71,0.7,3.635
2012-06-20,3.66,0.7,3.585
2012-06-27,3.66,0.7,3.585
2012-07-11,3.56,0.7,3.485
2012-07-18,3.53,0.7,3.455
2012-07-25,3.49,0.7,3.415
2012-08-01,3.55,0.7,3.475
2012-08-08,3.59,0.6,3.49
2012-08-15,3.62,0.6,3.52
2012-08-22,3.66,0.7,3.585
2012-08-29,3.59,0.6,3.49
2012-09-05,3.55,0.7,3.475
2012-09-12,3.55,0.6,3.45
2012-09-19,3.49,0.6,3.39
2012-09-26,3.4,0.6,3.3
2012-10-03,3.36,0.6,3.26
2012-10-10,3.39,0.7,3.315
2012-10-17,3.37,0.7,3.295
2012-10-24,3.41,0.7,3.335
2012-10-31,3.39,0.7,3.315
2012-11-07,3.4,0.7,3.325
2012-11-14,3.34,0.7,3.265
2012-11-20,3.31,0.7,3.235
2012-11-28,3.32,0.8,3.27
2012-12-05,3.34,0.7,3.265
2012-12-12,3.32,0.7,3.245
2012-12-19,3.37,0.7,3.295
2012-12-26,3.35,0.7,3.275
2013-01-02,3.34,0.7,3.265
2013-01-09,3.4,0.7,3.325
2013-01-16,3.38,0.7,3.305
2013-01-23,3.42,0.7,3.345
2013-01-30,3.53,0.7,3.455
2013-02-06,3.53,0.8,3.48
2013-02-13,3.53,0.8,3.48
2013-02-20,3.56,0.8,3.51
2013-02-27,3.51,0.8,3.46
2013-03-06,3.52,0.7,3.445
2013-03-13,3.63,0.8,3.58
2013-03-20,3.54,0.8,3.49
2013-03-27,3.57,0.8,3.52
2013-04-03,3.54,0.8,3.49
2013-04-10,3.43,0.8,3.38
2013-04-17,3.41,0.7,3.335
2013-04-24,3.4,0.8,3.35
2013-05-01,3.35,0.7,3.275
2013-05-08,3.42,0.7,3.345
2013-05-15,3.51,0.7,3.435
2013-05-22,3.59,0.7,3.515
2013-05-29,3.81,0.8,3.76
2013-06-05,3.91,0.7,3.835
2013-06-12,3.98,0.7,3.905
2013-06-19,3.93,0.8,3.88
2013-06-26,4.46,0.8,4.41
2013-07-02,4.29,0.7,4.215
2013-07-10,4.51,0.8,4.46
2013-07-17,4.37,0.7,4.295
2013-07-24,4.31,0.8,4.26
2013-07-31,4.39,0.7,4.315
2013-08-07,4.4,0.7,4.325
2013-08-14,4.4,0.7,4.325
2013-08-21,4.58,0.8,4.53
2013-08-28,4.51,0.7,4.435
2013-09-04,4.57,0.7,4.495
2013-09-11,4.57,0.8,4.52
2013-09-18,4.5,0.7,4.425
2013-09-25,4.32,0.7,4.245
2013-10-02,4.22,0.7,4.145
2013-10-09,4.23,0.7,4.155
2013-10-16,4.28,0.7,4.205
2013-10-23,4.13,0.8,4.08
2013-10-30,4.1,0.7,4.025
2013-11-06,4.16,0.8,4.11
2013-11-13,4.35,0.7,4.275
2013-11-20,4.22,0.7,4.145
2013-11-26,4.29,0.7,4.215
2013-12-04,4.46,0.5,4.335
2013-12-11,4.42,0.7,4.345
2013-12-18,4.47,0.7,4.395
2014-01-08,4.51,0.7,4.435
2014-01-15,4.41,0.7,4.335
2014-01-22,4.39,0.7,4.315
2014-01-29,4.32,0.7,4.245
2014-02-05,4.23,0.7,4.155
2014-02-12,4.28,0.7,4.205
2014-02-19,4.33,0.7,4.255
2014-02-26,4.37,0.7,4.295
2014-03-05,4.28,0.7,4.205
2014-03-12,4.37,0.6,4.27
2014-03-19,4.32,0.6,4.22
2014-03-26,4.4,0.6,4.3
2014-04-02,4.41,0.7,4.335
2014-04-09,4.34,0.7,4.265
2014-04-16,4.27,0.7,4.195
2014-04-23,4.33,0.6,4.23
2014-04-30,4.29,0.7,4.215
2014-05-07,4.21,0.6,4.11
2014-05-14,4.2,0.6,4.1
2014-05-21,4.14,0.6,4.04
2014-05-28,4.12,0.6,4.02
2014-06-04,4.14,0.5,4.015
2014-06-11,4.2,0.6,4.1
2014-06-18,4.17,0.6,4.07
2014-06-25,4.14,0.5,4.015
2014-07-02,4.12,0.5,3.995
2014-07-09,4.15,0.7,4.075
2014-07-16,4.13,0.6,4.03
2014-07-23,4.13,0.6,4.03
2014-07-30,4.12,0.6,4.02
2014-08-06,4.14,0.7,4.065
2014-08-13,4.12,0.6,4.02
2014-08-20,4.1,0.5,3.975
2014-08-27,4.1,0.5,3.975
2014-09-03,4.1,0.5,3.975
2014-09-10,4.12,0.5,3.995
2014-09-17,4.23,0.5,4.105
2014-09-24,4.2,0.5,4.075
2014-10-01,4.19,0.4,4.04
2014-10-08,4.12,0.5,3.995
2014-10-15,3.97,0.5,3.845
2014-10-22,3.92,0.5,3.795
2014-10-29,3.98,0.5,3.855
2014-11-05,4.02,0.5,3.895
2014-11-12,4.01,0.5,3.885
2014-11-19,3.99,0.5,3.865
2014-11-25,3.97,0.5,3.845
2014-12-03,3.89,0.5,3.765
2014-12-10,3.93,0.5,3.805
2014-12-17,3.8,0.6,3.7
2014-12-23,3.83,0.6,3.73
2014-12-30,3.87,0.6,3.77
2015-01-07,3.73,0.6,3.63
2015-01-14,3.66,0.6,3.56
2015-01-21,3.63,0.7,3.555
2015-01-28,3.66,0.6,3.56
1971-03-31,7.33,0,7.08
1971-04-07,7.31,0,7.06
1971-04-14,7.31,0,7.06
1971-04-21,7.31,0,7.06
1971-04-28,7.29,0,7.04
1971-05-05,7.38,0,7.13
1971-05-12,7.42,0,7.17
1971-05-19,7.44,0,7.19
1971-05-26,7.46,1,7.46
1971-06-02,7.52,0,7.27
1971-06-09,7.52,0,7.27
1971-06-16,7.54,1.2,7.59
1971-06-23,7.54,0,7.29
1971-06-30,7.54,0,7.29
1971-07-07,7.54,0,7.29
1971-07-14,7.6,1.2,7.65
1971-07-21,7.65,0,7.4
1971-07-28,7.69,0,7.44
1971-08-04,7.66,0,7.41
1971-08-11,7.73,0,7.48
1971-08-18,7.71,1.3,7.785
1971-08-25,7.69,0,7.44
1971-09-01,7.71,0,7.46
1971-09-08,7.67,0,7.42
1971-09-15,7.7,1.1,7.725
1971-09-22,7.67,0,7.42
1971-09-29,7.67,0,7.42
1971-10-06,7.63,0,7.38
1971-10-13,7.63,0,7.38
1971-10-20,7.58,1.1,7.605
1971-10-27,7.63,0,7.38
1971-11-03,7.59,0,7.34
1971-11-10,7.56,0,7.31
1971-11-17,7.54,1,7.54
1971-11-24,7.51,0,7.26
1971-12-01,7.49,0,7.24
1971-12-08,7.47,0,7.22
1971-12-15,7.48,0,7.23
1971-12-22,7.48,0,7.23
1971-12-29,7.48,1,7.48
1972-01-05,7.46,1,7.46
1972-01-12,7.46,0.9,7.435
1972-01-19,7.43,1,7.43
1972-01-26,7.4,0.9,7.375
1972-02-02,7.35,0.9,7.325
1972-02-09,7.33,0.9,7.305
1972-02-16,7.31,0.9,7.285
1972-02-23,7.31,0.9,7.285
1972-03-01,7.32,0.9,7.295
1972-03-08,7.32,1,7.32
1972-03-15,7.31,0.9,7.285
1972-03-22,7.31,0.9,7.285
1972-03-29,7.23,0.9,7.205
1972-04-05,7.25,0.9,7.225
1972-04-12,7.29,0.9,7.265
1972-04-19,7.29,0.9,7.265
1972-04-26,7.33,1,7.33
1972-05-03,7.33,0.8,7.28
1972-05-10,7.38,0.9,7.355
1972-05-17,7.38,0.9,7.355
1972-05-24,7.4,0.9,7.375
1972-05-31,7.36,1,7.36
1972-06-07,7.38,1,7.38
1972-06-14,7.38,0.9,7.355
1972-06-21,7.36,0.9,7.335
1972-06-28,7.38,0.8,7.33
1972-07-05,7.38,0.9,7.355
1972-07-12,7.4,0.9,7.375
1972-07-19,7.4,0.9,7.375
1972-07-26,7.4,1,7.4
1972-08-02,7.35,0.9,7.325
1972-08-09,7.41,0.9,7.385
1972-08-16,7.42,0.9,7.395
1972-08-23,7.42,0.9,7.395
1972-08-30,7.42,1,7.42
1972-09-06,7.42,0.9,7.395
1972-09-13,7.42,0.9,7.395
1972-09-20,7.41,1,7.41
1972-09-27,7.43,1,7.43
1972-10-04,7.41,0.9,7.385
1972-10-11,7.41,0.9,7.385
1972-10-18,7.44,1,7.44
1972-10-25,7.42,1,7.42
1972-11-01,7.43,1,7.43
1972-11-08,7.42,1,7.42
1972-11-15,7.42,1,7.42
1972-11-22,7.44,0.9,7.415
1972-11-29,7.45,1,7.45
1972-12-06,7.43,1,7.43
1972-12-13,7.43,1,7.43
1972-12-20,7.45,1,7.45
1972-12-27,7.45,0.9,7.425
1973-01-03,7.44,0.9,7.415
1973-01-10,7.44,0.9,7.415
1973-01-17,7.44,0.9,7.415
1973-01-24,7.43,0.9,7.405
1973-01-31,7.43,0.9,7.405
1973-02-07,7.43,1,7.43
1973-02-14,7.45,0.9,7.425
1973-02-21,7.45,1,7.45
1973-02-28,7.45,1,7.45
1973-03-07,7.45,0.9,7.425
1973-03-14,7.45,0.9,7.425
1973-03-21,7.45,0.9,7.425
1973-03-28,7.49,0.9,7.465
1973-04-04,7.51,1,7.51
1973-04-11,7.54,0.9,7.515
1973-04-18,7.56,0.9,7.535
1973-04-25,7.56,0.9,7.535
1973-05-02,7.58,0.9,7.555
1973-05-09,7.64,0.9,7.615
1973-05-16,7.69,0.9,7.665
1973-05-22,7.7,0.9,7.675
1973-05-30,7.7,0.9,7.675
1973-06-06,7.73,0.9,7.705
1973-06-13,7.73,0.9,7.705
1973-06-20,7.75,0.9,7.725
1973-06-27,7.76,0.9,7.735
1973-07-04,7.89,0.9,7.865
1973-07-11,8.01,1,8.01
1973-07-18,8.12,0.9,8.095
1973-07-25,8.18,1,8.18
1973-08-01,8.26,1,8.26
1973-08-08,8.4,1.1,8.425
1973-08-15,8.55,1,8.55
1973-08-22,8.61,1,8.61
1973-08-29,8.66,1.1,8.685
1973-09-05,8.77,1.1,8.795
1973-09-12,8.81,1.1,8.835
1973-09-19,8.83,1.1,8.855
1973-09-26,8.85,1.1,8.875
1973-10-03,8.82,1.1,8.845
1973-10-10,8.83,1.1,8.855
1973-10-17,8.75,1,8.75
1973-10-24,8.68,1,8.68
1973-10-31,8.62,1,8.62
1973-11-07,8.59,1,8.59
1973-11-14,8.58,1,8.58
1973-11-21,8.57,1,8.57
1973-11-28,8.55,1,8.55
1973-12-05,8.53,1,8.53
1973-12-12,8.53,1,8.53
1973-12-19,8.53,1,8.53
1973-12-26,8.56,1,8.56
1974-01-02,8.56,1,8.56
1974-01-09,8.53,1,8.53
1974-01-16,8.55,1,8.55
1974-01-23,8.52,1,8.52
1974-01-30,8.48,1,8.48
1974-02-06,8.46,1,8.46
1974-02-13,8.46,1,8.46
1974-02-20,8.42,1,8.42
1974-02-27,8.41,1,8.41
1974-03-06,8.41,1,8.41
1974-03-13,8.4,1,8.4
1974-03-20,8.4,1,8.4
1974-03-27,8.41,1,8.41
1974-04-03,8.44,1,8.44
1974-04-10,8.53,1,8.53
1974-04-17,8.63,1,8.63
1974-04-24,8.73,1,8.73
1974-05-01,8.87,1,8.87
1974-05-08,8.98,1,8.98
1974-05-15,8.97,1.1,8.995
1974-05-22,9.01,1.1,9.035
1974-05-29,9.03,1.2,9.08
1974-06-05,9.06,1.2,9.11
1974-06-12,9.11,1.1,9.135
1974-06-19,9.07,1.2,9.12
1974-06-26,9.1,1.3,9.175
1974-07-03,9.14,1.3,9.215
1974-07-10,9.19,1.3,9.265
1974-07-17,9.37,1.2,9.42
1974-07-24,9.42,1.2,9.47
1974-07-31,9.47,1.3,9.545
1974-08-07,9.5,1.3,9.575
1974-08-14,9.6,1.2,9.65
1974-08-21,9.62,1.3,9.695
1974-08-28,9.74,1.3,9.815
1974-09-04,9.88,1.4,9.98
1974-09-11,9.92,1.4,10.02
1974-09-18,10,1.4,10.1
1974-09-25,10.03,1.4,10.13
1974-10-02,10.02,1.5,10.145
1974-10-09,9.96,1.5,10.085
1974-10-16,9.99,1.5,10.115
1974-10-23,9.94,1.5,10.065
1974-10-30,9.87,1.5,9.995
1974-11-06,9.81,1.4,9.91
1974-11-13,9.81,1.3,9.885
1974-11-20,9.73,1.3,9.805
1974-11-27,9.72,1.4,9.82
1974-12-04,9.69,1.3,9.765
1974-12-11,9.63,1.3,9.705
1974-12-18,9.58,1.3,9.655
1974-12-25,9.56,1.2,9.61
1975-01-01,9.6,1.2,9.65
1975-01-08,9.49,1.2,9.54
1975-01-15,9.43,1.2,9.48
1975-01-22,9.35,1.3,9.425
1975-01-29,9.29,1.2,9.34
1975-02-05,9.2,1.3,9.275
1975-02-12,9.13,1.2,9.18
1975-02-19,9.07,1.2,9.12
1975-02-26,9.02,1.1,9.045
1975-03-05,9,1.1,9.025
1975-03-12,8.89,1.1,8.915
1975-03-19,8.86,1.1,8.885
1975-03-26,8.86,1.1,8.885
1975-04-02,8.83,1,8.83
1975-04-09,8.81,1,8.81
1975-04-16,8.8,1,8.8
1975-04-23,8.84,1,8.84
1975-04-30,8.92,1.1,8.945
1975-05-07,8.88,1,8.88
1975-05-14,8.92,1.1,8.945
1975-05-21,8.92,1.1,8.945
1975-05-28,8.89,1.1,8.915
1975-06-04,8.89,1,8.89
1975-06-11,8.9,1,8.9
1975-06-18,8.88,1,8.88
1975-06-25,8.9,1.1,8.925
1975-07-01,8.88,1.1,8.905
1975-07-09,8.9,1.1,8.925
1975-07-16,8.89,1.1,8.915
1975-07-23,8.89,1.1,8.915
1975-07-30,8.89,1.1,8.915
1975-08-06,8.89,1.1,8.915
1975-08-13,8.93,1.1,8.955
1975-08-20,8.98,1.1,9.005
1975-08-27,9.02,1.1,9.045
1975-09-03,9.08,1.1,9.105
1975-09-10,9.16,1.1,9.185
1975-09-17,9.14,1.2,9.19
1975-09-24,9.14,1.1,9.165
1975-10-01,9.2,1.1,9.225
1975-10-08,9.21,1.1,9.235
1975-10-15,9.21,1.1,9.235
1975-10-22,9.26,1.1,9.285
1975-10-29,9.24,1.2,9.29
1975-11-05,9.19,1.2,9.24
1975-11-12,9.16,1.1,9.185
1975-11-19,9.12,1.1,9.145
1975-11-26,9.11,1.1,9.135
1975-12-03,9.11,1.1,9.135
1975-12-10,9.11,1.1,9.135
1975-12-17,9.08,1.1,9.105
1975-12-24,9.09,1.1,9.115
1975-12-31,9.1,1.1,9.125
1976-01-07,9.07,1.1,9.095
1976-01-14,9.01,1.1,9.035
1976-01-21,9,1.1,9.025
1976-01-28,8.9,1,8.9
1976-02-04,8.86,0.9,8.835
1976-02-11,8.83,0.9,8.805
1976-02-18,8.81,0.9,8.785
1976-02-25,8.75,1.1,8.775
1976-03-03,8.77,1.3,8.845
1976-03-10,8.75,1.3,8.825
1976-03-17,8.75,1.3,8.825
1976-03-24,8.75,1.3,8.825
1976-03-31,8.7,1.3,8.775
1976-04-07,8.7,1.3,8.775
1976-04-14,8.75,1.3,8.825
1976-04-21,8.75,1.3,8.825
1976-04-28,8.75,1.3,8.825
1976-05-05,8.75,1.3,8.825
1976-05-12,8.75,1.3,8.825
1976-05-19,8.78,1.3,8.855
1976-05-26,8.78,1.3,8.855
1976-06-02,8.78,1.3,8.855
1976-06-09,8.83,1.3,8.905
1976-06-16,8.88,1.3,8.955
1976-06-23,8.9,1.3,8.975
1976-06-30,8.93,1.3,9.005
1976-07-07,8.93,1.2,8.98
1976-07-14,8.93,1.2,8.98
1976-07-21,8.9,1.1,8.925
1976-07-28,8.98,1.2,9.03
1976-08-04,9,1.2,9.05
1976-08-11,9,1.2,9.05
1976-08-18,9,1.2,9.05
1976-08-25,9,1.2,9.05
1976-09-01,9,1.2,9.05
1976-09-08,8.97,1.2,9.02
1976-09-15,8.97,1.2,9.02
1976-09-22,8.97,1.2,9.02
1976-09-29,8.9,1.2,8.95
1976-10-06,8.95,1.2,9
1976-10-13,8.95,1.2,9
1976-10-20,8.95,1.1,8.975
1976-10-27,8.9,1.1,8.925
1976-11-03,8.85,1.3,8.925
1976-11-10,8.8,1.3,8.875
1976-11-17,8.8,1.3,8.875
1976-11-24,8.8,1.3,8.875
1976-12-01,8.8,1.3,8.875
1976-12-08,8.8,1.2,8.85
1976-12-15,8.8,1.2,8.85
1976-12-22,8.78,1.2,8.83
1976-12-29,8.78,1.2,8.83
1977-01-05,8.7,1.1,8.725
1977-01-12,8.73,1.1,8.755
1977-01-19,8.73,1.1,8.755
1977-01-26,8.73,1.1,8.755
1977-02-02,8.68,1.1,8.705
1977-02-09,8.7,1.1,8.725
1977-02-16,8.65,1.2,8.7
1977-02-23,8.65,1.1,8.675
1977-03-02,8.65,1.2,8.7
1977-03-09,8.7,1.2,8.75
1977-03-16,8.7,1.2,8.75
1977-03-23,8.7,1.2,8.75
1977-03-30,8.7,1.1,8.725
1977-04-06,8.75,1.2,8.8
1977-04-13,8.75,1.1,8.775
1977-04-20,8.78,1.1,8.805
1977-04-27,8.78,1.1,8.805
1977-05-04,8.78,1.2,8.83
1977-05-11,8.83,1.1,8.855
1977-05-18,8.85,1.1,8.875
1977-05-25,8.85,1.1,8.875
1977-06-01,8.85,1.1,8.875
1977-06-08,8.85,1.1,8.875
1977-06-15,8.85,1.1,8.875
1977-06-22,8.88,1.1,8.905
1977-06-29,8.95,1.1,8.975
1977-07-06,8.93,1.1,8.955
1977-07-13,8.95,1.1,8.975
1977-07-20,8.95,1.1,8.975
1977-07-27,8.93,1.1,8.955
1977-08-03,8.95,1.1,8.975
1977-08-10,8.95,1.1,8.975
1977-08-17,8.93,1.1,8.955
1977-08-24,8.93,1.1,8.955
1977-08-31,8.88,1.1,8.905
1977-09-07,8.9,1.1,8.925
1977-09-14,8.9,1.1,8.925
1977-09-21,8.9,1.1,8.925
1977-09-28,8.9,1.2,8.95
1977-10-05,8.93,1.2,8.98
1977-10-12,8.93,1.2,8.98
1977-10-19,8.93,1.2,8.98
1977-10-26,8.9,1.1,8.925
1977-11-02,8.9,1.1,8.925
1977-11-09,8.93,1.1,8.955
1977-11-16,8.93,1.1,8.955
1977-11-23,8.93,1.2,8.98
1977-11-30,8.95,1.1,8.975
1977-12-07,8.95,1.2,9
1977-12-14,8.95,1.3,9.025
1977-12-21,8.95,1.3,9.025
1977-12-28,9,1.2,9.05
1978-01-04,9,1.3,9.075
1978-01-11,9.03,1.2,9.08
1978-01-18,8.98,1.3,9.055
1978-01-25,9.05,1.3,9.125
1978-02-01,9.13,1.3,9.205
1978-02-08,9.15,1.3,9.225
1978-02-15,9.15,1.3,9.225
1978-02-22,9.15,1.3,9.225
1978-03-01,9.15,1.3,9.225
1978-03-08,9.15,1.3,9.225
1978-03-15,9.23,1.3,9.305
1978-03-22,9.23,1.3,9.305
1978-03-29,9.25,1.3,9.325
1978-04-05,9.28,1.3,9.355
1978-04-12,9.33,1.3,9.405
1978-04-19,9.38,1.2,9.43
1978-04-26,9.43,1.2,9.48
1978-05-03,9.48,1.2,9.53
1978-05-10,9.55,1.4,9.65
1978-05-17,9.58,1.3,9.655
1978-05-24,9.68,1.4,9.78
1978-05-31,9.68,1.4,9.78
1978-06-07,9.7,1.4,9.8
1978-06-14,9.73,1.4,9.83
1978-06-21,9.7,1.4,9.8
1978-06-28,9.73,1.4,9.83
1978-07-05,9.73,1.5,9.855
1978-07-12,9.73,1.5,9.855
1978-07-19,9.75,1.3,9.825
1978-07-26,9.75,1.3,9.825
1978-08-02,9.78,1.3,9.855
1978-08-09,9.78,1.3,9.855
1978-08-16,9.78,1.3,9.855
1978-08-23,9.8,1.3,9.875
1978-08-30,9.75,1.31,9.8275
1978-09-06,9.75,1.3,9.825
1978-09-13,9.75,1.3,9.825
1978-09-20,9.75,1.4,9.85
1978-09-27,9.78,1.4,9.88
1978-10-04,9.85,1.2,9.9
1978-10-11,9.85,1.2,9.9
1978-10-18,9.85,1.2,9.9
1978-10-25,9.88,1.2,9.93
1978-11-01,9.9,1.2,9.95
1978-11-08,10.05,1.2,10.1
1978-11-15,10.2,1.2,10.25
1978-11-22,10.28,1.3,10.355
1978-11-29,10.3,1.4,10.4
1978-12-06,10.35,1.4,10.45
1978-12-13,10.35,1.4,10.45
1978-12-20,10.35,1.4,10.45
1978-12-27,10.38,1.4,10.48
1979-01-03,10.38,1.5,10.505
1979-01-10,10.38,1.5,10.505
1979-01-17,10.4,1.5,10.525
1979-01-24,10.4,1.5,10.525
1979-01-31,10.4,1.5,10.525
1979-02-07,10.43,1.5,10.555
1979-02-14,10.4,1.5,10.525
1979-02-21,10.4,1.5,10.525
1979-02-28,10.43,1.5,10.555
1979-03-07,10.4,1.5,10.525
1979-03-14,10.4,1.5,10.525
1979-03-21,10.45,1.6,10.6
1979-03-28,10.45,1.6,10.6
1979-04-04,10.48,1.6,10.63
1979-04-11,10.48,1.6,10.63
1979-04-18,10.5,1.2,10.55
1979-04-25,10.53,1.6,10.68
1979-05-02,10.6,1.6,10.75
1979-05-09,10.68,1.6,10.83
1979-05-16,10.73,1.6,10.88
1979-05-23,10.75,1.6,10.9
1979-05-30,10.9,1.6,11.05
1979-06-06,11.03,1.6,11.18
1979-06-13,11.05,1.6,11.2
1979-06-20,11.1,1.7,11.275
1979-06-27,11.1,1.6,11.25
1979-07-04,11.13,1.7,11.305
1979-07-11,11.08,1.7,11.255
1979-07-18,11.08,1.6,11.23
1979-07-25,11.08,1.6,11.23
1979-08-01,11.08,1.6,11.23
1979-08-08,11.08,1.6,11.23
1979-08-15,11.08,1.7,11.255
1979-08-22,11.1,1.7,11.275
1979-08-29,11.13,1.7,11.305
1979-09-05,11.2,1.7,11.375
1979-09-12,11.3,1.6,11.45
1979-09-19,11.35,1.6,11.5
1979-09-26,11.35,1.6,11.5
1979-10-03,11.35,1.6,11.5
1979-10-10,11.45,1.6,11.6
1979-10-17,11.75,1.7,11.925
1979-10-24,12,1.7,12.175
1979-10-31,12.8,1.7,12.975
1979-11-07,12.85,1.7,13.025
1979-11-14,12.8,1.7,12.975
1979-11-21,12.8,1.7,12.975
1979-11-28,12.9,1.6,13.05
1979-12-05,12.9,1.6,13.05
1979-12-12,12.9,1.6,13.05
1979-12-19,12.9,1.6,13.05
1979-12-26,12.9,1.6,13.05
1980-01-02,12.85,1.6,13
1980-01-09,12.9,1.6,13.05
1980-01-16,12.87,1.6,13.02
1980-01-23,12.89,1.6,13.04
1980-01-30,12.85,1.6,13
1980-02-06,12.85,1.6,13
1980-02-13,12.875,1.6,13.025
1980-02-20,13.025,1.6,13.175
1980-02-27,13.59,1.8,13.79
1980-03-05,14,1.9,14.225
1980-03-12,15.4,1.9,15.625
1980-03-19,15.7,2,15.95
1980-03-26,16.025,2.1,16.3
1980-04-02,16.35,2,16.6
1980-04-09,16.35,1.9,16.575
1980-04-16,16.35,1.9,16.575
1980-04-23,16.25,1.9,16.475
1980-04-30,15.9,1.9,16.125
1980-05-07,14.675,1.8,14.875
1980-05-14,14.15,1.8,14.35
1980-05-21,13.375,1.9,13.6
1980-05-28,13.2,1.9,13.425
1980-06-04,13.06,1.8,13.26
1980-06-11,12.85,1.8,13.05
1980-06-18,12.575,1.9,12.8
1980-06-25,12.35,1.7,12.525
1980-07-02,12.175,1.7,12.35
1980-07-09,12.225,1.7,12.4
1980-07-16,12.175,1.8,12.375
1980-07-23,12.175,1.8,12.375
1980-07-30,12.25,1.8,12.45
1980-08-06,12.25,1.8,12.45
1980-08-13,12.55,1.7,12.725
1980-08-20,12.8,1.7,12.975
1980-08-27,12.95,1.7,13.125
1980-09-03,13.025,1.7,13.2
1980-09-10,13.075,1.8,13.275
1980-09-17,13.25,1.7,13.425
1980-09-24,13.425,1.7,13.6
1980-10-01,13.6,1.8,13.8
1980-10-08,13.725,1.7,13.9
1980-10-15,13.775,1.8,13.975
1980-10-22,13.85,1.7,14.025
1980-10-29,14,1.7,14.175
1980-11-05,14.075,1.7,14.25
1980-11-12,14.175,1.7,14.35
1980-11-19,14.275,1.7,14.45
1980-11-26,14.275,1.7,14.45
1980-12-03,14.425,1.7,14.6
1980-12-10,14.825,1.7,15
1980-12-17,14.95,1.7,15.125
1980-12-24,14.95,1.7,15.125
1980-12-31,14.95,2,15.2
1981-01-07,14.8,2,15.05
1981-01-14,14.85,2,15.1
1981-01-21,14.85,2,15.1
1981-01-28,15.07,2,15.32
1981-02-04,15,2,15.25
1981-02-11,15.03,2,15.28
1981-02-18,15.2,2,15.45
1981-02-25,15.3,2,15.55
1981-03-04,15.4,2,15.65
1981-03-11,15.4,2.1,15.675
1981-03-18,15.4,2,15.65
1981-03-25,15.4,2,15.65
1981-04-01,15.4,2,15.65
1981-04-08,15.5,2,15.75
1981-04-15,15.65,2,15.9
1981-04-22,15.77,2.1,16.045
1981-04-29,15.82,1.9,16.045
1981-05-06,16.12,2.1,16.395
1981-05-13,16.64,2.1,16.915
1981-05-20,16.63,2.1,16.905
1981-05-27,16.8,2.1,17.075
1981-06-03,16.76,2.1,17.035
1981-06-10,16.69,2,16.94
1981-06-17,16.71,2.1,16.985
1981-06-24,16.62,2.1,16.895
1981-07-01,16.64,2.1,16.915
1981-07-08,16.79,2.2,17.09
1981-07-15,16.74,2.1,17.015
1981-07-22,16.88,2.1,17.155
1981-07-29,17.11,2.2,17.41
1981-08-05,17.13,2,17.38
1981-08-12,17.27,2.1,17.545
1981-08-19,17.26,2.1,17.535
1981-08-26,17.48,2.1,17.755
1981-09-02,17.79,2,18.04
1981-09-09,18.22,2.1,18.495
1981-09-16,18.27,2.2,18.57
1981-09-23,18.36,2.2,18.66
1981-09-30,18.28,2.4,18.63
1981-10-07,18.63,2.2,18.93
1981-10-14,18.53,2.3,18.855
1981-10-19,18.39,2.2,18.69
1981-10-28,18.44,2.3,18.765
1981-11-04,18.37,2.1,18.645
1981-11-11,18.02,2.1,18.295
1981-11-18,17.7,2.2,18
1981-11-25,17.21,2.1,17.485
1981-12-02,16.9,2.1,17.175
1981-12-09,16.94,2.1,17.215
1981-12-16,16.9,2,17.15
1981-12-23,16.95,2,17.2
1981-12-29,17.04,2.1,17.315
1982-01-06,17.3,2.1,17.575
1982-01-13,17.44,2.2,17.74
1982-01-20,17.61,2.2,17.91
1982-01-27,17.59,2.2,17.89
1982-02-03,17.56,2.2,17.86
1982-02-10,17.65,2.2,17.95
1982-02-17,17.66,2.3,17.985
1982-02-24,17.52,2.2,17.82
1982-03-03,17.29,2.2,17.59
1982-03-10,17.19,2.3,17.515
1982-03-17,17.12,2.2,17.42
1982-03-24,17.04,2.2,17.34
1982-03-31,16.95,2.2,17.25
1982-04-07,16.91,2.3,17.235
1982-04-14,16.93,2.3,17.255
1982-04-21,16.86,2.3,17.185
1982-04-28,16.81,2.4,17.16
1982-05-05,16.78,2.3,17.105
1982-05-12,16.63,2.4,16.98
1982-05-19,16.67,2.3,16.995
1982-05-26,16.63,2.3,16.955
1982-06-02,16.65,2.2,16.95
1982-06-09,16.7,2.2,17
1982-06-16,16.71,2.1,16.985
1982-06-23,16.73,2.3,17.055
1982-06-30,16.87,2.3,17.195
1982-07-07,16.93,2.3,17.255
1982-07-14,16.88,2.2,17.18
1982-07-21,16.75,2.2,17.05
1982-07-28,16.65,2.2,16.95
1982-08-04,16.55,2.2,16.85
1982-08-11,16.44,2.2,16.74
1982-08-18,16.21,2.3,16.535
1982-08-25,15.88,2.3,16.205
1982-09-01,15.59,2.2,15.89
1982-09-08,15.56,2.3,15.885
1982-09-15,15.38,2.3,15.705
1982-09-22,15.19,2.2,15.49
1982-09-29,15.13,2.3,15.455
1982-10-06,14.96,2.2,15.26
1982-10-13,14.6,2.2,14.9
1982-10-20,14.2,2.2,14.5
1982-10-27,14.15,2.2,14.45
1982-11-03,13.91,2.2,14.21
1982-11-10,13.84,2.3,14.165
1982-11-17,13.78,2.1,14.055
1982-11-24,13.77,2.1,14.045
1982-12-01,13.66,2.2,13.96
1982-12-08,13.66,2.2,13.96
1982-12-15,13.63,2.2,13.93
1982-12-22,13.6,2.1,13.875
1982-12-29,13.57,2.3,13.895
1983-01-05,13.46,2.2,13.76
1983-01-12,13.31,2.2,13.61
1983-01-19,13.12,2.2,13.42
1983-01-26,13.1,2,13.35
1983-02-02,13.06,2,13.31
1983-02-09,13.06,1.9,13.285
1983-02-16,13.07,2,13.32
1983-02-23,12.98,1.9,13.205
1983-03-02,12.74,2.1,13.015
1983-03-09,12.79,2.1,13.065
1983-03-16,12.81,2.2,13.11
1983-03-23,12.86,2.2,13.16
1983-03-30,12.82,2.2,13.12
1983-04-06,12.82,2.2,13.12
1983-04-13,12.79,2.2,13.09
1983-04-20,12.75,2,13
1983-04-27,12.73,2.1,13.005
1983-05-04,12.71,2.1,12.985
1983-05-11,12.59,2.1,12.865
1983-05-18,12.55,2.1,12.825
1983-05-25,12.68,2.1,12.955
1983-06-01,12.74,2.2,13.04
1983-06-08,12.82,2,13.07
1983-06-15,12.96,2.1,13.235
1983-06-22,12.96,2.1,13.235
1983-06-29,13.08,2.1,13.355
1983-07-06,13.3,2.1,13.575
1983-07-13,13.5,2.2,13.8
1983-07-20,13.58,2.2,13.88
1983-07-27,13.65,2.2,13.95
1983-08-03,13.73,2.2,14.03
1983-08-10,13.84,2.2,14.14
1983-08-17,13.89,2.2,14.19
1983-08-24,13.78,2.2,14.08
1983-08-31,13.77,2.2,14.07
1983-09-07,13.77,2.2,14.07
1983-09-14,13.72,2.2,14.02
1983-09-21,13.72,2.2,14.02
1983-09-28,13.65,2.2,13.95
1983-10-05,13.59,2.2,13.89
1983-10-12,13.6,2.2,13.9
1983-10-19,13.52,2.1,13.795
1983-10-26,13.43,2,13.68
1983-11-02,13.42,2.1,13.695
1983-11-09,13.47,2.1,13.745
1983-11-16,13.42,2.2,13.72
1983-11-23,13.43,2.1,13.705
1983-11-30,13.41,2.1,13.685
1983-12-07,13.38,2.2,13.68
1983-12-14,13.42,2.1,13.695
1983-12-21,13.46,2.2,13.76
1983-12-28,13.43,2.2,13.73
1984-01-04,13.43,2.3,13.755
1984-01-11,13.4,2.3,13.725
1984-01-18,13.35,2.3,13.675
1984-01-25,13.29,2.3,13.615
1984-02-01,13.26,2.5,13.635
1984-02-08,13.23,2.4,13.58
1984-02-15,13.19,2.4,13.54
1984-02-22,13.25,2.4,13.6
1984-02-29,13.23,2.4,13.58
1984-03-07,13.3,2.4,13.65
1984-03-14,13.37,2.4,13.72
1984-03-21,13.48,2.4,13.83
1984-03-28,13.55,2.4,13.9
1984-04-04,13.63,2.4,13.98
1984-04-11,13.58,2.4,13.93
1984-04-18,13.67,2.5,14.045
1984-04-25,13.73,2.4,14.08
1984-05-02,13.78,2.4,14.13
1984-05-09,13.87,2.5,14.245
1984-05-16,14.04,2.5,14.415
1984-05-23,14.08,2.5,14.455
1984-05-30,14.29,2.4,14.64
1984-06-06,14.33,2.5,14.705
1984-06-13,14.47,2.5,14.845
1984-06-20,14.49,2.5,14.865
1984-06-27,14.5,2.5,14.875
1984-07-04,14.66,2.4,15.01
1984-07-11,14.68,2.6,15.08
1984-07-18,14.66,2.6,15.06
1984-07-25,14.67,2.7,15.095
1984-08-01,14.68,2.6,15.08
1984-08-08,14.54,2.6,14.94
1984-08-15,14.39,2.6,14.79
1984-08-22,14.36,2.6,14.76
1984-08-29,14.38,2.6,14.78
1984-09-05,14.42,2.6,14.82
1984-09-12,14.43,2.5,14.805
1984-09-19,14.29,2.7,14.715
1984-09-26,14.26,2.5,14.635
1984-10-03,14.18,2.6,14.58
1984-10-10,14.19,2.6,14.59
1984-10-17,14.1,2.6,14.5
1984-10-24,14.05,2.6,14.45
1984-10-31,13.85,2.5,14.225
1984-11-07,13.74,2.5,14.115
1984-11-14,13.63,2.5,14.005
1984-11-21,13.55,2.5,13.925
1984-11-28,13.42,2.4,13.77
1984-12-05,13.2,2.6,13.6
1984-12-12,13.2,2.5,13.575
1984-12-19,13.18,2.5,13.555
1984-12-26,13.14,2.5,13.515
1985-01-02,13.1,2.5,13.475
1985-01-09,13.12,2.5,13.495
1985-01-16,13.12,2.5,13.495
1985-01-23,12.96,2.5,13.335
1985-01-30,12.93,2.4,13.28
1985-02-06,12.91,2.4,13.26
1985-02-13,12.9,2.5,13.275
1985-02-20,12.94,2.4,13.29
1985-02-27,13.02,2.5,13.395
1985-03-06,13.1,2.6,13.5
1985-03-13,13.2,2.6,13.6
1985-03-20,13.24,2.7,13.665
1985-03-27,13.29,2.7,13.715
1985-04-03,13.27,2.7,13.695
1985-04-10,13.23,2.6,13.63
1985-04-17,13.16,2.6,13.56
1985-04-24,13.12,2.5,13.495
1985-05-01,13.07,2.6,13.47
1985-05-08,13.02,2.6,13.42
1985-05-15,12.94,2.5,13.315
1985-05-22,12.83,2.5,13.205
1985-05-29,12.71,2.5,13.085
1985-06-05,12.39,2.5,12.765
1985-06-12,12.27,2.5,12.645
1985-06-19,12.05,2.6,12.45
1985-06-26,12.15,2.5,12.525
1985-07-03,12.13,2.6,12.53
1985-07-10,12.03,2.5,12.405
1985-07-17,11.94,2.4,12.29
1985-07-24,12.03,2.6,12.43
1985-07-31,12.17,2.6,12.57
1985-08-07,12.23,2.6,12.63
1985-08-14,12.24,2.7,12.665
1985-08-21,12.18,2.5,12.555
1985-08-28,12.11,2.7,12.535
1985-09-04,12.15,2.5,12.525
1985-09-11,12.24,2.5,12.615
1985-09-18,12.21,2.5,12.585
1985-09-25,12.17,2.7,12.595
1985-10-02,12.17,2.6,12.57
1985-10-09,12.17,2.5,12.545
1985-10-16,12.13,2.5,12.505
1985-10-23,12.07,2.4,12.42
1985-10-30,12.01,2.4,12.36
1985-11-06,11.9,2.4,12.25
1985-11-13,11.79,2.4,12.14
1985-11-20,11.64,2.3,11.965
1985-11-27,11.58,2.3,11.905
1985-12-04,11.5,2.4,11.85
1985-12-11,11.31,2.3,11.635
1985-12-18,11.14,2.3,11.465
1985-12-25,11.09,2.2,11.39
1986-01-01,10.81,2.3,11.135
1986-01-08,10.77,2.3,11.095
1986-01-15,10.99,2.4,11.34
1986-01-22,10.97,2.3,11.295
1986-01-29,10.89,2.4,11.24
1986-02-05,10.85,2.3,11.175
1986-02-12,10.8,2.4,11.15
1986-02-19,10.68,2.3,11.005
1986-02-26,10.51,2.2,10.81
1986-03-05,10.2,2.3,10.525
1986-03-12,10.01,2.3,10.335
1986-03-19,10.01,2.3,10.335
1986-03-26,10.1,2.3,10.425
1986-04-02,9.99,2.3,10.315
1986-04-09,9.98,2.3,10.305
1986-04-16,9.92,2.1,10.195
1986-04-23,9.86,2.2,10.16
1986-04-30,9.9,2.2,10.2
1986-05-07,10,2.2,10.3
1986-05-14,10.08,2.3,10.405
1986-05-21,10.36,2.4,10.71
1986-05-28,10.38,2.3,10.705
1986-06-04,10.74,2.3,11.065
1986-06-11,10.76,2.3,11.085
1986-06-18,10.61,2.2,10.91
1986-06-25,10.62,2.2,10.92
1986-07-02,10.61,2.2,10.91
1986-07-09,10.59,2.2,10.89
1986-07-16,10.43,2.2,10.73
1986-07-23,10.4,2.2,10.7
1986-07-30,10.4,2.1,10.675
1986-08-06,10.4,2.2,10.7
1986-08-13,10.23,2.1,10.505
1986-08-20,10.04,2.1,10.315
1986-08-27,9.93,2.1,10.205
1986-09-03,9.9,2.2,10.2
1986-09-10,9.96,2.1,10.235
1986-09-17,10.07,2.1,10.345
1986-09-24,10.1,2.2,10.4
1986-10-01,10.08,2.1,10.355
1986-10-08,9.99,2.1,10.265
1986-10-15,9.96,2.1,10.235
1986-10-22,9.95,2.2,10.25
1986-10-29,9.89,2.1,10.165
1986-11-05,9.83,2.1,10.105
1986-11-12,9.81,2,10.06
1986-11-19,9.64,2,9.89
1986-11-26,9.5,2,9.75
1986-12-03,9.3,2,9.55
1986-12-10,9.35,2.1,9.625
1986-12-17,9.3,2.1,9.575
1986-12-24,9.29,2.1,9.565
1986-12-31,9.37,2.2,9.67
1987-01-07,9.32,2.2,9.62
1987-01-14,9.21,2.1,9.485
1987-01-21,9.04,2.2,9.34
1987-01-28,9.08,2.2,9.38
1987-02-04,9.06,2.1,9.335
1987-02-11,9.09,2.1,9.365
1987-02-18,9.11,2.1,9.385
1987-02-25,9.07,2.1,9.345
1987-03-04,9.03,2,9.28
1987-03-11,9.05,2.1,9.325
1987-03-18,9.03,2.1,9.305
1987-03-25,9.03,2,9.28
1987-04-01,9.26,2.2,9.56
1987-04-08,9.43,2.3,9.755
1987-04-15,10.27,2.3,10.595
1987-04-22,10.37,2.2,10.67
1987-04-29,10.47,2.2,10.77
1987-05-06,10.52,2.2,10.82
1987-05-13,10.48,2.3,10.805
1987-05-20,10.81,2.3,11.135
1987-05-27,10.7,2.3,11.025
1987-06-03,10.7,2.3,11.025
1987-06-10,10.66,2.2,10.96
1987-06-17,10.44,2.2,10.74
1987-06-24,10.35,2.2,10.65
1987-07-01,10.36,2.2,10.66
1987-07-08,10.3,2.2,10.6
1987-07-15,10.23,2.2,10.53
1987-07-22,10.23,2.1,10.505
1987-07-29,10.27,2.2,10.57
1987-08-05,10.35,2,10.6
1987-08-12,10.34,2,10.59
1987-08-19,10.3,2.2,10.6
1987-08-26,10.33,2.1,10.605
1987-09-02,10.63,2.2,10.93
1987-09-09,10.91,2.2,11.21
1987-09-16,10.99,2.3,11.315
1987-09-23,11.02,2.2,11.32
1987-09-30,11.18,2.3,11.505
1987-10-07,11.21,2.2,11.51
1987-10-14,11.58,2.3,11.905
1987-10-21,11.36,2.2,11.66
1987-10-28,10.97,2.2,11.27
1987-11-04,10.79,2.1,11.065
1987-11-11,10.66,2.1,10.935
1987-11-18,10.6,2,10.85
1987-11-25,10.55,2,10.8
1987-12-02,10.6,2.1,10.875
1987-12-09,10.66,2.2,10.96
1987-12-16,10.69,2.2,10.99
1987-12-23,10.64,2.2,10.94
1987-12-29,10.61,2,10.86
1988-01-06,10.5,2,10.75
1988-01-13,10.53,2,10.78
1988-01-20,10.34,2,10.59
1988-01-27,10.16,2,10.41
1988-02-03,9.94,2,10.19
1988-02-10,9.84,2.1,10.115
1988-02-17,9.92,2.1,10.195
1988-02-24,9.87,2.1,10.145
1988-03-02,9.85,2,10.1
1988-03-09,9.96,2,10.21
1988-03-16,9.92,2,10.17
1988-03-23,9.99,2.1,10.265
1988-03-30,10.05,2.1,10.325
1988-04-06,10.19,2.2,10.49
1988-04-13,10.19,2.1,10.465
1988-04-20,10.3,2.2,10.6
1988-04-27,10.28,2.1,10.555
1988-05-04,10.32,2.2,10.62
1988-05-11,10.4,2.1,10.675
1988-05-18,10.52,2.1,10.795
1988-05-25,10.58,2.1,10.855
1988-06-01,10.58,2.1,10.855
1988-06-08,10.51,2,10.76
1988-06-15,10.35,2,10.6
1988-06-22,10.4,2,10.65
1988-06-29,10.39,2,10.64
1988-07-06,10.38,2,10.63
1988-07-13,10.44,2,10.69
1988-07-20,10.46,2.1,10.735
1988-07-27,10.49,2.1,10.765
1988-08-03,10.44,2,10.69
1988-08-10,10.57,2.2,10.87
1988-08-17,10.71,2.3,11.035
1988-08-24,10.67,2.2,10.97
1988-08-31,10.65,2.4,11
1988-09-07,10.53,2.1,10.805
1988-09-14,10.4,2,10.65
1988-09-21,10.4,2,10.65
1988-09-28,10.42,2.1,10.695
1988-10-05,10.38,1.9,10.605
1988-10-12,10.33,1.9,10.555
1988-10-19,10.28,1.9,10.505
1988-10-26,10.22,1.9,10.445
1988-11-02,10.12,1.9,10.345
1988-11-09,10.24,2,10.49
1988-11-16,10.31,2.2,10.61
1988-11-23,10.39,2.1,10.665
1988-11-30,10.44,2.1,10.715
1988-12-07,10.46,2,10.71
1988-12-14,10.71,2.2,11.01
1988-12-21,10.68,2.2,10.98
1988-12-28,10.77,2.2,11.07
1989-01-04,10.8,2.2,11.1
1989-01-11,10.81,2.1,11.085
1989-01-18,10.71,2,10.96
1989-01-25,10.6,2.1,10.875
1989-02-01,10.55,2.1,10.825
1989-02-08,10.56,2,10.81
1989-02-15,10.69,2.2,10.99
1989-02-22,10.78,2.3,11.105
1989-03-01,10.91,2.3,11.235
1989-03-08,10.86,2.2,11.16
1989-03-15,10.98,2.1,11.255
1989-03-22,11.22,2.2,11.52
1989-03-29,11.19,2.2,11.49
1989-04-05,11.07,2.2,11.37
1989-04-12,11.11,2.2,11.41
1989-04-19,10.99,2.1,11.265
1989-04-26,11.03,2.1,11.305
1989-05-03,10.97,2.1,11.245
1989-05-10,10.93,2.2,11.23
1989-05-17,10.69,2,10.94
1989-05-24,10.5,2,10.75
1989-05-31,10.48,2,10.73
1989-06-07,10.2,2.1,10.475
1989-06-14,10.04,2.1,10.315
1989-06-21,10.19,2.1,10.465
1989-06-28,10.07,2.1,10.345
1989-07-05,10.03,2.1,10.305
1989-07-12,9.82,2.1,10.095
1989-07-19,9.87,2,10.12
1989-07-26,9.81,2.1,10.085
1989-08-02,9.68,2,9.93
1989-08-09,9.96,2.1,10.235
1989-08-16,10.09,2.1,10.365
1989-08-23,10.21,2,10.46
1989-08-30,10.22,1.9,10.445
1989-09-06,10.17,2,10.42
1989-09-13,10.05,2,10.3
1989-09-20,10.03,2,10.28
1989-09-27,10.16,2.1,10.435
1989-10-04,10.1,2.1,10.375
1989-10-11,9.95,2,10.2
1989-10-18,9.92,2,10.17
1989-10-25,9.82,2,10.07
1989-11-01,9.82,2,10.07
1989-11-08,9.79,1.9,10.015
1989-11-15,9.72,2,9.97
1989-11-22,9.74,2,9.99
1989-11-29,9.74,2,9.99
1989-12-06,9.76,2,10.01
1989-12-13,9.75,1.9,9.975
1989-12-20,9.69,2,9.94
1989-12-27,9.78,2,10.03
1990-01-03,9.83,2,10.08
1990-01-10,9.8,2,10.05
1990-01-17,9.9,2.1,10.175
1990-01-24,10.05,2.1,10.325
1990-01-31,10.17,2.1,10.445
1990-02-07,10.21,2.1,10.485
1990-02-14,10.1,2.1,10.375
1990-02-21,10.31,2.1,10.585
1990-02-28,10.23,2.1,10.505
1990-03-07,10.29,2.1,10.565
1990-03-14,10.34,2,10.59
1990-03-21,10.26,2,10.51
1990-03-28,10.22,2.1,10.495
1990-04-04,10.26,2,10.51
1990-04-11,10.25,2,10.5
1990-04-18,10.41,2.1,10.685
1990-04-25,10.56,2.1,10.835
1990-05-02,10.67,2.1,10.945
1990-05-09,10.54,2,10.79
1990-05-16,10.37,2,10.62
1990-05-23,10.33,2,10.58
1990-05-30,10.29,2,10.54
1990-06-06,10.1,2,10.35
1990-06-13,10.12,2,10.37
1990-06-20,10.16,2,10.41
1990-06-27,10.15,2,10.4
1990-07-04,10.06,1.9,10.285
1990-07-11,10.11,2,10.36
1990-07-18,9.99,2,10.24
1990-07-25,9.98,2,10.23
1990-08-01,9.84,1.9,10.065
1990-08-08,10.08,2.1,10.355
1990-08-15,10.05,2,10.3
1990-08-22,10.29,2.1,10.565
1990-08-29,10.24,2.1,10.515
1990-09-05,10.19,2,10.44
1990-09-12,10.13,2,10.38
1990-09-19,10.16,2.1,10.435
1990-09-26,10.22,2.2,10.52
1990-10-03,10.08,2.1,10.355
1990-10-10,10.22,2.2,10.52
1990-10-17,10.24,2.2,10.54
1990-10-24,10.17,2.1,10.445
1990-10-31,10.13,2.1,10.405
1990-11-07,10.09,2.1,10.365
1990-11-14,10.02,2,10.27
1990-11-21,9.93,2.1,10.205
1990-11-28,9.9,2,10.15
1990-12-05,9.81,1.9,10.035
1990-12-12,9.56,1.9,9.785
1990-12-19,9.64,1.9,9.865
1990-12-26,9.68,2,9.93
1991-01-02,9.56,1.9,9.785
1991-01-09,9.63,2.1,9.905
1991-01-16,9.75,2.2,10.05
1991-01-23,9.61,2,9.86
1991-01-30,9.56,2,9.81
1991-02-06,9.36,1.9,9.585
1991-02-13,9.25,2,9.5
1991-02-20,9.29,2.1,9.565
1991-02-27,9.4,2.1,9.675
1991-03-06,9.49,2.1,9.765
1991-03-13,9.5,2,9.75
1991-03-20,9.59,2.1,9.865
1991-03-27,9.52,2.1,9.795
1991-04-03,9.49,2,9.74
1991-04-10,9.48,2,9.73
1991-04-17,9.47,2,9.72
1991-04-24,9.53,2.1,9.805
1991-05-01,9.47,1.9,9.695
1991-05-08,9.47,1.9,9.695
1991-05-15,9.5,2.1,9.775
1991-05-22,9.47,2,9.72
1991-05-29,9.45,1.9,9.675
1991-06-05,9.48,2,9.73
1991-06-12,9.66,2.2,9.96
1991-06-19,9.65,2,9.9
1991-06-26,9.67,2.1,9.945
1991-07-03,9.62,2,9.87
1991-07-10,9.64,2,9.89
1991-07-17,9.54,2,9.79
1991-07-24,9.5,1.9,9.725
1991-07-31,9.44,2,9.69
1991-08-07,9.27,1.8,9.47
1991-08-14,9.19,1.9,9.415
1991-08-21,9.17,1.9,9.395
1991-08-28,9.15,1.9,9.375
1991-09-04,9.14,1.9,9.365
1991-09-11,9.02,1.9,9.245
1991-09-18,8.95,1.9,9.175
1991-09-25,8.92,1.8,9.12
1991-10-02,8.87,1.8,9.07
1991-10-09,8.82,1.8,9.02
1991-10-16,8.82,1.9,9.045
1991-10-23,8.91,1.9,9.135
1991-10-30,8.78,1.8,8.98
1991-11-06,8.76,1.7,8.935
1991-11-13,8.69,1.8,8.89
1991-11-20,8.63,1.8,8.83
1991-11-27,8.7,1.9,8.925
1991-12-04,8.62,1.8,8.82
1991-12-11,8.53,1.7,8.705
1991-12-18,8.49,1.8,8.69
1991-12-25,8.35,1.8,8.55
1992-01-01,8.24,1.7,8.415
1992-01-08,8.23,1.6,8.38
1992-01-15,8.45,1.8,8.65
1992-01-22,8.56,1.8,8.76
1992-01-29,8.68,2.1,8.955
1992-02-05,8.67,1.7,8.845
1992-02-12,8.73,1.9,8.955
1992-02-19,8.82,1.9,9.045
1992-02-26,8.83,1.8,9.03
1992-03-04,8.85,1.9,9.075
1992-03-11,8.88,1.9,9.105
1992-03-18,9.03,1.8,9.23
1992-03-25,8.98,1.8,9.18
1992-04-01,8.96,1.7,9.135
1992-04-08,8.84,1.6,8.99
1992-04-15,8.76,1.6,8.91
1992-04-22,8.85,1.8,9.05
1992-04-29,8.84,1.8,9.04
1992-05-06,8.75,1.6,8.9
1992-05-13,8.64,1.6,8.79
1992-05-20,8.53,1.6,8.68
1992-05-27,8.6,1.8,8.8
1992-06-03,8.59,1.8,8.79
1992-06-10,8.54,1.6,8.69
1992-06-17,8.48,1.6,8.63
1992-06-24,8.43,1.6,8.58
1992-07-01,8.29,1.5,8.415
1992-07-08,8.13,1.5,8.255
1992-07-15,8.09,1.6,8.24
1992-07-22,8.08,1.6,8.23
1992-07-29,8.05,1.7,8.225
1992-08-05,8.06,1.6,8.21
1992-08-12,7.96,1.6,8.11
1992-08-19,7.87,1.7,8.045
1992-08-26,8.01,1.8,8.21
1992-09-02,7.94,1.7,8.115
1992-09-09,7.84,1.6,7.99
1992-09-16,7.89,1.7,8.065
1992-09-22,8.02,1.7,8.195
1992-09-30,7.93,1.6,8.08
1992-10-07,8.01,1.8,8.21
1992-10-14,8.06,1.7,8.235
1992-10-21,8.23,2,8.48
1992-10-28,8.21,1.9,8.435
1992-11-04,8.29,2,8.54
1992-11-11,8.32,2,8.57
1992-11-18,8.32,1.8,8.52
1992-11-25,8.29,1.8,8.49
1992-12-02,8.34,1.8,8.54
1992-12-09,8.23,1.6,8.38
1992-12-16,8.19,1.6,8.34
1992-12-23,8.13,1.5,8.255
1992-12-29,8.14,1.6,8.29
1993-01-06,8.07,1.6,8.22
1993-01-13,8.04,1.6,8.19
1993-01-20,8,1.7,8.175
1993-01-27,7.86,1.5,7.985
1993-02-03,7.8,1.5,7.925
1993-02-10,7.75,1.6,7.9
1993-02-17,7.65,1.5,7.775
1993-02-24,7.53,1.5,7.655
1993-03-03,7.44,1.5,7.565
1993-03-10,7.47,1.6,7.62
1993-03-17,7.57,1.7,7.745
1993-03-24,7.5,1.7,7.675
1993-03-31,7.53,1.7,7.705
1993-04-07,7.57,1.8,7.77
1993-04-14,7.45,1.6,7.6
1993-04-21,7.38,1.6,7.53
1993-04-28,7.43,1.8,7.63
1993-05-05,7.42,1.7,7.595
1993-05-12,7.42,1.8,7.62
1993-05-19,7.52,1.8,7.72
1993-05-26,7.5,1.8,7.7
1993-06-02,7.47,1.7,7.645
1993-06-09,7.48,1.7,7.655
1993-06-16,7.38,1.6,7.53
1993-06-23,7.34,1.5,7.465
1993-06-30,7.23,1.5,7.355
1993-07-07,7.19,1.6,7.34
1993-07-14,7.16,1.6,7.31
1993-07-21,7.2,1.7,7.375
1993-07-28,7.25,1.7,7.425
1993-08-04,7.21,1.6,7.36
1993-08-11,7.17,1.5,7.295
1993-08-18,7.1,1.4,7.2
1993-08-25,6.97,1.4,7.07
1993-09-01,6.93,1.4,7.03
1993-09-08,6.82,1.4,6.92
1993-09-15,6.96,1.6,7.11
1993-09-22,6.95,1.6,7.1
1993-09-29,6.89,1.5,7.015
1993-10-06,6.87,1.5,6.995
1993-10-13,6.81,1.5,6.935
1993-10-20,6.74,1.5,6.865
1993-10-27,6.86,1.5,6.985
1993-11-03,7.11,1.4,7.21
1993-11-10,7.12,1.5,7.245
1993-11-17,7.08,1.6,7.23
1993-11-24,7.31,1.7,7.485
1993-12-02,7.25,1.7,7.425
1993-12-08,7.14,1.6,7.29
1993-12-15,7.17,1.7,7.345
1993-12-22,7.17,1.7,7.345
1993-12-29,7.13,1.6,7.28
1994-01-05,7.23,1.6,7.38
1994-01-11,9.19,1.8,9.39
1994-01-12,6.99,1.7,7.165
1994-01-18,9.05,1.8,9.25
1994-01-19,7.05,1.7,7.225
1994-01-25,9.13,1.9,9.355
1994-01-26,6.97,1.7,7.145
1994-02-01,8.94,1.8,9.14
1994-02-02,6.97,1.7,7.145
1994-02-08,8.8,1.9,9.025
1994-02-09,7.21,1.8,7.41
1994-02-15,8.84,1.9,9.065
1994-02-16,7.11,1.8,7.31
1994-02-22,8.73,1.9,8.955
1994-02-23,7.32,1.7,7.495
1994-03-01,8.53,1.8,8.73
1994-03-02,7.51,1.7,7.685
1994-03-08,8.62,1.9,8.845
1994-03-09,7.63,1.6,7.78
1994-03-15,8.38,1.8,8.58
1994-03-16,7.76,1.7,7.935
1994-03-22,8.4,1.8,8.6
1994-03-23,7.8,1.7,7.975
1994-03-29,8.38,1.8,8.58
1994-03-30,8.04,1.7,8.215
1994-04-05,8.41,1.9,8.635
1994-04-06,8.47,1.7,8.645
1994-04-12,8.37,1.9,8.595
1994-04-13,8.26,1.8,8.46
1994-04-19,8.24,1.9,8.465
1994-04-20,8.49,1.8,8.69
1994-04-26,8.26,1.9,8.485
1994-04-27,8.32,1.8,8.52
1994-05-03,8.27,1.9,8.495
1994-05-04,8.53,1.8,8.73
1994-05-10,7.87,1.8,8.07
1994-05-11,8.77,1.8,8.97
1994-05-17,7.83,1.8,8.03
1994-05-18,8.56,1.8,8.76
1994-05-24,7.85,1.8,8.05
1994-05-25,8.53,1.8,8.73
1994-05-31,7.71,1.8,7.91
1994-06-01,8.55,1.8,8.75
1994-06-07,7.51,1.7,7.685
1994-06-08,8.25,1.8,8.45
1994-06-14,7.55,1.8,7.75
1994-06-15,8.33,1.8,8.53
1994-06-21,7.53,1.8,7.73
1994-06-22,8.46,1.8,8.66
1994-06-28,7.53,1.8,7.73
1994-06-29,8.57,1.7,8.745
1994-07-05,7.63,1.8,7.83
1994-07-06,8.68,1.8,8.88
1994-07-12,7.41,1.7,7.585
1994-07-13,8.72,1.8,8.92
1994-07-19,7.6,1.7,7.775
1994-07-20,8.53,1.8,8.73
1994-07-26,7.79,1.8,7.99
1994-07-27,8.57,1.9,8.795
1994-08-02,7.82,1.8,8.02
1994-08-03,8.38,1.8,8.58
1994-08-09,7.8,1.8,8
1994-08-10,8.57,1.8,8.77
1994-08-16,7.94,1.8,8.14
1994-08-17,8.54,1.8,8.74
1994-08-23,7.88,1.9,8.105
1994-08-24,8.56,1.8,8.76
1994-08-30,7.76,1.8,7.96
1994-08-31,8.48,1.8,8.68
1994-09-06,7.63,1.8,7.83
1994-09-07,8.51,1.8,8.71
1994-09-13,7.6,1.8,7.8
1994-09-14,8.66,1.8,8.86
1994-09-20,7.57,1.8,7.77
1994-09-21,8.73,1.8,8.93
1994-09-27,7.62,1.8,7.82
1994-09-28,8.82,1.8,9.02
1994-10-04,7.57,1.8,7.77
1994-10-05,8.89,1.8,9.09
1994-10-11,7.5,1.9,7.725
1994-10-12,8.93,1.8,9.13
1994-10-18,7.38,1.9,7.605
1994-10-19,8.85,1.8,9.05
1994-10-25,7.45,1.8,7.65
1994-10-26,9.03,1.8,9.23
1994-11-01,7.44,1.8,7.64
1994-11-02,9.05,1.9,9.275
1994-11-07,7.37,1.8,7.57
1994-11-09,9.19,1.8,9.39
1994-11-15,7.35,1.8,7.55
1994-11-16,9.19,1.8,9.39
1994-11-22,7.35,1.8,7.55
1994-11-23,9.25,1.8,9.45
1994-11-29,7.33,1.9,7.555
1994-11-30,9.23,1.8,9.43
1994-12-06,7.18,1.8,7.38
1994-12-07,9.15,1.8,9.35
1994-12-13,7.15,1.8,7.35
1994-12-14,9.25,1.8,9.45
1994-12-20,7.23,1.8,7.43
1994-12-21,9.18,1.8,9.38
1994-12-27,7.11,1.7,7.285
1994-12-28,9.18,1.8,9.38
1995-01-04,9.22,1.8,9.42
1996-01-03,7.02,1.8,7.22
1996-01-10,7.08,1.7,7.255
1996-01-17,7.02,1.7,7.195
1996-01-24,7,1.8,7.2
1996-01-31,7.02,1.8,7.22
1996-02-07,7.02,1.7,7.195
1996-02-14,6.94,1.7,7.115
1996-02-21,7.32,1.7,7.495
1996-02-28,7.41,1.8,7.61
1996-03-06,7.38,1.8,7.58
1996-03-13,7.83,1.7,8.005
1996-03-20,7.81,1.7,7.985
1996-03-27,7.69,1.8,7.89
1996-04-03,7.78,1.7,7.955
1996-04-10,8.05,1.8,8.25
1996-04-17,7.95,1.8,8.15
1996-04-24,7.92,1.8,8.12
1996-05-01,7.99,1.8,8.19
1996-05-08,8.24,1.8,8.44
1996-05-15,8.08,1.7,8.255
1996-05-22,8.01,1.7,8.185
1996-05-29,8.03,1.7,8.205
1996-06-05,8.3,1.7,8.475
1996-06-12,8.39,1.7,8.565
1996-06-19,8.3,1.7,8.475
1996-06-26,8.29,1.7,8.465
1996-07-03,8.14,1.8,8.34
1996-07-10,8.42,1.7,8.595
1996-07-17,8.23,1.8,8.43
1996-07-24,8.19,1.7,8.365
1996-07-31,8.23,1.7,8.405
1996-08-07,7.88,1.7,8.055
1996-08-14,7.88,1.7,8.055
1996-08-21,7.93,1.7,8.105
1996-08-28,8.09,1.7,8.265
1996-09-04,8.34,1.7,8.515
1996-09-11,8.28,1.7,8.455
1996-09-18,8.14,1.7,8.315
1996-09-25,8.16,1.7,8.335
1996-10-02,8.06,1.7,8.235
1996-10-09,7.86,1.7,8.035
1996-10-16,7.88,1.7,8.055
1996-10-23,7.86,1.8,8.06
1996-10-30,7.78,1.8,7.98
1996-11-06,7.67,1.7,7.845
1996-11-13,7.59,1.8,7.79
1996-11-20,7.53,1.8,7.73
1996-11-27,7.52,1.8,7.72
1996-12-04,7.44,1.7,7.615
1996-12-11,7.57,1.7,7.745
1996-12-18,7.74,1.8,7.94
1996-12-25,7.64,1.7,7.815
1997-01-01,7.67,1.7,7.845
1997-01-08,7.85,1.8,8.05
1997-01-15,7.87,1.8,8.07
1997-01-22,7.85,1.8,8.05
1997-01-29,7.88,1.8,8.08
1997-02-05,7.74,1.7,7.915
1997-02-12,7.65,1.7,7.825
1997-02-19,7.56,1.7,7.735
1997-02-26,7.65,1.7,7.825
1997-03-05,7.84,1.7,8.015
1997-03-12,7.84,1.7,8.015
1997-03-19,7.94,1.8,8.14
1997-03-26,7.97,1.8,8.17
1997-04-02,8.18,1.7,8.355
1997-04-09,8.15,1.8,8.35
1997-04-16,8.16,1.7,8.335
1997-04-23,8.08,1.7,8.255
1997-04-30,8.01,1.7,8.185
1997-05-07,7.94,1.6,8.09
1997-05-14,7.91,1.6,8.06
1997-05-21,7.92,1.7,8.095
1997-05-28,7.94,1.7,8.115
1997-06-04,7.85,1.7,8.025
1997-06-11,7.72,1.7,7.895
1997-06-18,7.61,1.7,7.785
1997-06-25,7.58,1.7,7.755
1997-07-02,7.62,1.8,7.82
1997-07-09,7.47,1.8,7.67
1997-07-16,7.47,1.8,7.67
1997-07-23,7.43,1.7,7.605
1997-07-30,7.36,1.7,7.535
1997-08-06,7.46,1.7,7.635
1997-08-13,7.54,1.8,7.74
1997-08-20,7.46,1.7,7.635
1997-08-27,7.58,1.7,7.755
1997-09-03,7.53,1.7,7.705
1997-09-10,7.53,1.7,7.705
1997-09-17,7.38,1.7,7.555
1997-09-24,7.28,1.7,7.455
1997-10-01,7.31,1.7,7.485
1997-10-08,7.26,1.7,7.435
1997-10-15,7.34,1.7,7.515
1997-10-22,7.35,1.8,7.55
1997-10-29,7.21,1.7,7.385
1997-11-05,7.24,1.7,7.415
1997-11-12,7.23,1.7,7.405
1997-11-19,7.18,1.7,7.355
1997-11-26,7.17,1.8,7.37
1997-12-03,7.15,1.8,7.35
1997-12-10,7.17,1.8,7.37
1997-12-17,7.07,1.8,7.27
1997-12-24,6.99,1.8,7.19
1997-12-31,7.03,1.8,7.23
1998-01-07,6.94,1.4,7.04
1998-01-14,6.89,1.3,6.965
1998-01-21,6.99,1.2,7.04
1998-01-28,7.12,1.2,7.17
1998-02-04,7.03,1.2,7.08
1998-02-11,7.06,1.3,7.135
1998-02-18,6.99,1.2,7.04
1998-02-26,7.09,1.2,7.14
1998-03-04,7.19,1.2,7.24
1998-03-11,7.16,1.2,7.21
1998-03-18,7.08,1.1,7.105
1998-03-25,7.08,1.1,7.105
1998-04-01,7.15,1.1,7.175
1998-04-08,7.09,1,7.09
1998-04-15,7.17,1,7.17
1998-04-22,7.15,1,7.15
1998-04-29,7.22,1.1,7.245
1998-05-06,7.14,1.1,7.165
1998-05-13,7.19,1.1,7.215
1998-05-20,7.1,1,7.1
1998-05-27,7.07,1,7.07
1998-06-03,7.05,1,7.05
1998-06-10,7.04,1,7.04
1998-06-17,6.94,1,6.94
1998-06-24,6.96,1,6.96
1998-07-01,6.98,1,6.98
1998-07-08,6.91,1.1,6.935
1998-07-15,6.94,1.1,6.965
1998-07-22,6.96,1.1,6.985
1998-07-29,6.97,1.1,6.995
1998-08-05,6.94,1.1,6.965
1998-08-12,6.91,1.1,6.935
1998-08-19,6.92,1.1,6.945
1998-08-26,6.92,1.1,6.945
1998-09-02,6.82,1,6.82
1998-09-09,6.77,1,6.77
1998-09-16,6.66,0.9,6.635
1998-09-23,6.64,1,6.64
1998-09-30,6.6,1,6.6
1998-10-07,6.49,1,6.49
1998-10-14,6.9,0.9,6.875
1998-10-21,6.73,0.9,6.705
1998-10-28,6.83,0.9,6.805
1998-11-04,6.89,0.9,6.865
1998-11-11,6.93,1,6.93
1998-11-18,6.86,0.9,6.835
1998-11-25,6.78,0.9,6.755
1998-12-02,6.71,0.9,6.685
1998-12-09,6.69,0.9,6.665
1998-12-16,6.69,1,6.69
1998-12-23,6.77,1,6.77
1998-12-29,6.83,1,6.83
1999-01-06,6.79,0.9,6.765
1999-01-13,6.83,1,6.83
1999-01-20,6.78,0.9,6.755
1999-01-27,6.74,0.9,6.715
1999-02-03,6.75,1,6.75
1999-02-10,6.77,1,6.77
1999-02-17,6.82,1,6.82
1999-02-24,6.89,1,6.89
1999-03-03,7.06,1,7.06
1999-03-10,7.11,0.8,7.06
1999-03-17,7.01,0.9,6.985
1999-03-24,6.98,0.9,6.955
1999-03-31,6.98,0.9,6.955
1999-04-07,6.92,1,6.92
1999-04-14,6.87,1,6.87
1999-04-21,6.88,1,6.88
1999-04-28,6.93,1,6.93
1999-05-05,7.02,1,7.02
1999-05-12,7.1,1,7.1
1999-05-19,7.23,1,7.23
1999-05-26,7.23,1,7.23
1999-06-02,7.41,1,7.41
1999-06-09,7.51,1,7.51
1999-06-16,7.65,1,7.65
1999-06-23,7.63,1,7.63
1999-06-30,7.71,1,7.71
1999-07-07,7.65,1,7.65
1999-07-14,7.58,1,7.58
1999-07-21,7.52,1,7.52
1999-07-28,7.7,1,7.7
1999-08-04,7.89,1,7.89
1999-08-11,8.15,1,8.15
1999-08-18,7.93,1,7.93
1999-08-25,7.8,1,7.8
1999-09-01,7.83,0.9,7.805
1999-09-08,7.88,1,7.88
1999-09-15,7.82,1,7.82
1999-09-22,7.76,1,7.76
1999-09-29,7.7,1,7.7
1999-10-06,7.82,1,7.82
1999-10-13,7.85,1,7.85
1999-10-20,7.93,1,7.93
1999-10-27,7.96,1,7.96
1999-11-03,7.84,1,7.84
1999-11-10,7.67,1,7.67
1999-11-17,7.69,1,7.69
1999-11-24,7.75,1,7.75
1999-12-01,7.84,1,7.84
1999-12-08,7.84,1,7.84
1999-12-15,7.86,1,7.86
1999-12-22,7.96,1,7.96
1999-12-29,8.06,1,8.06
2000-01-05,8.15,1,8.15
2000-01-12,8.18,1,8.18
2000-01-19,8.26,1,8.26
2000-01-26,8.25,1,8.25
2000-02-02,8.25,1,8.25
2000-02-09,8.36,1,8.36
2000-02-16,8.38,0.9,8.355
2000-02-23,8.31,1,8.31
2000-03-01,8.27,1,8.27
2000-03-08,8.23,0.9,8.205
2000-03-15,8.24,1,8.24
2000-03-22,8.23,1,8.23
2000-03-29,8.23,1,8.23
2000-04-05,8.2,1,8.2
2000-04-12,8.12,0.9,8.095
2000-04-19,8.16,1,8.16
2000-04-26,8.13,1,8.13
2000-05-03,8.28,1,8.28
2000-05-10,8.52,1,8.52
2000-05-17,8.64,1,8.64
2000-05-24,8.62,1,8.62
2000-05-31,8.54,0.9,8.515
2000-06-07,8.32,0.9,8.295
2000-06-14,8.22,1,8.22
2000-06-21,8.14,1,8.14
2000-06-28,8.22,0.9,8.195
2000-07-05,8.16,1,8.16
2000-07-12,8.09,0.9,8.065
2000-07-19,8.21,0.9,8.185
2000-07-26,8.13,0.9,8.105
2000-08-02,8.12,1,8.12
2000-08-09,8.04,0.9,8.015
2000-08-16,7.96,1,7.96
2000-08-23,7.99,1,7.99
2000-08-30,7.96,1,7.96
2000-09-06,7.94,1,7.94
2000-09-13,7.88,1,7.88
2000-09-20,7.9,1,7.9
2000-09-27,7.88,1,7.88
2000-10-04,7.83,1,7.83
2000-10-11,7.84,1,7.84
2000-10-18,7.83,0.9,7.805
2000-10-25,7.68,1,7.68
2000-11-01,7.73,0.9,7.705
2000-11-08,7.79,0.9,7.765
2000-11-15,7.73,0.9,7.705
2000-11-22,7.73,0.9,7.705
2000-11-29,7.65,0.9,7.625
2000-12-06,7.54,1,7.54
2000-12-13,7.42,0.9,7.395
2000-12-20,7.17,1,7.17
2000-12-27,7.13,1,7.13
2001-01-03,7.07,1,7.07
2001-01-10,6.89,0.9,6.865
2001-01-17,7.02,0.9,6.995
2001-01-24,7.15,0.8,7.1
2001-01-31,7.09,1,7.09
2001-02-07,6.98,1,6.98
2001-02-14,7.01,0.9,6.985
2001-02-21,7.12,0.9,7.095
2001-02-28,7.03,0.9,7.005
2001-03-07,6.97,0.9,6.945
2001-03-14,6.96,0.9,6.935
2001-03-21,6.89,1,6.89
2001-03-28,6.91,0.9,6.885
2001-04-04,7.01,0.9,6.985
2001-04-11,7.04,0.8,6.99
2001-04-18,7.14,0.9,7.115
2001-04-25,7.12,1,7.12
2001-05-02,7.14,0.9,7.115
2001-05-09,7.1,0.9,7.075
2001-05-16,7.14,1,7.14
2001-05-23,7.2,1,7.2
2001-05-30,7.24,0.9,7.215
2001-06-06,7.2,1,7.2
2001-06-13,7.14,0.9,7.115
2001-06-20,7.11,1,7.11
2001-06-27,7.11,1,7.11
2001-07-04,7.19,0.9,7.165
2001-07-11,7.21,0.9,7.185
2001-07-18,7.08,0.9,7.055
2001-07-25,7.03,0.9,7.005
2001-08-01,7,0.9,6.975
2001-08-08,7,0.9,6.975
2001-08-15,6.92,0.9,6.895
2001-08-22,6.91,0.9,6.885
2001-08-29,6.92,0.9,6.895
2001-09-05,6.89,0.9,6.865
2001-09-12,6.86,0.9,6.835
2001-09-19,6.8,0.9,6.775
2001-09-26,6.72,0.9,6.695
2001-10-03,6.64,0.8,6.59
2001-10-10,6.58,0.9,6.555
2001-10-17,6.61,0.9,6.585
2001-10-24,6.64,0.8,6.59
2001-10-31,6.56,0.9,6.535
2001-11-07,6.45,0.8,6.4
2001-11-14,6.51,0.8,6.46
2001-11-21,6.75,0.8,6.7
2001-11-28,7.02,0.7,6.945
2001-12-05,6.84,0.7,6.765
2001-12-12,7.09,0.8,7.04
2001-12-19,7.17,0.7,7.095
2001-12-26,7.16,0.8,7.11
2002-01-02,7.14,0.8,7.09
2002-01-09,7.06,0.8,7.01
2002-01-16,6.83,0.7,6.755
2002-01-23,6.96,0.7,6.885
2002-01-30,7.02,0.7,6.945
2002-02-06,6.88,0.7,6.805
2002-02-13,6.86,0.7,6.785
2002-02-20,6.81,0.7,6.735
2002-02-27,6.8,0.7,6.725
2002-03-06,6.87,0.7,6.795
2002-03-13,7.08,0.7,7.005
2002-03-20,7.14,0.7,7.065
2002-03-27,7.18,0.7,7.105
2002-04-03,7.13,0.7,7.055
2002-04-10,6.99,0.8,6.94
2002-04-17,6.94,0.7,6.865
2002-04-24,6.88,0.7,6.805
2002-05-01,6.78,0.7,6.705
2002-05-08,6.79,0.7,6.715
2002-05-15,6.89,0.7,6.815
2002-05-22,6.81,0.7,6.735
2002-05-29,6.76,0.8,6.71
2002-06-05,6.71,0.7,6.635
2002-06-12,6.71,0.7,6.635
2002-06-19,6.63,0.5,6.505
2002-06-26,6.55,0.5,6.425
2002-07-03,6.57,0.5,6.445
2002-07-10,6.54,0.5,6.415
2002-07-17,6.49,0.6,6.39
2002-07-24,6.34,0.6,6.24
2002-07-31,6.43,0.6,6.33
2002-08-07,6.31,0.6,6.21
2002-08-14,6.22,0.6,6.12
2002-08-21,6.27,0.7,6.195
2002-08-28,6.22,0.7,6.145
2002-09-04,6.15,0.6,6.05
2002-09-11,6.18,0.6,6.08
2002-09-18,6.05,0.7,5.975
2002-09-25,5.99,0.6,5.89
2002-10-02,6.01,0.5,5.885
2002-10-09,5.98,0.6,5.88
2002-10-16,6.15,0.5,6.025
2002-10-23,6.31,0.6,6.21
2002-10-30,6.13,0.6,6.03
2002-11-06,6.11,0.6,6.01
2002-11-13,5.94,0.6,5.84
2002-11-20,6.03,0.6,5.93
2002-11-27,6.13,0.6,6.03
2002-12-04,6.19,0.5,6.065
2002-12-11,6.04,0.5,5.915
2002-12-18,6.03,0.6,5.93
2002-12-25,5.93,0.6,5.83
2003-01-01,5.85,0.6,5.75
2003-01-08,5.95,0.5,5.825
2003-01-15,5.97,0.6,5.87
2003-01-22,5.91,0.6,5.81
2003-01-29,5.9,0.6,5.8
2003-02-05,5.88,0.7,5.805
2003-02-12,5.86,0.6,5.76
2003-02-19,5.84,0.6,5.74
2003-02-26,5.79,0.6,5.69
2003-03-05,5.67,0.6,5.57
2003-03-12,5.61,0.6,5.51
2003-03-19,5.79,0.6,5.69
2003-03-26,5.91,0.6,5.81
2003-04-02,5.79,0.6,5.69
2003-04-09,5.85,0.6,5.75
2003-04-16,5.82,0.6,5.72
2003-04-23,5.79,0.6,5.69
2003-04-30,5.7,0.6,5.6
2003-05-07,5.62,0.7,5.545
2003-05-14,5.45,0.6,5.35
2003-05-21,5.34,0.7,5.265
2003-05-28,5.31,0.6,5.21
2003-06-04,5.26,0.5,5.135
2003-06-11,5.21,0.5,5.085
2003-06-18,5.21,0.6,5.11
2003-06-25,5.24,0.6,5.14
2003-07-02,5.4,0.5,5.275
2003-07-09,5.52,0.6,5.42
2003-07-16,5.67,0.5,5.545
2003-07-23,5.94,0.4,5.79
2003-07-30,6.14,0.5,6.015
2003-08-06,6.34,0.7,6.265
2003-08-13,6.24,0.7,6.165
2003-08-20,6.28,0.8,6.23
2003-08-27,6.32,0.7,6.245
2003-09-03,6.44,0.6,6.34
2003-09-10,6.16,0.6,6.06
2003-09-17,6.01,0.5,5.885
2003-09-24,5.98,0.6,5.88
2003-10-01,5.77,0.6,5.67
2003-10-08,5.95,0.6,5.85
2003-10-15,6.05,0.5,5.925
2003-10-22,6.05,0.7,5.975
2003-10-29,5.94,0.6,5.84
2003-11-05,5.98,0.7,5.905
2003-11-12,6.03,0.6,5.93
2003-11-19,5.83,0.6,5.73
2003-11-26,5.89,0.6,5.79
2003-12-03,6.02,0.6,5.92
2003-12-10,5.88,0.7,5.805
2003-12-17,5.82,0.7,5.745
2003-12-24,5.81,0.7,5.735
2003-12-29,5.85,0.7,5.775
2004-01-06,5.87,0.7,5.795
2004-01-13,5.66,0.6,5.56
2004-01-20,5.64,0.6,5.54
2004-01-27,5.68,0.7,5.605
2004-02-03,5.72,0.6,5.62
2004-02-10,5.66,0.7,5.585
2004-02-17,5.58,0.6,5.48
2004-02-24,5.58,0.7,5.505
2004-03-02,5.59,0.7,5.515
2004-03-09,5.41,0.6,5.31
2004-03-16,5.38,0.7,5.305
2004-03-23,5.4,0.7,5.325
2004-03-30,5.52,0.6,5.42
2004-04-06,5.79,0.7,5.715
2004-04-13,5.89,0.6,5.79
2004-04-20,5.94,0.7,5.865
2004-04-27,6.01,0.7,5.935
2004-05-04,6.12,0.7,6.045
2004-05-11,6.34,0.7,6.265
2004-05-18,6.3,0.7,6.225
2004-05-25,6.32,0.6,6.22
2004-06-01,6.28,0.7,6.205
2004-06-08,6.3,0.7,6.225
2004-06-15,6.32,0.5,6.195
2004-06-22,6.25,0.6,6.15
2004-06-29,6.21,0.6,6.11
2004-07-06,6.01,0.6,5.91
2004-07-13,6,0.6,5.9
2004-07-20,5.98,0.6,5.88
2004-07-27,6.08,0.6,5.98
2004-08-03,5.99,0.7,5.915
2004-08-10,5.85,0.6,5.75
2004-08-17,5.81,0.7,5.735
2004-08-24,5.82,0.7,5.745
2004-08-31,5.77,0.8,5.72
2004-09-07,5.83,0.8,5.78
2004-09-14,5.75,0.8,5.7
2004-09-21,5.7,0.7,5.625
2004-09-28,5.72,0.6,5.62
2004-10-05,5.82,0.6,5.72
2004-10-12,5.74,0.6,5.64
2004-10-19,5.69,0.7,5.615
2004-10-26,5.64,0.7,5.565
2004-11-02,5.7,0.6,5.6
2004-11-09,5.76,0.7,5.685
2004-11-16,5.74,0.6,5.64
2004-11-22,5.72,0.6,5.62
2004-11-30,5.81,0.6,5.71
2004-12-07,5.71,0.7,5.635
2004-12-14,5.68,0.6,5.58
2004-12-20,5.75,0.6,5.65
2004-12-27,5.81,0.6,5.71
2005-01-04,5.77,0.7,5.695
2005-01-11,5.74,0.6,5.64
2005-01-18,5.67,0.7,5.595
2005-01-25,5.66,0.6,5.56
2005-02-01,5.63,0.7,5.555
2005-02-08,5.57,0.8,5.52
2005-02-15,5.62,0.7,5.545
2005-02-22,5.69,0.7,5.615
2005-03-01,5.79,0.7,5.715
2005-03-08,5.85,0.6,5.75
2005-03-15,5.95,0.7,5.875
2005-03-22,6.01,0.7,5.935
2005-03-29,6.04,0.7,5.965
2005-04-05,5.93,0.7,5.855
2005-04-12,5.91,0.7,5.835
2005-04-19,5.8,0.5,5.675
2005-04-26,5.78,0.6,5.68
2005-05-03,5.75,0.6,5.65
2005-05-10,5.77,0.5,5.645
2005-05-17,5.71,0.7,5.635
2005-05-24,5.65,0.6,5.55
2005-05-31,5.62,0.6,5.52
2005-06-07,5.56,0.6,5.46
2005-06-14,5.63,0.5,5.505
2005-06-21,5.57,0.6,5.47
2005-06-28,5.53,0.6,5.43
2005-07-05,5.62,0.6,5.52
2005-07-12,5.66,0.6,5.56
2005-07-19,5.73,0.4,5.58
2005-07-26,5.77,0.5,5.645
2005-08-02,5.82,0.6,5.72
2005-08-09,5.89,0.5,5.765
2005-08-16,5.8,0.5,5.675
2005-08-23,5.77,0.5,5.645
2005-08-30,5.71,0.6,5.61
2005-09-06,5.71,0.6,5.61
2005-09-13,5.74,0.6,5.64
2005-09-20,5.8,0.6,5.7
2005-09-27,5.91,0.5,5.785
2005-10-04,5.98,0.5,5.855
2005-10-11,6.03,0.6,5.93
2005-10-18,6.1,0.5,5.975
2005-10-25,6.15,0.5,6.025
2005-11-01,6.31,0.5,6.185
2005-11-08,6.36,0.5,6.235
2005-11-15,6.37,0.6,6.27
2005-11-21,6.28,0.6,6.18
2005-11-29,6.26,0.5,6.135
2005-12-06,6.32,0.6,6.22
2005-12-13,6.3,0.5,6.175
2005-12-20,6.26,0.6,6.16
2005-12-27,6.22,0.5,6.095
2006-01-03,6.21,0.5,6.085
2006-01-10,6.15,0.6,6.05
2006-01-17,6.1,0.5,5.975
2006-01-24,6.12,0.5,5.995
2006-01-31,6.23,0.5,6.105
2006-02-07,6.24,0.6,6.14
2006-02-14,6.28,0.5,6.155
2006-02-21,6.26,0.6,6.16
2006-02-28,6.24,0.6,6.14
2006-03-07,6.37,0.6,6.27
2006-03-14,6.34,0.7,6.265
2006-03-21,6.32,0.6,6.22
2006-03-28,6.35,0.5,6.225
2006-04-04,6.43,0.6,6.33
2006-04-11,6.49,0.6,6.39
2006-04-18,6.53,0.6,6.43
2006-04-25,6.58,0.5,6.455
2006-05-02,6.59,0.6,6.49
2006-05-09,6.58,0.5,6.455
2006-05-16,6.6,0.5,6.475
2006-05-23,6.62,0.4,6.47
2006-05-30,6.67,0.4,6.52
2006-06-06,6.62,0.5,6.495
2006-06-13,6.63,0.5,6.505
2006-06-20,6.71,0.5,6.585
2006-06-27,6.78,0.5,6.655
2006-07-04,6.79,0.5,6.665
2006-07-11,6.74,0.6,6.64
2006-07-18,6.8,0.5,6.675
2006-07-25,6.72,0.3,6.545
2006-08-01,6.63,0.3,6.455
2006-08-08,6.55,0.4,6.4
2006-08-15,6.52,0.3,6.345
2006-08-22,6.48,0.4,6.33
2006-08-29,6.44,0.4,6.29
2006-09-05,6.47,0.4,6.32
2006-09-12,6.43,0.5,6.305
2006-09-19,6.4,0.5,6.275
2006-09-26,6.31,0.4,6.16
2006-10-03,6.3,0.3,6.125
2006-10-10,6.37,0.5,6.245
2006-10-17,6.36,0.5,6.235
2006-10-24,6.4,0.4,6.25
2006-10-31,6.31,0.4,6.16
2006-11-07,6.33,0.6,6.23
2006-11-14,6.24,0.5,6.115
2006-11-20,6.18,0.5,6.055
2006-11-28,6.14,0.4,5.99
2006-12-05,6.11,0.5,5.985
2006-12-12,6.12,0.4,5.97
2006-12-19,6.13,0.4,5.98
2006-12-26,6.18,0.4,6.03
2007-01-02,6.18,0.4,6.03
2007-01-09,6.21,0.4,6.06
2007-01-16,6.23,0.4,6.08
2007-01-23,6.25,0.4,6.1
2007-01-30,6.34,0.4,6.19
2007-02-06,6.28,0.3,6.105
2007-02-13,6.3,0.4,6.15
2007-02-20,6.22,0.5,6.095
2007-02-27,6.18,0.4,6.03
2007-03-06,6.14,0.5,6.015
2007-03-13,6.14,0.4,5.99
2007-03-20,6.16,0.4,6.01
2007-03-27,6.16,0.4,6.01
2007-04-03,6.17,0.4,6.02
2007-04-10,6.22,0.4,6.07
2007-04-17,6.17,0.5,6.045
2007-04-24,6.16,0.5,6.035
2007-05-01,6.16,0.5,6.035
2007-05-08,6.15,0.5,6.025
2007-05-15,6.21,0.4,6.06
2007-05-22,6.37,0.4,6.22
2007-05-29,6.42,0.4,6.27
2007-06-05,6.53,0.4,6.38
2007-06-12,6.74,0.4,6.59
2007-06-19,6.69,0.5,6.565
2007-06-26,6.67,0.4,6.52
2007-07-03,6.63,0.4,6.48
2007-07-10,6.73,0.4,6.58
2007-07-17,6.73,0.4,6.58
2007-07-24,6.69,0.4,6.54
2007-07-31,6.68,0.3,6.505
2007-08-07,6.59,0.4,6.44
2007-08-14,6.62,0.4,6.47
2007-08-21,6.52,0.4,6.37
2007-08-28,6.45,0.5,6.325
2007-09-04,6.46,0.5,6.335
2007-09-11,6.31,0.5,6.185
2007-09-18,6.34,0.5,6.215
2007-09-25,6.42,0.5,6.295
2007-10-02,6.37,0.5,6.245
2007-10-09,6.4,0.4,6.25
2007-10-16,6.4,0.5,6.275
2007-10-23,6.33,0.5,6.205
2007-10-30,6.26,0.4,6.11
2007-11-06,6.24,0.4,6.09
2007-11-13,6.24,0.4,6.09
2007-11-19,6.2,0.5,6.075
2007-11-27,6.1,0.5,5.975
2007-12-04,5.96,0.4,5.81
2007-12-11,6.11,0.5,5.985
2007-12-18,6.14,0.4,5.99
2008-01-08,5.87,0.4,5.72
2008-01-15,5.69,0.5,5.565
2008-01-22,5.48,0.4,5.33
2008-01-29,5.68,0.4,5.53
2008-02-05,5.67,0.4,5.52
2008-02-12,5.72,0.4,5.57
2008-02-19,6.04,0.6,5.94
2008-02-26,6.24,0.5,6.115
2008-03-04,6.03,0.5,5.905
2008-03-11,6.13,0.5,6.005
2008-03-18,5.87,0.5,5.745
2008-03-25,5.85,0.4,5.7
2008-04-01,5.88,0.5,5.755
2008-04-08,5.88,0.4,5.73
2008-04-15,5.88,0.4,5.73
2008-04-22,6.03,0.3,5.855
2008-04-29,6.06,0.5,5.935
2008-05-06,6.05,0.3,5.875
2008-05-13,6.01,0.6,5.91
2008-05-20,5.98,0.5,5.855
2008-05-27,6.08,0.6,5.98
2008-06-03,6.09,0.6,5.99
2008-06-10,6.32,0.7,6.245
2008-06-17,6.42,0.7,6.345
2008-06-24,6.45,0.6,6.35
2008-07-01,6.35,0.6,6.25
2008-07-08,6.37,0.6,6.27
2008-07-15,6.26,0.6,6.16
2008-07-22,6.63,0.6,6.53
2008-07-29,6.52,0.7,6.445
2008-08-05,6.52,0.7,6.445
2008-08-12,6.52,0.7,6.445
2008-08-19,6.47,0.7,6.395
2008-08-26,6.4,0.6,6.3
2008-09-02,6.35,0.7,6.275
2008-09-09,5.93,0.7,5.855
2008-09-16,5.78,0.6,5.68
2008-09-23,6.09,0.7,6.015
2008-09-30,6.1,0.6,6
2008-10-07,5.94,0.6,5.84
2008-10-14,6.46,0.6,6.36
2008-10-21,6.04,0.6,5.94
2008-10-28,6.46,0.7,6.385
2008-11-04,6.2,0.7,6.125
2008-11-18,6.04,0.7,5.965
2008-11-24,5.97,0.7,5.895
2008-12-02,5.53,0.7,5.455
2008-12-09,5.47,0.7,5.395
2008-12-16,5.19,0.7,5.115
2008-12-22,5.14,0.8,5.09
2008-12-29,5.1,0.7,5.025
2009-01-06,5.01,0.6,4.91
2009-01-13,4.96,0.7,4.885
2009-01-20,5.12,0.7,5.045
2009-01-27,5.1,0.7,5.025
2009-02-03,5.25,0.8,5.2
2009-02-10,5.16,0.7,5.085
2009-02-17,5.04,0.7,4.965
2009-02-24,5.07,0.7,4.995
2009-03-03,5.15,0.7,5.075
2009-03-10,5.03,0.7,4.955
2009-03-17,4.98,0.7,4.905
2009-03-24,4.85,0.7,4.775
2009-03-31,4.78,0.7,4.705
2009-04-07,4.87,0.7,4.795
2009-04-14,4.82,0.6,4.72
2009-04-21,4.8,0.7,4.725
2009-04-28,4.78,0.7,4.705
2009-05-05,4.84,0.7,4.765
2009-05-12,4.86,0.6,4.76
2009-05-19,4.82,0.7,4.745
2009-05-26,4.91,0.7,4.835
2009-06-02,5.29,0.7,5.215
2009-06-09,5.59,0.7,5.515
2009-06-16,5.38,0.7,5.305
2009-06-23,5.42,0.7,5.345
2009-06-30,5.32,0.7,5.245
2009-07-07,5.2,0.7,5.125
2009-07-14,5.14,0.7,5.065
2009-07-21,5.2,0.7,5.125
2009-07-28,5.25,0.7,5.175
2009-08-04,5.22,0.6,5.12
2009-08-11,5.29,0.7,5.215
2009-08-18,5.12,0.7,5.045
2009-08-25,5.14,0.7,5.065
2009-09-01,5.08,0.7,5.005
2009-09-08,5.07,0.7,4.995
2009-09-15,5.04,0.7,4.965
2009-09-22,5.04,0.6,4.94
2009-09-29,4.94,0.7,4.865
2009-10-06,4.87,0.7,4.795
2009-10-13,4.92,0.7,4.845
2009-10-20,5,0.7,4.925
2009-10-27,5.03,0.7,4.955
2009-11-03,4.98,0.7,4.905
2009-11-10,4.91,0.7,4.835
2009-11-17,4.83,0.7,4.755
2009-11-23,4.78,0.7,4.705
2009-12-01,4.71,0.7,4.635
2009-12-08,4.81,0.7,4.735
2009-12-15,4.94,0.7,4.865
2009-12-22,5.05,0.7,4.975
2009-12-29,5.14,0.7,5.065
2010-01-05,5.09,0.7,5.015
2010-01-12,5.06,0.7,4.985
2010-01-19,4.99,0.7,4.915
2010-01-26,4.98,0.6,4.88
2010-02-02,5.01,0.7,4.935
2010-02-09,4.97,0.7,4.895
2010-02-16,4.93,0.7,4.855
2010-02-23,5.05,0.7,4.975
2010-03-02,4.97,0.7,4.895
2010-03-09,4.95,0.7,4.875
2010-03-16,4.96,0.7,4.885
2010-03-23,4.99,0.6,4.89
2010-03-30,5.08,0.7,5.005
2010-04-06,5.21,0.6,5.11
2010-04-13,5.07,0.6,4.97
2010-04-20,5.07,0.7,4.995
2010-04-27,5.06,0.7,4.985
2010-05-04,5,0.7,4.925
2010-05-11,4.93,0.7,4.855
2010-05-18,4.84,0.7,4.765
2010-05-25,4.78,0.7,4.705
2010-06-01,4.79,0.8,4.74
2010-06-08,4.72,0.7,4.645
2010-06-15,4.75,0.7,4.675
2010-06-22,4.69,0.7,4.615
2010-06-29,4.58,0.7,4.505
2010-07-06,4.57,0.7,4.495
2010-07-13,4.57,0.7,4.495
2010-07-20,4.56,0.7,4.485
2010-07-27,4.54,0.7,4.465
2010-08-03,4.49,0.7,4.415
2010-08-10,4.44,0.7,4.365
2010-08-17,4.42,0.7,4.345
2010-08-24,4.36,0.7,4.285
2010-08-31,4.32,0.7,4.245
2010-09-07,4.35,0.7,4.275
2010-09-14,4.37,0.7,4.295
2010-09-21,4.37,0.7,4.295
2010-09-28,4.32,0.8,4.27
2010-10-05,4.27,0.8,4.22
2010-10-12,4.19,0.8,4.14
2010-10-19,4.21,0.8,4.16
2010-10-26,4.23,0.8,4.18
2010-11-02,4.24,0.8,4.19
2010-11-09,4.17,0.8,4.12
2010-11-16,4.39,0.9,4.365
2010-11-22,4.4,0.8,4.35
2010-11-30,4.46,0.8,4.41
2010-12-07,4.61,0.7,4.535
2010-12-14,4.83,0.7,4.755
2010-12-21,4.81,0.7,4.735
2010-12-28,4.86,0.8,4.81
2011-01-04,4.77,0.8,4.72
2011-01-11,4.71,0.8,4.66
2011-01-18,4.74,0.8,4.69
2011-01-25,4.8,0.7,4.725
2011-02-01,4.81,0.8,4.76
2011-02-08,5.05,0.7,4.975
2011-02-15,5,0.7,4.925
2011-02-22,4.95,0.6,4.85
2011-03-01,4.87,0.7,4.795
2011-03-08,4.88,0.7,4.805
2011-03-15,4.76,0.7,4.685
2011-03-22,4.81,0.7,4.735
2011-03-29,4.86,0.7,4.785
2011-04-05,4.87,0.7,4.795
2011-04-12,4.91,0.6,4.81
2011-04-19,4.8,0.7,4.725
2011-04-26,4.78,0.7,4.705
2011-05-03,4.71,0.7,4.635
2011-05-10,4.63,0.7,4.555
2011-05-17,4.61,0.7,4.535
2011-05-24,4.6,0.7,4.525
2011-05-31,4.55,0.6,4.45
2011-06-07,4.49,0.7,4.415
2011-06-14,4.5,0.7,4.425
2011-06-21,4.5,0.8,4.45
2011-06-28,4.51,0.7,4.435
2011-07-05,4.6,0.7,4.525
2011-07-12,4.51,0.7,4.435
2011-07-19,4.52,0.7,4.445
2011-07-26,4.55,0.8,4.5
2011-08-02,4.39,0.8,4.34
2011-08-09,4.32,0.7,4.245
2011-08-16,4.15,0.7,4.075
2011-08-23,4.22,0.7,4.145
2011-08-30,4.22,0.7,4.145
2011-09-06,4.12,0.7,4.045
2011-09-13,4.09,0.7,4.015
2011-09-20,4.09,0.7,4.015
2011-09-27,4.01,0.7,3.935
2011-10-04,3.94,0.8,3.89
2011-10-11,4.12,0.8,4.07
2011-10-18,4.11,0.8,4.06
2011-10-25,4.1,0.8,4.05
2011-11-01,4,0.7,3.925
2011-11-08,3.99,0.7,3.915
2011-11-15,4,0.7,3.925
2011-11-21,3.98,0.7,3.905
2011-11-29,4,0.7,3.925
2011-12-06,3.99,0.7,3.915
2011-12-13,3.94,0.8,3.89
2011-12-20,3.91,0.7,3.835
2011-12-27,3.95,0.7,3.875
2012-01-03,3.91,0.8,3.86
2012-01-10,3.89,0.7,3.815
2012-01-17,3.88,0.8,3.83
2012-01-24,3.98,0.7,3.905
2012-01-31,3.87,0.8,3.82
2012-02-07,3.87,0.8,3.82
2012-02-14,3.87,0.8,3.82
2012-02-21,3.95,0.8,3.9
2012-02-28,3.9,0.8,3.85
2012-03-06,3.88,0.8,3.83
2012-03-13,3.92,0.8,3.87
2012-03-20,4.08,0.8,4.03
2012-03-27,3.99,0.7,3.915
2012-04-03,3.98,0.7,3.905
2012-04-10,3.88,0.7,3.805
2012-04-17,3.9,0.8,3.85
2012-04-24,3.88,0.7,3.805
2012-05-01,3.84,0.8,3.79
2012-05-08,3.83,0.7,3.755
2012-05-15,3.79,0.7,3.715
2012-05-22,3.78,0.8,3.73
2012-05-29,3.75,0.8,3.7
2012-06-05,3.67,0.7,3.595
2012-06-12,3.71,0.7,3.635
2012-06-19,3.66,0.7,3.585
2012-06-26,3.66,0.7,3.585
2012-07-03,3.62,0.8,3.57
2012-07-10,3.56,0.7,3.485
2012-07-17,3.53,0.7,3.455
2012-07-24,3.49,0.7,3.415
2012-07-31,3.55,0.7,3.475
2012-08-07,3.59,0.6,3.49
2012-08-14,3.62,0.6,3.52
2012-08-21,3.66,0.7,3.585
2012-08-28,3.59,0.6,3.49
2012-09-04,3.55,0.7,3.475
2012-09-11,3.55,0.6,3.45
2012-09-18,3.49,0.6,3.39
2012-09-25,3.4,0.6,3.3
2012-10-02,3.36,0.6,3.26
2012-10-09,3.39,0.7,3.315
2012-10-16,3.37,0.7,3.295
2012-10-23,3.41,0.7,3.335
2012-11-06,3.4,0.7,3.325
2012-11-13,3.34,0.7,3.265
2012-11-19,3.31,0.7,3.235
2012-11-27,3.32,0.8,3.27
2012-12-04,3.34,0.7,3.265
2012-12-11,3.32,0.7,3.245
2012-12-18,3.37,0.7,3.295
2013-01-08,3.4,0.7,3.325
2013-01-15,3.38,0.7,3.305
2013-01-22,3.42,0.7,3.345
2013-01-29,3.53,0.7,3.455
2013-02-05,3.53,0.8,3.48
2013-02-12,3.53,0.8,3.48
2013-02-19,3.56,0.8,3.51
2013-02-26,3.51,0.8,3.46
2013-03-05,3.52,0.7,3.445
2013-03-12,3.63,0.8,3.58
2013-03-19,3.54,0.8,3.49
2013-03-26,3.57,0.8,3.52
2013-04-02,3.54,0.8,3.49
2013-04-09,3.43,0.8,3.38
2013-04-16,3.41,0.7,3.335
2013-04-23,3.4,0.8,3.35
2013-04-30,3.35,0.7,3.275
2013-05-07,3.42,0.7,3.345
2013-05-14,3.51,0.7,3.435
2013-05-21,3.59,0.7,3.515
2013-05-28,3.81,0.8,3.76
2013-06-04,3.91,0.7,3.835
2013-06-11,3.98,0.7,3.905
2013-06-18,3.93,0.8,3.88
2013-06-25,4.46,0.8,4.41
2013-07-01,4.29,0.7,4.215
2013-07-09,4.51,0.8,4.46
2013-07-16,4.37,0.7,4.295
2013-07-23,4.31,0.8,4.26
2013-07-30,4.39,0.7,4.315
2013-08-06,4.4,0.7,4.325
2013-08-13,4.4,0.7,4.325
2013-08-20,4.58,0.8,4.53
2013-08-27,4.51,0.7,4.435
2013-09-03,4.57,0.7,4.495
2013-09-10,4.57,0.8,4.52
2013-09-17,4.5,0.7,4.425
2013-09-24,4.32,0.7,4.245
2013-10-01,4.22,0.7,4.145
2013-10-08,4.23,0.7,4.155
2013-10-15,4.28,0.7,4.205
2013-10-22,4.13,0.8,4.08
2013-10-29,4.1,0.7,4.025
2013-11-05,4.16,0.8,4.11
2013-11-12,4.35,0.7,4.275
2013-11-19,4.22,0.7,4.145
2013-11-25,4.29,0.7,4.215
2013-12-03,4.46,0.5,4.335
2013-12-10,4.42,0.7,4.345
2013-12-17,4.47,0.7,4.395
2013-12-24,4.48,0.7,4.405
2013-12-31,4.53,0.8,4.48
2014-01-07,4.51,0.7,4.435
2014-01-14,4.41,0.7,4.335
2014-01-21,4.39,0.7,4.315
2014-01-28,4.32,0.7,4.245
2014-02-04,4.23,0.7,4.155
2014-02-11,4.28,0.7,4.205
2014-02-18,4.33,0.7,4.255
2014-02-25,4.37,0.7,4.295
2014-03-04,4.28,0.7,4.205
2014-03-11,4.37,0.6,4.27
2014-03-18,4.32,0.6,4.22
2014-03-25,4.4,0.6,4.3
2014-04-01,4.41,0.7,4.335
2014-04-08,4.34,0.7,4.265
2014-04-15,4.27,0.7,4.195
2014-04-22,4.33,0.6,4.23
2014-04-29,4.29,0.7,4.215
2014-05-06,4.21,0.6,4.11
2014-05-13,4.2,0.6,4.1
2014-05-20,4.14,0.6,4.04
2014-05-27,4.12,0.6,4.02
2014-06-03,4.14,0.5,4.015
2014-06-10,4.2,0.6,4.1
2014-06-17,4.17,0.6,4.07
2014-06-24,4.14,0.5,4.015
2014-07-01,4.12,0.5,3.995
2014-07-08,4.15,0.7,4.075
2014-07-15,4.13,0.6,4.03
2014-07-22,4.13,0.6,4.03
2014-07-29,4.12,0.6,4.02
2014-08-05,4.14,0.7,4.065
2014-08-12,4.12,0.6,4.02
2014-08-19,4.1,0.5,3.975
2014-08-26,4.1,0.5,3.975
2014-09-02,4.1,0.5,3.975
2014-09-09,4.12,0.5,3.995
2014-09-16,4.23,0.5,4.105
2014-09-23,4.2,0.5,4.075
2014-09-30,4.19,0.4,4.04
2014-10-07,4.12,0.5,3.995
2014-10-14,3.97,0.5,3.845
2014-10-21,3.92,0.5,3.795
2014-10-28,3.98,0.5,3.855
2014-11-04,4.02,0.5,3.895
2014-11-18,3.99,0.5,3.865
2014-11-24,3.97,0.5,3.845
2014-12-02,3.89,0.5,3.765
2014-12-09,3.93,0.5,3.805
2014-12-16,3.8,0.6,3.7
2014-12-22,3.83,0.6,3.73
2014-12-29,3.87,0.6,3.77
2015-01-06,3.73,0.6,3.63
2015-01-13,3.66,0.6,3.56
2015-01-20,3.63,0.7,3.555
2015-01-27,3.66,0.6,3.56
1971-03-30,7.33,0,7.08
1971-04-06,7.31,0,7.06
1971-04-13,7.31,0,7.06
1971-04-20,7.31,0,7.06
1971-04-27,7.29,0,7.04
1971-05-04,7.38,0,7.13
1971-05-11,7.42,0,7.17
1971-05-18,7.44,0,7.19
1971-05-25,7.46,1,7.46
1971-06-01,7.52,0,7.27
1971-06-08,7.52,0,7.27
1971-06-15,7.54,1.2,7.59
1971-06-22,7.54,0,7.29
1971-06-29,7.54,0,7.29
1971-07-06,7.54,0,7.29
1971-07-13,7.6,1.2,7.65
1971-07-20,7.65,0,7.4
1971-07-27,7.69,0,7.44
1971-08-03,7.66,0,7.41
1971-08-10,7.73,0,7.48
1971-08-17,7.71,1.3,7.785
1971-08-24,7.69,0,7.44
1971-08-31,7.71,0,7.46
1971-09-07,7.67,0,7.42
1971-09-14,7.7,1.1,7.725
1971-09-21,7.67,0,7.42
1971-09-28,7.67,0,7.42
1971-10-05,7.63,0,7.38
1971-10-12,7.63,0,7.38
1971-10-19,7.58,1.1,7.605
1971-10-26,7.63,0,7.38
1971-11-02,7.59,0,7.34
1971-11-09,7.56,0,7.31
1971-11-16,7.54,1,7.54
1971-11-23,7.51,0,7.26
1971-11-30,7.49,0,7.24
1971-12-07,7.47,0,7.22
1971-12-14,7.48,0,7.23
1971-12-21,7.48,0,7.23
1971-12-28,7.48,1,7.48
1972-01-04,7.46,1,7.46
1972-01-11,7.46,0.9,7.435
1972-01-18,7.43,1,7.43
1972-01-25,7.4,0.9,7.375
1972-02-01,7.35,0.9,7.325
1972-02-08,7.33,0.9,7.305
1972-02-15,7.31,0.9,7.285
1972-02-22,7.31,0.9,7.285
1972-02-29,7.32,0.9,7.295
1972-03-07,7.32,1,7.32
1972-03-14,7.31,0.9,7.285
1972-03-21,7.31,0.9,7.285
1972-03-28,7.23,0.9,7.205
1972-04-04,7.25,0.9,7.225
1972-04-11,7.29,0.9,7.265
1972-04-18,7.29,0.9,7.265
1972-04-25,7.33,1,7.33
1972-05-02,7.33,0.8,7.28
1972-05-09,7.38,0.9,7.355
1972-05-16,7.38,0.9,7.355
1972-05-23,7.4,0.9,7.375
1972-05-30,7.36,1,7.36
1972-06-06,7.38,1,7.38
1972-06-13,7.38,0.9,7.355
1972-06-20,7.36,0.9,7.335
1972-06-27,7.38,0.8,7.33
1972-07-04,7.38,0.9,7.355
1972-07-11,7.4,0.9,7.375
1972-07-18,7.4,0.9,7.375
1972-07-25,7.4,1,7.4
1972-08-01,7.35,0.9,7.325
1972-08-08,7.41,0.9,7.385
1972-08-15,7.42,0.9,7.395
1972-08-22,7.42,0.9,7.395
1972-08-29,7.42,1,7.42
1972-09-05,7.42,0.9,7.395
1972-09-12,7.42,0.9,7.395
1972-09-19,7.41,1,7.41
1972-09-26,7.43,1,7.43
1972-10-03,7.41,0.9,7.385
1972-10-10,7.41,0.9,7.385
1972-10-17,7.44,1,7.44
1972-10-24,7.42,1,7.42
1972-10-31,7.43,1,7.43
1972-11-07,7.42,1,7.42
1972-11-14,7.42,1,7.42
1972-11-21,7.44,0.9,7.415
1972-11-28,7.45,1,7.45
1972-12-05,7.43,1,7.43
1972-12-12,7.43,1,7.43
1972-12-19,7.45,1,7.45
1972-12-26,7.45,0.9,7.425
1973-01-02,7.44,0.9,7.415
1973-01-09,7.44,0.9,7.415
1973-01-16,7.44,0.9,7.415
1973-01-23,7.43,0.9,7.405
1973-01-30,7.43,0.9,7.405
1973-02-06,7.43,1,7.43
1973-02-13,7.45,0.9,7.425
1973-02-20,7.45,1,7.45
1973-02-27,7.45,1,7.45
1973-03-06,7.45,0.9,7.425
1973-03-13,7.45,0.9,7.425
1973-03-20,7.45,0.9,7.425
1973-03-27,7.49,0.9,7.465
1973-04-03,7.51,1,7.51
1973-04-10,7.54,0.9,7.515
1973-04-17,7.56,0.9,7.535
1973-04-24,7.56,0.9,7.535
1973-05-01,7.58,0.9,7.555
1973-05-08,7.64,0.9,7.615
1973-05-15,7.69,0.9,7.665
1973-05-21,7.7,0.9,7.675
1973-05-29,7.7,0.9,7.675
1973-06-05,7.73,0.9,7.705
1973-06-12,7.73,0.9,7.705
1973-06-19,7.75,0.9,7.725
1973-06-26,7.76,0.9,7.735
1973-07-03,7.89,0.9,7.865
1973-07-10,8.01,1,8.01
1973-07-17,8.12,0.9,8.095
1973-07-24,8.18,1,8.18
1973-07-31,8.26,1,8.26
1973-08-07,8.4,1.1,8.425
1973-08-14,8.55,1,8.55
1973-08-21,8.61,1,8.61
1973-08-28,8.66,1.1,8.685
1973-09-04,8.77,1.1,8.795
1973-09-11,8.81,1.1,8.835
1973-09-18,8.83,1.1,8.855
1973-09-25,8.85,1.1,8.875
1973-10-02,8.82,1.1,8.845
1973-10-09,8.83,1.1,8.855
1973-10-16,8.75,1,8.75
1973-10-23,8.68,1,8.68
1973-10-30,8.62,1,8.62
1973-11-06,8.59,1,8.59
1973-11-13,8.58,1,8.58
1973-11-20,8.57,1,8.57
1973-11-27,8.55,1,8.55
1973-12-04,8.53,1,8.53
1973-12-11,8.53,1,8.53
1973-12-18,8.53,1,8.53
1973-12-25,8.56,1,8.56
1974-01-01,8.56,1,8.56
1974-01-08,8.53,1,8.53
1974-01-15,8.55,1,8.55
1974-01-22,8.52,1,8.52
1974-01-29,8.48,1,8.48
1974-02-05,8.46,1,8.46
1974-02-12,8.46,1,8.46
1974-02-19,8.42,1,8.42
1974-02-26,8.41,1,8.41
1974-03-05,8.41,1,8.41
1974-03-12,8.4,1,8.4
1974-03-19,8.4,1,8.4
1974-03-26,8.41,1,8.41
1974-04-02,8.44,1,8.44
1974-04-09,8.53,1,8.53
1974-04-16,8.63,1,8.63
1974-04-23,8.73,1,8.73
1974-04-30,8.87,1,8.87
1974-05-07,8.98,1,8.98
1974-05-14,8.97,1.1,8.995
1974-05-21,9.01,1.1,9.035
1974-05-28,9.03,1.2,9.08
1974-06-04,9.06,1.2,9.11
1974-06-11,9.11,1.1,9.135
1974-06-18,9.07,1.2,9.12
1974-06-25,9.1,1.3,9.175
1974-07-02,9.14,1.3,9.215
1974-07-09,9.19,1.3,9.265
1974-07-16,9.37,1.2,9.42
1974-07-23,9.42,1.2,9.47
1974-07-30,9.47,1.3,9.545
1974-08-06,9.5,1.3,9.575
1974-08-13,9.6,1.2,9.65
1974-08-20,9.62,1.3,9.695
1974-08-27,9.74,1.3,9.815
1974-09-03,9.88,1.4,9.98
1974-09-10,9.92,1.4,10.02
1974-09-17,10,1.4,10.1
1974-09-24,10.03,1.4,10.13
1974-10-01,10.02,1.5,10.145
1974-10-08,9.96,1.5,10.085
1974-10-15,9.99,1.5,10.115
1974-10-22,9.94,1.5,10.065
1974-10-29,9.87,1.5,9.995
1974-11-05,9.81,1.4,9.91
1974-11-12,9.81,1.3,9.885
1974-11-19,9.73,1.3,9.805
1974-11-26,9.72,1.4,9.82
1974-12-03,9.69,1.3,9.765
1974-12-10,9.63,1.3,9.705
1974-12-17,9.58,1.3,9.655
1974-12-24,9.56,1.2,9.61
1974-12-31,9.6,1.2,9.65
1975-01-07,9.49,1.2,9.54
1975-01-14,9.43,1.2,9.48
1975-01-21,9.35,1.3,9.425
1975-01-28,9.29,1.2,9.34
1975-02-04,9.2,1.3,9.275
1975-02-11,9.13,1.2,9.18
1975-02-18,9.07,1.2,9.12
1975-02-25,9.02,1.1,9.045
1975-03-04,9,1.1,9.025
1975-03-11,8.89,1.1,8.915
1975-03-18,8.86,1.1,8.885
1975-03-25,8.86,1.1,8.885
1975-04-01,8.83,1,8.83
1975-04-08,8.81,1,8.81
1975-04-15,8.8,1,8.8
1975-04-22,8.84,1,8.84
1975-04-29,8.92,1.1,8.945
1975-05-06,8.88,1,8.88
1975-05-13,8.92,1.1,8.945
1975-05-20,8.92,1.1,8.945
1975-05-27,8.89,1.1,8.915
1975-06-03,8.89,1,8.89
1975-06-10,8.9,1,8.9
1975-06-17,8.88,1,8.88
1975-06-24,8.9,1.1,8.925
1975-06-30,8.88,1.1,8.905
1975-07-08,8.9,1.1,8.925
1975-07-15,8.89,1.1,8.915
1975-07-22,8.89,1.1,8.915
1975-07-29,8.89,1.1,8.915
1975-08-05,8.89,1.1,8.915
1975-08-12,8.93,1.1,8.955
1975-08-19,8.98,1.1,9.005
1975-08-26,9.02,1.1,9.045
1975-09-02,9.08,1.1,9.105
1975-09-09,9.16,1.1,9.185
1975-09-16,9.14,1.2,9.19
1975-09-23,9.14,1.1,9.165
1975-09-30,9.2,1.1,9.225
1975-10-07,9.21,1.1,9.235
1975-10-14,9.21,1.1,9.235
1975-10-21,9.26,1.1,9.285
1975-10-28,9.24,1.2,9.29
1975-11-04,9.19,1.2,9.24
1975-11-11,9.16,1.1,9.185
1975-11-18,9.12,1.1,9.145
1975-11-25,9.11,1.1,9.135
1975-12-02,9.11,1.1,9.135
1975-12-09,9.11,1.1,9.135
1975-12-16,9.08,1.1,9.105
1975-12-23,9.09,1.1,9.115
1975-12-30,9.1,1.1,9.125
1976-01-06,9.07,1.1,9.095
1976-01-13,9.01,1.1,9.035
1976-01-20,9,1.1,9.025
1976-01-27,8.9,1,8.9
1976-02-03,8.86,0.9,8.835
1976-02-10,8.83,0.9,8.805
1976-02-17,8.81,0.9,8.785
1976-02-24,8.75,1.1,8.775
1976-03-02,8.77,1.3,8.845
1976-03-09,8.75,1.3,8.825
1976-03-16,8.75,1.3,8.825
1976-03-23,8.75,1.3,8.825
1976-03-30,8.7,1.3,8.775
1976-04-06,8.7,1.3,8.775
1976-04-13,8.75,1.3,8.825
1976-04-20,8.75,1.3,8.825
1976-04-27,8.75,1.3,8.825
1976-05-04,8.75,1.3,8.825
1976-05-11,8.75,1.3,8.825
1976-05-18,8.78,1.3,8.855
1976-05-25,8.78,1.3,8.855
1976-06-01,8.78,1.3,8.855
1976-06-08,8.83,1.3,8.905
1976-06-15,8.88,1.3,8.955
1976-06-22,8.9,1.3,8.975
1976-06-29,8.93,1.3,9.005
1976-07-06,8.93,1.2,8.98
1976-07-13,8.93,1.2,8.98
1976-07-20,8.9,1.1,8.925
1976-07-27,8.98,1.2,9.03
1976-08-03,9,1.2,9.05
1976-08-10,9,1.2,9.05
1976-08-17,9,1.2,9.05
1976-08-24,9,1.2,9.05
1976-08-31,9,1.2,9.05
1976-09-07,8.97,1.2,9.02
1976-09-14,8.97,1.2,9.02
1976-09-21,8.97,1.2,9.02
1976-09-28,8.9,1.2,8.95
1976-10-05,8.95,1.2,9
1976-10-12,8.95,1.2,9
1976-10-19,8.95,1.1,8.975
1976-10-26,8.9,1.1,8.925
1976-11-02,8.85,1.3,8.925
1976-11-09,8.8,1.3,8.875
1976-11-16,8.8,1.3,8.875
1976-11-23,8.8,1.3,8.875
1976-11-30,8.8,1.3,8.875
1976-12-07,8.8,1.2,8.85
1976-12-14,8.8,1.2,8.85
1976-12-21,8.78,1.2,8.83
1976-12-28,8.78,1.2,8.83
1977-01-04,8.7,1.1,8.725
1977-01-11,8.73,1.1,8.755
1977-01-18,8.73,1.1,8.755
1977-01-25,8.73,1.1,8.755
1977-02-01,8.68,1.1,8.705
1977-02-08,8.7,1.1,8.725
1977-02-15,8.65,1.2,8.7
1977-02-22,8.65,1.1,8.675
1977-03-01,8.65,1.2,8.7
1977-03-08,8.7,1.2,8.75
1977-03-15,8.7,1.2,8.75
1977-03-22,8.7,1.2,8.75
1977-03-29,8.7,1.1,8.725
1977-04-05,8.75,1.2,8.8
1977-04-12,8.75,1.1,8.775
1977-04-19,8.78,1.1,8.805
1977-04-26,8.78,1.1,8.805
1977-05-03,8.78,1.2,8.83
1977-05-10,8.83,1.1,8.855
1977-05-17,8.85,1.1,8.875
1977-05-24,8.85,1.1,8.875
1977-05-31,8.85,1.1,8.875
1977-06-07,8.85,1.1,8.875
1977-06-14,8.85,1.1,8.875
1977-06-21,8.88,1.1,8.905
1977-06-28,8.95,1.1,8.975
1977-07-05,8.93,1.1,8.955
1977-07-12,8.95,1.1,8.975
1977-07-19,8.95,1.1,8.975
1977-07-26,8.93,1.1,8.955
1977-08-02,8.95,1.1,8.975
1977-08-09,8.95,1.1,8.975
1977-08-16,8.93,1.1,8.955
1977-08-23,8.93,1.1,8.955
1977-08-30,8.88,1.1,8.905
1977-09-06,8.9,1.1,8.925
1977-09-13,8.9,1.1,8.925
1977-09-20,8.9,1.1,8.925
1977-09-27,8.9,1.2,8.95
1977-10-04,8.93,1.2,8.98
1977-10-11,8.93,1.2,8.98
1977-10-18,8.93,1.2,8.98
1977-10-25,8.9,1.1,8.925
1977-11-01,8.9,1.1,8.925
1977-11-08,8.93,1.1,8.955
1977-11-15,8.93,1.1,8.955
1977-11-22,8.93,1.2,8.98
1977-11-29,8.95,1.1,8.975
1977-12-06,8.95,1.2,9
1977-12-13,8.95,1.3,9.025
1977-12-20,8.95,1.3,9.025
1977-12-27,9,1.2,9.05
1978-01-03,9,1.3,9.075
1978-01-10,9.03,1.2,9.08
1978-01-17,8.98,1.3,9.055
1978-01-24,9.05,1.3,9.125
1978-01-31,9.13,1.3,9.205
1978-02-07,9.15,1.3,9.225
1978-02-14,9.15,1.3,9.225
1978-02-21,9.15,1.3,9.225
1978-02-28,9.15,1.3,9.225
1978-03-07,9.15,1.3,9.225
1978-03-14,9.23,1.3,9.305
1978-03-21,9.23,1.3,9.305
1978-03-28,9.25,1.3,9.325
1978-04-04,9.28,1.3,9.355
1978-04-11,9.33,1.3,9.405
1978-04-18,9.38,1.2,9.43
1978-04-25,9.43,1.2,9.48
1978-05-02,9.48,1.2,9.53
1978-05-09,9.55,1.4,9.65
1978-05-16,9.58,1.3,9.655
1978-05-23,9.68,1.4,9.78
1978-05-30,9.68,1.4,9.78
1978-06-06,9.7,1.4,9.8
1978-06-13,9.73,1.4,9.83
1978-06-20,9.7,1.4,9.8
1978-06-27,9.73,1.4,9.83
1978-07-04,9.73,1.5,9.855
1978-07-11,9.73,1.5,9.855
1978-07-18,9.75,1.3,9.825
1978-07-25,9.75,1.3,9.825
1978-08-01,9.78,1.3,9.855
1978-08-08,9.78,1.3,9.855
1978-08-15,9.78,1.3,9.855
1978-08-22,9.8,1.3,9.875
1978-08-29,9.75,1.31,9.8275
1978-09-05,9.75,1.3,9.825
1978-09-12,9.75,1.3,9.825
1978-09-19,9.75,1.4,9.85
1978-09-26,9.78,1.4,9.88
1978-10-03,9.85,1.2,9.9
1978-10-10,9.85,1.2,9.9
1978-10-17,9.85,1.2,9.9
1978-10-24,9.88,1.2,9.93
1978-10-31,9.9,1.2,9.95
1978-11-07,10.05,1.2,10.1
1978-11-14,10.2,1.2,10.25
1978-11-21,10.28,1.3,10.355
1978-11-28,10.3,1.4,10.4
1978-12-05,10.35,1.4,10.45
1978-12-12,10.35,1.4,10.45
1978-12-19,10.35,1.4,10.45
1978-12-26,10.38,1.4,10.48
1979-01-02,10.38,1.5,10.505
1979-01-09,10.38,1.5,10.505
1979-01-16,10.4,1.5,10.525
1979-01-23,10.4,1.5,10.525
1979-01-30,10.4,1.5,10.525
1979-02-06,10.43,1.5,10.555
1979-02-13,10.4,1.5,10.525
1979-02-20,10.4,1.5,10.525
1979-02-27,10.43,1.5,10.555
1979-03-06,10.4,1.5,10.525
1979-03-13,10.4,1.5,10.525
1979-03-20,10.45,1.6,10.6
1979-03-27,10.45,1.6,10.6
1979-04-03,10.48,1.6,10.63
1979-04-10,10.48,1.6,10.63
1979-04-17,10.5,1.2,10.55
1979-04-24,10.53,1.6,10.68
1979-05-01,10.6,1.6,10.75
1979-05-08,10.68,1.6,10.83
1979-05-15,10.73,1.6,10.88
1979-05-22,10.75,1.6,10.9
1979-05-29,10.9,1.6,11.05
1979-06-05,11.03,1.6,11.18
1979-06-12,11.05,1.6,11.2
1979-06-19,11.1,1.7,11.275
1979-06-26,11.1,1.6,11.25
1979-07-03,11.13,1.7,11.305
1979-07-10,11.08,1.7,11.255
1979-07-17,11.08,1.6,11.23
1979-07-24,11.08,1.6,11.23
1979-07-31,11.08,1.6,11.23
1979-08-07,11.08,1.6,11.23
1979-08-14,11.08,1.7,11.255
1979-08-21,11.1,1.7,11.275
1979-08-28,11.13,1.7,11.305
1979-09-04,11.2,1.7,11.375
1979-09-11,11.3,1.6,11.45
1979-09-18,11.35,1.6,11.5
1979-09-25,11.35,1.6,11.5
1979-10-02,11.35,1.6,11.5
1979-10-09,11.45,1.6,11.6
1979-10-16,11.75,1.7,11.925
1979-10-23,12,1.7,12.175
1979-10-30,12.8,1.7,12.975
1979-11-06,12.85,1.7,13.025
1979-11-13,12.8,1.7,12.975
1979-11-20,12.8,1.7,12.975
1979-11-27,12.9,1.6,13.05
1979-12-04,12.9,1.6,13.05
1979-12-11,12.9,1.6,13.05
1979-12-18,12.9,1.6,13.05
1979-12-25,12.9,1.6,13.05
1980-01-01,12.85,1.6,13
1980-01-08,12.9,1.6,13.05
1980-01-15,12.87,1.6,13.02
1980-01-22,12.89,1.6,13.04
1980-01-29,12.85,1.6,13
1980-02-05,12.85,1.6,13
1980-02-12,12.875,1.6,13.025
1980-02-19,13.025,1.6,13.175
1980-02-26,13.59,1.8,13.79
1980-03-04,14,1.9,14.225
1980-03-11,15.4,1.9,15.625
1980-03-18,15.7,2,15.95
1980-03-25,16.025,2.1,16.3
1980-04-01,16.35,2,16.6
1980-04-08,16.35,1.9,16.575
1980-04-15,16.35,1.9,16.575
1980-04-22,16.25,1.9,16.475
1980-04-29,15.9,1.9,16.125
1980-05-06,14.675,1.8,14.875
1980-05-13,14.15,1.8,14.35
1980-05-20,13.375,1.9,13.6
1980-05-27,13.2,1.9,13.425
1980-06-03,13.06,1.8,13.26
1980-06-10,12.85,1.8,13.05
1980-06-17,12.575,1.9,12.8
1980-06-24,12.35,1.7,12.525
1980-07-01,12.175,1.7,12.35
1980-07-08,12.225,1.7,12.4
1980-07-15,12.175,1.8,12.375
1980-07-22,12.175,1.8,12.375
1980-07-29,12.25,1.8,12.45
1980-08-05,12.25,1.8,12.45
1980-08-12,12.55,1.7,12.725
1980-08-19,12.8,1.7,12.975
1980-08-26,12.95,1.7,13.125
1980-09-02,13.025,1.7,13.2
1980-09-09,13.075,1.8,13.275
1980-09-16,13.25,1.7,13.425
1980-09-23,13.425,1.7,13.6
1980-09-30,13.6,1.8,13.8
1980-10-07,13.725,1.7,13.9
1980-10-14,13.775,1.8,13.975
1980-10-21,13.85,1.7,14.025
1980-10-28,14,1.7,14.175
1980-11-04,14.075,1.7,14.25
1980-11-11,14.175,1.7,14.35
1980-11-18,14.275,1.7,14.45
1980-11-25,14.275,1.7,14.45
1980-12-02,14.425,1.7,14.6
1980-12-09,14.825,1.7,15
1980-12-16,14.95,1.7,15.125
1980-12-23,14.95,1.7,15.125
1980-12-30,14.95,2,15.2
1981-01-06,14.8,2,15.05
1981-01-13,14.85,2,15.1
1981-01-20,14.85,2,15.1
1981-01-27,15.07,2,15.32
1981-02-03,15,2,15.25
1981-02-10,15.03,2,15.28
1981-02-17,15.2,2,15.45
1981-02-24,15.3,2,15.55
1981-03-03,15.4,2,15.65
1981-03-10,15.4,2.1,15.675
1981-03-17,15.4,2,15.65
1981-03-24,15.4,2,15.65
1981-03-31,15.4,2,15.65
1981-04-07,15.5,2,15.75
1981-04-14,15.65,2,15.9
1981-04-21,15.77,2.1,16.045
1981-04-28,15.82,1.9,16.045
1981-05-05,16.12,2.1,16.395
1981-05-12,16.64,2.1,16.915
1981-05-19,16.63,2.1,16.905
1981-05-26,16.8,2.1,17.075
1981-06-02,16.76,2.1,17.035
1981-06-09,16.69,2,16.94
1981-06-16,16.71,2.1,16.985
1981-06-23,16.62,2.1,16.895
1981-06-30,16.64,2.1,16.915
1981-07-07,16.79,2.2,17.09
1981-07-14,16.74,2.1,17.015
1981-07-21,16.88,2.1,17.155
1981-07-28,17.11,2.2,17.41
1981-08-04,17.13,2,17.38
1981-08-11,17.27,2.1,17.545
1981-08-18,17.26,2.1,17.535
1981-08-25,17.48,2.1,17.755
1981-09-01,17.79,2,18.04
1981-09-08,18.22,2.1,18.495
1981-09-15,18.27,2.2,18.57
1981-09-22,18.36,2.2,18.66
1981-09-29,18.28,2.4,18.63
1981-10-06,18.63,2.2,18.93
1981-10-13,18.53,2.3,18.855
1981-10-27,18.44,2.3,18.765
1981-11-03,18.37,2.1,18.645
1981-11-10,18.02,2.1,18.295
1981-11-17,17.7,2.2,18
1981-11-24,17.21,2.1,17.485
1981-12-01,16.9,2.1,17.175
1981-12-08,16.94,2.1,17.215
1981-12-15,16.9,2,17.15
1981-12-22,16.95,2,17.2
1981-12-28,17.04,2.1,17.315
1982-01-05,17.3,2.1,17.575
1982-01-12,17.44,2.2,17.74
1982-01-19,17.61,2.2,17.91
1982-01-26,17.59,2.2,17.89
1982-02-02,17.56,2.2,17.86
1982-02-09,17.65,2.2,17.95
1982-02-16,17.66,2.3,17.985
1982-02-23,17.52,2.2,17.82
1982-03-02,17.29,2.2,17.59
1982-03-09,17.19,2.3,17.515
1982-03-16,17.12,2.2,17.42
1982-03-23,17.04,2.2,17.34
1982-03-30,16.95,2.2,17.25
1982-04-06,16.91,2.3,17.235
1982-04-13,16.93,2.3,17.255
1982-04-20,16.86,2.3,17.185
1982-04-27,16.81,2.4,17.16
1982-05-04,16.78,2.3,17.105
1982-05-11,16.63,2.4,16.98
1982-05-18,16.67,2.3,16.995
1982-05-25,16.63,2.3,16.955
1982-06-01,16.65,2.2,16.95
1982-06-08,16.7,2.2,17
1982-06-15,16.71,2.1,16.985
1982-06-22,16.73,2.3,17.055
1982-06-29,16.87,2.3,17.195
1982-07-06,16.93,2.3,17.255
1982-07-13,16.88,2.2,17.18
1982-07-20,16.75,2.2,17.05
1982-07-27,16.65,2.2,16.95
1982-08-03,16.55,2.2,16.85
1982-08-10,16.44,2.2,16.74
1982-08-17,16.21,2.3,16.535
1982-08-24,15.88,2.3,16.205
1982-08-31,15.59,2.2,15.89
1982-09-07,15.56,2.3,15.885
1982-09-14,15.38,2.3,15.705
1982-09-21,15.19,2.2,15.49
1982-09-28,15.13,2.3,15.455
1982-10-05,14.96,2.2,15.26
1982-10-12,14.6,2.2,14.9
1982-10-19,14.2,2.2,14.5
1982-10-26,14.15,2.2,14.45
1982-11-02,13.91,2.2,14.21
1982-11-09,13.84,2.3,14.165
1982-11-16,13.78,2.1,14.055
1982-11-23,13.77,2.1,14.045
1982-11-30,13.66,2.2,13.96
1982-12-07,13.66,2.2,13.96
1982-12-14,13.63,2.2,13.93
1982-12-21,13.6,2.1,13.875
1982-12-28,13.57,2.3,13.895
1983-01-04,13.46,2.2,13.76
1983-01-11,13.31,2.2,13.61
1983-01-18,13.12,2.2,13.42
1983-01-25,13.1,2,13.35
1983-02-01,13.06,2,13.31
1983-02-08,13.06,1.9,13.285
1983-02-15,13.07,2,13.32
1983-02-22,12.98,1.9,13.205
1983-03-01,12.74,2.1,13.015
1983-03-08,12.79,2.1,13.065
1983-03-15,12.81,2.2,13.11
1983-03-22,12.86,2.2,13.16
1983-03-29,12.82,2.2,13.12
1983-04-05,12.82,2.2,13.12
1983-04-12,12.79,2.2,13.09
1983-04-19,12.75,2,13
1983-04-26,12.73,2.1,13.005
1983-05-03,12.71,2.1,12.985
1983-05-10,12.59,2.1,12.865
1983-05-17,12.55,2.1,12.825
1983-05-24,12.68,2.1,12.955
1983-05-31,12.74,2.2,13.04
1983-06-07,12.82,2,13.07
1983-06-14,12.96,2.1,13.235
1983-06-21,12.96,2.1,13.235
1983-06-28,13.08,2.1,13.355
1983-07-05,13.3,2.1,13.575
1983-07-12,13.5,2.2,13.8
1983-07-19,13.58,2.2,13.88
1983-07-26,13.65,2.2,13.95
1983-08-02,13.73,2.2,14.03
1983-08-09,13.84,2.2,14.14
1983-08-16,13.89,2.2,14.19
1983-08-23,13.78,2.2,14.08
1983-08-30,13.77,2.2,14.07
1983-09-06,13.77,2.2,14.07
1983-09-13,13.72,2.2,14.02
1983-09-20,13.72,2.2,14.02
1983-09-27,13.65,2.2,13.95
1983-10-04,13.59,2.2,13.89
1983-10-11,13.6,2.2,13.9
1983-10-18,13.52,2.1,13.795
1983-10-25,13.43,2,13.68
1983-11-01,13.42,2.1,13.695
1983-11-08,13.47,2.1,13.745
1983-11-15,13.42,2.2,13.72
1983-11-22,13.43,2.1,13.705
1983-11-29,13.41,2.1,13.685
1983-12-06,13.38,2.2,13.68
1983-12-13,13.42,2.1,13.695
1983-12-20,13.46,2.2,13.76
1983-12-27,13.43,2.2,13.73
1984-01-03,13.43,2.3,13.755
1984-01-10,13.4,2.3,13.725
1984-01-17,13.35,2.3,13.675
1984-01-24,13.29,2.3,13.615
1984-01-31,13.26,2.5,13.635
1984-02-07,13.23,2.4,13.58
1984-02-14,13.19,2.4,13.54
1984-02-21,13.25,2.4,13.6
1984-02-28,13.23,2.4,13.58
1984-03-06,13.3,2.4,13.65
1984-03-13,13.37,2.4,13.72
1984-03-20,13.48,2.4,13.83
1984-03-27,13.55,2.4,13.9
1984-04-03,13.63,2.4,13.98
1984-04-10,13.58,2.4,13.93
1984-04-17,13.67,2.5,14.045
1984-04-24,13.73,2.4,14.08
1984-05-01,13.78,2.4,14.13
1984-05-08,13.87,2.5,14.245
1984-05-15,14.04,2.5,14.415
1984-05-22,14.08,2.5,14.455
1984-05-29,14.29,2.4,14.64
1984-06-05,14.33,2.5,14.705
1984-06-12,14.47,2.5,14.845
1984-06-19,14.49,2.5,14.865
1984-06-26,14.5,2.5,14.875
1984-07-03,14.66,2.4,15.01
1984-07-10,14.68,2.6,15.08
1984-07-17,14.66,2.6,15.06
1984-07-24,14.67,2.7,15.095
1984-07-31,14.68,2.6,15.08
1984-08-07,14.54,2.6,14.94
1984-08-14,14.39,2.6,14.79
1984-08-21,14.36,2.6,14.76
1984-08-28,14.38,2.6,14.78
1984-09-04,14.42,2.6,14.82
1984-09-11,14.43,2.5,14.805
1984-09-18,14.29,2.7,14.715
1984-09-25,14.26,2.5,14.635
1984-10-02,14.18,2.6,14.58
1984-10-09,14.19,2.6,14.59
1984-10-16,14.1,2.6,14.5
1984-10-23,14.05,2.6,14.45
1984-10-30,13.85,2.5,14.225
1984-11-06,13.74,2.5,14.115
1984-11-13,13.63,2.5,14.005
1984-11-20,13.55,2.5,13.925
1984-11-27,13.42,2.4,13.77
1984-12-04,13.2,2.6,13.6
1984-12-11,13.2,2.5,13.575
1984-12-18,13.18,2.5,13.555
1984-12-25,13.14,2.5,13.515
1985-01-01,13.1,2.5,13.475
1985-01-08,13.12,2.5,13.495
1985-01-15,13.12,2.5,13.495
1985-01-22,12.96,2.5,13.335
1985-01-29,12.93,2.4,13.28
1985-02-05,12.91,2.4,13.26
1985-02-12,12.9,2.5,13.275
1985-02-19,12.94,2.4,13.29
1985-02-26,13.02,2.5,13.395
1985-03-05,13.1,2.6,13.5
1985-03-12,13.2,2.6,13.6
1985-03-19,13.24,2.7,13.665
1985-03-26,13.29,2.7,13.715
1985-04-02,13.27,2.7,13.695
1985-04-09,13.23,2.6,13.63
1985-04-16,13.16,2.6,13.56
1985-04-23,13.12,2.5,13.495
1985-04-30,13.07,2.6,13.47
1985-05-07,13.02,2.6,13.42
1985-05-14,12.94,2.5,13.315
1985-05-21,12.83,2.5,13.205
1985-05-28,12.71,2.5,13.085
1985-06-04,12.39,2.5,12.765
1985-06-11,12.27,2.5,12.645
1985-06-18,12.05,2.6,12.45
1985-06-25,12.15,2.5,12.525
1985-07-02,12.13,2.6,12.53
1985-07-09,12.03,2.5,12.405
1985-07-16,11.94,2.4,12.29
1985-07-23,12.03,2.6,12.43
1985-07-30,12.17,2.6,12.57
1985-08-06,12.23,2.6,12.63
1985-08-13,12.24,2.7,12.665
1985-08-20,12.18,2.5,12.555
1985-08-27,12.11,2.7,12.535
1985-09-03,12.15,2.5,12.525
1985-09-10,12.24,2.5,12.615
1985-09-17,12.21,2.5,12.585
1985-09-24,12.17,2.7,12.595
1985-10-01,12.17,2.6,12.57
1985-10-08,12.17,2.5,12.545
1985-10-15,12.13,2.5,12.505
1985-10-22,12.07,2.4,12.42
1985-10-29,12.01,2.4,12.36
1985-11-05,11.9,2.4,12.25
1985-11-12,11.79,2.4,12.14
1985-11-19,11.64,2.3,11.965
1985-11-26,11.58,2.3,11.905
1985-12-03,11.5,2.4,11.85
1985-12-10,11.31,2.3,11.635
1985-12-17,11.14,2.3,11.465
1985-12-24,11.09,2.2,11.39
1985-12-31,10.81,2.3,11.135
1986-01-07,10.77,2.3,11.095
1986-01-14,10.99,2.4,11.34
1986-01-21,10.97,2.3,11.295
1986-01-28,10.89,2.4,11.24
1986-02-04,10.85,2.3,11.175
1986-02-11,10.8,2.4,11.15
1986-02-18,10.68,2.3,11.005
1986-02-25,10.51,2.2,10.81
1986-03-04,10.2,2.3,10.525
1986-03-11,10.01,2.3,10.335
1986-03-18,10.01,2.3,10.335
1986-03-25,10.1,2.3,10.425
1986-04-01,9.99,2.3,10.315
1986-04-08,9.98,2.3,10.305
1986-04-15,9.92,2.1,10.195
1986-04-22,9.86,2.2,10.16
1986-04-29,9.9,2.2,10.2
1986-05-06,10,2.2,10.3
1986-05-13,10.08,2.3,10.405
1986-05-20,10.36,2.4,10.71
1986-05-27,10.38,2.3,10.705
1986-06-03,10.74,2.3,11.065
1986-06-10,10.76,2.3,11.085
1986-06-17,10.61,2.2,10.91
1986-06-24,10.62,2.2,10.92
1986-07-01,10.61,2.2,10.91
1986-07-08,10.59,2.2,10.89
1986-07-15,10.43,2.2,10.73
1986-07-22,10.4,2.2,10.7
1986-07-29,10.4,2.1,10.675
1986-08-05,10.4,2.2,10.7
1986-08-12,10.23,2.1,10.505
1986-08-19,10.04,2.1,10.315
1986-08-26,9.93,2.1,10.205
1986-09-02,9.9,2.2,10.2
1986-09-09,9.96,2.1,10.235
1986-09-16,10.07,2.1,10.345
1986-09-23,10.1,2.2,10.4
1986-09-30,10.08,2.1,10.355
1986-10-07,9.99,2.1,10.265
1986-10-14,9.96,2.1,10.235
1986-10-21,9.95,2.2,10.25
1986-10-28,9.89,2.1,10.165
1986-11-04,9.83,2.1,10.105
1986-11-11,9.81,2,10.06
1986-11-18,9.64,2,9.89
1986-11-25,9.5,2,9.75
1986-12-02,9.3,2,9.55
1986-12-09,9.35,2.1,9.625
1986-12-16,9.3,2.1,9.575
1986-12-23,9.29,2.1,9.565
1986-12-30,9.37,2.2,9.67
1987-01-06,9.32,2.2,9.62
1987-01-13,9.21,2.1,9.485
1987-01-20,9.04,2.2,9.34
1987-01-27,9.08,2.2,9.38
1987-02-03,9.06,2.1,9.335
1987-02-10,9.09,2.1,9.365
1987-02-17,9.11,2.1,9.385
1987-02-24,9.07,2.1,9.345
1987-03-03,9.03,2,9.28
1987-03-10,9.05,2.1,9.325
1987-03-17,9.03,2.1,9.305
1987-03-24,9.03,2,9.28
1987-03-31,9.26,2.2,9.56
1987-04-07,9.43,2.3,9.755
1987-04-14,10.27,2.3,10.595
1987-04-21,10.37,2.2,10.67
1987-04-28,10.47,2.2,10.77
1987-05-05,10.52,2.2,10.82
1987-05-12,10.48,2.3,10.805
1987-05-19,10.81,2.3,11.135
1987-05-26,10.7,2.3,11.025
1987-06-02,10.7,2.3,11.025
1987-06-09,10.66,2.2,10.96
1987-06-16,10.44,2.2,10.74
1987-06-23,10.35,2.2,10.65
1987-06-30,10.36,2.2,10.66
1987-07-07,10.3,2.2,10.6
1987-07-14,10.23,2.2,10.53
1987-07-21,10.23,2.1,10.505
1987-07-28,10.27,2.2,10.57
1987-08-04,10.35,2,10.6
1987-08-11,10.34,2,10.59
1987-08-18,10.3,2.2,10.6
1987-08-25,10.33,2.1,10.605
1987-09-01,10.63,2.2,10.93
1987-09-08,10.91,2.2,11.21
1987-09-15,10.99,2.3,11.315
1987-09-22,11.02,2.2,11.32
1987-09-29,11.18,2.3,11.505
1987-10-06,11.21,2.2,11.51
1987-10-13,11.58,2.3,11.905
1987-10-20,11.36,2.2,11.66
1987-10-27,10.97,2.2,11.27
1987-11-03,10.79,2.1,11.065
1987-11-10,10.66,2.1,10.935
1987-11-17,10.6,2,10.85
1987-11-24,10.55,2,10.8
1987-12-01,10.6,2.1,10.875
1987-12-08,10.66,2.2,10.96
1987-12-15,10.69,2.2,10.99
1987-12-22,10.64,2.2,10.94
1987-12-28,10.61,2,10.86
1988-01-05,10.5,2,10.75
1988-01-12,10.53,2,10.78
1988-01-19,10.34,2,10.59
1988-01-26,10.16,2,10.41
1988-02-02,9.94,2,10.19
1988-02-09,9.84,2.1,10.115
1988-02-16,9.92,2.1,10.195
1988-02-23,9.87,2.1,10.145
1988-03-01,9.85,2,10.1
1988-03-08,9.96,2,10.21
1988-03-15,9.92,2,10.17
1988-03-22,9.99,2.1,10.265
1988-03-29,10.05,2.1,10.325
1988-04-05,10.19,2.2,10.49
1988-04-12,10.19,2.1,10.465
1988-04-19,10.3,2.2,10.6
1988-04-26,10.28,2.1,10.555
1988-05-03,10.32,2.2,10.62
1988-05-10,10.4,2.1,10.675
1988-05-17,10.52,2.1,10.795
1988-05-24,10.58,2.1,10.855
1988-05-31,10.58,2.1,10.855
1988-06-07,10.51,2,10.76
1988-06-14,10.35,2,10.6
1988-06-21,10.4,2,10.65
1988-06-28,10.39,2,10.64
1988-07-05,10.38,2,10.63
1988-07-12,10.44,2,10.69
1988-07-19,10.46,2.1,10.735
1988-07-26,10.49,2.1,10.765
1988-08-02,10.44,2,10.69
1988-08-09,10.57,2.2,10.87
1988-08-16,10.71,2.3,11.035
1988-08-23,10.67,2.2,10.97
1988-08-30,10.65,2.4,11
1988-09-06,10.53,2.1,10.805
1988-09-13,10.4,2,10.65
1988-09-20,10.4,2,10.65
1988-09-27,10.42,2.1,10.695
1988-10-04,10.38,1.9,10.605
1988-10-11,10.33,1.9,10.555
1988-10-18,10.28,1.9,10.505
1988-10-25,10.22,1.9,10.445
1988-11-01,10.12,1.9,10.345
1988-11-08,10.24,2,10.49
1988-11-15,10.31,2.2,10.61
1988-11-22,10.39,2.1,10.665
1988-11-29,10.44,2.1,10.715
1988-12-06,10.46,2,10.71
1988-12-13,10.71,2.2,11.01
1988-12-20,10.68,2.2,10.98
1988-12-27,10.77,2.2,11.07
1989-01-03,10.8,2.2,11.1
1989-01-10,10.81,2.1,11.085
1989-01-17,10.71,2,10.96
1989-01-24,10.6,2.1,10.875
1989-01-31,10.55,2.1,10.825
1989-02-07,10.56,2,10.81
1989-02-14,10.69,2.2,10.99
1989-02-21,10.78,2.3,11.105
1989-02-28,10.91,2.3,11.235
1989-03-07,10.86,2.2,11.16
1989-03-14,10.98,2.1,11.255
1989-03-21,11.22,2.2,11.52
1989-03-28,11.19,2.2,11.49
1989-04-04,11.07,2.2,11.37
1989-04-11,11.11,2.2,11.41
1989-04-18,10.99,2.1,11.265
1989-04-25,11.03,2.1,11.305
1989-05-02,10.97,2.1,11.245
1989-05-09,10.93,2.2,11.23
1989-05-16,10.69,2,10.94
1989-05-23,10.5,2,10.75
1989-05-30,10.48,2,10.73
1989-06-06,10.2,2.1,10.475
1989-06-13,10.04,2.1,10.315
1989-06-20,10.19,2.1,10.465
1989-06-27,10.07,2.1,10.345
1989-07-04,10.03,2.1,10.305
1989-07-11,9.82,2.1,10.095
1989-07-18,9.87,2,10.12
1989-07-25,9.81,2.1,10.085
1989-08-01,9.68,2,9.93
1989-08-08,9.96,2.1,10.235
1989-08-15,10.09,2.1,10.365
1989-08-22,10.21,2,10.46
1989-08-29,10.22,1.9,10.445
1989-09-05,10.17,2,10.42
1989-09-12,10.05,2,10.3
1989-09-19,10.03,2,10.28
1989-09-26,10.16,2.1,10.435
1989-10-03,10.1,2.1,10.375
1989-10-10,9.95,2,10.2
1989-10-17,9.92,2,10.17
1989-10-24,9.82,2,10.07
1989-10-31,9.82,2,10.07
1989-11-07,9.79,1.9,10.015
1989-11-14,9.72,2,9.97
1989-11-21,9.74,2,9.99
1989-11-28,9.74,2,9.99
1989-12-05,9.76,2,10.01
1989-12-12,9.75,1.9,9.975
1989-12-19,9.69,2,9.94
1989-12-26,9.78,2,10.03
1990-01-02,9.83,2,10.08
1990-01-09,9.8,2,10.05
1990-01-16,9.9,2.1,10.175
1990-01-23,10.05,2.1,10.325
1990-01-30,10.17,2.1,10.445
1990-02-06,10.21,2.1,10.485
1990-02-13,10.1,2.1,10.375
1990-02-20,10.31,2.1,10.585
1990-02-27,10.23,2.1,10.505
1990-03-06,10.29,2.1,10.565
1990-03-13,10.34,2,10.59
1990-03-20,10.26,2,10.51
1990-03-27,10.22,2.1,10.495
1990-04-03,10.26,2,10.51
1990-04-10,10.25,2,10.5
1990-04-17,10.41,2.1,10.685
1990-04-24,10.56,2.1,10.835
1990-05-01,10.67,2.1,10.945
1990-05-08,10.54,2,10.79
1990-05-15,10.37,2,10.62
1990-05-22,10.33,2,10.58
1990-05-29,10.29,2,10.54
1990-06-05,10.1,2,10.35
1990-06-12,10.12,2,10.37
1990-06-19,10.16,2,10.41
1990-06-26,10.15,2,10.4
1990-07-03,10.06,1.9,10.285
1990-07-10,10.11,2,10.36
1990-07-17,9.99,2,10.24
1990-07-24,9.98,2,10.23
1990-07-31,9.84,1.9,10.065
1990-08-07,10.08,2.1,10.355
1990-08-14,10.05,2,10.3
1990-08-21,10.29,2.1,10.565
1990-08-28,10.24,2.1,10.515
1990-09-04,10.19,2,10.44
1990-09-11,10.13,2,10.38
1990-09-18,10.16,2.1,10.435
1990-09-25,10.22,2.2,10.52
1990-10-02,10.08,2.1,10.355
1990-10-09,10.22,2.2,10.52
1990-10-16,10.24,2.2,10.54
1990-10-23,10.17,2.1,10.445
1990-10-30,10.13,2.1,10.405
1990-11-06,10.09,2.1,10.365
1990-11-13,10.02,2,10.27
1990-11-20,9.93,2.1,10.205
1990-11-27,9.9,2,10.15
1990-12-04,9.81,1.9,10.035
1990-12-11,9.56,1.9,9.785
1990-12-18,9.64,1.9,9.865
1990-12-25,9.68,2,9.93
1991-01-01,9.56,1.9,9.785
1991-01-08,9.63,2.1,9.905
1991-01-15,9.75,2.2,10.05
1991-01-22,9.61,2,9.86
1991-01-29,9.56,2,9.81
1991-02-05,9.36,1.9,9.585
1991-02-12,9.25,2,9.5
1991-02-19,9.29,2.1,9.565
1991-02-26,9.4,2.1,9.675
1991-03-05,9.49,2.1,9.765
1991-03-12,9.5,2,9.75
1991-03-19,9.59,2.1,9.865
1991-03-26,9.52,2.1,9.795
1991-04-02,9.49,2,9.74
1991-04-09,9.48,2,9.73
1991-04-16,9.47,2,9.72
1991-04-23,9.53,2.1,9.805
1991-04-30,9.47,1.9,9.695
1991-05-07,9.47,1.9,9.695
1991-05-14,9.5,2.1,9.775
1991-05-21,9.47,2,9.72
1991-05-28,9.45,1.9,9.675
1991-06-04,9.48,2,9.73
1991-06-11,9.66,2.2,9.96
1991-06-18,9.65,2,9.9
1991-06-25,9.67,2.1,9.945
1991-07-02,9.62,2,9.87
1991-07-09,9.64,2,9.89
1991-07-16,9.54,2,9.79
1991-07-23,9.5,1.9,9.725
1991-07-30,9.44,2,9.69
1991-08-06,9.27,1.8,9.47
1991-08-13,9.19,1.9,9.415
1991-08-20,9.17,1.9,9.395
1991-08-27,9.15,1.9,9.375
1991-09-03,9.14,1.9,9.365
1991-09-10,9.02,1.9,9.245
1991-09-17,8.95,1.9,9.175
1991-09-24,8.92,1.8,9.12
1991-10-01,8.87,1.8,9.07
1991-10-08,8.82,1.8,9.02
1991-10-15,8.82,1.9,9.045
1991-10-22,8.91,1.9,9.135
1991-10-29,8.78,1.8,8.98
1991-11-05,8.76,1.7,8.935
1991-11-12,8.69,1.8,8.89
1991-11-19,8.63,1.8,8.83
1991-11-26,8.7,1.9,8.925
1991-12-03,8.62,1.8,8.82
1991-12-10,8.53,1.7,8.705
1991-12-17,8.49,1.8,8.69
1991-12-24,8.35,1.8,8.55
1991-12-31,8.24,1.7,8.415
1992-01-07,8.23,1.6,8.38
1992-01-14,8.45,1.8,8.65
1992-01-21,8.56,1.8,8.76
1992-01-28,8.68,2.1,8.955
1992-02-04,8.67,1.7,8.845
1992-02-11,8.73,1.9,8.955
1992-02-18,8.82,1.9,9.045
1992-02-25,8.83,1.8,9.03
1992-03-03,8.85,1.9,9.075
1992-03-10,8.88,1.9,9.105
1992-03-17,9.03,1.8,9.23
1992-03-24,8.98,1.8,9.18
1992-03-31,8.96,1.7,9.135
1992-04-07,8.84,1.6,8.99
1992-04-14,8.76,1.6,8.91
1992-04-21,8.85,1.8,9.05
1992-04-28,8.84,1.8,9.04
1992-05-05,8.75,1.6,8.9
1992-05-12,8.64,1.6,8.79
1992-05-19,8.53,1.6,8.68
1992-05-26,8.6,1.8,8.8
1992-06-02,8.59,1.8,8.79
1992-06-09,8.54,1.6,8.69
1992-06-16,8.48,1.6,8.63
1992-06-23,8.43,1.6,8.58
1992-06-30,8.29,1.5,8.415
1992-07-07,8.13,1.5,8.255
1992-07-14,8.09,1.6,8.24
1992-07-21,8.08,1.6,8.23
1992-07-28,8.05,1.7,8.225
1992-08-04,8.06,1.6,8.21
1992-08-11,7.96,1.6,8.11
1992-08-18,7.87,1.7,8.045
1992-08-25,8.01,1.8,8.21
1992-09-01,7.94,1.7,8.115
1992-09-08,7.84,1.6,7.99
1992-09-15,7.89,1.7,8.065
1992-09-21,8.02,1.7,8.195
1992-09-29,7.93,1.6,8.08
1992-10-06,8.01,1.8,8.21
1992-10-13,8.06,1.7,8.235
1992-10-20,8.23,2,8.48
1992-10-27,8.21,1.9,8.435
1992-11-03,8.29,2,8.54
1992-11-10,8.32,2,8.57
1992-11-17,8.32,1.8,8.52
1992-11-24,8.29,1.8,8.49
1992-12-01,8.34,1.8,8.54
1992-12-08,8.23,1.6,8.38
1992-12-15,8.19,1.6,8.34
1992-12-22,8.13,1.5,8.255
1992-12-28,8.14,1.6,8.29
1993-01-05,8.07,1.6,8.22
1993-01-12,8.04,1.6,8.19
1993-01-19,8,1.7,8.175
1993-01-26,7.86,1.5,7.985
1993-02-02,7.8,1.5,7.925
1993-02-09,7.75,1.6,7.9
1993-02-16,7.65,1.5,7.775
1993-02-23,7.53,1.5,7.655
1993-03-02,7.44,1.5,7.565
1993-03-09,7.47,1.6,7.62
1993-03-16,7.57,1.7,7.745
1993-03-23,7.5,1.7,7.675
1993-03-30,7.53,1.7,7.705
1993-04-06,7.57,1.8,7.77
1993-04-13,7.45,1.6,7.6
1993-04-20,7.38,1.6,7.53
1993-04-27,7.43,1.8,7.63
1993-05-04,7.42,1.7,7.595
1993-05-11,7.42,1.8,7.62
1993-05-18,7.52,1.8,7.72
1993-05-25,7.5,1.8,7.7
1993-06-01,7.47,1.7,7.645
1993-06-08,7.48,1.7,7.655
1993-06-15,7.38,1.6,7.53
1993-06-22,7.34,1.5,7.465
1993-06-29,7.23,1.5,7.355
1993-07-06,7.19,1.6,7.34
1993-07-13,7.16,1.6,7.31
1993-07-20,7.2,1.7,7.375
1993-07-27,7.25,1.7,7.425
1993-08-03,7.21,1.6,7.36
1993-08-10,7.17,1.5,7.295
1993-08-17,7.1,1.4,7.2
1993-08-24,6.97,1.4,7.07
1993-08-31,6.93,1.4,7.03
1993-09-07,6.82,1.4,6.92
1993-09-14,6.96,1.6,7.11
1993-09-21,6.95,1.6,7.1
1993-09-28,6.89,1.5,7.015
1993-10-05,6.87,1.5,6.995
1993-10-12,6.81,1.5,6.935
1993-10-19,6.74,1.5,6.865
1993-10-26,6.86,1.5,6.985
1993-11-02,7.11,1.4,7.21
1993-11-09,7.12,1.5,7.245
1993-11-16,7.08,1.6,7.23
1993-11-23,7.31,1.7,7.485
1993-12-01,7.25,1.7,7.425
1993-12-07,7.14,1.6,7.29
1993-12-14,7.17,1.7,7.345
1993-12-21,7.17,1.7,7.345
1993-12-28,7.13,1.6,7.28
1994-01-04,7.23,1.6,7.38
1994-01-10,9.19,1.8,9.39
1994-01-11,6.99,1.7,7.165
1994-01-17,9.05,1.8,9.25
1994-01-18,7.05,1.7,7.225
1994-01-24,9.13,1.9,9.355
1994-01-25,6.97,1.7,7.145
1994-01-31,8.94,1.8,9.14
1994-02-01,6.97,1.7,7.145
1994-02-07,8.8,1.9,9.025
1994-02-08,7.21,1.8,7.41
1994-02-14,8.84,1.9,9.065
1994-02-15,7.11,1.8,7.31
1994-02-21,8.73,1.9,8.955
1994-02-22,7.32,1.7,7.495
1994-02-28,8.53,1.8,8.73
1994-03-01,7.51,1.7,7.685
1994-03-07,8.62,1.9,8.845
1994-03-08,7.63,1.6,7.78
1994-03-14,8.38,1.8,8.58
1994-03-15,7.76,1.7,7.935
1994-03-21,8.4,1.8,8.6
1994-03-22,7.8,1.7,7.975
1994-03-28,8.38,1.8,8.58
1994-03-29,8.04,1.7,8.215
1994-04-04,8.41,1.9,8.635
1994-04-05,8.47,1.7,8.645
1994-04-11,8.37,1.9,8.595
1994-04-12,8.26,1.8,8.46
1994-04-18,8.24,1.9,8.465
1994-04-19,8.49,1.8,8.69
1994-04-25,8.26,1.9,8.485
1994-04-26,8.32,1.8,8.52
1994-05-02,8.27,1.9,8.495
1994-05-03,8.53,1.8,8.73
1994-05-09,7.87,1.8,8.07
1994-05-10,8.77,1.8,8.97
1994-05-16,7.83,1.8,8.03
1994-05-17,8.56,1.8,8.76
1994-05-23,7.85,1.8,8.05
1994-05-24,8.53,1.8,8.73
1994-05-30,7.71,1.8,7.91
1994-05-31,8.55,1.8,8.75
1994-06-06,7.51,1.7,7.685
1994-06-07,8.25,1.8,8.45
1994-06-13,7.55,1.8,7.75
1994-06-14,8.33,1.8,8.53
1994-06-20,7.53,1.8,7.73
1994-06-21,8.46,1.8,8.66
1994-06-27,7.53,1.8,7.73
1994-06-28,8.57,1.7,8.745
1994-07-04,7.63,1.8,7.83
1994-07-05,8.68,1.8,8.88
1994-07-11,7.41,1.7,7.585
1994-07-12,8.72,1.8,8.92
1994-07-18,7.6,1.7,7.775
1994-07-19,8.53,1.8,8.73
1994-07-25,7.79,1.8,7.99
1994-07-26,8.57,1.9,8.795
1994-08-01,7.82,1.8,8.02
1994-08-02,8.38,1.8,8.58
1994-08-08,7.8,1.8,8
1994-08-09,8.57,1.8,8.77
1994-08-15,7.94,1.8,8.14
1994-08-16,8.54,1.8,8.74
1994-08-22,7.88,1.9,8.105
1994-08-23,8.56,1.8,8.76
1994-08-29,7.76,1.8,7.96
1994-08-30,8.48,1.8,8.68
1994-09-05,7.63,1.8,7.83
1994-09-06,8.51,1.8,8.71
1994-09-12,7.6,1.8,7.8
1994-09-13,8.66,1.8,8.86
1994-09-19,7.57,1.8,7.77
1994-09-20,8.73,1.8,8.93
1994-09-26,7.62,1.8,7.82
1994-09-27,8.82,1.8,9.02
1994-10-03,7.57,1.8,7.77
1994-10-04,8.89,1.8,9.09
1994-10-10,7.5,1.9,7.725
1994-10-11,8.93,1.8,9.13
1994-10-17,7.38,1.9,7.605
1994-10-18,8.85,1.8,9.05
1994-10-24,7.45,1.8,7.65
1994-10-25,9.03,1.8,9.23
1994-10-31,7.44,1.8,7.64
1994-11-01,9.05,1.9,9.275
1994-11-08,9.19,1.8,9.39
1994-11-14,7.35,1.8,7.55
1994-11-15,9.19,1.8,9.39
1994-11-21,7.35,1.8,7.55
1994-11-22,9.25,1.8,9.45
1994-11-28,7.33,1.9,7.555
1994-11-29,9.23,1.8,9.43
1994-12-05,7.18,1.8,7.38
1994-12-06,9.15,1.8,9.35
1994-12-12,7.15,1.8,7.35
1994-12-13,9.25,1.8,9.45
1994-12-19,7.23,1.8,7.43
1994-12-20,9.18,1.8,9.38
1994-12-26,7.11,1.7,7.285
1994-12-27,9.18,1.8,9.38
1995-01-03,9.22,1.8,9.42
1996-01-02,7.02,1.8,7.22
1996-01-09,7.08,1.7,7.255
1996-01-16,7.02,1.7,7.195
1996-01-23,7,1.8,7.2
1996-01-30,7.02,1.8,7.22
1996-02-06,7.02,1.7,7.195
1996-02-13,6.94,1.7,7.115
1996-02-20,7.32,1.7,7.495
1996-02-27,7.41,1.8,7.61
1996-03-05,7.38,1.8,7.58
1996-03-12,7.83,1.7,8.005
1996-03-19,7.81,1.7,7.985
1996-03-26,7.69,1.8,7.89
1996-04-02,7.78,1.7,7.955
1996-04-09,8.05,1.8,8.25
1996-04-16,7.95,1.8,8.15
1996-04-23,7.92,1.8,8.12
1996-04-30,7.99,1.8,8.19
1996-05-07,8.24,1.8,8.44
1996-05-14,8.08,1.7,8.255
1996-05-21,8.01,1.7,8.185
1996-05-28,8.03,1.7,8.205
1996-06-04,8.3,1.7,8.475
1996-06-11,8.39,1.7,8.565
1996-06-18,8.3,1.7,8.475
1996-06-25,8.29,1.7,8.465
1996-07-02,8.14,1.8,8.34
1996-07-09,8.42,1.7,8.595
1996-07-16,8.23,1.8,8.43
1996-07-23,8.19,1.7,8.365
1996-07-30,8.23,1.7,8.405
1996-08-06,7.88,1.7,8.055
1996-08-13,7.88,1.7,8.055
1996-08-20,7.93,1.7,8.105
1996-08-27,8.09,1.7,8.265
1996-09-03,8.34,1.7,8.515
1996-09-10,8.28,1.7,8.455
1996-09-17,8.14,1.7,8.315
1996-09-24,8.16,1.7,8.335
1996-10-01,8.06,1.7,8.235
1996-10-08,7.86,1.7,8.035
1996-10-15,7.88,1.7,8.055
1996-10-22,7.86,1.8,8.06
1996-10-29,7.78,1.8,7.98
1996-11-05,7.67,1.7,7.845
1996-11-12,7.59,1.8,7.79
1996-11-19,7.53,1.8,7.73
1996-11-26,7.52,1.8,7.72
1996-12-03,7.44,1.7,7.615
1996-12-10,7.57,1.7,7.745
1996-12-17,7.74,1.8,7.94
1996-12-24,7.64,1.7,7.815
1996-12-31,7.67,1.7,7.845
1997-01-07,7.85,1.8,8.05
1997-01-14,7.87,1.8,8.07
1997-01-21,7.85,1.8,8.05
1997-01-28,7.88,1.8,8.08
1997-02-04,7.74,1.7,7.915
1997-02-11,7.65,1.7,7.825
1997-02-18,7.56,1.7,7.735
1997-02-25,7.65,1.7,7.825
1997-03-04,7.84,1.7,8.015
1997-03-11,7.84,1.7,8.015
1997-03-18,7.94,1.8,8.14
1997-03-25,7.97,1.8,8.17
1997-04-01,8.18,1.7,8.355
1997-04-08,8.15,1.8,8.35
1997-04-15,8.16,1.7,8.335
1997-04-22,8.08,1.7,8.255
1997-04-29,8.01,1.7,8.185
1997-05-06,7.94,1.6,8.09
1997-05-13,7.91,1.6,8.06
1997-05-20,7.92,1.7,8.095
1997-05-27,7.94,1.7,8.115
1997-06-03,7.85,1.7,8.025
1997-06-10,7.72,1.7,7.895
1997-06-17,7.61,1.7,7.785
1997-06-24,7.58,1.7,7.755
1997-07-01,7.62,1.8,7.82
1997-07-08,7.47,1.8,7.67
1997-07-15,7.47,1.8,7.67
1997-07-22,7.43,1.7,7.605
1997-07-29,7.36,1.7,7.535
1997-08-05,7.46,1.7,7.635
1997-08-12,7.54,1.8,7.74
1997-08-19,7.46,1.7,7.635
1997-08-26,7.58,1.7,7.755
1997-09-02,7.53,1.7,7.705
1997-09-09,7.53,1.7,7.705
1997-09-16,7.38,1.7,7.555
1997-09-23,7.28,1.7,7.455
1997-09-30,7.31,1.7,7.485
1997-10-07,7.26,1.7,7.435
1997-10-14,7.34,1.7,7.515
1997-10-21,7.35,1.8,7.55
1997-10-28,7.21,1.7,7.385
1997-11-04,7.24,1.7,7.415
1997-11-11,7.23,1.7,7.405
1997-11-18,7.18,1.7,7.355
1997-11-25,7.17,1.8,7.37
1997-12-02,7.15,1.8,7.35
1997-12-09,7.17,1.8,7.37
1997-12-16,7.07,1.8,7.27
1997-12-23,6.99,1.8,7.19
1997-12-30,7.03,1.8,7.23
1998-01-06,6.94,1.4,7.04
1998-01-13,6.89,1.3,6.965
1998-01-20,6.99,1.2,7.04
1998-01-27,7.12,1.2,7.17
1998-02-03,7.03,1.2,7.08
1998-02-10,7.06,1.3,7.135
1998-02-17,6.99,1.2,7.04
1998-02-25,7.09,1.2,7.14
1998-03-03,7.19,1.2,7.24
1998-03-10,7.16,1.2,7.21
1998-03-17,7.08,1.1,7.105
1998-03-24,7.08,1.1,7.105
1998-03-31,7.15,1.1,7.175
1998-04-07,7.09,1,7.09
1998-04-14,7.17,1,7.17
1998-04-21,7.15,1,7.15
1998-04-28,7.22,1.1,7.245
1998-05-05,7.14,1.1,7.165
1998-05-12,7.19,1.1,7.215
1998-05-19,7.1,1,7.1
1998-05-26,7.07,1,7.07
1998-06-02,7.05,1,7.05
1998-06-09,7.04,1,7.04
1998-06-16,6.94,1,6.94
1998-06-23,6.96,1,6.96
1998-06-30,6.98,1,6.98
1998-07-07,6.91,1.1,6.935
1998-07-14,6.94,1.1,6.965
1998-07-21,6.96,1.1,6.985
1998-07-28,6.97,1.1,6.995
1998-08-04,6.94,1.1,6.965
1998-08-11,6.91,1.1,6.935
1998-08-18,6.92,1.1,6.945
1998-08-25,6.92,1.1,6.945
1998-09-01,6.82,1,6.82
1998-09-08,6.77,1,6.77
1998-09-15,6.66,0.9,6.635
1998-09-22,6.64,1,6.64
1998-09-29,6.6,1,6.6
1998-10-06,6.49,1,6.49
1998-10-13,6.9,0.9,6.875
1998-10-20,6.73,0.9,6.705
1998-10-27,6.83,0.9,6.805
1998-11-03,6.89,0.9,6.865
1998-11-10,6.93,1,6.93
1998-11-17,6.86,0.9,6.835
1998-11-24,6.78,0.9,6.755
1998-12-01,6.71,0.9,6.685
1998-12-08,6.69,0.9,6.665
1998-12-15,6.69,1,6.69
1998-12-22,6.77,1,6.77
1998-12-28,6.83,1,6.83
1999-01-05,6.79,0.9,6.765
1999-01-12,6.83,1,6.83
1999-01-19,6.78,0.9,6.755
1999-01-26,6.74,0.9,6.715
1999-02-02,6.75,1,6.75
1999-02-09,6.77,1,6.77
1999-02-16,6.82,1,6.82
1999-02-23,6.89,1,6.89
1999-03-02,7.06,1,7.06
1999-03-09,7.11,0.8,7.06
1999-03-16,7.01,0.9,6.985
1999-03-23,6.98,0.9,6.955
1999-03-30,6.98,0.9,6.955
1999-04-06,6.92,1,6.92
1999-04-13,6.87,1,6.87
1999-04-20,6.88,1,6.88
1999-04-27,6.93,1,6.93
1999-05-04,7.02,1,7.02
1999-05-11,7.1,1,7.1
1999-05-18,7.23,1,7.23
1999-05-25,7.23,1,7.23
1999-06-01,7.41,1,7.41
1999-06-08,7.51,1,7.51
1999-06-15,7.65,1,7.65
1999-06-22,7.63,1,7.63
1999-06-29,7.71,1,7.71
1999-07-06,7.65,1,7.65
1999-07-13,7.58,1,7.58
1999-07-20,7.52,1,7.52
1999-07-27,7.7,1,7.7
1999-08-03,7.89,1,7.89
1999-08-10,8.15,1,8.15
1999-08-17,7.93,1,7.93
1999-08-24,7.8,1,7.8
1999-08-31,7.83,0.9,7.805
1999-09-07,7.88,1,7.88
1999-09-14,7.82,1,7.82
1999-09-21,7.76,1,7.76
1999-09-28,7.7,1,7.7
1999-10-05,7.82,1,7.82
1999-10-12,7.85,1,7.85
1999-10-19,7.93,1,7.93
1999-10-26,7.96,1,7.96
1999-11-02,7.84,1,7.84
1999-11-09,7.67,1,7.67
1999-11-16,7.69,1,7.69
1999-11-23,7.75,1,7.75
1999-11-30,7.84,1,7.84
1999-12-07,7.84,1,7.84
1999-12-14,7.86,1,7.86
1999-12-21,7.96,1,7.96
1999-12-28,8.06,1,8.06
2000-01-04,8.15,1,8.15
2000-01-11,8.18,1,8.18
2000-01-18,8.26,1,8.26
2000-01-25,8.25,1,8.25
2000-02-01,8.25,1,8.25
2000-02-08,8.36,1,8.36
2000-02-15,8.38,0.9,8.355
2000-02-22,8.31,1,8.31
2000-02-29,8.27,1,8.27
2000-03-07,8.23,0.9,8.205
2000-03-14,8.24,1,8.24
2000-03-21,8.23,1,8.23
2000-03-28,8.23,1,8.23
2000-04-04,8.2,1,8.2
2000-04-11,8.12,0.9,8.095
2000-04-18,8.16,1,8.16
2000-04-25,8.13,1,8.13
2000-05-02,8.28,1,8.28
2000-05-09,8.52,1,8.52
2000-05-16,8.64,1,8.64
2000-05-23,8.62,1,8.62
2000-05-30,8.54,0.9,8.515
2000-06-06,8.32,0.9,8.295
2000-06-13,8.22,1,8.22
2000-06-20,8.14,1,8.14
2000-06-27,8.22,0.9,8.195
2000-07-04,8.16,1,8.16
2000-07-11,8.09,0.9,8.065
2000-07-18,8.21,0.9,8.185
2000-07-25,8.13,0.9,8.105
2000-08-01,8.12,1,8.12
2000-08-08,8.04,0.9,8.015
2000-08-15,7.96,1,7.96
2000-08-22,7.99,1,7.99
2000-08-29,7.96,1,7.96
2000-09-05,7.94,1,7.94
2000-09-12,7.88,1,7.88
2000-09-19,7.9,1,7.9
2000-09-26,7.88,1,7.88
2000-10-03,7.83,1,7.83
2000-10-10,7.84,1,7.84
2000-10-17,7.83,0.9,7.805
2000-10-24,7.68,1,7.68
2000-10-31,7.73,0.9,7.705
2000-11-07,7.79,0.9,7.765
2000-11-14,7.73,0.9,7.705
2000-11-21,7.73,0.9,7.705
2000-11-28,7.65,0.9,7.625
2000-12-05,7.54,1,7.54
2000-12-12,7.42,0.9,7.395
2000-12-19,7.17,1,7.17
2000-12-26,7.13,1,7.13
2001-01-02,7.07,1,7.07
2001-01-09,6.89,0.9,6.865
2001-01-16,7.02,0.9,6.995
2001-01-23,7.15,0.8,7.1
2001-01-30,7.09,1,7.09
2001-02-06,6.98,1,6.98
2001-02-13,7.01,0.9,6.985
2001-02-20,7.12,0.9,7.095
2001-02-27,7.03,0.9,7.005
2001-03-06,6.97,0.9,6.945
2001-03-13,6.96,0.9,6.935
2001-03-20,6.89,1,6.89
2001-03-27,6.91,0.9,6.885
2001-04-03,7.01,0.9,6.985
2001-04-10,7.04,0.8,6.99
2001-04-17,7.14,0.9,7.115
2001-04-24,7.12,1,7.12
2001-05-01,7.14,0.9,7.115
2001-05-08,7.1,0.9,7.075
2001-05-15,7.14,1,7.14
2001-05-22,7.2,1,7.2
2001-05-29,7.24,0.9,7.215
2001-06-05,7.2,1,7.2
2001-06-12,7.14,0.9,7.115
2001-06-19,7.11,1,7.11
2001-06-26,7.11,1,7.11
2001-07-03,7.19,0.9,7.165
2001-07-10,7.21,0.9,7.185
2001-07-17,7.08,0.9,7.055
2001-07-24,7.03,0.9,7.005
2001-07-31,7,0.9,6.975
2001-08-07,7,0.9,6.975
2001-08-14,6.92,0.9,6.895
2001-08-21,6.91,0.9,6.885
2001-08-28,6.92,0.9,6.895
2001-09-04,6.89,0.9,6.865
2001-09-11,6.86,0.9,6.835
2001-09-18,6.8,0.9,6.775
2001-09-25,6.72,0.9,6.695
2001-10-02,6.64,0.8,6.59
2001-10-09,6.58,0.9,6.555
2001-10-16,6.61,0.9,6.585
2001-10-23,6.64,0.8,6.59
2001-10-30,6.56,0.9,6.535
2001-11-06,6.45,0.8,6.4
2001-11-13,6.51,0.8,6.46
2001-11-20,6.75,0.8,6.7
2001-11-27,7.02,0.7,6.945
2001-12-04,6.84,0.7,6.765
2001-12-11,7.09,0.8,7.04
2001-12-18,7.17,0.7,7.095
2001-12-25,7.16,0.8,7.11
2002-01-01,7.14,0.8,7.09
2002-01-08,7.06,0.8,7.01
2002-01-15,6.83,0.7,6.755
2002-01-22,6.96,0.7,6.885
2002-01-29,7.02,0.7,6.945
2002-02-05,6.88,0.7,6.805
2002-02-12,6.86,0.7,6.785
2002-02-19,6.81,0.7,6.735
2002-02-26,6.8,0.7,6.725
2002-03-05,6.87,0.7,6.795
2002-03-12,7.08,0.7,7.005
2002-03-19,7.14,0.7,7.065
2002-03-26,7.18,0.7,7.105
2002-04-02,7.13,0.7,7.055
2002-04-09,6.99,0.8,6.94
2002-04-16,6.94,0.7,6.865
2002-04-23,6.88,0.7,6.805
2002-04-30,6.78,0.7,6.705
2002-05-07,6.79,0.7,6.715
2002-05-14,6.89,0.7,6.815
2002-05-21,6.81,0.7,6.735
2002-05-28,6.76,0.8,6.71
2002-06-04,6.71,0.7,6.635
2002-06-11,6.71,0.7,6.635
2002-06-18,6.63,0.5,6.505
2002-06-25,6.55,0.5,6.425
2002-07-02,6.57,0.5,6.445
2002-07-09,6.54,0.5,6.415
2002-07-16,6.49,0.6,6.39
2002-07-23,6.34,0.6,6.24
2002-07-30,6.43,0.6,6.33
2002-08-06,6.31,0.6,6.21
2002-08-13,6.22,0.6,6.12
2002-08-20,6.27,0.7,6.195
2002-08-27,6.22,0.7,6.145
2002-09-03,6.15,0.6,6.05
2002-09-10,6.18,0.6,6.08
2002-09-17,6.05,0.7,5.975
2002-09-24,5.99,0.6,5.89
2002-10-01,6.01,0.5,5.885
2002-10-08,5.98,0.6,5.88
2002-10-15,6.15,0.5,6.025
2002-10-22,6.31,0.6,6.21
2002-10-29,6.13,0.6,6.03
2002-11-05,6.11,0.6,6.01
2002-11-12,5.94,0.6,5.84
2002-11-19,6.03,0.6,5.93
2002-11-26,6.13,0.6,6.03
2002-12-03,6.19,0.5,6.065
2002-12-10,6.04,0.5,5.915
2002-12-17,6.03,0.6,5.93
2002-12-24,5.93,0.6,5.83
2002-12-31,5.85,0.6,5.75
2003-01-07,5.95,0.5,5.825
2003-01-14,5.97,0.6,5.87
2003-01-21,5.91,0.6,5.81
2003-01-28,5.9,0.6,5.8
2003-02-04,5.88,0.7,5.805
2003-02-11,5.86,0.6,5.76
2003-02-18,5.84,0.6,5.74
2003-02-25,5.79,0.6,5.69
2003-03-04,5.67,0.6,5.57
2003-03-11,5.61,0.6,5.51
2003-03-18,5.79,0.6,5.69
2003-03-25,5.91,0.6,5.81
2003-04-01,5.79,0.6,5.69
2003-04-08,5.85,0.6,5.75
2003-04-15,5.82,0.6,5.72
2003-04-22,5.79,0.6,5.69
2003-04-29,5.7,0.6,5.6
2003-05-06,5.62,0.7,5.545
2003-05-13,5.45,0.6,5.35
2003-05-20,5.34,0.7,5.265
2003-05-27,5.31,0.6,5.21
2003-06-03,5.26,0.5,5.135
2003-06-10,5.21,0.5,5.085
2003-06-17,5.21,0.6,5.11
2003-06-24,5.24,0.6,5.14
2003-07-01,5.4,0.5,5.275
2003-07-08,5.52,0.6,5.42
2003-07-15,5.67,0.5,5.545
2003-07-22,5.94,0.4,5.79
2003-07-29,6.14,0.5,6.015
2003-08-05,6.34,0.7,6.265
2003-08-12,6.24,0.7,6.165
2003-08-19,6.28,0.8,6.23
2003-08-26,6.32,0.7,6.245
2003-09-02,6.44,0.6,6.34
2003-09-09,6.16,0.6,6.06
2003-09-16,6.01,0.5,5.885
2003-09-23,5.98,0.6,5.88
2003-09-30,5.77,0.6,5.67
2003-10-07,5.95,0.6,5.85
2003-10-14,6.05,0.5,5.925
2003-10-21,6.05,0.7,5.975
2003-10-28,5.94,0.6,5.84
2003-11-04,5.98,0.7,5.905
2003-11-11,6.03,0.6,5.93
2003-11-18,5.83,0.6,5.73
2003-11-25,5.89,0.6,5.79
2003-12-02,6.02,0.6,5.92
2003-12-09,5.88,0.7,5.805
2003-12-16,5.82,0.7,5.745
2003-12-23,5.81,0.7,5.735
2004-01-05,5.87,0.7,5.795
2004-01-12,5.66,0.6,5.56
2004-01-19,5.64,0.6,5.54
2004-01-26,5.68,0.7,5.605
2004-02-02,5.72,0.6,5.62
2004-02-09,5.66,0.7,5.585
2004-02-16,5.58,0.6,5.48
2004-02-23,5.58,0.7,5.505
2004-03-01,5.59,0.7,5.515
2004-03-08,5.41,0.6,5.31
2004-03-15,5.38,0.7,5.305
2004-03-22,5.4,0.7,5.325
2004-03-29,5.52,0.6,5.42
2004-04-05,5.79,0.7,5.715
2004-04-12,5.89,0.6,5.79
2004-04-19,5.94,0.7,5.865
2004-04-26,6.01,0.7,5.935
2004-05-03,6.12,0.7,6.045
2004-05-10,6.34,0.7,6.265
2004-05-17,6.3,0.7,6.225
2004-05-24,6.32,0.6,6.22
2004-05-31,6.28,0.7,6.205
2004-06-07,6.3,0.7,6.225
2004-06-14,6.32,0.5,6.195
2004-06-21,6.25,0.6,6.15
2004-06-28,6.21,0.6,6.11
2004-07-05,6.01,0.6,5.91
2004-07-12,6,0.6,5.9
2004-07-19,5.98,0.6,5.88
2004-07-26,6.08,0.6,5.98
2004-08-02,5.99,0.7,5.915
2004-08-09,5.85,0.6,5.75
2004-08-16,5.81,0.7,5.735
2004-08-23,5.82,0.7,5.745
2004-08-30,5.77,0.8,5.72
2004-09-06,5.83,0.8,5.78
2004-09-13,5.75,0.8,5.7
2004-09-20,5.7,0.7,5.625
2004-09-27,5.72,0.6,5.62
2004-10-04,5.82,0.6,5.72
2004-10-11,5.74,0.6,5.64
2004-10-18,5.69,0.7,5.615
2004-10-25,5.64,0.7,5.565
2004-11-01,5.7,0.6,5.6
2004-11-08,5.76,0.7,5.685
2004-11-15,5.74,0.6,5.64
2004-11-29,5.81,0.6,5.71
2004-12-06,5.71,0.7,5.635
2004-12-13,5.68,0.6,5.58
2005-01-03,5.77,0.7,5.695
2005-01-10,5.74,0.6,5.64
2005-01-17,5.67,0.7,5.595
2005-01-24,5.66,0.6,5.56
2005-01-31,5.63,0.7,5.555
2005-02-07,5.57,0.8,5.52
2005-02-14,5.62,0.7,5.545
2005-02-21,5.69,0.7,5.615
2005-02-28,5.79,0.7,5.715
2005-03-07,5.85,0.6,5.75
2005-03-14,5.95,0.7,5.875
2005-03-21,6.01,0.7,5.935
2005-03-28,6.04,0.7,5.965
2005-04-04,5.93,0.7,5.855
2005-04-11,5.91,0.7,5.835
2005-04-18,5.8,0.5,5.675
2005-04-25,5.78,0.6,5.68
2005-05-02,5.75,0.6,5.65
2005-05-09,5.77,0.5,5.645
2005-05-16,5.71,0.7,5.635
2005-05-23,5.65,0.6,5.55
2005-05-30,5.62,0.6,5.52
2005-06-06,5.56,0.6,5.46
2005-06-13,5.63,0.5,5.505
2005-06-20,5.57,0.6,5.47
2005-06-27,5.53,0.6,5.43
2005-07-04,5.62,0.6,5.52
2005-07-11,5.66,0.6,5.56
2005-07-18,5.73,0.4,5.58
2005-07-25,5.77,0.5,5.645
2005-08-01,5.82,0.6,5.72
2005-08-08,5.89,0.5,5.765
2005-08-15,5.8,0.5,5.675
2005-08-22,5.77,0.5,5.645
2005-08-29,5.71,0.6,5.61
2005-09-05,5.71,0.6,5.61
2005-09-12,5.74,0.6,5.64
2005-09-19,5.8,0.6,5.7
2005-09-26,5.91,0.5,5.785
2005-10-03,5.98,0.5,5.855
2005-10-10,6.03,0.6,5.93
2005-10-17,6.1,0.5,5.975
2005-10-24,6.15,0.5,6.025
2005-10-31,6.31,0.5,6.185
2005-11-07,6.36,0.5,6.235
2005-11-14,6.37,0.6,6.27
2005-11-28,6.26,0.5,6.135
2005-12-05,6.32,0.6,6.22
2005-12-12,6.3,0.5,6.175
2005-12-19,6.26,0.6,6.16
2005-12-26,6.22,0.5,6.095
2006-01-02,6.21,0.5,6.085
2006-01-09,6.15,0.6,6.05
2006-01-16,6.1,0.5,5.975
2006-01-23,6.12,0.5,5.995
2006-01-30,6.23,0.5,6.105
2006-02-06,6.24,0.6,6.14
2006-02-13,6.28,0.5,6.155
2006-02-20,6.26,0.6,6.16
2006-02-27,6.24,0.6,6.14
2006-03-06,6.37,0.6,6.27
2006-03-13,6.34,0.7,6.265
2006-03-20,6.32,0.6,6.22
2006-03-27,6.35,0.5,6.225
2006-04-03,6.43,0.6,6.33
2006-04-10,6.49,0.6,6.39
2006-04-17,6.53,0.6,6.43
2006-04-24,6.58,0.5,6.455
2006-05-01,6.59,0.6,6.49
2006-05-08,6.58,0.5,6.455
2006-05-15,6.6,0.5,6.475
2006-05-22,6.62,0.4,6.47
2006-05-29,6.67,0.4,6.52
2006-06-05,6.62,0.5,6.495
2006-06-12,6.63,0.5,6.505
2006-06-19,6.71,0.5,6.585
2006-06-26,6.78,0.5,6.655
2006-07-03,6.79,0.5,6.665
2006-07-10,6.74,0.6,6.64
2006-07-17,6.8,0.5,6.675
2006-07-24,6.72,0.3,6.545
2006-07-31,6.63,0.3,6.455
2006-08-07,6.55,0.4,6.4
2006-08-14,6.52,0.3,6.345
2006-08-21,6.48,0.4,6.33
2006-08-28,6.44,0.4,6.29
2006-09-04,6.47,0.4,6.32
2006-09-11,6.43,0.5,6.305
2006-09-18,6.4,0.5,6.275
2006-09-25,6.31,0.4,6.16
2006-10-02,6.3,0.3,6.125
2006-10-09,6.37,0.5,6.245
2006-10-16,6.36,0.5,6.235
2006-10-23,6.4,0.4,6.25
2006-10-30,6.31,0.4,6.16
2006-11-06,6.33,0.6,6.23
2006-11-13,6.24,0.5,6.115
2006-11-27,6.14,0.4,5.99
2006-12-04,6.11,0.5,5.985
2006-12-11,6.12,0.4,5.97
2006-12-18,6.13,0.4,5.98
2006-12-25,6.18,0.4,6.03
2007-01-08,6.21,0.4,6.06
2007-01-22,6.25,0.4,6.1
2007-01-29,6.34,0.4,6.19
2007-02-05,6.28,0.3,6.105
2007-02-12,6.3,0.4,6.15
2007-02-26,6.18,0.4,6.03
2007-03-05,6.14,0.5,6.015
2007-03-12,6.14,0.4,5.99
2007-03-19,6.16,0.4,6.01
2007-03-26,6.16,0.4,6.01
2007-04-02,6.17,0.4,6.02
2007-04-09,6.22,0.4,6.07
2007-04-16,6.17,0.5,6.045
2007-04-23,6.16,0.5,6.035
2007-04-30,6.16,0.5,6.035
2007-05-07,6.15,0.5,6.025
2007-05-14,6.21,0.4,6.06
2007-05-21,6.37,0.4,6.22
2007-06-04,6.53,0.4,6.38
2007-06-11,6.74,0.4,6.59
2007-06-18,6.69,0.5,6.565
2007-06-25,6.67,0.4,6.52
2007-07-02,6.63,0.4,6.48
2007-07-09,6.73,0.4,6.58
2007-07-16,6.73,0.4,6.58
2007-07-23,6.69,0.4,6.54
2007-07-30,6.68,0.3,6.505
2007-08-06,6.59,0.4,6.44
2007-08-13,6.62,0.4,6.47
2007-08-20,6.52,0.4,6.37
2007-08-27,6.45,0.5,6.325
2007-09-10,6.31,0.5,6.185
2007-09-17,6.34,0.5,6.215
2007-09-24,6.42,0.5,6.295
2007-10-01,6.37,0.5,6.245
2007-10-15,6.4,0.5,6.275
2007-10-22,6.33,0.5,6.205
2007-10-29,6.26,0.4,6.11
2007-11-05,6.24,0.4,6.09
2007-11-26,6.1,0.5,5.975
2007-12-03,5.96,0.4,5.81
2007-12-10,6.11,0.5,5.985
2007-12-17,6.14,0.4,5.99
2007-12-24,6.17,0.5,6.045
2007-12-31,6.07,0.5,5.945
2008-01-07,5.87,0.4,5.72
2008-01-14,5.69,0.5,5.565
2008-01-28,5.68,0.4,5.53
2008-02-04,5.67,0.4,5.52
2008-02-11,5.72,0.4,5.57
2008-02-25,6.24,0.5,6.115
2008-03-03,6.03,0.5,5.905
2008-03-10,6.13,0.5,6.005
2008-03-17,5.87,0.5,5.745
2008-03-24,5.85,0.4,5.7
2008-03-31,5.88,0.5,5.755
2008-04-07,5.88,0.4,5.73
2008-04-14,5.88,0.4,5.73
2008-04-21,6.03,0.3,5.855
2008-04-28,6.06,0.5,5.935
2008-05-05,6.05,0.3,5.875
2008-05-12,6.01,0.6,5.91
2008-05-19,5.98,0.5,5.855
2008-06-02,6.09,0.6,5.99
2008-06-09,6.32,0.7,6.245
2008-06-16,6.42,0.7,6.345
2008-06-23,6.45,0.6,6.35
2008-06-30,6.35,0.6,6.25
2008-07-07,6.37,0.6,6.27
2008-07-14,6.26,0.6,6.16
2008-07-21,6.63,0.6,6.53
2008-07-28,6.52,0.7,6.445
2008-08-04,6.52,0.7,6.445
2008-08-11,6.52,0.7,6.445
2008-08-18,6.47,0.7,6.395
2008-08-25,6.4,0.6,6.3
2008-09-08,5.93,0.7,5.855
2008-09-15,5.78,0.6,5.68
2008-09-22,6.09,0.7,6.015
2008-09-29,6.1,0.6,6
2008-10-06,5.94,0.6,5.84
2008-10-20,6.04,0.6,5.94
2008-10-27,6.46,0.7,6.385
2008-11-03,6.2,0.7,6.125
2008-11-10,6.14,0.7,6.065
2008-11-17,6.04,0.7,5.965
2008-12-01,5.53,0.7,5.455
2008-12-08,5.47,0.7,5.395
2008-12-15,5.19,0.7,5.115
2009-01-05,5.01,0.6,4.91
2009-01-12,4.96,0.7,4.885
2009-01-26,5.1,0.7,5.025
2009-02-02,5.25,0.8,5.2
2009-02-09,5.16,0.7,5.085
2009-02-23,5.07,0.7,4.995
2009-03-02,5.15,0.7,5.075
2009-03-09,5.03,0.7,4.955
2009-03-16,4.98,0.7,4.905
2009-03-23,4.85,0.7,4.775
2009-03-30,4.78,0.7,4.705
2009-04-06,4.87,0.7,4.795
2009-04-13,4.82,0.6,4.72
2009-04-20,4.8,0.7,4.725
2009-04-27,4.78,0.7,4.705
2009-05-04,4.84,0.7,4.765
2009-05-11,4.86,0.6,4.76
2009-05-18,4.82,0.7,4.745
2009-06-01,5.29,0.7,5.215
2009-06-08,5.59,0.7,5.515
2009-06-15,5.38,0.7,5.305
2009-06-22,5.42,0.7,5.345
2009-06-29,5.32,0.7,5.245
2009-07-06,5.2,0.7,5.125
2009-07-13,5.14,0.7,5.065
2009-07-20,5.2,0.7,5.125
2009-07-27,5.25,0.7,5.175
2009-08-03,5.22,0.6,5.12
2009-08-10,5.29,0.7,5.215
2009-08-17,5.12,0.7,5.045
2009-08-24,5.14,0.7,5.065
2009-08-31,5.08,0.7,5.005
2009-09-14,5.04,0.7,4.965
2009-09-21,5.04,0.6,4.94
2009-09-28,4.94,0.7,4.865
2009-10-05,4.87,0.7,4.795
2009-10-19,5,0.7,4.925
2009-10-26,5.03,0.7,4.955
2009-11-02,4.98,0.7,4.905
2009-11-09,4.91,0.7,4.835
2009-11-16,4.83,0.7,4.755
2009-11-30,4.71,0.7,4.635
2009-12-07,4.81,0.7,4.735
2009-12-14,4.94,0.7,4.865
2009-12-21,5.05,0.7,4.975
2009-12-28,5.14,0.7,5.065
2010-01-04,5.09,0.7,5.015
2010-01-11,5.06,0.7,4.985
2010-01-25,4.98,0.6,4.88
2010-02-01,5.01,0.7,4.935
2010-02-08,4.97,0.7,4.895
2010-02-22,5.05,0.7,4.975
2010-03-01,4.97,0.7,4.895
2010-03-08,4.95,0.7,4.875
2010-03-15,4.96,0.7,4.885
2010-03-22,4.99,0.6,4.89
2010-03-29,5.08,0.7,5.005
2010-04-05,5.21,0.6,5.11
2010-04-12,5.07,0.6,4.97
2010-04-19,5.07,0.7,4.995
2010-04-26,5.06,0.7,4.985
2010-05-03,5,0.7,4.925
2010-05-10,4.93,0.7,4.855
2010-05-17,4.84,0.7,4.765
2010-05-24,4.78,0.7,4.705
2010-06-07,4.72,0.7,4.645
2010-06-14,4.75,0.7,4.675
2010-06-21,4.69,0.7,4.615
2010-06-28,4.58,0.7,4.505
2010-07-12,4.57,0.7,4.495
2010-07-19,4.56,0.7,4.485
2010-07-26,4.54,0.7,4.465
2010-08-02,4.49,0.7,4.415
2010-08-09,4.44,0.7,4.365
2010-08-16,4.42,0.7,4.345
2010-08-23,4.36,0.7,4.285
2010-08-30,4.32,0.7,4.245
2010-09-13,4.37,0.7,4.295
2010-09-20,4.37,0.7,4.295
2010-09-27,4.32,0.8,4.27
2010-10-04,4.27,0.8,4.22
2010-10-18,4.21,0.8,4.16
2010-10-25,4.23,0.8,4.18
2010-11-01,4.24,0.8,4.19
2010-11-08,4.17,0.8,4.12
2010-11-15,4.39,0.9,4.365
2010-11-29,4.46,0.8,4.41
2010-12-06,4.61,0.7,4.535
2010-12-13,4.83,0.7,4.755
2010-12-20,4.81,0.7,4.735
2010-12-27,4.86,0.8,4.81
2011-01-03,4.77,0.8,4.72
2011-01-10,4.71,0.8,4.66
2011-01-24,4.8,0.7,4.725
2011-01-31,4.81,0.8,4.76
2011-02-07,5.05,0.7,4.975
2011-02-14,5,0.7,4.925
2011-02-28,4.87,0.7,4.795
2011-03-07,4.88,0.7,4.805
2011-03-14,4.76,0.7,4.685
2011-03-21,4.81,0.7,4.735
2011-03-28,4.86,0.7,4.785
2011-04-04,4.87,0.7,4.795
2011-04-11,4.91,0.6,4.81
2011-04-18,4.8,0.7,4.725
2011-04-25,4.78,0.7,4.705
2011-05-02,4.71,0.7,4.635
2011-05-09,4.63,0.7,4.555
2011-05-16,4.61,0.7,4.535
2011-05-23,4.6,0.7,4.525
2011-06-06,4.49,0.7,4.415
2011-06-13,4.5,0.7,4.425
2011-06-20,4.5,0.8,4.45
2011-06-27,4.51,0.7,4.435
2011-07-11,4.51,0.7,4.435
2011-07-18,4.52,0.7,4.445
2011-07-25,4.55,0.8,4.5
2011-08-01,4.39,0.8,4.34
2011-08-08,4.32,0.7,4.245
2011-08-15,4.15,0.7,4.075
2011-08-22,4.22,0.7,4.145
2011-08-29,4.22,0.7,4.145
2011-09-12,4.09,0.7,4.015
2011-09-19,4.09,0.7,4.015
2011-09-26,4.01,0.7,3.935
2011-10-03,3.94,0.8,3.89
2011-10-17,4.11,0.8,4.06
2011-10-24,4.1,0.8,4.05
2011-10-31,4,0.7,3.925
2011-11-07,3.99,0.7,3.915
2011-11-14,4,0.7,3.925
2011-11-28,4,0.7,3.925
2011-12-05,3.99,0.7,3.915
2011-12-12,3.94,0.8,3.89
2011-12-19,3.91,0.7,3.835
2012-01-09,3.89,0.7,3.815
2012-01-23,3.98,0.7,3.905
2012-01-30,3.87,0.8,3.82
2012-02-06,3.87,0.8,3.82
2012-02-13,3.87,0.8,3.82
2012-02-27,3.9,0.8,3.85
2012-03-05,3.88,0.8,3.83
2012-03-12,3.92,0.8,3.87
2012-03-19,4.08,0.8,4.03
2012-03-26,3.99,0.7,3.915
2012-04-02,3.98,0.7,3.905
2012-04-09,3.88,0.7,3.805
2012-04-16,3.9,0.8,3.85
2012-04-23,3.88,0.7,3.805
2012-04-30,3.84,0.8,3.79
2012-05-07,3.83,0.7,3.755
2012-05-14,3.79,0.7,3.715
2012-05-21,3.78,0.8,3.73
2012-06-04,3.67,0.7,3.595
2012-06-11,3.71,0.7,3.635
2012-06-18,3.66,0.7,3.585
2012-06-25,3.66,0.7,3.585
2012-07-02,3.62,0.8,3.57
2012-07-09,3.56,0.7,3.485
2012-07-16,3.53,0.7,3.455
2012-07-23,3.49,0.7,3.415
2012-07-30,3.55,0.7,3.475
2012-08-06,3.59,0.6,3.49
2012-08-13,3.62,0.6,3.52
2012-08-20,3.66,0.7,3.585
2012-08-27,3.59,0.6,3.49
2012-09-10,3.55,0.6,3.45
2012-09-17,3.49,0.6,3.39
2012-09-24,3.4,0.6,3.3
2012-10-01,3.36,0.6,3.26
2012-10-15,3.37,0.7,3.295
2012-10-22,3.41,0.7,3.335
2012-10-29,3.39,0.7,3.315
2012-11-05,3.4,0.7,3.325
2012-11-26,3.32,0.8,3.27
2012-12-03,3.34,0.7,3.265
2012-12-10,3.32,0.7,3.245
2012-12-17,3.37,0.7,3.295
2012-12-24,3.35,0.7,3.275
2012-12-31,3.34,0.7,3.265
2013-01-07,3.4,0.7,3.325
2013-01-14,3.38,0.7,3.305
2013-01-28,3.53,0.7,3.455
2013-02-04,3.53,0.8,3.48
2013-02-11,3.53,0.8,3.48
2013-02-25,3.51,0.8,3.46
2013-03-04,3.52,0.7,3.445
2013-03-11,3.63,0.8,3.58
2013-03-18,3.54,0.8,3.49
2013-03-25,3.57,0.8,3.52
2013-04-01,3.54,0.8,3.49
2013-04-08,3.43,0.8,3.38
2013-04-15,3.41,0.7,3.335
2013-04-22,3.4,0.8,3.35
2013-04-29,3.35,0.7,3.275
2013-05-06,3.42,0.7,3.345
2013-05-13,3.51,0.7,3.435
2013-05-20,3.59,0.7,3.515
2013-06-03,3.91,0.7,3.835
2013-06-10,3.98,0.7,3.905
2013-06-17,3.93,0.8,3.88
2013-06-24,4.46,0.8,4.41
2013-07-08,4.51,0.8,4.46
2013-07-15,4.37,0.7,4.295
2013-07-22,4.31,0.8,4.26
2013-07-29,4.39,0.7,4.315
2013-08-05,4.4,0.7,4.325
2013-08-12,4.4,0.7,4.325
2013-08-19,4.58,0.8,4.53
2013-08-26,4.51,0.7,4.435
2013-09-09,4.57,0.8,4.52
2013-09-16,4.5,0.7,4.425
2013-09-23,4.32,0.7,4.245
2013-09-30,4.22,0.7,4.145
2013-10-07,4.23,0.7,4.155
2013-10-21,4.13,0.8,4.08
2013-10-28,4.1,0.7,4.025
2013-11-04,4.16,0.8,4.11
2013-11-18,4.22,0.7,4.145
2013-12-02,4.46,0.5,4.335
2013-12-09,4.42,0.7,4.345
2013-12-16,4.47,0.7,4.395
2013-12-23,4.48,0.7,4.405
2013-12-30,4.53,0.8,4.48
2014-01-06,4.51,0.7,4.435
2014-01-13,4.41,0.7,4.335
2014-01-27,4.32,0.7,4.245
2014-02-03,4.23,0.7,4.155
2014-02-10,4.28,0.7,4.205
2014-02-24,4.37,0.7,4.295
2014-03-03,4.28,0.7,4.205
2014-03-10,4.37,0.6,4.27
2014-03-17,4.32,0.6,4.22
2014-03-24,4.4,0.6,4.3
2014-03-31,4.41,0.7,4.335
2014-04-07,4.34,0.7,4.265
2014-04-14,4.27,0.7,4.195
2014-04-21,4.33,0.6,4.23
2014-04-28,4.29,0.7,4.215
2014-05-05,4.21,0.6,4.11
2014-05-12,4.2,0.6,4.1
2014-05-19,4.14,0.6,4.04
2014-06-02,4.14,0.5,4.015
2014-06-09,4.2,0.6,4.1
2014-06-16,4.17,0.6,4.07
2014-06-23,4.14,0.5,4.015
2014-06-30,4.12,0.5,3.995
2014-07-07,4.15,0.7,4.075
2014-07-14,4.13,0.6,4.03
2014-07-21,4.13,0.6,4.03
2014-07-28,4.12,0.6,4.02
2014-08-04,4.14,0.7,4.065
2014-08-11,4.12,0.6,4.02
2014-08-18,4.1,0.5,3.975
2014-08-25,4.1,0.5,3.975
2014-09-08,4.12,0.5,3.995
2014-09-15,4.23,0.5,4.105
2014-09-22,4.2,0.5,4.075
2014-09-29,4.19,0.4,4.04
2014-10-06,4.12,0.5,3.995
2014-10-20,3.92,0.5,3.795
2014-10-27,3.98,0.5,3.855
2014-11-03,4.02,0.5,3.895
2014-11-10,4.01,0.5,3.885
2014-11-17,3.99,0.5,3.865
2014-12-01,3.89,0.5,3.765
2014-12-08,3.93,0.5,3.805
2014-12-15,3.8,0.6,3.7
2015-01-05,3.73,0.6,3.63
2015-01-12,3.66,0.6,3.56
2015-01-26,3.66,0.6,3.56
1971-03-29,7.33,0,7.08
1971-04-05,7.31,0,7.06
1971-04-12,7.31,0,7.06
1971-04-19,7.31,0,7.06
1971-04-26,7.29,0,7.04
1971-05-03,7.38,0,7.13
1971-05-10,7.42,0,7.17
1971-05-17,7.44,0,7.19
1971-05-24,7.46,1,7.46
1971-05-31,7.52,0,7.27
1971-06-07,7.52,0,7.27
1971-06-14,7.54,1.2,7.59
1971-06-21,7.54,0,7.29
1971-06-28,7.54,0,7.29
1971-07-05,7.54,0,7.29
1971-07-12,7.6,1.2,7.65
1971-07-19,7.65,0,7.4
1971-07-26,7.69,0,7.44
1971-08-02,7.66,0,7.41
1971-08-09,7.73,0,7.48
1971-08-16,7.71,1.3,7.785
1971-08-23,7.69,0,7.44
1971-08-30,7.71,0,7.46
1971-09-06,7.67,0,7.42
1971-09-13,7.7,1.1,7.725
1971-09-20,7.67,0,7.42
1971-09-27,7.67,0,7.42
1971-10-04,7.63,0,7.38
1971-10-11,7.63,0,7.38
1971-10-18,7.58,1.1,7.605
1971-10-25,7.63,0,7.38
1971-11-01,7.59,0,7.34
1971-11-08,7.56,0,7.31
1971-11-15,7.54,1,7.54
1971-11-22,7.51,0,7.26
1971-11-29,7.49,0,7.24
1971-12-06,7.47,0,7.22
1971-12-13,7.48,0,7.23
1971-12-20,7.48,0,7.23
1971-12-27,7.48,1,7.48
1972-01-03,7.46,1,7.46
1972-01-10,7.46,0.9,7.435
1972-01-17,7.43,1,7.43
1972-01-24,7.4,0.9,7.375
1972-01-31,7.35,0.9,7.325
1972-02-07,7.33,0.9,7.305
1972-02-14,7.31,0.9,7.285
1972-02-21,7.31,0.9,7.285
1972-02-28,7.32,0.9,7.295
1972-03-06,7.32,1,7.32
1972-03-13,7.31,0.9,7.285
1972-03-20,7.31,0.9,7.285
1972-03-27,7.23,0.9,7.205
1972-04-03,7.25,0.9,7.225
1972-04-10,7.29,0.9,7.265
1972-04-17,7.29,0.9,7.265
1972-04-24,7.33,1,7.33
1972-05-01,7.33,0.8,7.28
1972-05-08,7.38,0.9,7.355
1972-05-15,7.38,0.9,7.355
1972-05-22,7.4,0.9,7.375
1972-05-29,7.36,1,7.36
1972-06-05,7.38,1,7.38
1972-06-12,7.38,0.9,7.355
1972-06-19,7.36,0.9,7.335
1972-06-26,7.38,0.8,7.33
1972-07-03,7.38,0.9,7.355
1972-07-10,7.4,0.9,7.375
1972-07-17,7.4,0.9,7.375
1972-07-24,7.4,1,7.4
1972-07-31,7.35,0.9,7.325
1972-08-07,7.41,0.9,7.385
1972-08-14,7.42,0.9,7.395
1972-08-21,7.42,0.9,7.395
1972-08-28,7.42,1,7.42
1972-09-04,7.42,0.9,7.395
1972-09-11,7.42,0.9,7.395
1972-09-18,7.41,1,7.41
1972-09-25,7.43,1,7.43
1972-10-02,7.41,0.9,7.385
1972-10-09,7.41,0.9,7.385
1972-10-16,7.44,1,7.44
1972-10-23,7.42,1,7.42
1972-10-30,7.43,1,7.43
1972-11-06,7.42,1,7.42
1972-11-13,7.42,1,7.42
1972-11-20,7.44,0.9,7.415
1972-11-27,7.45,1,7.45
1972-12-04,7.43,1,7.43
1972-12-11,7.43,1,7.43
1972-12-18,7.45,1,7.45
1972-12-25,7.45,0.9,7.425
1973-01-01,7.44,0.9,7.415
1973-01-08,7.44,0.9,7.415
1973-01-15,7.44,0.9,7.415
1973-01-22,7.43,0.9,7.405
1973-01-29,7.43,0.9,7.405
1973-02-05,7.43,1,7.43
1973-02-12,7.45,0.9,7.425
1973-02-19,7.45,1,7.45
1973-02-26,7.45,1,7.45
1973-03-05,7.45,0.9,7.425
1973-03-12,7.45,0.9,7.425
1973-03-19,7.45,0.9,7.425
1973-03-26,7.49,0.9,7.465
1973-04-02,7.51,1,7.51
1973-04-09,7.54,0.9,7.515
1973-04-16,7.56,0.9,7.535
1973-04-23,7.56,0.9,7.535
1973-04-30,7.58,0.9,7.555
1973-05-07,7.64,0.9,7.615
1973-05-14,7.69,0.9,7.665
1973-05-28,7.7,0.9,7.675
1973-06-04,7.73,0.9,7.705
1973-06-11,7.73,0.9,7.705
1973-06-18,7.75,0.9,7.725
1973-06-25,7.76,0.9,7.735
1973-07-02,7.89,0.9,7.865
1973-07-09,8.01,1,8.01
1973-07-16,8.12,0.9,8.095
1973-07-23,8.18,1,8.18
1973-07-30,8.26,1,8.26
1973-08-06,8.4,1.1,8.425
1973-08-13,8.55,1,8.55
1973-08-20,8.61,1,8.61
1973-08-27,8.66,1.1,8.685
1973-09-03,8.77,1.1,8.795
1973-09-10,8.81,1.1,8.835
1973-09-17,8.83,1.1,8.855
1973-09-24,8.85,1.1,8.875
1973-10-01,8.82,1.1,8.845
1973-10-08,8.83,1.1,8.855
1973-10-15,8.75,1,8.75
1973-10-22,8.68,1,8.68
1973-10-29,8.62,1,8.62
1973-11-05,8.59,1,8.59
1973-11-12,8.58,1,8.58
1973-11-19,8.57,1,8.57
1973-11-26,8.55,1,8.55
1973-12-03,8.53,1,8.53
1973-12-10,8.53,1,8.53
1973-12-17,8.53,1,8.53
1973-12-24,8.56,1,8.56
1973-12-31,8.56,1,8.56
1974-01-07,8.53,1,8.53
1974-01-14,8.55,1,8.55
1974-01-21,8.52,1,8.52
1974-01-28,8.48,1,8.48
1974-02-04,8.46,1,8.46
1974-02-11,8.46,1,8.46
1974-02-18,8.42,1,8.42
1974-02-25,8.41,1,8.41
1974-03-04,8.41,1,8.41
1974-03-11,8.4,1,8.4
1974-03-18,8.4,1,8.4
1974-03-25,8.41,1,8.41
1974-04-01,8.44,1,8.44
1974-04-08,8.53,1,8.53
1974-04-15,8.63,1,8.63
1974-04-22,8.73,1,8.73
1974-04-29,8.87,1,8.87
1974-05-06,8.98,1,8.98
1974-05-13,8.97,1.1,8.995
1974-05-20,9.01,1.1,9.035
1974-05-27,9.03,1.2,9.08
1974-06-03,9.06,1.2,9.11
1974-06-10,9.11,1.1,9.135
1974-06-17,9.07,1.2,9.12
1974-06-24,9.1,1.3,9.175
1974-07-01,9.14,1.3,9.215
1974-07-08,9.19,1.3,9.265
1974-07-15,9.37,1.2,9.42
1974-07-22,9.42,1.2,9.47
1974-07-29,9.47,1.3,9.545
1974-08-05,9.5,1.3,9.575
1974-08-12,9.6,1.2,9.65
1974-08-19,9.62,1.3,9.695
1974-08-26,9.74,1.3,9.815
1974-09-02,9.88,1.4,9.98
1974-09-09,9.92,1.4,10.02
1974-09-16,10,1.4,10.1
1974-09-23,10.03,1.4,10.13
1974-09-30,10.02,1.5,10.145
1974-10-07,9.96,1.5,10.085
1974-10-14,9.99,1.5,10.115
1974-10-21,9.94,1.5,10.065
1974-10-28,9.87,1.5,9.995
1974-11-04,9.81,1.4,9.91
1974-11-11,9.81,1.3,9.885
1974-11-18,9.73,1.3,9.805
1974-11-25,9.72,1.4,9.82
1974-12-02,9.69,1.3,9.765
1974-12-09,9.63,1.3,9.705
1974-12-16,9.58,1.3,9.655
1974-12-23,9.56,1.2,9.61
1974-12-30,9.6,1.2,9.65
1975-01-06,9.49,1.2,9.54
1975-01-13,9.43,1.2,9.48
1975-01-20,9.35,1.3,9.425
1975-01-27,9.29,1.2,9.34
1975-02-03,9.2,1.3,9.275
1975-02-10,9.13,1.2,9.18
1975-02-17,9.07,1.2,9.12
1975-02-24,9.02,1.1,9.045
1975-03-03,9,1.1,9.025
1975-03-10,8.89,1.1,8.915
1975-03-17,8.86,1.1,8.885
1975-03-24,8.86,1.1,8.885
1975-03-31,8.83,1,8.83
1975-04-07,8.81,1,8.81
1975-04-14,8.8,1,8.8
1975-04-21,8.84,1,8.84
1975-04-28,8.92,1.1,8.945
1975-05-05,8.88,1,8.88
1975-05-12,8.92,1.1,8.945
1975-05-19,8.92,1.1,8.945
1975-05-26,8.89,1.1,8.915
1975-06-02,8.89,1,8.89
1975-06-09,8.9,1,8.9
1975-06-16,8.88,1,8.88
1975-06-23,8.9,1.1,8.925
1975-07-07,8.9,1.1,8.925
1975-07-14,8.89,1.1,8.915
1975-07-21,8.89,1.1,8.915
1975-07-28,8.89,1.1,8.915
1975-08-04,8.89,1.1,8.915
1975-08-11,8.93,1.1,8.955
1975-08-18,8.98,1.1,9.005
1975-08-25,9.02,1.1,9.045
1975-09-01,9.08,1.1,9.105
1975-09-08,9.16,1.1,9.185
1975-09-15,9.14,1.2,9.19
1975-09-22,9.14,1.1,9.165
1975-09-29,9.2,1.1,9.225
1975-10-06,9.21,1.1,9.235
1975-10-13,9.21,1.1,9.235
1975-10-20,9.26,1.1,9.285
1975-10-27,9.24,1.2,9.29
1975-11-03,9.19,1.2,9.24
1975-11-10,9.16,1.1,9.185
1975-11-17,9.12,1.1,9.145
1975-11-24,9.11,1.1,9.135
1975-12-01,9.11,1.1,9.135
1975-12-08,9.11,1.1,9.135
1975-12-15,9.08,1.1,9.105
1975-12-22,9.09,1.1,9.115
1975-12-29,9.1,1.1,9.125
1976-01-05,9.07,1.1,9.095
1976-01-12,9.01,1.1,9.035
1976-01-19,9,1.1,9.025
1976-01-26,8.9,1,8.9
1976-02-02,8.86,0.9,8.835
1976-02-09,8.83,0.9,8.805
1976-02-16,8.81,0.9,8.785
1976-02-23,8.75,1.1,8.775
1976-03-01,8.77,1.3,8.845
1976-03-08,8.75,1.3,8.825
1976-03-15,8.75,1.3,8.825
1976-03-22,8.75,1.3,8.825
1976-03-29,8.7,1.3,8.775
1976-04-05,8.7,1.3,8.775
1976-04-12,8.75,1.3,8.825
1976-04-19,8.75,1.3,8.825
1976-04-26,8.75,1.3,8.825
1976-05-03,8.75,1.3,8.825
1976-05-10,8.75,1.3,8.825
1976-05-17,8.78,1.3,8.855
1976-05-24,8.78,1.3,8.855
1976-05-31,8.78,1.3,8.855
1976-06-07,8.83,1.3,8.905
1976-06-14,8.88,1.3,8.955
1976-06-21,8.9,1.3,8.975
1976-06-28,8.93,1.3,9.005
1976-07-05,8.93,1.2,8.98
1976-07-12,8.93,1.2,8.98
1976-07-19,8.9,1.1,8.925
1976-07-26,8.98,1.2,9.03
1976-08-02,9,1.2,9.05
1976-08-09,9,1.2,9.05
1976-08-16,9,1.2,9.05
1976-08-23,9,1.2,9.05
1976-08-30,9,1.2,9.05
1976-09-06,8.97,1.2,9.02
1976-09-13,8.97,1.2,9.02
1976-09-20,8.97,1.2,9.02
1976-09-27,8.9,1.2,8.95
1976-10-04,8.95,1.2,9
1976-10-11,8.95,1.2,9
1976-10-18,8.95,1.1,8.975
1976-10-25,8.9,1.1,8.925
1976-11-01,8.85,1.3,8.925
1976-11-08,8.8,1.3,8.875
1976-11-15,8.8,1.3,8.875
1976-11-22,8.8,1.3,8.875
1976-11-29,8.8,1.3,8.875
1976-12-06,8.8,1.2,8.85
1976-12-13,8.8,1.2,8.85
1976-12-20,8.78,1.2,8.83
1976-12-27,8.78,1.2,8.83
1977-01-03,8.7,1.1,8.725
1977-01-10,8.73,1.1,8.755
1977-01-17,8.73,1.1,8.755
1977-01-24,8.73,1.1,8.755
1977-01-31,8.68,1.1,8.705
1977-02-07,8.7,1.1,8.725
1977-02-14,8.65,1.2,8.7
1977-02-21,8.65,1.1,8.675
1977-02-28,8.65,1.2,8.7
1977-03-07,8.7,1.2,8.75
1977-03-14,8.7,1.2,8.75
1977-03-21,8.7,1.2,8.75
1977-03-28,8.7,1.1,8.725
1977-04-04,8.75,1.2,8.8
1977-04-11,8.75,1.1,8.775
1977-04-18,8.78,1.1,8.805
1977-04-25,8.78,1.1,8.805
1977-05-02,8.78,1.2,8.83
1977-05-09,8.83,1.1,8.855
1977-05-16,8.85,1.1,8.875
1977-05-23,8.85,1.1,8.875
1977-05-30,8.85,1.1,8.875
1977-06-06,8.85,1.1,8.875
1977-06-13,8.85,1.1,8.875
1977-06-20,8.88,1.1,8.905
1977-06-27,8.95,1.1,8.975
1977-07-04,8.93,1.1,8.955
1977-07-11,8.95,1.1,8.975
1977-07-18,8.95,1.1,8.975
1977-07-25,8.93,1.1,8.955
1977-08-01,8.95,1.1,8.975
1977-08-08,8.95,1.1,8.975
1977-08-15,8.93,1.1,8.955
1977-08-22,8.93,1.1,8.955
1977-08-29,8.88,1.1,8.905
1977-09-05,8.9,1.1,8.925
1977-09-12,8.9,1.1,8.925
1977-09-19,8.9,1.1,8.925
1977-09-26,8.9,1.2,8.95
1977-10-03,8.93,1.2,8.98
1977-10-10,8.93,1.2,8.98
1977-10-17,8.93,1.2,8.98
1977-10-24,8.9,1.1,8.925
1977-10-31,8.9,1.1,8.925
1977-11-07,8.93,1.1,8.955
1977-11-14,8.93,1.1,8.955
1977-11-21,8.93,1.2,8.98
1977-11-28,8.95,1.1,8.975
1977-12-05,8.95,1.2,9
1977-12-12,8.95,1.3,9.025
1977-12-19,8.95,1.3,9.025
1977-12-26,9,1.2,9.05
1978-01-02,9,1.3,9.075
1978-01-09,9.03,1.2,9.08
1978-01-16,8.98,1.3,9.055
1978-01-23,9.05,1.3,9.125
1978-01-30,9.13,1.3,9.205
1978-02-06,9.15,1.3,9.225
1978-02-13,9.15,1.3,9.225
1978-02-20,9.15,1.3,9.225
1978-02-27,9.15,1.3,9.225
1978-03-06,9.15,1.3,9.225
1978-03-13,9.23,1.3,9.305
1978-03-20,9.23,1.3,9.305
1978-03-27,9.25,1.3,9.325
1978-04-03,9.28,1.3,9.355
1978-04-10,9.33,1.3,9.405
1978-04-17,9.38,1.2,9.43
1978-04-24,9.43,1.2,9.48
1978-05-01,9.48,1.2,9.53
1978-05-08,9.55,1.4,9.65
1978-05-15,9.58,1.3,9.655
1978-05-22,9.68,1.4,9.78
1978-05-29,9.68,1.4,9.78
1978-06-05,9.7,1.4,9.8
1978-06-12,9.73,1.4,9.83
1978-06-19,9.7,1.4,9.8
1978-06-26,9.73,1.4,9.83
1978-07-03,9.73,1.5,9.855
1978-07-10,9.73,1.5,9.855
1978-07-17,9.75,1.3,9.825
1978-07-24,9.75,1.3,9.825
1978-07-31,9.78,1.3,9.855
1978-08-07,9.78,1.3,9.855
1978-08-14,9.78,1.3,9.855
1978-08-21,9.8,1.3,9.875
1978-08-28,9.75,1.31,9.8275
1978-09-04,9.75,1.3,9.825
1978-09-11,9.75,1.3,9.825
1978-09-18,9.75,1.4,9.85
1978-09-25,9.78,1.4,9.88
1978-10-02,9.85,1.2,9.9
1978-10-09,9.85,1.2,9.9
1978-10-16,9.85,1.2,9.9
1978-10-23,9.88,1.2,9.93
1978-10-30,9.9,1.2,9.95
1978-11-06,10.05,1.2,10.1
1978-11-13,10.2,1.2,10.25
1978-11-20,10.28,1.3,10.355
1978-11-27,10.3,1.4,10.4
1978-12-04,10.35,1.4,10.45
1978-12-11,10.35,1.4,10.45
1978-12-18,10.35,1.4,10.45
1978-12-25,10.38,1.4,10.48
1979-01-01,10.38,1.5,10.505
1979-01-08,10.38,1.5,10.505
1979-01-15,10.4,1.5,10.525
1979-01-22,10.4,1.5,10.525
1979-01-29,10.4,1.5,10.525
1979-02-05,10.43,1.5,10.555
1979-02-12,10.4,1.5,10.525
1979-02-19,10.4,1.5,10.525
1979-02-26,10.43,1.5,10.555
1979-03-05,10.4,1.5,10.525
1979-03-12,10.4,1.5,10.525
1979-03-19,10.45,1.6,10.6
1979-03-26,10.45,1.6,10.6
1979-04-02,10.48,1.6,10.63
1979-04-09,10.48,1.6,10.63
1979-04-16,10.5,1.2,10.55
1979-04-23,10.53,1.6,10.68
1979-04-30,10.6,1.6,10.75
1979-05-07,10.68,1.6,10.83
1979-05-14,10.73,1.6,10.88
1979-05-21,10.75,1.6,10.9
1979-05-28,10.9,1.6,11.05
1979-06-04,11.03,1.6,11.18
1979-06-11,11.05,1.6,11.2
1979-06-18,11.1,1.7,11.275
1979-06-25,11.1,1.6,11.25
1979-07-02,11.13,1.7,11.305
1979-07-09,11.08,1.7,11.255
1979-07-16,11.08,1.6,11.23
1979-07-23,11.08,1.6,11.23
1979-07-30,11.08,1.6,11.23
1979-08-06,11.08,1.6,11.23
1979-08-13,11.08,1.7,11.255
1979-08-20,11.1,1.7,11.275
1979-08-27,11.13,1.7,11.305
1979-09-03,11.2,1.7,11.375
1979-09-10,11.3,1.6,11.45
1979-09-17,11.35,1.6,11.5
1979-09-24,11.35,1.6,11.5
1979-10-01,11.35,1.6,11.5
1979-10-08,11.45,1.6,11.6
1979-10-15,11.75,1.7,11.925
1979-10-22,12,1.7,12.175
1979-10-29,12.8,1.7,12.975
1979-11-05,12.85,1.7,13.025
1979-11-12,12.8,1.7,12.975
1979-11-19,12.8,1.7,12.975
1979-11-26,12.9,1.6,13.05
1979-12-03,12.9,1.6,13.05
1979-12-10,12.9,1.6,13.05
1979-12-17,12.9,1.6,13.05
1979-12-24,12.9,1.6,13.05
1979-12-31,12.85,1.6,13
1980-01-07,12.9,1.6,13.05
1980-01-14,12.87,1.6,13.02
1980-01-21,12.89,1.6,13.04
1980-01-28,12.85,1.6,13
1980-02-04,12.85,1.6,13
1980-02-11,12.875,1.6,13.025
1980-02-18,13.025,1.6,13.175
1980-02-25,13.59,1.8,13.79
1980-03-03,14,1.9,14.225
1980-03-10,15.4,1.9,15.625
1980-03-17,15.7,2,15.95
1980-03-24,16.025,2.1,16.3
1980-03-31,16.35,2,16.6
1980-04-07,16.35,1.9,16.575
1980-04-14,16.35,1.9,16.575
1980-04-21,16.25,1.9,16.475
1980-04-28,15.9,1.9,16.125
1980-05-05,14.675,1.8,14.875
1980-05-12,14.15,1.8,14.35
1980-05-19,13.375,1.9,13.6
1980-05-26,13.2,1.9,13.425
1980-06-02,13.06,1.8,13.26
1980-06-09,12.85,1.8,13.05
1980-06-16,12.575,1.9,12.8
1980-06-23,12.35,1.7,12.525
1980-06-30,12.175,1.7,12.35
1980-07-07,12.225,1.7,12.4
1980-07-14,12.175,1.8,12.375
1980-07-21,12.175,1.8,12.375
1980-07-28,12.25,1.8,12.45
1980-08-04,12.25,1.8,12.45
1980-08-11,12.55,1.7,12.725
1980-08-18,12.8,1.7,12.975
1980-08-25,12.95,1.7,13.125
1980-09-01,13.025,1.7,13.2
1980-09-08,13.075,1.8,13.275
1980-09-15,13.25,1.7,13.425
1980-09-22,13.425,1.7,13.6
1980-09-29,13.6,1.8,13.8
1980-10-06,13.725,1.7,13.9
1980-10-13,13.775,1.8,13.975
1980-10-20,13.85,1.7,14.025
1980-10-27,14,1.7,14.175
1980-11-03,14.075,1.7,14.25
1980-11-10,14.175,1.7,14.35
1980-11-17,14.275,1.7,14.45
1980-11-24,14.275,1.7,14.45
1980-12-01,14.425,1.7,14.6
1980-12-08,14.825,1.7,15
1980-12-15,14.95,1.7,15.125
1980-12-22,14.95,1.7,15.125
1980-12-29,14.95,2,15.2
1981-01-05,14.8,2,15.05
1981-01-12,14.85,2,15.1
1981-01-19,14.85,2,15.1
1981-01-26,15.07,2,15.32
1981-02-02,15,2,15.25
1981-02-09,15.03,2,15.28
1981-02-16,15.2,2,15.45
1981-02-23,15.3,2,15.55
1981-03-02,15.4,2,15.65
1981-03-09,15.4,2.1,15.675
1981-03-16,15.4,2,15.65
1981-03-23,15.4,2,15.65
1981-03-30,15.4,2,15.65
1981-04-06,15.5,2,15.75
1981-04-13,15.65,2,15.9
1981-04-20,15.77,2.1,16.045
1981-04-27,15.82,1.9,16.045
1981-05-04,16.12,2.1,16.395
1981-05-11,16.64,2.1,16.915
1981-05-18,16.63,2.1,16.905
1981-05-25,16.8,2.1,17.075
1981-06-01,16.76,2.1,17.035
1981-06-08,16.69,2,16.94
1981-06-15,16.71,2.1,16.985
1981-06-22,16.62,2.1,16.895
1981-06-29,16.64,2.1,16.915
1981-07-06,16.79,2.2,17.09
1981-07-13,16.74,2.1,17.015
1981-07-20,16.88,2.1,17.155
1981-07-27,17.11,2.2,17.41
1981-08-03,17.13,2,17.38
1981-08-10,17.27,2.1,17.545
1981-08-17,17.26,2.1,17.535
1981-08-24,17.48,2.1,17.755
1981-08-31,17.79,2,18.04
1981-09-07,18.22,2.1,18.495
1981-09-14,18.27,2.2,18.57
1981-09-21,18.36,2.2,18.66
1981-09-28,18.28,2.4,18.63
1981-10-05,18.63,2.2,18.93
1981-10-12,18.53,2.3,18.855
1981-10-26,18.44,2.3,18.765
1981-11-02,18.37,2.1,18.645
1981-11-09,18.02,2.1,18.295
1981-11-16,17.7,2.2,18
1981-11-23,17.21,2.1,17.485
1981-11-30,16.9,2.1,17.175
1981-12-07,16.94,2.1,17.215
1981-12-14,16.9,2,17.15
1981-12-21,16.95,2,17.2
1982-01-04,17.3,2.1,17.575
1982-01-11,17.44,2.2,17.74
1982-01-18,17.61,2.2,17.91
1982-01-25,17.59,2.2,17.89
1982-02-01,17.56,2.2,17.86
1982-02-08,17.65,2.2,17.95
1982-02-15,17.66,2.3,17.985
1982-02-22,17.52,2.2,17.82
1982-03-01,17.29,2.2,17.59
1982-03-08,17.19,2.3,17.515
1982-03-15,17.12,2.2,17.42
1982-03-22,17.04,2.2,17.34
1982-03-29,16.95,2.2,17.25
1982-04-05,16.91,2.3,17.235
1982-04-12,16.93,2.3,17.255
1982-04-19,16.86,2.3,17.185
1982-04-26,16.81,2.4,17.16
1982-05-03,16.78,2.3,17.105
1982-05-10,16.63,2.4,16.98
1982-05-17,16.67,2.3,16.995
1982-05-24,16.63,2.3,16.955
1982-05-31,16.65,2.2,16.95
1982-06-07,16.7,2.2,17
1982-06-14,16.71,2.1,16.985
1982-06-21,16.73,2.3,17.055
1982-06-28,16.87,2.3,17.195
1982-07-05,16.93,2.3,17.255
1982-07-12,16.88,2.2,17.18
1982-07-19,16.75,2.2,17.05
1982-07-26,16.65,2.2,16.95
1982-08-02,16.55,2.2,16.85
1982-08-09,16.44,2.2,16.74
1982-08-16,16.21,2.3,16.535
1982-08-23,15.88,2.3,16.205
1982-08-30,15.59,2.2,15.89
1982-09-06,15.56,2.3,15.885
1982-09-13,15.38,2.3,15.705
1982-09-20,15.19,2.2,15.49
1982-09-27,15.13,2.3,15.455
1982-10-04,14.96,2.2,15.26
1982-10-11,14.6,2.2,14.9
1982-10-18,14.2,2.2,14.5
1982-10-25,14.15,2.2,14.45
1982-11-01,13.91,2.2,14.21
1982-11-08,13.84,2.3,14.165
1982-11-15,13.78,2.1,14.055
1982-11-22,13.77,2.1,14.045
1982-11-29,13.66,2.2,13.96
1982-12-06,13.66,2.2,13.96
1982-12-13,13.63,2.2,13.93
1982-12-20,13.6,2.1,13.875
1982-12-27,13.57,2.3,13.895
1983-01-03,13.46,2.2,13.76
1983-01-10,13.31,2.2,13.61
1983-01-17,13.12,2.2,13.42
1983-01-24,13.1,2,13.35
1983-01-31,13.06,2,13.31
1983-02-07,13.06,1.9,13.285
1983-02-14,13.07,2,13.32
1983-02-21,12.98,1.9,13.205
1983-02-28,12.74,2.1,13.015
1983-03-07,12.79,2.1,13.065
1983-03-14,12.81,2.2,13.11
1983-03-21,12.86,2.2,13.16
1983-03-28,12.82,2.2,13.12
1983-04-04,12.82,2.2,13.12
1983-04-11,12.79,2.2,13.09
1983-04-18,12.75,2,13
1983-04-25,12.73,2.1,13.005
1983-05-02,12.71,2.1,12.985
1983-05-09,12.59,2.1,12.865
1983-05-16,12.55,2.1,12.825
1983-05-23,12.68,2.1,12.955
1983-05-30,12.74,2.2,13.04
1983-06-06,12.82,2,13.07
1983-06-13,12.96,2.1,13.235
1983-06-20,12.96,2.1,13.235
1983-06-27,13.08,2.1,13.355
1983-07-04,13.3,2.1,13.575
1983-07-11,13.5,2.2,13.8
1983-07-18,13.58,2.2,13.88
1983-07-25,13.65,2.2,13.95
1983-08-01,13.73,2.2,14.03
1983-08-08,13.84,2.2,14.14
1983-08-15,13.89,2.2,14.19
1983-08-22,13.78,2.2,14.08
1983-08-29,13.77,2.2,14.07
1983-09-05,13.77,2.2,14.07
1983-09-12,13.72,2.2,14.02
1983-09-19,13.72,2.2,14.02
1983-09-26,13.65,2.2,13.95
1983-10-03,13.59,2.2,13.89
1983-10-10,13.6,2.2,13.9
1983-10-17,13.52,2.1,13.795
1983-10-24,13.43,2,13.68
1983-10-31,13.42,2.1,13.695
1983-11-07,13.47,2.1,13.745
1983-11-14,13.42,2.2,13.72
1983-11-21,13.43,2.1,13.705
1983-11-28,13.41,2.1,13.685
1983-12-05,13.38,2.2,13.68
1983-12-12,13.42,2.1,13.695
1983-12-19,13.46,2.2,13.76
1983-12-26,13.43,2.2,13.73
1984-01-02,13.43,2.3,13.755
1984-01-09,13.4,2.3,13.725
1984-01-16,13.35,2.3,13.675
1984-01-23,13.29,2.3,13.615
1984-01-30,13.26,2.5,13.635
1984-02-06,13.23,2.4,13.58
1984-02-13,13.19,2.4,13.54
1984-02-20,13.25,2.4,13.6
1984-02-27,13.23,2.4,13.58
1984-03-05,13.3,2.4,13.65
1984-03-12,13.37,2.4,13.72
1984-03-19,13.48,2.4,13.83
1984-03-26,13.55,2.4,13.9
1984-04-02,13.63,2.4,13.98
1984-04-09,13.58,2.4,13.93
1984-04-16,13.67,2.5,14.045
1984-04-23,13.73,2.4,14.08
1984-04-30,13.78,2.4,14.13
1984-05-07,13.87,2.5,14.245
1984-05-14,14.04,2.5,14.415
1984-05-21,14.08,2.5,14.455
1984-05-28,14.29,2.4,14.64
1984-06-04,14.33,2.5,14.705
1984-06-11,14.47,2.5,14.845
1984-06-18,14.49,2.5,14.865
1984-06-25,14.5,2.5,14.875
1984-07-02,14.66,2.4,15.01
1984-07-09,14.68,2.6,15.08
1984-07-16,14.66,2.6,15.06
1984-07-23,14.67,2.7,15.095
1984-07-30,14.68,2.6,15.08
1984-08-06,14.54,2.6,14.94
1984-08-13,14.39,2.6,14.79
1984-08-20,14.36,2.6,14.76
1984-08-27,14.38,2.6,14.78
1984-09-03,14.42,2.6,14.82
1984-09-10,14.43,2.5,14.805
1984-09-17,14.29,2.7,14.715
1984-09-24,14.26,2.5,14.635
1984-10-01,14.18,2.6,14.58
1984-10-08,14.19,2.6,14.59
1984-10-15,14.1,2.6,14.5
1984-10-22,14.05,2.6,14.45
1984-10-29,13.85,2.5,14.225
1984-11-05,13.74,2.5,14.115
1984-11-12,13.63,2.5,14.005
1984-11-19,13.55,2.5,13.925
1984-11-26,13.42,2.4,13.77
1984-12-03,13.2,2.6,13.6
1984-12-10,13.2,2.5,13.575
1984-12-17,13.18,2.5,13.555
1984-12-24,13.14,2.5,13.515
1984-12-31,13.1,2.5,13.475
1985-01-07,13.12,2.5,13.495
1985-01-14,13.12,2.5,13.495
1985-01-21,12.96,2.5,13.335
1985-01-28,12.93,2.4,13.28
1985-02-04,12.91,2.4,13.26
1985-02-11,12.9,2.5,13.275
1985-02-18,12.94,2.4,13.29
1985-02-25,13.02,2.5,13.395
1985-03-04,13.1,2.6,13.5
1985-03-11,13.2,2.6,13.6
1985-03-18,13.24,2.7,13.665
1985-03-25,13.29,2.7,13.715
1985-04-01,13.27,2.7,13.695
1985-04-08,13.23,2.6,13.63
1985-04-15,13.16,2.6,13.56
1985-04-22,13.12,2.5,13.495
1985-04-29,13.07,2.6,13.47
1985-05-06,13.02,2.6,13.42
1985-05-13,12.94,2.5,13.315
1985-05-20,12.83,2.5,13.205
1985-05-27,12.71,2.5,13.085
1985-06-03,12.39,2.5,12.765
1985-06-10,12.27,2.5,12.645
1985-06-17,12.05,2.6,12.45
1985-06-24,12.15,2.5,12.525
1985-07-01,12.13,2.6,12.53
1985-07-08,12.03,2.5,12.405
1985-07-15,11.94,2.4,12.29
1985-07-22,12.03,2.6,12.43
1985-07-29,12.17,2.6,12.57
1985-08-05,12.23,2.6,12.63
1985-08-12,12.24,2.7,12.665
1985-08-19,12.18,2.5,12.555
1985-08-26,12.11,2.7,12.535
1985-09-02,12.15,2.5,12.525
1985-09-09,12.24,2.5,12.615
1985-09-16,12.21,2.5,12.585
1985-09-23,12.17,2.7,12.595
1985-09-30,12.17,2.6,12.57
1985-10-07,12.17,2.5,12.545
1985-10-14,12.13,2.5,12.505
1985-10-21,12.07,2.4,12.42
1985-10-28,12.01,2.4,12.36
1985-11-04,11.9,2.4,12.25
1985-11-11,11.79,2.4,12.14
1985-11-18,11.64,2.3,11.965
1985-11-25,11.58,2.3,11.905
1985-12-02,11.5,2.4,11.85
1985-12-09,11.31,2.3,11.635
1985-12-16,11.14,2.3,11.465
1985-12-23,11.09,2.2,11.39
1985-12-30,10.81,2.3,11.135
1986-01-06,10.77,2.3,11.095
1986-01-13,10.99,2.4,11.34
1986-01-20,10.97,2.3,11.295
1986-01-27,10.89,2.4,11.24
1986-02-03,10.85,2.3,11.175
1986-02-10,10.8,2.4,11.15
1986-02-17,10.68,2.3,11.005
1986-02-24,10.51,2.2,10.81
1986-03-03,10.2,2.3,10.525
1986-03-10,10.01,2.3,10.335
1986-03-17,10.01,2.3,10.335
1986-03-24,10.1,2.3,10.425
1986-03-31,9.99,2.3,10.315
1986-04-07,9.98,2.3,10.305
1986-04-14,9.92,2.1,10.195
1986-04-21,9.86,2.2,10.16
1986-04-28,9.9,2.2,10.2
1986-05-05,10,2.2,10.3
1986-05-12,10.08,2.3,10.405
1986-05-19,10.36,2.4,10.71
1986-05-26,10.38,2.3,10.705
1986-06-02,10.74,2.3,11.065
1986-06-09,10.76,2.3,11.085
1986-06-16,10.61,2.2,10.91
1986-06-23,10.62,2.2,10.92
1986-06-30,10.61,2.2,10.91
1986-07-07,10.59,2.2,10.89
1986-07-14,10.43,2.2,10.73
1986-07-21,10.4,2.2,10.7
1986-07-28,10.4,2.1,10.675
1986-08-04,10.4,2.2,10.7
1986-08-11,10.23,2.1,10.505
1986-08-18,10.04,2.1,10.315
1986-08-25,9.93,2.1,10.205
1986-09-01,9.9,2.2,10.2
1986-09-08,9.96,2.1,10.235
1986-09-15,10.07,2.1,10.345
1986-09-22,10.1,2.2,10.4
1986-09-29,10.08,2.1,10.355
1986-10-06,9.99,2.1,10.265
1986-10-13,9.96,2.1,10.235
1986-10-20,9.95,2.2,10.25
1986-10-27,9.89,2.1,10.165
1986-11-03,9.83,2.1,10.105
1986-11-10,9.81,2,10.06
1986-11-17,9.64,2,9.89
1986-11-24,9.5,2,9.75
1986-12-01,9.3,2,9.55
1986-12-08,9.35,2.1,9.625
1986-12-15,9.3,2.1,9.575
1986-12-22,9.29,2.1,9.565
1986-12-29,9.37,2.2,9.67
1987-01-05,9.32,2.2,9.62
1987-01-12,9.21,2.1,9.485
1987-01-19,9.04,2.2,9.34
1987-01-26,9.08,2.2,9.38
1987-02-02,9.06,2.1,9.335
1987-02-09,9.09,2.1,9.365
1987-02-16,9.11,2.1,9.385
1987-02-23,9.07,2.1,9.345
1987-03-02,9.03,2,9.28
1987-03-09,9.05,2.1,9.325
1987-03-16,9.03,2.1,9.305
1987-03-23,9.03,2,9.28
1987-03-30,9.26,2.2,9.56
1987-04-06,9.43,2.3,9.755
1987-04-13,10.27,2.3,10.595
1987-04-20,10.37,2.2,10.67
1987-04-27,10.47,2.2,10.77
1987-05-04,10.52,2.2,10.82
1987-05-11,10.48,2.3,10.805
1987-05-18,10.81,2.3,11.135
1987-05-25,10.7,2.3,11.025
1987-06-01,10.7,2.3,11.025
1987-06-08,10.66,2.2,10.96
1987-06-15,10.44,2.2,10.74
1987-06-22,10.35,2.2,10.65
1987-06-29,10.36,2.2,10.66
1987-07-06,10.3,2.2,10.6
1987-07-13,10.23,2.2,10.53
1987-07-20,10.23,2.1,10.505
1987-07-27,10.27,2.2,10.57
1987-08-03,10.35,2,10.6
1987-08-10,10.34,2,10.59
1987-08-17,10.3,2.2,10.6
1987-08-24,10.33,2.1,10.605
1987-08-31,10.63,2.2,10.93
1987-09-07,10.91,2.2,11.21
1987-09-14,10.99,2.3,11.315
1987-09-21,11.02,2.2,11.32
1987-09-28,11.18,2.3,11.505
1987-10-05,11.21,2.2,11.51
1987-10-12,11.58,2.3,11.905
1987-10-19,11.36,2.2,11.66
1987-10-26,10.97,2.2,11.27
1987-11-02,10.79,2.1,11.065
1987-11-09,10.66,2.1,10.935
1987-11-16,10.6,2,10.85
1987-11-23,10.55,2,10.8
1987-11-30,10.6,2.1,10.875
1987-12-07,10.66,2.2,10.96
1987-12-14,10.69,2.2,10.99
1987-12-21,10.64,2.2,10.94
1988-01-04,10.5,2,10.75
1988-01-11,10.53,2,10.78
1988-01-18,10.34,2,10.59
1988-01-25,10.16,2,10.41
1988-02-01,9.94,2,10.19
1988-02-08,9.84,2.1,10.115
1988-02-15,9.92,2.1,10.195
1988-02-22,9.87,2.1,10.145
1988-02-29,9.85,2,10.1
1988-03-07,9.96,2,10.21
1988-03-14,9.92,2,10.17
1988-03-21,9.99,2.1,10.265
1988-03-28,10.05,2.1,10.325
1988-04-04,10.19,2.2,10.49
1988-04-11,10.19,2.1,10.465
1988-04-18,10.3,2.2,10.6
1988-04-25,10.28,2.1,10.555
1988-05-02,10.32,2.2,10.62
1988-05-09,10.4,2.1,10.675
1988-05-16,10.52,2.1,10.795
1988-05-23,10.58,2.1,10.855
1988-05-30,10.58,2.1,10.855
1988-06-06,10.51,2,10.76
1988-06-13,10.35,2,10.6
1988-06-20,10.4,2,10.65
1988-06-27,10.39,2,10.64
1988-07-04,10.38,2,10.63
1988-07-11,10.44,2,10.69
1988-07-18,10.46,2.1,10.735
1988-07-25,10.49,2.1,10.765
1988-08-01,10.44,2,10.69
1988-08-08,10.57,2.2,10.87
1988-08-15,10.71,2.3,11.035
1988-08-22,10.67,2.2,10.97
1988-08-29,10.65,2.4,11
1988-09-05,10.53,2.1,10.805
1988-09-12,10.4,2,10.65
1988-09-19,10.4,2,10.65
1988-09-26,10.42,2.1,10.695
1988-10-03,10.38,1.9,10.605
1988-10-10,10.33,1.9,10.555
1988-10-17,10.28,1.9,10.505
1988-10-24,10.22,1.9,10.445
1988-10-31,10.12,1.9,10.345
1988-11-07,10.24,2,10.49
1988-11-14,10.31,2.2,10.61
1988-11-21,10.39,2.1,10.665
1988-11-28,10.44,2.1,10.715
1988-12-05,10.46,2,10.71
1988-12-12,10.71,2.2,11.01
1988-12-19,10.68,2.2,10.98
1988-12-26,10.77,2.2,11.07
1989-01-02,10.8,2.2,11.1
1989-01-09,10.81,2.1,11.085
1989-01-16,10.71,2,10.96
1989-01-23,10.6,2.1,10.875
1989-01-30,10.55,2.1,10.825
1989-02-06,10.56,2,10.81
1989-02-13,10.69,2.2,10.99
1989-02-20,10.78,2.3,11.105
1989-02-27,10.91,2.3,11.235
1989-03-06,10.86,2.2,11.16
1989-03-13,10.98,2.1,11.255
1989-03-20,11.22,2.2,11.52
1989-03-27,11.19,2.2,11.49
1989-04-03,11.07,2.2,11.37
1989-04-10,11.11,2.2,11.41
1989-04-17,10.99,2.1,11.265
1989-04-24,11.03,2.1,11.305
1989-05-01,10.97,2.1,11.245
1989-05-08,10.93,2.2,11.23
1989-05-15,10.69,2,10.94
1989-05-22,10.5,2,10.75
1989-05-29,10.48,2,10.73
1989-06-05,10.2,2.1,10.475
1989-06-12,10.04,2.1,10.315
1989-06-19,10.19,2.1,10.465
1989-06-26,10.07,2.1,10.345
1989-07-03,10.03,2.1,10.305
1989-07-10,9.82,2.1,10.095
1989-07-17,9.87,2,10.12
1989-07-24,9.81,2.1,10.085
1989-07-31,9.68,2,9.93
1989-08-07,9.96,2.1,10.235
1989-08-14,10.09,2.1,10.365
1989-08-21,10.21,2,10.46
1989-08-28,10.22,1.9,10.445
1989-09-04,10.17,2,10.42
1989-09-11,10.05,2,10.3
1989-09-18,10.03,2,10.28
1989-09-25,10.16,2.1,10.435
1989-10-02,10.1,2.1,10.375
1989-10-09,9.95,2,10.2
1989-10-16,9.92,2,10.17
1989-10-23,9.82,2,10.07
1989-10-30,9.82,2,10.07
1989-11-06,9.79,1.9,10.015
1989-11-13,9.72,2,9.97
1989-11-20,9.74,2,9.99
1989-11-27,9.74,2,9.99
1989-12-04,9.76,2,10.01
1989-12-11,9.75,1.9,9.975
1989-12-18,9.69,2,9.94
1989-12-25,9.78,2,10.03
1990-01-01,9.83,2,10.08
1990-01-08,9.8,2,10.05
1990-01-15,9.9,2.1,10.175
1990-01-22,10.05,2.1,10.325
1990-01-29,10.17,2.1,10.445
1990-02-05,10.21,2.1,10.485
1990-02-12,10.1,2.1,10.375
1990-02-19,10.31,2.1,10.585
1990-02-26,10.23,2.1,10.505
1990-03-05,10.29,2.1,10.565
1990-03-12,10.34,2,10.59
1990-03-19,10.26,2,10.51
1990-03-26,10.22,2.1,10.495
1990-04-02,10.26,2,10.51
1990-04-09,10.25,2,10.5
1990-04-16,10.41,2.1,10.685
1990-04-23,10.56,2.1,10.835
1990-04-30,10.67,2.1,10.945
1990-05-07,10.54,2,10.79
1990-05-14,10.37,2,10.62
1990-05-21,10.33,2,10.58
1990-05-28,10.29,2,10.54
1990-06-04,10.1,2,10.35
1990-06-11,10.12,2,10.37
1990-06-18,10.16,2,10.41
1990-06-25,10.15,2,10.4
1990-07-02,10.06,1.9,10.285
1990-07-09,10.11,2,10.36
1990-07-16,9.99,2,10.24
1990-07-23,9.98,2,10.23
1990-07-30,9.84,1.9,10.065
1990-08-06,10.08,2.1,10.355
1990-08-13,10.05,2,10.3
1990-08-20,10.29,2.1,10.565
1990-08-27,10.24,2.1,10.515
1990-09-03,10.19,2,10.44
1990-09-10,10.13,2,10.38
1990-09-17,10.16,2.1,10.435
1990-09-24,10.22,2.2,10.52
1990-10-01,10.08,2.1,10.355
1990-10-08,10.22,2.2,10.52
1990-10-15,10.24,2.2,10.54
1990-10-22,10.17,2.1,10.445
1990-10-29,10.13,2.1,10.405
1990-11-05,10.09,2.1,10.365
1990-11-12,10.02,2,10.27
1990-11-19,9.93,2.1,10.205
1990-11-26,9.9,2,10.15
1990-12-03,9.81,1.9,10.035
1990-12-10,9.56,1.9,9.785
1990-12-17,9.64,1.9,9.865
1990-12-24,9.68,2,9.93
1990-12-31,9.56,1.9,9.785
1991-01-07,9.63,2.1,9.905
1991-01-14,9.75,2.2,10.05
1991-01-21,9.61,2,9.86
1991-01-28,9.56,2,9.81
1991-02-04,9.36,1.9,9.585
1991-02-11,9.25,2,9.5
1991-02-18,9.29,2.1,9.565
1991-02-25,9.4,2.1,9.675
1991-03-04,9.49,2.1,9.765
1991-03-11,9.5,2,9.75
1991-03-18,9.59,2.1,9.865
1991-03-25,9.52,2.1,9.795
1991-04-01,9.49,2,9.74
1991-04-08,9.48,2,9.73
1991-04-15,9.47,2,9.72
1991-04-22,9.53,2.1,9.805
1991-04-29,9.47,1.9,9.695
1991-05-06,9.47,1.9,9.695
1991-05-13,9.5,2.1,9.775
1991-05-20,9.47,2,9.72
1991-05-27,9.45,1.9,9.675
1991-06-03,9.48,2,9.73
1991-06-10,9.66,2.2,9.96
1991-06-17,9.65,2,9.9
1991-06-24,9.67,2.1,9.945
1991-07-01,9.62,2,9.87
1991-07-08,9.64,2,9.89
1991-07-15,9.54,2,9.79
1991-07-22,9.5,1.9,9.725
1991-07-29,9.44,2,9.69
1991-08-05,9.27,1.8,9.47
1991-08-12,9.19,1.9,9.415
1991-08-19,9.17,1.9,9.395
1991-08-26,9.15,1.9,9.375
1991-09-02,9.14,1.9,9.365
1991-09-09,9.02,1.9,9.245
1991-09-16,8.95,1.9,9.175
1991-09-23,8.92,1.8,9.12
1991-09-30,8.87,1.8,9.07
1991-10-07,8.82,1.8,9.02
1991-10-14,8.82,1.9,9.045
1991-10-21,8.91,1.9,9.135
1991-10-28,8.78,1.8,8.98
1991-11-04,8.76,1.7,8.935
1991-11-11,8.69,1.8,8.89
1991-11-18,8.63,1.8,8.83
1991-11-25,8.7,1.9,8.925
1991-12-02,8.62,1.8,8.82
1991-12-09,8.53,1.7,8.705
1991-12-16,8.49,1.8,8.69
1991-12-23,8.35,1.8,8.55
1991-12-30,8.24,1.7,8.415
1992-01-06,8.23,1.6,8.38
1992-01-13,8.45,1.8,8.65
1992-01-20,8.56,1.8,8.76
1992-01-27,8.68,2.1,8.955
1992-02-03,8.67,1.7,8.845
1992-02-10,8.73,1.9,8.955
1992-02-17,8.82,1.9,9.045
1992-02-24,8.83,1.8,9.03
1992-03-02,8.85,1.9,9.075
1992-03-09,8.88,1.9,9.105
1992-03-16,9.03,1.8,9.23
1992-03-23,8.98,1.8,9.18
1992-03-30,8.96,1.7,9.135
1992-04-06,8.84,1.6,8.99
1992-04-13,8.76,1.6,8.91
1992-04-20,8.85,1.8,9.05
1992-04-27,8.84,1.8,9.04
1992-05-04,8.75,1.6,8.9
1992-05-11,8.64,1.6,8.79
1992-05-18,8.53,1.6,8.68
1992-05-25,8.6,1.8,8.8
1992-06-01,8.59,1.8,8.79
1992-06-08,8.54,1.6,8.69
1992-06-15,8.48,1.6,8.63
1992-06-22,8.43,1.6,8.58
1992-06-29,8.29,1.5,8.415
1992-07-06,8.13,1.5,8.255
1992-07-13,8.09,1.6,8.24
1992-07-20,8.08,1.6,8.23
1992-07-27,8.05,1.7,8.225
1992-08-03,8.06,1.6,8.21
1992-08-10,7.96,1.6,8.11
1992-08-17,7.87,1.7,8.045
1992-08-24,8.01,1.8,8.21
1992-08-31,7.94,1.7,8.115
1992-09-07,7.84,1.6,7.99
1992-09-14,7.89,1.7,8.065
1992-09-28,7.93,1.6,8.08
1992-10-05,8.01,1.8,8.21
1992-10-12,8.06,1.7,8.235
1992-10-19,8.23,2,8.48
1992-10-26,8.21,1.9,8.435
1992-11-02,8.29,2,8.54
1992-11-09,8.32,2,8.57
1992-11-16,8.32,1.8,8.52
1992-11-23,8.29,1.8,8.49
1992-11-30,8.34,1.8,8.54
1992-12-07,8.23,1.6,8.38
1992-12-14,8.19,1.6,8.34
1992-12-21,8.13,1.5,8.255
1993-01-04,8.07,1.6,8.22
1993-01-11,8.04,1.6,8.19
1993-01-18,8,1.7,8.175
1993-01-25,7.86,1.5,7.985
1993-02-01,7.8,1.5,7.925
1993-02-08,7.75,1.6,7.9
1993-02-15,7.65,1.5,7.775
1993-02-22,7.53,1.5,7.655
1993-03-01,7.44,1.5,7.565
1993-03-08,7.47,1.6,7.62
1993-03-15,7.57,1.7,7.745
1993-03-22,7.5,1.7,7.675
1993-03-29,7.53,1.7,7.705
1993-04-05,7.57,1.8,7.77
1993-04-12,7.45,1.6,7.6
1993-04-19,7.38,1.6,7.53
1993-04-26,7.43,1.8,7.63
1993-05-03,7.42,1.7,7.595
1993-05-10,7.42,1.8,7.62
1993-05-17,7.52,1.8,7.72
1993-05-24,7.5,1.8,7.7
1993-05-31,7.47,1.7,7.645
1993-06-07,7.48,1.7,7.655
1993-06-14,7.38,1.6,7.53
1993-06-21,7.34,1.5,7.465
1993-06-28,7.23,1.5,7.355
1993-07-05,7.19,1.6,7.34
1993-07-12,7.16,1.6,7.31
1993-07-19,7.2,1.7,7.375
1993-07-26,7.25,1.7,7.425
1993-08-02,7.21,1.6,7.36
1993-08-09,7.17,1.5,7.295
1993-08-16,7.1,1.4,7.2
1993-08-23,6.97,1.4,7.07
1993-08-30,6.93,1.4,7.03
1993-09-06,6.82,1.4,6.92
1993-09-13,6.96,1.6,7.11
1993-09-20,6.95,1.6,7.1
1993-09-27,6.89,1.5,7.015
1993-10-04,6.87,1.5,6.995
1993-10-11,6.81,1.5,6.935
1993-10-18,6.74,1.5,6.865
1993-10-25,6.86,1.5,6.985
1993-11-01,7.11,1.4,7.21
1993-11-08,7.12,1.5,7.245
1993-11-15,7.08,1.6,7.23
1993-11-22,7.31,1.7,7.485
1993-11-30,7.25,1.7,7.425
1993-12-06,7.14,1.6,7.29
1993-12-13,7.17,1.7,7.345
1993-12-20,7.17,1.7,7.345
1993-12-27,7.13,1.6,7.28
1994-01-03,7.23,1.6,7.38
1994-01-10,6.99,1.7,7.165
1994-01-17,7.05,1.7,7.225
1994-01-24,6.97,1.7,7.145
1994-01-31,6.97,1.7,7.145
1994-02-07,7.21,1.8,7.41
1994-02-14,7.11,1.8,7.31
1994-02-21,7.32,1.7,7.495
1994-02-28,7.51,1.7,7.685
1994-03-07,7.63,1.6,7.78
1994-03-14,7.76,1.7,7.935
1994-03-21,7.8,1.7,7.975
1994-03-28,8.04,1.7,8.215
1994-04-04,8.47,1.7,8.645
1994-04-11,8.26,1.8,8.46
1994-04-18,8.49,1.8,8.69
1994-04-25,8.32,1.8,8.52
1994-05-02,8.53,1.8,8.73
1994-05-09,8.77,1.8,8.97
1994-05-16,8.56,1.8,8.76
1994-05-23,8.53,1.8,8.73
1994-05-30,8.55,1.8,8.75
1994-06-06,8.25,1.8,8.45
1994-06-13,8.33,1.8,8.53
1994-06-20,8.46,1.8,8.66
1994-06-27,8.57,1.7,8.745
1994-07-04,8.68,1.8,8.88
1994-07-11,8.72,1.8,8.92
1994-07-18,8.53,1.8,8.73
1994-07-25,8.57,1.9,8.795
1994-08-01,8.38,1.8,8.58
1994-08-08,8.57,1.8,8.77
1994-08-15,8.54,1.8,8.74
1994-08-22,8.56,1.8,8.76
1994-08-29,8.48,1.8,8.68
1994-09-05,8.51,1.8,8.71
1994-09-12,8.66,1.8,8.86
1994-09-19,8.73,1.8,8.93
1994-09-26,8.82,1.8,9.02
1994-10-03,8.89,1.8,9.09
1994-10-10,8.93,1.8,9.13
1994-10-17,8.85,1.8,9.05
1994-10-24,9.03,1.8,9.23
1994-10-31,9.05,1.9,9.275
1994-11-07,9.19,1.8,9.39
1994-11-14,9.19,1.8,9.39
1994-11-21,9.25,1.8,9.45
1994-11-28,9.23,1.8,9.43
1994-12-05,9.15,1.8,9.35
1994-12-12,9.25,1.8,9.45
1994-12-19,9.18,1.8,9.38
1994-12-26,9.18,1.8,9.38
1995-01-02,9.22,1.8,9.42
1996-01-01,7.02,1.8,7.22
1996-01-08,7.08,1.7,7.255
1996-01-15,7.02,1.7,7.195
1996-01-22,7,1.8,7.2
1996-01-29,7.02,1.8,7.22
1996-02-05,7.02,1.7,7.195
1996-02-12,6.94,1.7,7.115
1996-02-19,7.32,1.7,7.495
1996-02-26,7.41,1.8,7.61
1996-03-04,7.38,1.8,7.58
1996-03-11,7.83,1.7,8.005
1996-03-18,7.81,1.7,7.985
1996-03-25,7.69,1.8,7.89
1996-04-01,7.78,1.7,7.955
1996-04-08,8.05,1.8,8.25
1996-04-15,7.95,1.8,8.15
1996-04-22,7.92,1.8,8.12
1996-04-29,7.99,1.8,8.19
1996-05-06,8.24,1.8,8.44
1996-05-13,8.08,1.7,8.255
1996-05-20,8.01,1.7,8.185
1996-05-27,8.03,1.7,8.205
1996-06-03,8.3,1.7,8.475
1996-06-10,8.39,1.7,8.565
1996-06-17,8.3,1.7,8.475
1996-06-24,8.29,1.7,8.465
1996-07-01,8.14,1.8,8.34
1996-07-08,8.42,1.7,8.595
1996-07-15,8.23,1.8,8.43
1996-07-22,8.19,1.7,8.365
1996-07-29,8.23,1.7,8.405
1996-08-05,7.88,1.7,8.055
1996-08-12,7.88,1.7,8.055
1996-08-19,7.93,1.7,8.105
1996-08-26,8.09,1.7,8.265
1996-09-02,8.34,1.7,8.515
1996-09-09,8.28,1.7,8.455
1996-09-16,8.14,1.7,8.315
1996-09-23,8.16,1.7,8.335
1996-09-30,8.06,1.7,8.235
1996-10-07,7.86,1.7,8.035
1996-10-14,7.88,1.7,8.055
1996-10-21,7.86,1.8,8.06
1996-10-28,7.78,1.8,7.98
1996-11-04,7.67,1.7,7.845
1996-11-11,7.59,1.8,7.79
1996-11-18,7.53,1.8,7.73
1996-11-25,7.52,1.8,7.72
1996-12-02,7.44,1.7,7.615
1996-12-09,7.57,1.7,7.745
1996-12-16,7.74,1.8,7.94
1996-12-23,7.64,1.7,7.815
1996-12-30,7.67,1.7,7.845
1997-01-06,7.85,1.8,8.05
1997-01-13,7.87,1.8,8.07
1997-01-20,7.85,1.8,8.05
1997-01-27,7.88,1.8,8.08
1997-02-03,7.74,1.7,7.915
1997-02-10,7.65,1.7,7.825
1997-02-17,7.56,1.7,7.735
1997-02-24,7.65,1.7,7.825
1997-03-03,7.84,1.7,8.015
1997-03-10,7.84,1.7,8.015
1997-03-17,7.94,1.8,8.14
1997-03-24,7.97,1.8,8.17
1997-03-31,8.18,1.7,8.355
1997-04-07,8.15,1.8,8.35
1997-04-14,8.16,1.7,8.335
1997-04-21,8.08,1.7,8.255
1997-04-28,8.01,1.7,8.185
1997-05-05,7.94,1.6,8.09
1997-05-12,7.91,1.6,8.06
1997-05-19,7.92,1.7,8.095
1997-05-26,7.94,1.7,8.115
1997-06-02,7.85,1.7,8.025
1997-06-09,7.72,1.7,7.895
1997-06-16,7.61,1.7,7.785
1997-06-23,7.58,1.7,7.755
1997-06-30,7.62,1.8,7.82
1997-07-07,7.47,1.8,7.67
1997-07-14,7.47,1.8,7.67
1997-07-21,7.43,1.7,7.605
1997-07-28,7.36,1.7,7.535
1997-08-04,7.46,1.7,7.635
1997-08-11,7.54,1.8,7.74
1997-08-18,7.46,1.7,7.635
1997-08-25,7.58,1.7,7.755
1997-09-01,7.53,1.7,7.705
1997-09-08,7.53,1.7,7.705
1997-09-15,7.38,1.7,7.555
1997-09-22,7.28,1.7,7.455
1997-09-29,7.31,1.7,7.485
1997-10-06,7.26,1.7,7.435
1997-10-13,7.34,1.7,7.515
1997-10-20,7.35,1.8,7.55
1997-10-27,7.21,1.7,7.385
1997-11-03,7.24,1.7,7.415
1997-11-10,7.23,1.7,7.405
1997-11-17,7.18,1.7,7.355
1997-11-24,7.17,1.8,7.37
1997-12-01,7.15,1.8,7.35
1997-12-08,7.17,1.8,7.37
1997-12-15,7.07,1.8,7.27
1997-12-22,6.99,1.8,7.19
1997-12-29,7.03,1.8,7.23
1998-01-05,6.94,1.4,7.04
1998-01-12,6.89,1.3,6.965
1998-01-19,6.99,1.2,7.04
1998-01-26,7.12,1.2,7.17
1998-02-02,7.03,1.2,7.08
1998-02-09,7.06,1.3,7.135
1998-02-16,6.99,1.2,7.04
1998-02-24,7.09,1.2,7.14
1998-03-02,7.19,1.2,7.24
1998-03-09,7.16,1.2,7.21
1998-03-16,7.08,1.1,7.105
1998-03-23,7.08,1.1,7.105
1998-03-30,7.15,1.1,7.175
1998-04-06,7.09,1,7.09
1998-04-13,7.17,1,7.17
1998-04-20,7.15,1,7.15
1998-04-27,7.22,1.1,7.245
1998-05-04,7.14,1.1,7.165
1998-05-11,7.19,1.1,7.215
1998-05-18,7.1,1,7.1
1998-05-25,7.07,1,7.07
1998-06-01,7.05,1,7.05
1998-06-08,7.04,1,7.04
1998-06-15,6.94,1,6.94
1998-06-22,6.96,1,6.96
1998-06-29,6.98,1,6.98
1998-07-06,6.91,1.1,6.935
1998-07-13,6.94,1.1,6.965
1998-07-20,6.96,1.1,6.985
1998-07-27,6.97,1.1,6.995
1998-08-03,6.94,1.1,6.965
1998-08-10,6.91,1.1,6.935
1998-08-17,6.92,1.1,6.945
1998-08-24,6.92,1.1,6.945
1998-08-31,6.82,1,6.82
1998-09-07,6.77,1,6.77
1998-09-14,6.66,0.9,6.635
1998-09-21,6.64,1,6.64
1998-09-28,6.6,1,6.6
1998-10-05,6.49,1,6.49
1998-10-12,6.9,0.9,6.875
1998-10-19,6.73,0.9,6.705
1998-10-26,6.83,0.9,6.805
1998-11-02,6.89,0.9,6.865
1998-11-09,6.93,1,6.93
1998-11-16,6.86,0.9,6.835
1998-11-23,6.78,0.9,6.755
1998-11-30,6.71,0.9,6.685
1998-12-07,6.69,0.9,6.665
1998-12-14,6.69,1,6.69
1998-12-21,6.77,1,6.77
1999-01-04,6.79,0.9,6.765
1999-01-11,6.83,1,6.83
1999-01-18,6.78,0.9,6.755
1999-01-25,6.74,0.9,6.715
1999-02-01,6.75,1,6.75
1999-02-08,6.77,1,6.77
1999-02-15,6.82,1,6.82
1999-02-22,6.89,1,6.89
1999-03-01,7.06,1,7.06
1999-03-08,7.11,0.8,7.06
1999-03-15,7.01,0.9,6.985
1999-03-22,6.98,0.9,6.955
1999-03-29,6.98,0.9,6.955
1999-04-05,6.92,1,6.92
1999-04-12,6.87,1,6.87
1999-04-19,6.88,1,6.88
1999-04-26,6.93,1,6.93
1999-05-03,7.02,1,7.02
1999-05-10,7.1,1,7.1
1999-05-17,7.23,1,7.23
1999-05-24,7.23,1,7.23
1999-05-31,7.41,1,7.41
1999-06-07,7.51,1,7.51
1999-06-14,7.65,1,7.65
1999-06-21,7.63,1,7.63
1999-06-28,7.71,1,7.71
1999-07-05,7.65,1,7.65
1999-07-12,7.58,1,7.58
1999-07-19,7.52,1,7.52
1999-07-26,7.7,1,7.7
1999-08-02,7.89,1,7.89
1999-08-09,8.15,1,8.15
1999-08-16,7.93,1,7.93
1999-08-23,7.8,1,7.8
1999-08-30,7.83,0.9,7.805
1999-09-06,7.88,1,7.88
1999-09-13,7.82,1,7.82
1999-09-20,7.76,1,7.76
1999-09-27,7.7,1,7.7
1999-10-04,7.82,1,7.82
1999-10-11,7.85,1,7.85
1999-10-18,7.93,1,7.93
1999-10-25,7.96,1,7.96
1999-11-01,7.84,1,7.84
1999-11-08,7.67,1,7.67
1999-11-15,7.69,1,7.69
1999-11-22,7.75,1,7.75
1999-11-29,7.84,1,7.84
1999-12-06,7.84,1,7.84
1999-12-13,7.86,1,7.86
1999-12-20,7.96,1,7.96
1999-12-27,8.06,1,8.06
2000-01-03,8.15,1,8.15
2000-01-10,8.18,1,8.18
2000-01-17,8.26,1,8.26
2000-01-24,8.25,1,8.25
2000-01-31,8.25,1,8.25
2000-02-07,8.36,1,8.36
2000-02-14,8.38,0.9,8.355
2000-02-21,8.31,1,8.31
2000-02-28,8.27,1,8.27
2000-03-06,8.23,0.9,8.205
2000-03-13,8.24,1,8.24
2000-03-20,8.23,1,8.23
2000-03-27,8.23,1,8.23
2000-04-03,8.2,1,8.2
2000-04-10,8.12,0.9,8.095
2000-04-17,8.16,1,8.16
2000-04-24,8.13,1,8.13
2000-05-01,8.28,1,8.28
2000-05-08,8.52,1,8.52
2000-05-15,8.64,1,8.64
2000-05-22,8.62,1,8.62
2000-05-29,8.54,0.9,8.515
2000-06-05,8.32,0.9,8.295
2000-06-12,8.22,1,8.22
2000-06-19,8.14,1,8.14
2000-06-26,8.22,0.9,8.195
2000-07-03,8.16,1,8.16
2000-07-10,8.09,0.9,8.065
2000-07-17,8.21,0.9,8.185
2000-07-24,8.13,0.9,8.105
2000-07-31,8.12,1,8.12
2000-08-07,8.04,0.9,8.015
2000-08-14,7.96,1,7.96
2000-08-21,7.99,1,7.99
2000-08-28,7.96,1,7.96
2000-09-04,7.94,1,7.94
2000-09-11,7.88,1,7.88
2000-09-18,7.9,1,7.9
2000-09-25,7.88,1,7.88
2000-10-02,7.83,1,7.83
2000-10-09,7.84,1,7.84
2000-10-16,7.83,0.9,7.805
2000-10-23,7.68,1,7.68
2000-10-30,7.73,0.9,7.705
2000-11-06,7.79,0.9,7.765
2000-11-13,7.73,0.9,7.705
2000-11-20,7.73,0.9,7.705
2000-11-27,7.65,0.9,7.625
2000-12-04,7.54,1,7.54
2000-12-11,7.42,0.9,7.395
2000-12-18,7.17,1,7.17
2000-12-25,7.13,1,7.13
2001-01-01,7.07,1,7.07
2001-01-08,6.89,0.9,6.865
2001-01-15,7.02,0.9,6.995
2001-01-22,7.15,0.8,7.1
2001-01-29,7.09,1,7.09
2001-02-05,6.98,1,6.98
2001-02-12,7.01,0.9,6.985
2001-02-19,7.12,0.9,7.095
2001-02-26,7.03,0.9,7.005
2001-03-05,6.97,0.9,6.945
2001-03-12,6.96,0.9,6.935
2001-03-19,6.89,1,6.89
2001-03-26,6.91,0.9,6.885
2001-04-02,7.01,0.9,6.985
2001-04-09,7.04,0.8,6.99
2001-04-16,7.14,0.9,7.115
2001-04-23,7.12,1,7.12
2001-04-30,7.14,0.9,7.115
2001-05-07,7.1,0.9,7.075
2001-05-14,7.14,1,7.14
2001-05-21,7.2,1,7.2
2001-05-28,7.24,0.9,7.215
2001-06-04,7.2,1,7.2
2001-06-11,7.14,0.9,7.115
2001-06-18,7.11,1,7.11
2001-06-25,7.11,1,7.11
2001-07-02,7.19,0.9,7.165
2001-07-09,7.21,0.9,7.185
2001-07-16,7.08,0.9,7.055
2001-07-23,7.03,0.9,7.005
2001-07-30,7,0.9,6.975
2001-08-06,7,0.9,6.975
2001-08-13,6.92,0.9,6.895
2001-08-20,6.91,0.9,6.885
2001-08-27,6.92,0.9,6.895
2001-09-03,6.89,0.9,6.865
2001-09-10,6.86,0.9,6.835
2001-09-17,6.8,0.9,6.775
2001-09-24,6.72,0.9,6.695
2001-10-01,6.64,0.8,6.59
2001-10-08,6.58,0.9,6.555
2001-10-15,6.61,0.9,6.585
2001-10-22,6.64,0.8,6.59
2001-10-29,6.56,0.9,6.535
2001-11-05,6.45,0.8,6.4
2001-11-12,6.51,0.8,6.46
2001-11-19,6.75,0.8,6.7
2001-11-26,7.02,0.7,6.945
2001-12-03,6.84,0.7,6.765
2001-12-10,7.09,0.8,7.04
2001-12-17,7.17,0.7,7.095
2001-12-24,7.16,0.8,7.11
2001-12-31,7.14,0.8,7.09
2002-01-07,7.06,0.8,7.01
2002-01-14,6.83,0.7,6.755
2002-01-21,6.96,0.7,6.885
2002-01-28,7.02,0.7,6.945
2002-02-04,6.88,0.7,6.805
2002-02-11,6.86,0.7,6.785
2002-02-18,6.81,0.7,6.735
2002-02-25,6.8,0.7,6.725
2002-03-04,6.87,0.7,6.795
2002-03-11,7.08,0.7,7.005
2002-03-18,7.14,0.7,7.065
2002-03-25,7.18,0.7,7.105
2002-04-01,7.13,0.7,7.055
2002-04-08,6.99,0.8,6.94
2002-04-15,6.94,0.7,6.865
2002-04-22,6.88,0.7,6.805
2002-04-29,6.78,0.7,6.705
2002-05-06,6.79,0.7,6.715
2002-05-13,6.89,0.7,6.815
2002-05-20,6.81,0.7,6.735
2002-05-27,6.76,0.8,6.71
2002-06-03,6.71,0.7,6.635
2002-06-10,6.71,0.7,6.635
2002-06-17,6.63,0.5,6.505
2002-06-24,6.55,0.5,6.425
2002-07-01,6.57,0.5,6.445
2002-07-08,6.54,0.5,6.415
2002-07-15,6.49,0.6,6.39
2002-07-22,6.34,0.6,6.24
2002-07-29,6.43,0.6,6.33
2002-08-05,6.31,0.6,6.21
2002-08-12,6.22,0.6,6.12
2002-08-19,6.27,0.7,6.195
2002-08-26,6.22,0.7,6.145
2002-09-02,6.15,0.6,6.05
2002-09-09,6.18,0.6,6.08
2002-09-16,6.05,0.7,5.975
2002-09-23,5.99,0.6,5.89
2002-09-30,6.01,0.5,5.885
2002-10-07,5.98,0.6,5.88
2002-10-14,6.15,0.5,6.025
2002-10-21,6.31,0.6,6.21
2002-10-28,6.13,0.6,6.03
2002-11-04,6.11,0.6,6.01
2002-11-11,5.94,0.6,5.84
2002-11-18,6.03,0.6,5.93
2002-11-25,6.13,0.6,6.03
2002-12-02,6.19,0.5,6.065
2002-12-09,6.04,0.5,5.915
2002-12-16,6.03,0.6,5.93
2002-12-23,5.93,0.6,5.83
2002-12-30,5.85,0.6,5.75
2003-01-06,5.95,0.5,5.825
2003-01-13,5.97,0.6,5.87
2003-01-20,5.91,0.6,5.81
2003-01-27,5.9,0.6,5.8
2003-02-03,5.88,0.7,5.805
2003-02-10,5.86,0.6,5.76
2003-02-17,5.84,0.6,5.74
2003-02-24,5.79,0.6,5.69
2003-03-03,5.67,0.6,5.57
2003-03-10,5.61,0.6,5.51
2003-03-17,5.79,0.6,5.69
2003-03-24,5.91,0.6,5.81
2003-03-31,5.79,0.6,5.69
2003-04-07,5.85,0.6,5.75
2003-04-14,5.82,0.6,5.72
2003-04-21,5.79,0.6,5.69
2003-04-28,5.7,0.6,5.6
2003-05-05,5.62,0.7,5.545
2003-05-12,5.45,0.6,5.35
2003-05-19,5.34,0.7,5.265
2003-05-26,5.31,0.6,5.21
2003-06-02,5.26,0.5,5.135
2003-06-09,5.21,0.5,5.085
2003-06-16,5.21,0.6,5.11
2003-06-23,5.24,0.6,5.14
2003-06-30,5.4,0.5,5.275
2003-07-07,5.52,0.6,5.42
2003-07-14,5.67,0.5,5.545
2003-07-21,5.94,0.4,5.79
2003-07-28,6.14,0.5,6.015
2003-08-04,6.34,0.7,6.265
2003-08-11,6.24,0.7,6.165
2003-08-18,6.28,0.8,6.23
2003-08-25,6.32,0.7,6.245
2003-09-01,6.44,0.6,6.34
2003-09-08,6.16,0.6,6.06
2003-09-15,6.01,0.5,5.885
2003-09-22,5.98,0.6,5.88
2003-09-29,5.77,0.6,5.67
2003-10-06,5.95,0.6,5.85
2003-10-13,6.05,0.5,5.925
2003-10-20,6.05,0.7,5.975
2003-10-27,5.94,0.6,5.84
2003-11-03,5.98,0.7,5.905
2003-11-10,6.03,0.6,5.93
2003-11-17,5.83,0.6,5.73
2003-11-24,5.89,0.6,5.79
2003-12-01,6.02,0.6,5.92
2003-12-08,5.88,0.7,5.805
2003-12-15,5.82,0.7,5.745
2003-12-22,5.81,0.7,5.735
1981-10-16,18.39,2.2,18.69
1993-11-29,7.25,1.7,7.425
1994-11-04,7.37,1.8,7.57
1998-02-23,7.09,1.2,7.14
2003-12-26,5.85,0.7,5.775
2004-11-19,5.72,0.6,5.62
2004-12-17,5.75,0.6,5.65
2004-12-24,5.81,0.6,5.71
2005-11-18,6.28,0.6,6.18
2006-11-17,6.18,0.5,6.055
2007-11-16,6.2,0.5,6.075
2008-11-21,5.97,0.7,5.895
2008-12-19,5.14,0.8,5.09
2008-12-26,5.1,0.7,5.025
2009-11-20,4.78,0.7,4.705
2010-11-19,4.4,0.8,4.35
2011-11-18,3.98,0.7,3.905
2012-11-16,3.31,0.7,3.235
2013-06-28,4.29,0.7,4.215
2013-11-22,4.29,0.7,4.215
2014-11-21,3.97,0.5,3.845
2014-12-19,3.83,0.6,3.73
2014-12-26,3.87,0.6,3.77
1973-05-18,7.7,0.9,7.675
1975-06-27,8.88,1.1,8.905
1981-10-15,18.39,2.2,18.69
1981-12-25,17.04,2.1,17.315
1987-12-25,10.61,2,10.86
1992-09-18,8.02,1.7,8.195
1992-12-25,8.14,1.6,8.29
1994-01-07,9.19,1.8,9.39
1994-01-14,9.05,1.8,9.25
1994-01-21,9.13,1.9,9.355
1994-01-28,8.94,1.8,9.14
1994-02-04,8.8,1.9,9.025
1994-02-11,8.84,1.9,9.065
1994-02-18,8.73,1.9,8.955
1994-02-25,8.53,1.8,8.73
1994-03-04,8.62,1.9,8.845
1994-03-11,8.38,1.8,8.58
1994-03-18,8.4,1.8,8.6
1994-03-25,8.38,1.8,8.58
1994-04-01,8.41,1.9,8.635
1994-04-08,8.37,1.9,8.595
1994-04-15,8.24,1.9,8.465
1994-04-22,8.26,1.9,8.485
1994-04-29,8.27,1.9,8.495
1994-05-06,7.87,1.8,8.07
1994-05-13,7.83,1.8,8.03
1994-05-20,7.85,1.8,8.05
1994-05-27,7.71,1.8,7.91
1994-06-03,7.51,1.7,7.685
1994-06-10,7.55,1.8,7.75
1994-06-17,7.53,1.8,7.73
1994-06-24,7.53,1.8,7.73
1994-07-01,7.63,1.8,7.83
1994-07-08,7.41,1.7,7.585
1994-07-15,7.6,1.7,7.775
1994-07-22,7.79,1.8,7.99
1994-07-29,7.82,1.8,8.02
1994-08-05,7.8,1.8,8
1994-08-12,7.94,1.8,8.14
1994-08-19,7.88,1.9,8.105
1994-08-26,7.76,1.8,7.96
1994-09-02,7.63,1.8,7.83
1994-09-09,7.6,1.8,7.8
1994-09-16,7.57,1.8,7.77
1994-09-23,7.62,1.8,7.82
1994-09-30,7.57,1.8,7.77
1994-10-07,7.5,1.9,7.725
1994-10-14,7.38,1.9,7.605
1994-10-21,7.45,1.8,7.65
1994-10-28,7.44,1.8,7.64
1994-11-03,7.37,1.8,7.57
1994-11-11,7.35,1.8,7.55
1994-11-18,7.35,1.8,7.55
1994-11-25,7.33,1.9,7.555
1994-12-02,7.18,1.8,7.38
1994-12-09,7.15,1.8,7.35
1994-12-16,7.23,1.8,7.43
1994-12-23,7.11,1.7,7.285
1998-12-25,6.83,1,6.83
2003-12-25,5.85,0.7,5.775
2004-01-02,5.87,0.7,5.795
2004-01-09,5.66,0.6,5.56
2004-01-16,5.64,0.6,5.54
2004-01-23,5.68,0.7,5.605
2004-01-30,5.72,0.6,5.62
2004-02-06,5.66,0.7,5.585
2004-02-13,5.58,0.6,5.48
2004-02-20,5.58,0.7,5.505
2004-02-27,5.59,0.7,5.515
2004-03-05,5.41,0.6,5.31
2004-03-12,5.38,0.7,5.305
2004-03-19,5.4,0.7,5.325
2004-03-26,5.52,0.6,5.42
2004-04-02,5.79,0.7,5.715
2004-04-09,5.89,0.6,5.79
2004-04-16,5.94,0.7,5.865
2004-04-23,6.01,0.7,5.935
2004-04-30,6.12,0.7,6.045
2004-05-07,6.34,0.7,6.265
2004-05-14,6.3,0.7,6.225
2004-05-21,6.32,0.6,6.22
2004-05-28,6.28,0.7,6.205
2004-06-04,6.3,0.7,6.225
2004-06-11,6.32,0.5,6.195
2004-06-18,6.25,0.6,6.15
2004-06-25,6.21,0.6,6.11
2004-07-02,6.01,0.6,5.91
2004-07-09,6,0.6,5.9
2004-07-16,5.98,0.6,5.88
2004-07-23,6.08,0.6,5.98
2004-07-30,5.99,0.7,5.915
2004-08-06,5.85,0.6,5.75
2004-08-13,5.81,0.7,5.735
2004-08-20,5.82,0.7,5.745
2004-08-27,5.77,0.8,5.72
2004-09-03,5.83,0.8,5.78
2004-09-10,5.75,0.8,5.7
2004-09-17,5.7,0.7,5.625
2004-09-24,5.72,0.6,5.62
2004-10-01,5.82,0.6,5.72
2004-10-08,5.74,0.6,5.64
2004-10-15,5.69,0.7,5.615
2004-10-22,5.64,0.7,5.565
2004-10-29,5.7,0.6,5.6
2004-11-05,5.76,0.7,5.685
2004-11-12,5.74,0.6,5.64
2004-11-18,5.72,0.6,5.62
2004-11-26,5.81,0.6,5.71
2004-12-03,5.71,0.7,5.635
2004-12-10,5.68,0.6,5.58
2004-12-16,5.75,0.6,5.65
2004-12-23,5.81,0.6,5.71
2004-12-31,5.77,0.7,5.695
2005-01-07,5.74,0.6,5.64
2005-01-14,5.67,0.7,5.595
2005-01-21,5.66,0.6,5.56
2005-01-28,5.63,0.7,5.555
2005-02-04,5.57,0.8,5.52
2005-02-11,5.62,0.7,5.545
2005-02-18,5.69,0.7,5.615
2005-02-25,5.79,0.7,5.715
2005-03-04,5.85,0.6,5.75
2005-03-11,5.95,0.7,5.875
2005-03-18,6.01,0.7,5.935
2005-03-25,6.04,0.7,5.965
2005-04-01,5.93,0.7,5.855
2005-04-08,5.91,0.7,5.835
2005-04-15,5.8,0.5,5.675
2005-04-22,5.78,0.6,5.68
2005-04-29,5.75,0.6,5.65
2005-05-06,5.77,0.5,5.645
2005-05-13,5.71,0.7,5.635
2005-05-20,5.65,0.6,5.55
2005-05-27,5.62,0.6,5.52
2005-06-03,5.56,0.6,5.46
2005-06-10,5.63,0.5,5.505
2005-06-17,5.57,0.6,5.47
2005-06-24,5.53,0.6,5.43
2005-07-01,5.62,0.6,5.52
2005-07-08,5.66,0.6,5.56
2005-07-15,5.73,0.4,5.58
2005-07-22,5.77,0.5,5.645
2005-07-29,5.82,0.6,5.72
2005-08-05,5.89,0.5,5.765
2005-08-12,5.8,0.5,5.675
2005-08-19,5.77,0.5,5.645
2005-08-26,5.71,0.6,5.61
2005-09-02,5.71,0.6,5.61
2005-09-09,5.74,0.6,5.64
2005-09-16,5.8,0.6,5.7
2005-09-23,5.91,0.5,5.785
2005-09-30,5.98,0.5,5.855
2005-10-07,6.03,0.6,5.93
2005-10-14,6.1,0.5,5.975
2005-10-21,6.15,0.5,6.025
2005-10-28,6.31,0.5,6.185
2005-11-04,6.36,0.5,6.235
2005-11-11,6.37,0.6,6.27
2005-11-17,6.28,0.6,6.18
2005-11-25,6.26,0.5,6.135
2005-12-02,6.32,0.6,6.22
2005-12-09,6.3,0.5,6.175
2005-12-16,6.26,0.6,6.16
2005-12-23,6.22,0.5,6.095
2005-12-30,6.21,0.5,6.085
2006-01-06,6.15,0.6,6.05
2006-01-13,6.1,0.5,5.975
2006-01-20,6.12,0.5,5.995
2006-01-27,6.23,0.5,6.105
2006-02-03,6.24,0.6,6.14
2006-02-10,6.28,0.5,6.155
2006-02-17,6.26,0.6,6.16
2006-02-24,6.24,0.6,6.14
2006-03-03,6.37,0.6,6.27
2006-03-10,6.34,0.7,6.265
2006-03-17,6.32,0.6,6.22
2006-03-24,6.35,0.5,6.225
2006-03-31,6.43,0.6,6.33
2006-04-07,6.49,0.6,6.39
2006-04-14,6.53,0.6,6.43
2006-04-21,6.58,0.5,6.455
2006-04-28,6.59,0.6,6.49
2006-05-05,6.58,0.5,6.455
2006-05-12,6.6,0.5,6.475
2006-05-19,6.62,0.4,6.47
2006-05-26,6.67,0.4,6.52
2006-06-02,6.62,0.5,6.495
2006-06-09,6.63,0.5,6.505
2006-06-16,6.71,0.5,6.585
2006-06-23,6.78,0.5,6.655
2006-06-30,6.79,0.5,6.665
2006-07-07,6.74,0.6,6.64
2006-07-14,6.8,0.5,6.675
2006-07-21,6.72,0.3,6.545
2006-07-28,6.63,0.3,6.455
2006-08-04,6.55,0.4,6.4
2006-08-11,6.52,0.3,6.345
2006-08-18,6.48,0.4,6.33
2006-08-25,6.44,0.4,6.29
2006-09-01,6.47,0.4,6.32
2006-09-08,6.43,0.5,6.305
2006-09-15,6.4,0.5,6.275
2006-09-22,6.31,0.4,6.16
2006-09-29,6.3,0.3,6.125
2006-10-06,6.37,0.5,6.245
2006-10-13,6.36,0.5,6.235
2006-10-20,6.4,0.4,6.25
2006-10-27,6.31,0.4,6.16
2006-11-03,6.33,0.6,6.23
2006-11-10,6.24,0.5,6.115
2006-11-16,6.18,0.5,6.055
2006-11-24,6.14,0.4,5.99
2006-12-01,6.11,0.5,5.985
2006-12-08,6.12,0.4,5.97
2006-12-15,6.13,0.4,5.98
2006-12-22,6.18,0.4,6.03
2006-12-29,6.18,0.4,6.03
2007-01-05,6.21,0.4,6.06
2007-01-12,6.23,0.4,6.08
2007-01-19,6.25,0.4,6.1
2007-01-26,6.34,0.4,6.19
2007-02-02,6.28,0.3,6.105
2007-02-09,6.3,0.4,6.15
2007-02-16,6.22,0.5,6.095
2007-02-23,6.18,0.4,6.03
2007-03-02,6.14,0.5,6.015
2007-03-09,6.14,0.4,5.99
2007-03-16,6.16,0.4,6.01
2007-03-23,6.16,0.4,6.01
2007-03-30,6.17,0.4,6.02
2007-04-06,6.22,0.4,6.07
2007-04-13,6.17,0.5,6.045
2007-04-20,6.16,0.5,6.035
2007-04-27,6.16,0.5,6.035
2007-05-04,6.15,0.5,6.025
2007-05-11,6.21,0.4,6.06
2007-05-18,6.37,0.4,6.22
2007-05-25,6.42,0.4,6.27
2007-06-01,6.53,0.4,6.38
2007-06-08,6.74,0.4,6.59
2007-06-15,6.69,0.5,6.565
2007-06-22,6.67,0.4,6.52
2007-06-29,6.63,0.4,6.48
2007-07-06,6.73,0.4,6.58
2007-07-13,6.73,0.4,6.58
2007-07-20,6.69,0.4,6.54
2007-07-27,6.68,0.3,6.505
2007-08-03,6.59,0.4,6.44
2007-08-10,6.62,0.4,6.47
2007-08-17,6.52,0.4,6.37
2007-08-24,6.45,0.5,6.325
2007-08-31,6.46,0.5,6.335
2007-09-07,6.31,0.5,6.185
2007-09-14,6.34,0.5,6.215
2007-09-21,6.42,0.5,6.295
2007-09-28,6.37,0.5,6.245
2007-10-05,6.4,0.4,6.25
2007-10-12,6.4,0.5,6.275
2007-10-19,6.33,0.5,6.205
2007-10-26,6.26,0.4,6.11
2007-11-02,6.24,0.4,6.09
2007-11-09,6.24,0.4,6.09
2007-11-15,6.2,0.5,6.075
2007-11-23,6.1,0.5,5.975
2007-11-30,5.96,0.4,5.81
2007-12-07,6.11,0.5,5.985
2007-12-14,6.14,0.4,5.99
2007-12-21,6.17,0.5,6.045
2007-12-28,6.07,0.5,5.945
2008-01-04,5.87,0.4,5.72
2008-01-11,5.69,0.5,5.565
2008-01-18,5.48,0.4,5.33
2008-01-25,5.68,0.4,5.53
2008-02-01,5.67,0.4,5.52
2008-02-08,5.72,0.4,5.57
2008-02-15,6.04,0.6,5.94
2008-02-22,6.24,0.5,6.115
2008-02-29,6.03,0.5,5.905
2008-03-07,6.13,0.5,6.005
2008-03-14,5.87,0.5,5.745
2008-03-28,5.88,0.5,5.755
2008-04-04,5.88,0.4,5.73
2008-04-11,5.88,0.4,5.73
2008-04-18,6.03,0.3,5.855
2008-04-25,6.06,0.5,5.935
2008-05-02,6.05,0.3,5.875
2008-05-09,6.01,0.6,5.91
2008-05-16,5.98,0.5,5.855
2008-05-23,6.08,0.6,5.98
2008-05-30,6.09,0.6,5.99
2008-06-06,6.32,0.7,6.245
2008-06-13,6.42,0.7,6.345
2008-06-20,6.45,0.6,6.35
2008-06-27,6.35,0.6,6.25
2008-07-11,6.26,0.6,6.16
2008-07-18,6.63,0.6,6.53
2008-07-25,6.52,0.7,6.445
2008-08-01,6.52,0.7,6.445
2008-08-08,6.52,0.7,6.445
2008-08-15,6.47,0.7,6.395
2008-08-22,6.4,0.6,6.3
2008-08-29,6.35,0.7,6.275
2008-09-05,5.93,0.7,5.855
2008-09-12,5.78,0.6,5.68
2008-09-19,6.09,0.7,6.015
2008-09-26,6.1,0.6,6
2008-10-03,5.94,0.6,5.84
2008-10-10,6.46,0.6,6.36
2008-10-17,6.04,0.6,5.94
2008-10-24,6.46,0.7,6.385
2008-10-31,6.2,0.7,6.125
2008-11-07,6.14,0.7,6.065
2008-11-14,6.04,0.7,5.965
2008-11-20,5.97,0.7,5.895
2008-11-28,5.53,0.7,5.455
2008-12-05,5.47,0.7,5.395
2008-12-12,5.19,0.7,5.115
2008-12-18,5.14,0.8,5.09
2009-01-02,5.01,0.6,4.91
2009-01-09,4.96,0.7,4.885
2009-01-16,5.12,0.7,5.045
2009-01-23,5.1,0.7,5.025
2009-01-30,5.25,0.8,5.2
2009-02-06,5.16,0.7,5.085
2009-02-13,5.04,0.7,4.965
2009-02-20,5.07,0.7,4.995
2009-02-27,5.15,0.7,5.075
2009-03-06,5.03,0.7,4.955
2009-03-13,4.98,0.7,4.905
2009-03-20,4.85,0.7,4.775
2009-03-27,4.78,0.7,4.705
2009-04-03,4.87,0.7,4.795
2009-04-17,4.8,0.7,4.725
2009-04-24,4.78,0.7,4.705
2009-05-01,4.84,0.7,4.765
2009-05-08,4.86,0.6,4.76
2009-05-15,4.82,0.7,4.745
2009-05-22,4.91,0.7,4.835
2009-05-29,5.29,0.7,5.215
2009-06-05,5.59,0.7,5.515
2009-06-12,5.38,0.7,5.305
2009-06-19,5.42,0.7,5.345
2009-06-26,5.32,0.7,5.245
2009-07-10,5.14,0.7,5.065
2009-07-17,5.2,0.7,5.125
2009-07-24,5.25,0.7,5.175
2009-07-31,5.22,0.6,5.12
2009-08-07,5.29,0.7,5.215
2009-08-14,5.12,0.7,5.045
2009-08-21,5.14,0.7,5.065
2009-08-28,5.08,0.7,5.005
2009-09-04,5.07,0.7,4.995
2009-09-11,5.04,0.7,4.965
2009-09-18,5.04,0.6,4.94
2009-09-25,4.94,0.7,4.865
2009-10-02,4.87,0.7,4.795
2009-10-09,4.92,0.7,4.845
2009-10-16,5,0.7,4.925
2009-10-23,5.03,0.7,4.955
2009-10-30,4.98,0.7,4.905
2009-11-06,4.91,0.7,4.835
2009-11-13,4.83,0.7,4.755
2009-11-19,4.78,0.7,4.705
2009-11-27,4.71,0.7,4.635
2009-12-04,4.81,0.7,4.735
2009-12-11,4.94,0.7,4.865
2009-12-18,5.05,0.7,4.975
2010-01-08,5.06,0.7,4.985
2010-01-15,4.99,0.7,4.915
2010-01-22,4.98,0.6,4.88
2010-01-29,5.01,0.7,4.935
2010-02-05,4.97,0.7,4.895
2010-02-12,4.93,0.7,4.855
2010-02-19,5.05,0.7,4.975
2010-02-26,4.97,0.7,4.895
2010-03-05,4.95,0.7,4.875
2010-03-12,4.96,0.7,4.885
2010-03-19,4.99,0.6,4.89
2010-03-26,5.08,0.7,5.005
2010-04-02,5.21,0.6,5.11
2010-04-09,5.07,0.6,4.97
2010-04-16,5.07,0.7,4.995
2010-04-23,5.06,0.7,4.985
2010-04-30,5,0.7,4.925
2010-05-07,4.93,0.7,4.855
2010-05-14,4.84,0.7,4.765
2010-05-21,4.78,0.7,4.705
2010-05-28,4.79,0.8,4.74
2010-06-04,4.72,0.7,4.645
2010-06-11,4.75,0.7,4.675
2010-06-18,4.69,0.7,4.615
2010-06-25,4.58,0.7,4.505
2010-07-02,4.57,0.7,4.495
2010-07-09,4.57,0.7,4.495
2010-07-16,4.56,0.7,4.485
2010-07-23,4.54,0.7,4.465
2010-07-30,4.49,0.7,4.415
2010-08-06,4.44,0.7,4.365
2010-08-13,4.42,0.7,4.345
2010-08-20,4.36,0.7,4.285
2010-08-27,4.32,0.7,4.245
2010-09-03,4.35,0.7,4.275
2010-09-10,4.37,0.7,4.295
2010-09-17,4.37,0.7,4.295
2010-09-24,4.32,0.8,4.27
2010-10-01,4.27,0.8,4.22
2010-10-08,4.19,0.8,4.14
2010-10-15,4.21,0.8,4.16
2010-10-22,4.23,0.8,4.18
2010-10-29,4.24,0.8,4.19
2010-11-05,4.17,0.8,4.12
2010-11-12,4.39,0.9,4.365
2010-11-18,4.4,0.8,4.35
2010-11-26,4.46,0.8,4.41
2010-12-03,4.61,0.7,4.535
2010-12-10,4.83,0.7,4.755
2010-12-17,4.81,0.7,4.735
2010-12-31,4.77,0.8,4.72
2011-01-07,4.71,0.8,4.66
2011-01-14,4.74,0.8,4.69
2011-01-21,4.8,0.7,4.725
2011-01-28,4.81,0.8,4.76
2011-02-04,5.05,0.7,4.975
2011-02-11,5,0.7,4.925
2011-02-18,4.95,0.6,4.85
2011-02-25,4.87,0.7,4.795
2011-03-04,4.88,0.7,4.805
2011-03-11,4.76,0.7,4.685
2011-03-18,4.81,0.7,4.735
2011-03-25,4.86,0.7,4.785
2011-04-01,4.87,0.7,4.795
2011-04-08,4.91,0.6,4.81
2011-04-15,4.8,0.7,4.725
2011-04-29,4.71,0.7,4.635
2011-05-06,4.63,0.7,4.555
2011-05-13,4.61,0.7,4.535
2011-05-20,4.6,0.7,4.525
2011-05-27,4.55,0.6,4.45
2011-06-03,4.49,0.7,4.415
2011-06-10,4.5,0.7,4.425
2011-06-17,4.5,0.8,4.45
2011-06-24,4.51,0.7,4.435
2011-07-01,4.6,0.7,4.525
2011-07-08,4.51,0.7,4.435
2011-07-15,4.52,0.7,4.445
2011-07-22,4.55,0.8,4.5
2011-07-29,4.39,0.8,4.34
2011-08-05,4.32,0.7,4.245
2011-08-12,4.15,0.7,4.075
2011-08-19,4.22,0.7,4.145
2011-08-26,4.22,0.7,4.145
2011-09-02,4.12,0.7,4.045
2011-09-09,4.09,0.7,4.015
2011-09-16,4.09,0.7,4.015
2011-09-23,4.01,0.7,3.935
2011-09-30,3.94,0.8,3.89
2011-10-07,4.12,0.8,4.07
2011-10-14,4.11,0.8,4.06
2011-10-21,4.1,0.8,4.05
2011-10-28,4,0.7,3.925
2011-11-04,3.99,0.7,3.915
2011-11-17,3.98,0.7,3.905
2011-11-25,4,0.7,3.925
2011-12-02,3.99,0.7,3.915
2011-12-09,3.94,0.8,3.89
2011-12-16,3.91,0.7,3.835
2011-12-23,3.95,0.7,3.875
2011-12-30,3.91,0.8,3.86
2012-01-06,3.89,0.7,3.815
2012-01-13,3.88,0.8,3.83
2012-01-20,3.98,0.7,3.905
2012-01-27,3.87,0.8,3.82
2012-02-03,3.87,0.8,3.82
2012-02-10,3.87,0.8,3.82
2012-02-17,3.95,0.8,3.9
2012-02-24,3.9,0.8,3.85
2012-03-02,3.88,0.8,3.83
2012-03-09,3.92,0.8,3.87
2012-03-16,4.08,0.8,4.03
2012-03-23,3.99,0.7,3.915
2012-03-30,3.98,0.7,3.905
2012-04-06,3.88,0.7,3.805
2012-04-13,3.9,0.8,3.85
2012-04-20,3.88,0.7,3.805
2012-04-27,3.84,0.8,3.79
2012-05-04,3.83,0.7,3.755
2012-05-11,3.79,0.7,3.715
2012-05-18,3.78,0.8,3.73
2012-05-25,3.75,0.8,3.7
2012-06-01,3.67,0.7,3.595
2012-06-08,3.71,0.7,3.635
2012-06-15,3.66,0.7,3.585
2012-06-22,3.66,0.7,3.585
2012-06-29,3.62,0.8,3.57
2012-07-06,3.56,0.7,3.485
2012-07-13,3.53,0.7,3.455
2012-07-20,3.49,0.7,3.415
2012-07-27,3.55,0.7,3.475
2012-08-03,3.59,0.6,3.49
2012-08-10,3.62,0.6,3.52
2012-08-17,3.66,0.7,3.585
2012-08-24,3.59,0.6,3.49
2012-08-31,3.55,0.7,3.475
2012-09-07,3.55,0.6,3.45
2012-09-14,3.49,0.6,3.39
2012-09-21,3.4,0.6,3.3
2012-09-28,3.36,0.6,3.26
2012-10-05,3.39,0.7,3.315
2012-10-12,3.37,0.7,3.295
2012-10-19,3.41,0.7,3.335
2012-10-26,3.39,0.7,3.315
2012-11-02,3.4,0.7,3.325
2012-11-09,3.34,0.7,3.265
2012-11-15,3.31,0.7,3.235
2012-11-23,3.32,0.8,3.27
2012-11-30,3.34,0.7,3.265
2012-12-07,3.32,0.7,3.245
2012-12-14,3.37,0.7,3.295
2012-12-21,3.35,0.7,3.275
2012-12-28,3.34,0.7,3.265
2013-01-04,3.4,0.7,3.325
2013-01-11,3.38,0.7,3.305
2013-01-18,3.42,0.7,3.345
2013-01-25,3.53,0.7,3.455
2013-02-01,3.53,0.8,3.48
2013-02-08,3.53,0.8,3.48
2013-02-15,3.56,0.8,3.51
2013-02-22,3.51,0.8,3.46
2013-03-01,3.52,0.7,3.445
2013-03-08,3.63,0.8,3.58
2013-03-15,3.54,0.8,3.49
2013-03-22,3.57,0.8,3.52
2013-04-05,3.43,0.8,3.38
2013-04-12,3.41,0.7,3.335
2013-04-19,3.4,0.8,3.35
2013-04-26,3.35,0.7,3.275
2013-05-03,3.42,0.7,3.345
2013-05-10,3.51,0.7,3.435
2013-05-17,3.59,0.7,3.515
2013-05-24,3.81,0.8,3.76
2013-05-31,3.91,0.7,3.835
2013-06-07,3.98,0.7,3.905
2013-06-14,3.93,0.8,3.88
2013-06-21,4.46,0.8,4.41
2013-06-27,4.29,0.7,4.215
2013-07-05,4.51,0.8,4.46
2013-07-12,4.37,0.7,4.295
2013-07-19,4.31,0.8,4.26
2013-07-26,4.39,0.7,4.315
2013-08-02,4.4,0.7,4.325
2013-08-09,4.4,0.7,4.325
2013-08-16,4.58,0.8,4.53
2013-08-23,4.51,0.7,4.435
2013-08-30,4.57,0.7,4.495
2013-09-06,4.57,0.8,4.52
2013-09-13,4.5,0.7,4.425
2013-09-20,4.32,0.7,4.245
2013-09-27,4.22,0.7,4.145
2013-10-04,4.23,0.7,4.155
2013-10-11,4.28,0.7,4.205
2013-10-18,4.13,0.8,4.08
2013-10-25,4.1,0.7,4.025
2013-11-01,4.16,0.8,4.11
2013-11-08,4.35,0.7,4.275
2013-11-15,4.22,0.7,4.145
2013-11-21,4.29,0.7,4.215
2013-11-29,4.46,0.5,4.335
2013-12-06,4.42,0.7,4.345
2013-12-13,4.47,0.7,4.395
2013-12-20,4.48,0.7,4.405
2013-12-27,4.53,0.8,4.48
2014-01-03,4.51,0.7,4.435
2014-01-10,4.41,0.7,4.335
2014-01-17,4.39,0.7,4.315
2014-01-24,4.32,0.7,4.245
2014-01-31,4.23,0.7,4.155
2014-02-07,4.28,0.7,4.205
2014-02-14,4.33,0.7,4.255
2014-02-21,4.37,0.7,4.295
2014-02-28,4.28,0.7,4.205
2014-03-07,4.37,0.6,4.27
2014-03-14,4.32,0.6,4.22
2014-03-21,4.4,0.6,4.3
2014-03-28,4.41,0.7,4.335
2014-04-04,4.34,0.7,4.265
2014-04-11,4.27,0.7,4.195
2014-04-25,4.29,0.7,4.215
2014-05-02,4.21,0.6,4.11
2014-05-09,4.2,0.6,4.1
2014-05-16,4.14,0.6,4.04
2014-05-23,4.12,0.6,4.02
2014-05-30,4.14,0.5,4.015
2014-06-06,4.2,0.6,4.1
2014-06-13,4.17,0.6,4.07
2014-06-20,4.14,0.5,4.015
2014-06-27,4.12,0.5,3.995
2014-07-11,4.13,0.6,4.03
2014-07-18,4.13,0.6,4.03
2014-07-25,4.12,0.6,4.02
2014-08-01,4.14,0.7,4.065
2014-08-08,4.12,0.6,4.02
2014-08-15,4.1,0.5,3.975
2014-08-22,4.1,0.5,3.975
2014-08-29,4.1,0.5,3.975
2014-09-05,4.12,0.5,3.995
2014-09-12,4.23,0.5,4.105
2014-09-19,4.2,0.5,4.075
2014-09-26,4.19,0.4,4.04
2014-10-03,4.12,0.5,3.995
2014-10-10,3.97,0.5,3.845
2014-10-17,3.92,0.5,3.795
2014-10-24,3.98,0.5,3.855
2014-10-31,4.02,0.5,3.895
2014-11-07,4.01,0.5,3.885
2014-11-14,3.99,0.5,3.865
2014-11-20,3.97,0.5,3.845
2014-11-28,3.89,0.5,3.765
2014-12-05,3.93,0.5,3.805
2014-12-12,3.8,0.6,3.7
2014-12-18,3.83,0.6,3.73
2015-01-02,3.73,0.6,3.63
2015-01-09,3.66,0.6,3.56
2015-01-16,3.63,0.7,3.555
2015-01-23,3.66,0.6,3.56
1971-03-26,7.33,0,7.08
1971-04-02,7.31,0,7.06
1971-04-09,7.31,0,7.06
1971-04-16,7.31,0,7.06
1971-04-23,7.29,0,7.04
1971-04-30,7.38,0,7.13
1971-05-07,7.42,0,7.17
1971-05-14,7.44,0,7.19
1971-05-21,7.46,1,7.46
1971-05-28,7.52,0,7.27
1971-06-04,7.52,0,7.27
1971-06-11,7.54,1.2,7.59
1971-06-18,7.54,0,7.29
1971-06-25,7.54,0,7.29
1971-07-02,7.54,0,7.29
1971-07-09,7.6,1.2,7.65
1971-07-16,7.65,0,7.4
1971-07-23,7.69,0,7.44
1971-07-30,7.66,0,7.41
1971-08-06,7.73,0,7.48
1971-08-13,7.71,1.3,7.785
1971-08-20,7.69,0,7.44
1971-08-27,7.71,0,7.46
1971-09-03,7.67,0,7.42
1971-09-10,7.7,1.1,7.725
1971-09-17,7.67,0,7.42
1971-09-24,7.67,0,7.42
1971-10-01,7.63,0,7.38
1971-10-08,7.63,0,7.38
1971-10-15,7.58,1.1,7.605
1971-10-22,7.63,0,7.38
1971-10-29,7.59,0,7.34
1971-11-05,7.56,0,7.31
1971-11-12,7.54,1,7.54
1971-11-19,7.51,0,7.26
1971-11-26,7.49,0,7.24
1971-12-03,7.47,0,7.22
1971-12-10,7.48,0,7.23
1971-12-17,7.48,0,7.23
1971-12-24,7.48,1,7.48
1971-12-31,7.46,1,7.46
1972-01-07,7.46,0.9,7.435
1972-01-14,7.43,1,7.43
1972-01-21,7.4,0.9,7.375
1972-01-28,7.35,0.9,7.325
1972-02-04,7.33,0.9,7.305
1972-02-11,7.31,0.9,7.285
1972-02-18,7.31,0.9,7.285
1972-02-25,7.32,0.9,7.295
1972-03-03,7.32,1,7.32
1972-03-10,7.31,0.9,7.285
1972-03-17,7.31,0.9,7.285
1972-03-24,7.23,0.9,7.205
1972-03-31,7.25,0.9,7.225
1972-04-07,7.29,0.9,7.265
1972-04-14,7.29,0.9,7.265
1972-04-21,7.33,1,7.33
1972-04-28,7.33,0.8,7.28
1972-05-05,7.38,0.9,7.355
1972-05-12,7.38,0.9,7.355
1972-05-19,7.4,0.9,7.375
1972-05-26,7.36,1,7.36
1972-06-02,7.38,1,7.38
1972-06-09,7.38,0.9,7.355
1972-06-16,7.36,0.9,7.335
1972-06-23,7.38,0.8,7.33
1972-06-30,7.38,0.9,7.355
1972-07-07,7.4,0.9,7.375
1972-07-14,7.4,0.9,7.375
1972-07-21,7.4,1,7.4
1972-07-28,7.35,0.9,7.325
1972-08-04,7.41,0.9,7.385
1972-08-11,7.42,0.9,7.395
1972-08-18,7.42,0.9,7.395
1972-08-25,7.42,1,7.42
1972-09-01,7.42,0.9,7.395
1972-09-08,7.42,0.9,7.395
1972-09-15,7.41,1,7.41
1972-09-22,7.43,1,7.43
1972-09-29,7.41,0.9,7.385
1972-10-06,7.41,0.9,7.385
1972-10-13,7.44,1,7.44
1972-10-20,7.42,1,7.42
1972-10-27,7.43,1,7.43
1972-11-03,7.42,1,7.42
1972-11-10,7.42,1,7.42
1972-11-17,7.44,0.9,7.415
1972-11-24,7.45,1,7.45
1972-12-01,7.43,1,7.43
1972-12-08,7.43,1,7.43
1972-12-15,7.45,1,7.45
1972-12-22,7.45,0.9,7.425
1972-12-29,7.44,0.9,7.415
1973-01-05,7.44,0.9,7.415
1973-01-12,7.44,0.9,7.415
1973-01-19,7.43,0.9,7.405
1973-01-26,7.43,0.9,7.405
1973-02-02,7.43,1,7.43
1973-02-09,7.45,0.9,7.425
1973-02-16,7.45,1,7.45
1973-02-23,7.45,1,7.45
1973-03-02,7.45,0.9,7.425
1973-03-09,7.45,0.9,7.425
1973-03-16,7.45,0.9,7.425
1973-03-23,7.49,0.9,7.465
1973-03-30,7.51,1,7.51
1973-04-06,7.54,0.9,7.515
1973-04-13,7.56,0.9,7.535
1973-04-20,7.56,0.9,7.535
1973-04-27,7.58,0.9,7.555
1973-05-04,7.64,0.9,7.615
1973-05-11,7.69,0.9,7.665
1973-05-17,7.7,0.9,7.675
1973-05-25,7.7,0.9,7.675
1973-06-01,7.73,0.9,7.705
1973-06-08,7.73,0.9,7.705
1973-06-15,7.75,0.9,7.725
1973-06-22,7.76,0.9,7.735
1973-06-29,7.89,0.9,7.865
1973-07-06,8.01,1,8.01
1973-07-13,8.12,0.9,8.095
1973-07-20,8.18,1,8.18
1973-07-27,8.26,1,8.26
1973-08-03,8.4,1.1,8.425
1973-08-10,8.55,1,8.55
1973-08-17,8.61,1,8.61
1973-08-24,8.66,1.1,8.685
1973-08-31,8.77,1.1,8.795
1973-09-07,8.81,1.1,8.835
1973-09-14,8.83,1.1,8.855
1973-09-21,8.85,1.1,8.875
1973-09-28,8.82,1.1,8.845
1973-10-05,8.83,1.1,8.855
1973-10-12,8.75,1,8.75
1973-10-19,8.68,1,8.68
1973-10-26,8.62,1,8.62
1973-11-02,8.59,1,8.59
1973-11-09,8.58,1,8.58
1973-11-16,8.57,1,8.57
1973-11-23,8.55,1,8.55
1973-11-30,8.53,1,8.53
1973-12-07,8.53,1,8.53
1973-12-14,8.53,1,8.53
1973-12-21,8.56,1,8.56
1973-12-28,8.56,1,8.56
1974-01-04,8.53,1,8.53
1974-01-11,8.55,1,8.55
1974-01-18,8.52,1,8.52
1974-01-25,8.48,1,8.48
1974-02-01,8.46,1,8.46
1974-02-08,8.46,1,8.46
1974-02-15,8.42,1,8.42
1974-02-22,8.41,1,8.41
1974-03-01,8.41,1,8.41
1974-03-08,8.4,1,8.4
1974-03-15,8.4,1,8.4
1974-03-22,8.41,1,8.41
1974-03-29,8.44,1,8.44
1974-04-05,8.53,1,8.53
1974-04-12,8.63,1,8.63
1974-04-19,8.73,1,8.73
1974-04-26,8.87,1,8.87
1974-05-03,8.98,1,8.98
1974-05-10,8.97,1.1,8.995
1974-05-17,9.01,1.1,9.035
1974-05-24,9.03,1.2,9.08
1974-05-31,9.06,1.2,9.11
1974-06-07,9.11,1.1,9.135
1974-06-14,9.07,1.2,9.12
1974-06-21,9.1,1.3,9.175
1974-06-28,9.14,1.3,9.215
1974-07-05,9.19,1.3,9.265
1974-07-12,9.37,1.2,9.42
1974-07-19,9.42,1.2,9.47
1974-07-26,9.47,1.3,9.545
1974-08-02,9.5,1.3,9.575
1974-08-09,9.6,1.2,9.65
1974-08-16,9.62,1.3,9.695
1974-08-23,9.74,1.3,9.815
1974-08-30,9.88,1.4,9.98
1974-09-06,9.92,1.4,10.02
1974-09-13,10,1.4,10.1
1974-09-20,10.03,1.4,10.13
1974-09-27,10.02,1.5,10.145
1974-10-04,9.96,1.5,10.085
1974-10-11,9.99,1.5,10.115
1974-10-18,9.94,1.5,10.065
1974-10-25,9.87,1.5,9.995
1974-11-01,9.81,1.4,9.91
1974-11-08,9.81,1.3,9.885
1974-11-15,9.73,1.3,9.805
1974-11-22,9.72,1.4,9.82
1974-11-29,9.69,1.3,9.765
1974-12-06,9.63,1.3,9.705
1974-12-13,9.58,1.3,9.655
1974-12-20,9.56,1.2,9.61
1974-12-27,9.6,1.2,9.65
1975-01-03,9.49,1.2,9.54
1975-01-10,9.43,1.2,9.48
1975-01-17,9.35,1.3,9.425
1975-01-24,9.29,1.2,9.34
1975-01-31,9.2,1.3,9.275
1975-02-07,9.13,1.2,9.18
1975-02-14,9.07,1.2,9.12
1975-02-21,9.02,1.1,9.045
1975-02-28,9,1.1,9.025
1975-03-07,8.89,1.1,8.915
1975-03-14,8.86,1.1,8.885
1975-03-21,8.86,1.1,8.885
1975-03-28,8.83,1,8.83
1975-04-04,8.81,1,8.81
1975-04-11,8.8,1,8.8
1975-04-18,8.84,1,8.84
1975-04-25,8.92,1.1,8.945
1975-05-02,8.88,1,8.88
1975-05-09,8.92,1.1,8.945
1975-05-16,8.92,1.1,8.945
1975-05-23,8.89,1.1,8.915
1975-05-30,8.89,1,8.89
1975-06-06,8.9,1,8.9
1975-06-13,8.88,1,8.88
1975-06-20,8.9,1.1,8.925
1975-06-26,8.88,1.1,8.905
1975-07-04,8.9,1.1,8.925
1975-07-11,8.89,1.1,8.915
1975-07-18,8.89,1.1,8.915
1975-07-25,8.89,1.1,8.915
1975-08-01,8.89,1.1,8.915
1975-08-08,8.93,1.1,8.955
1975-08-15,8.98,1.1,9.005
1975-08-22,9.02,1.1,9.045
1975-08-29,9.08,1.1,9.105
1975-09-05,9.16,1.1,9.185
1975-09-12,9.14,1.2,9.19
1975-09-19,9.14,1.1,9.165
1975-09-26,9.2,1.1,9.225
1975-10-03,9.21,1.1,9.235
1975-10-10,9.21,1.1,9.235
1975-10-17,9.26,1.1,9.285
1975-10-24,9.24,1.2,9.29
1975-10-31,9.19,1.2,9.24
1975-11-07,9.16,1.1,9.185
1975-11-14,9.12,1.1,9.145
1975-11-21,9.11,1.1,9.135
1975-11-28,9.11,1.1,9.135
1975-12-05,9.11,1.1,9.135
1975-12-12,9.08,1.1,9.105
1975-12-19,9.09,1.1,9.115
1975-12-26,9.1,1.1,9.125
1976-01-02,9.07,1.1,9.095
1976-01-09,9.01,1.1,9.035
1976-01-16,9,1.1,9.025
1976-01-23,8.9,1,8.9
1976-01-30,8.86,0.9,8.835
1976-02-06,8.83,0.9,8.805
1976-02-13,8.81,0.9,8.785
1976-02-20,8.75,1.1,8.775
1976-02-27,8.77,1.3,8.845
1976-03-05,8.75,1.3,8.825
1976-03-12,8.75,1.3,8.825
1976-03-19,8.75,1.3,8.825
1976-03-26,8.7,1.3,8.775
1976-04-02,8.7,1.3,8.775
1976-04-09,8.75,1.3,8.825
1976-04-16,8.75,1.3,8.825
1976-04-23,8.75,1.3,8.825
1976-04-30,8.75,1.3,8.825
1976-05-07,8.75,1.3,8.825
1976-05-14,8.78,1.3,8.855
1976-05-21,8.78,1.3,8.855
1976-05-28,8.78,1.3,8.855
1976-06-04,8.83,1.3,8.905
1976-06-11,8.88,1.3,8.955
1976-06-18,8.9,1.3,8.975
1976-06-25,8.93,1.3,9.005
1976-07-02,8.93,1.2,8.98
1976-07-09,8.93,1.2,8.98
1976-07-16,8.9,1.1,8.925
1976-07-23,8.98,1.2,9.03
1976-07-30,9,1.2,9.05
1976-08-06,9,1.2,9.05
1976-08-13,9,1.2,9.05
1976-08-20,9,1.2,9.05
1976-08-27,9,1.2,9.05
1976-09-03,8.97,1.2,9.02
1976-09-10,8.97,1.2,9.02
1976-09-17,8.97,1.2,9.02
1976-09-24,8.9,1.2,8.95
1976-10-01,8.95,1.2,9
1976-10-08,8.95,1.2,9
1976-10-15,8.95,1.1,8.975
1976-10-22,8.9,1.1,8.925
1976-10-29,8.85,1.3,8.925
1976-11-05,8.8,1.3,8.875
1976-11-12,8.8,1.3,8.875
1976-11-19,8.8,1.3,8.875
1976-11-26,8.8,1.3,8.875
1976-12-03,8.8,1.2,8.85
1976-12-10,8.8,1.2,8.85
1976-12-17,8.78,1.2,8.83
1976-12-24,8.78,1.2,8.83
1976-12-31,8.7,1.1,8.725
1977-01-07,8.73,1.1,8.755
1977-01-14,8.73,1.1,8.755
1977-01-21,8.73,1.1,8.755
1977-01-28,8.68,1.1,8.705
1977-02-04,8.7,1.1,8.725
1977-02-11,8.65,1.2,8.7
1977-02-18,8.65,1.1,8.675
1977-02-25,8.65,1.2,8.7
1977-03-04,8.7,1.2,8.75
1977-03-11,8.7,1.2,8.75
1977-03-18,8.7,1.2,8.75
1977-03-25,8.7,1.1,8.725
1977-04-01,8.75,1.2,8.8
1977-04-08,8.75,1.1,8.775
1977-04-15,8.78,1.1,8.805
1977-04-22,8.78,1.1,8.805
1977-04-29,8.78,1.2,8.83
1977-05-06,8.83,1.1,8.855
1977-05-13,8.85,1.1,8.875
1977-05-20,8.85,1.1,8.875
1977-05-27,8.85,1.1,8.875
1977-06-03,8.85,1.1,8.875
1977-06-10,8.85,1.1,8.875
1977-06-17,8.88,1.1,8.905
1977-06-24,8.95,1.1,8.975
1977-07-01,8.93,1.1,8.955
1977-07-08,8.95,1.1,8.975
1977-07-15,8.95,1.1,8.975
1977-07-22,8.93,1.1,8.955
1977-07-29,8.95,1.1,8.975
1977-08-05,8.95,1.1,8.975
1977-08-12,8.93,1.1,8.955
1977-08-19,8.93,1.1,8.955
1977-08-26,8.88,1.1,8.905
1977-09-02,8.9,1.1,8.925
1977-09-09,8.9,1.1,8.925
1977-09-16,8.9,1.1,8.925
1977-09-23,8.9,1.2,8.95
1977-09-30,8.93,1.2,8.98
1977-10-07,8.93,1.2,8.98
1977-10-14,8.93,1.2,8.98
1977-10-21,8.9,1.1,8.925
1977-10-28,8.9,1.1,8.925
1977-11-04,8.93,1.1,8.955
1977-11-11,8.93,1.1,8.955
1977-11-18,8.93,1.2,8.98
1977-11-25,8.95,1.1,8.975
1977-12-02,8.95,1.2,9
1977-12-09,8.95,1.3,9.025
1977-12-16,8.95,1.3,9.025
1977-12-23,9,1.2,9.05
1977-12-30,9,1.3,9.075
1978-01-06,9.03,1.2,9.08
1978-01-13,8.98,1.3,9.055
1978-01-20,9.05,1.3,9.125
1978-01-27,9.13,1.3,9.205
1978-02-03,9.15,1.3,9.225
1978-02-10,9.15,1.3,9.225
1978-02-17,9.15,1.3,9.225
1978-02-24,9.15,1.3,9.225
1978-03-03,9.15,1.3,9.225
1978-03-10,9.23,1.3,9.305
1978-03-17,9.23,1.3,9.305
1978-03-24,9.25,1.3,9.325
1978-03-31,9.28,1.3,9.355
1978-04-07,9.33,1.3,9.405
1978-04-14,9.38,1.2,9.43
1978-04-21,9.43,1.2,9.48
1978-04-28,9.48,1.2,9.53
1978-05-05,9.55,1.4,9.65
1978-05-12,9.58,1.3,9.655
1978-05-19,9.68,1.4,9.78
1978-05-26,9.68,1.4,9.78
1978-06-02,9.7,1.4,9.8
1978-06-09,9.73,1.4,9.83
1978-06-16,9.7,1.4,9.8
1978-06-23,9.73,1.4,9.83
1978-06-30,9.73,1.5,9.855
1978-07-07,9.73,1.5,9.855
1978-07-14,9.75,1.3,9.825
1978-07-21,9.75,1.3,9.825
1978-07-28,9.78,1.3,9.855
1978-08-04,9.78,1.3,9.855
1978-08-11,9.78,1.3,9.855
1978-08-18,9.8,1.3,9.875
1978-08-25,9.75,1.31,9.8275
1978-09-01,9.75,1.3,9.825
1978-09-08,9.75,1.3,9.825
1978-09-15,9.75,1.4,9.85
1978-09-22,9.78,1.4,9.88
1978-09-29,9.85,1.2,9.9
1978-10-06,9.85,1.2,9.9
1978-10-13,9.85,1.2,9.9
1978-10-20,9.88,1.2,9.93
1978-10-27,9.9,1.2,9.95
1978-11-03,10.05,1.2,10.1
1978-11-10,10.2,1.2,10.25
1978-11-17,10.28,1.3,10.355
1978-11-24,10.3,1.4,10.4
1978-12-01,10.35,1.4,10.45
1978-12-08,10.35,1.4,10.45
1978-12-15,10.35,1.4,10.45
1978-12-22,10.38,1.4,10.48
1978-12-29,10.38,1.5,10.505
1979-01-05,10.38,1.5,10.505
1979-01-12,10.4,1.5,10.525
1979-01-19,10.4,1.5,10.525
1979-01-26,10.4,1.5,10.525
1979-02-02,10.43,1.5,10.555
1979-02-09,10.4,1.5,10.525
1979-02-16,10.4,1.5,10.525
1979-02-23,10.43,1.5,10.555
1979-03-02,10.4,1.5,10.525
1979-03-09,10.4,1.5,10.525
1979-03-16,10.45,1.6,10.6
1979-03-23,10.45,1.6,10.6
1979-03-30,10.48,1.6,10.63
1979-04-06,10.48,1.6,10.63
1979-04-13,10.5,1.2,10.55
1979-04-20,10.53,1.6,10.68
1979-04-27,10.6,1.6,10.75
1979-05-04,10.68,1.6,10.83
1979-05-11,10.73,1.6,10.88
1979-05-18,10.75,1.6,10.9
1979-05-25,10.9,1.6,11.05
1979-06-01,11.03,1.6,11.18
1979-06-08,11.05,1.6,11.2
1979-06-15,11.1,1.7,11.275
1979-06-22,11.1,1.6,11.25
1979-06-29,11.13,1.7,11.305
1979-07-06,11.08,1.7,11.255
1979-07-13,11.08,1.6,11.23
1979-07-20,11.08,1.6,11.23
1979-07-27,11.08,1.6,11.23
1979-08-03,11.08,1.6,11.23
1979-08-10,11.08,1.7,11.255
1979-08-17,11.1,1.7,11.275
1979-08-24,11.13,1.7,11.305
1979-08-31,11.2,1.7,11.375
1979-09-07,11.3,1.6,11.45
1979-09-14,11.35,1.6,11.5
1979-09-21,11.35,1.6,11.5
1979-09-28,11.35,1.6,11.5
1979-10-05,11.45,1.6,11.6
1979-10-12,11.75,1.7,11.925
1979-10-19,12,1.7,12.175
1979-10-26,12.8,1.7,12.975
1979-11-02,12.85,1.7,13.025
1979-11-09,12.8,1.7,12.975
1979-11-16,12.8,1.7,12.975
1979-11-23,12.9,1.6,13.05
1979-11-30,12.9,1.6,13.05
1979-12-07,12.9,1.6,13.05
1979-12-14,12.9,1.6,13.05
1979-12-21,12.9,1.6,13.05
1979-12-28,12.85,1.6,13
1980-01-04,12.9,1.6,13.05
1980-01-11,12.87,1.6,13.02
1980-01-18,12.89,1.6,13.04
1980-01-25,12.85,1.6,13
1980-02-01,12.85,1.6,13
1980-02-08,12.875,1.6,13.025
1980-02-15,13.025,1.6,13.175
1980-02-22,13.59,1.8,13.79
1980-02-29,14,1.9,14.225
1980-03-07,15.4,1.9,15.625
1980-03-14,15.7,2,15.95
1980-03-21,16.025,2.1,16.3
1980-03-28,16.35,2,16.6
1980-04-04,16.35,1.9,16.575
1980-04-11,16.35,1.9,16.575
1980-04-18,16.25,1.9,16.475
1980-04-25,15.9,1.9,16.125
1980-05-02,14.675,1.8,14.875
1980-05-09,14.15,1.8,14.35
1980-05-16,13.375,1.9,13.6
1980-05-23,13.2,1.9,13.425
1980-05-30,13.06,1.8,13.26
1980-06-06,12.85,1.8,13.05
1980-06-13,12.575,1.9,12.8
1980-06-20,12.35,1.7,12.525
1980-06-27,12.175,1.7,12.35
1980-07-04,12.225,1.7,12.4
1980-07-11,12.175,1.8,12.375
1980-07-18,12.175,1.8,12.375
1980-07-25,12.25,1.8,12.45
1980-08-01,12.25,1.8,12.45
1980-08-08,12.55,1.7,12.725
1980-08-15,12.8,1.7,12.975
1980-08-22,12.95,1.7,13.125
1980-08-29,13.025,1.7,13.2
1980-09-05,13.075,1.8,13.275
1980-09-12,13.25,1.7,13.425
1980-09-19,13.425,1.7,13.6
1980-09-26,13.6,1.8,13.8
1980-10-03,13.725,1.7,13.9
1980-10-10,13.775,1.8,13.975
1980-10-17,13.85,1.7,14.025
1980-10-24,14,1.7,14.175
1980-10-31,14.075,1.7,14.25
1980-11-07,14.175,1.7,14.35
1980-11-14,14.275,1.7,14.45
1980-11-21,14.275,1.7,14.45
1980-11-28,14.425,1.7,14.6
1980-12-05,14.825,1.7,15
1980-12-12,14.95,1.7,15.125
1980-12-19,14.95,1.7,15.125
1980-12-26,14.95,2,15.2
1981-01-02,14.8,2,15.05
1981-01-09,14.85,2,15.1
1981-01-16,14.85,2,15.1
1981-01-23,15.07,2,15.32
1981-01-30,15,2,15.25
1981-02-06,15.03,2,15.28
1981-02-13,15.2,2,15.45
1981-02-20,15.3,2,15.55
1981-02-27,15.4,2,15.65
1981-03-06,15.4,2.1,15.675
1981-03-13,15.4,2,15.65
1981-03-20,15.4,2,15.65
1981-03-27,15.4,2,15.65
1981-04-03,15.5,2,15.75
1981-04-10,15.65,2,15.9
1981-04-17,15.77,2.1,16.045
1981-04-24,15.82,1.9,16.045
1981-05-01,16.12,2.1,16.395
1981-05-08,16.64,2.1,16.915
1981-05-15,16.63,2.1,16.905
1981-05-22,16.8,2.1,17.075
1981-05-29,16.76,2.1,17.035
1981-06-05,16.69,2,16.94
1981-06-12,16.71,2.1,16.985
1981-06-19,16.62,2.1,16.895
1981-06-26,16.64,2.1,16.915
1981-07-03,16.79,2.2,17.09
1981-07-10,16.74,2.1,17.015
1981-07-17,16.88,2.1,17.155
1981-07-24,17.11,2.2,17.41
1981-07-31,17.13,2,17.38
1981-08-07,17.27,2.1,17.545
1981-08-14,17.26,2.1,17.535
1981-08-21,17.48,2.1,17.755
1981-08-28,17.79,2,18.04
1981-09-04,18.22,2.1,18.495
1981-09-11,18.27,2.2,18.57
1981-09-18,18.36,2.2,18.66
1981-09-25,18.28,2.4,18.63
1981-10-02,18.63,2.2,18.93
1981-10-09,18.53,2.3,18.855
1981-10-14,18.39,2.2,18.69
1981-10-23,18.44,2.3,18.765
1981-10-30,18.37,2.1,18.645
1981-11-06,18.02,2.1,18.295
1981-11-13,17.7,2.2,18
1981-11-20,17.21,2.1,17.485
1981-11-27,16.9,2.1,17.175
1981-12-04,16.94,2.1,17.215
1981-12-11,16.9,2,17.15
1981-12-18,16.95,2,17.2
1981-12-24,17.04,2.1,17.315
1982-01-01,17.3,2.1,17.575
1982-01-08,17.44,2.2,17.74
1982-01-15,17.61,2.2,17.91
1982-01-22,17.59,2.2,17.89
1982-01-29,17.56,2.2,17.86
1982-02-05,17.65,2.2,17.95
1982-02-12,17.66,2.3,17.985
1982-02-19,17.52,2.2,17.82
1982-02-26,17.29,2.2,17.59
1982-03-05,17.19,2.3,17.515
1982-03-12,17.12,2.2,17.42
1982-03-19,17.04,2.2,17.34
1982-03-26,16.95,2.2,17.25
1982-04-02,16.91,2.3,17.235
1982-04-09,16.93,2.3,17.255
1982-04-16,16.86,2.3,17.185
1982-04-23,16.81,2.4,17.16
1982-04-30,16.78,2.3,17.105
1982-05-07,16.63,2.4,16.98
1982-05-14,16.67,2.3,16.995
1982-05-21,16.63,2.3,16.955
1982-05-28,16.65,2.2,16.95
1982-06-04,16.7,2.2,17
1982-06-11,16.71,2.1,16.985
1982-06-18,16.73,2.3,17.055
1982-06-25,16.87,2.3,17.195
1982-07-02,16.93,2.3,17.255
1982-07-09,16.88,2.2,17.18
1982-07-16,16.75,2.2,17.05
1982-07-23,16.65,2.2,16.95
1982-07-30,16.55,2.2,16.85
1982-08-06,16.44,2.2,16.74
1982-08-13,16.21,2.3,16.535
1982-08-20,15.88,2.3,16.205
1982-08-27,15.59,2.2,15.89
1982-09-03,15.56,2.3,15.885
1982-09-10,15.38,2.3,15.705
1982-09-17,15.19,2.2,15.49
1982-09-24,15.13,2.3,15.455
1982-10-01,14.96,2.2,15.26
1982-10-08,14.6,2.2,14.9
1982-10-15,14.2,2.2,14.5
1982-10-22,14.15,2.2,14.45
1982-10-29,13.91,2.2,14.21
1982-11-05,13.84,2.3,14.165
1982-11-12,13.78,2.1,14.055
1982-11-19,13.77,2.1,14.045
1982-11-26,13.66,2.2,13.96
1982-12-03,13.66,2.2,13.96
1982-12-10,13.63,2.2,13.93
1982-12-17,13.6,2.1,13.875
1982-12-24,13.57,2.3,13.895
1982-12-31,13.46,2.2,13.76
1983-01-07,13.31,2.2,13.61
1983-01-14,13.12,2.2,13.42
1983-01-21,13.1,2,13.35
1983-01-28,13.06,2,13.31
1983-02-04,13.06,1.9,13.285
1983-02-11,13.07,2,13.32
1983-02-18,12.98,1.9,13.205
1983-02-25,12.74,2.1,13.015
1983-03-04,12.79,2.1,13.065
1983-03-11,12.81,2.2,13.11
1983-03-18,12.86,2.2,13.16
1983-03-25,12.82,2.2,13.12
1983-04-01,12.82,2.2,13.12
1983-04-08,12.79,2.2,13.09
1983-04-15,12.75,2,13
1983-04-22,12.73,2.1,13.005
1983-04-29,12.71,2.1,12.985
1983-05-06,12.59,2.1,12.865
1983-05-13,12.55,2.1,12.825
1983-05-20,12.68,2.1,12.955
1983-05-27,12.74,2.2,13.04
1983-06-03,12.82,2,13.07
1983-06-10,12.96,2.1,13.235
1983-06-17,12.96,2.1,13.235
1983-06-24,13.08,2.1,13.355
1983-07-01,13.3,2.1,13.575
1983-07-08,13.5,2.2,13.8
1983-07-15,13.58,2.2,13.88
1983-07-22,13.65,2.2,13.95
1983-07-29,13.73,2.2,14.03
1983-08-05,13.84,2.2,14.14
1983-08-12,13.89,2.2,14.19
1983-08-19,13.78,2.2,14.08
1983-08-26,13.77,2.2,14.07
1983-09-02,13.77,2.2,14.07
1983-09-09,13.72,2.2,14.02
1983-09-16,13.72,2.2,14.02
1983-09-23,13.65,2.2,13.95
1983-09-30,13.59,2.2,13.89
1983-10-07,13.6,2.2,13.9
1983-10-14,13.52,2.1,13.795
1983-10-21,13.43,2,13.68
1983-10-28,13.42,2.1,13.695
1983-11-04,13.47,2.1,13.745
1983-11-11,13.42,2.2,13.72
1983-11-18,13.43,2.1,13.705
1983-11-25,13.41,2.1,13.685
1983-12-02,13.38,2.2,13.68
1983-12-09,13.42,2.1,13.695
1983-12-16,13.46,2.2,13.76
1983-12-23,13.43,2.2,13.73
1983-12-30,13.43,2.3,13.755
1984-01-06,13.4,2.3,13.725
1984-01-13,13.35,2.3,13.675
1984-01-20,13.29,2.3,13.615
1984-01-27,13.26,2.5,13.635
1984-02-03,13.23,2.4,13.58
1984-02-10,13.19,2.4,13.54
1984-02-17,13.25,2.4,13.6
1984-02-24,13.23,2.4,13.58
1984-03-02,13.3,2.4,13.65
1984-03-09,13.37,2.4,13.72
1984-03-16,13.48,2.4,13.83
1984-03-23,13.55,2.4,13.9
1984-03-30,13.63,2.4,13.98
1984-04-06,13.58,2.4,13.93
1984-04-13,13.67,2.5,14.045
1984-04-20,13.73,2.4,14.08
1984-04-27,13.78,2.4,14.13
1984-05-04,13.87,2.5,14.245
1984-05-11,14.04,2.5,14.415
1984-05-18,14.08,2.5,14.455
1984-05-25,14.29,2.4,14.64
1984-06-01,14.33,2.5,14.705
1984-06-08,14.47,2.5,14.845
1984-06-15,14.49,2.5,14.865
1984-06-22,14.5,2.5,14.875
1984-06-29,14.66,2.4,15.01
1984-07-06,14.68,2.6,15.08
1984-07-13,14.66,2.6,15.06
1984-07-20,14.67,2.7,15.095
1984-07-27,14.68,2.6,15.08
1984-08-03,14.54,2.6,14.94
1984-08-10,14.39,2.6,14.79
1984-08-17,14.36,2.6,14.76
1984-08-24,14.38,2.6,14.78
1984-08-31,14.42,2.6,14.82
1984-09-07,14.43,2.5,14.805
1984-09-14,14.29,2.7,14.715
1984-09-21,14.26,2.5,14.635
1984-09-28,14.18,2.6,14.58
1984-10-05,14.19,2.6,14.59
1984-10-12,14.1,2.6,14.5
1984-10-19,14.05,2.6,14.45
1984-10-26,13.85,2.5,14.225
1984-11-02,13.74,2.5,14.115
1984-11-09,13.63,2.5,14.005
1984-11-16,13.55,2.5,13.925
1984-11-23,13.42,2.4,13.77
1984-11-30,13.2,2.6,13.6
1984-12-07,13.2,2.5,13.575
1984-12-14,13.18,2.5,13.555
1984-12-21,13.14,2.5,13.515
1984-12-28,13.1,2.5,13.475
1985-01-04,13.12,2.5,13.495
1985-01-11,13.12,2.5,13.495
1985-01-18,12.96,2.5,13.335
1985-01-25,12.93,2.4,13.28
1985-02-01,12.91,2.4,13.26
1985-02-08,12.9,2.5,13.275
1985-02-15,12.94,2.4,13.29
1985-02-22,13.02,2.5,13.395
1985-03-01,13.1,2.6,13.5
1985-03-08,13.2,2.6,13.6
1985-03-15,13.24,2.7,13.665
1985-03-22,13.29,2.7,13.715
1985-03-29,13.27,2.7,13.695
1985-04-05,13.23,2.6,13.63
1985-04-12,13.16,2.6,13.56
1985-04-19,13.12,2.5,13.495
1985-04-26,13.07,2.6,13.47
1985-05-03,13.02,2.6,13.42
1985-05-10,12.94,2.5,13.315
1985-05-17,12.83,2.5,13.205
1985-05-24,12.71,2.5,13.085
1985-05-31,12.39,2.5,12.765
1985-06-07,12.27,2.5,12.645
1985-06-14,12.05,2.6,12.45
1985-06-21,12.15,2.5,12.525
1985-06-28,12.13,2.6,12.53
1985-07-05,12.03,2.5,12.405
1985-07-12,11.94,2.4,12.29
1985-07-19,12.03,2.6,12.43
1985-07-26,12.17,2.6,12.57
1985-08-02,12.23,2.6,12.63
1985-08-09,12.24,2.7,12.665
1985-08-16,12.18,2.5,12.555
1985-08-23,12.11,2.7,12.535
1985-08-30,12.15,2.5,12.525
1985-09-06,12.24,2.5,12.615
1985-09-13,12.21,2.5,12.585
1985-09-20,12.17,2.7,12.595
1985-09-27,12.17,2.6,12.57
1985-10-04,12.17,2.5,12.545
1985-10-11,12.13,2.5,12.505
1985-10-18,12.07,2.4,12.42
1985-10-25,12.01,2.4,12.36
1985-11-01,11.9,2.4,12.25
1985-11-08,11.79,2.4,12.14
1985-11-15,11.64,2.3,11.965
1985-11-22,11.58,2.3,11.905
1985-11-29,11.5,2.4,11.85
1985-12-06,11.31,2.3,11.635
1985-12-13,11.14,2.3,11.465
1985-12-20,11.09,2.2,11.39
1985-12-27,10.81,2.3,11.135
1986-01-03,10.77,2.3,11.095
1986-01-10,10.99,2.4,11.34
1986-01-17,10.97,2.3,11.295
1986-01-24,10.89,2.4,11.24
1986-01-31,10.85,2.3,11.175
1986-02-07,10.8,2.4,11.15
1986-02-14,10.68,2.3,11.005
1986-02-21,10.51,2.2,10.81
1986-02-28,10.2,2.3,10.525
1986-03-07,10.01,2.3,10.335
1986-03-14,10.01,2.3,10.335
1986-03-21,10.1,2.3,10.425
1986-03-28,9.99,2.3,10.315
1986-04-04,9.98,2.3,10.305
1986-04-11,9.92,2.1,10.195
1986-04-18,9.86,2.2,10.16
1986-04-25,9.9,2.2,10.2
1986-05-02,10,2.2,10.3
1986-05-09,10.08,2.3,10.405
1986-05-16,10.36,2.4,10.71
1986-05-23,10.38,2.3,10.705
1986-05-30,10.74,2.3,11.065
1986-06-06,10.76,2.3,11.085
1986-06-13,10.61,2.2,10.91
1986-06-20,10.62,2.2,10.92
1986-06-27,10.61,2.2,10.91
1986-07-04,10.59,2.2,10.89
1986-07-11,10.43,2.2,10.73
1986-07-18,10.4,2.2,10.7
1986-07-25,10.4,2.1,10.675
1986-08-01,10.4,2.2,10.7
1986-08-08,10.23,2.1,10.505
1986-08-15,10.04,2.1,10.315
1986-08-22,9.93,2.1,10.205
1986-08-29,9.9,2.2,10.2
1986-09-05,9.96,2.1,10.235
1986-09-12,10.07,2.1,10.345
1986-09-19,10.1,2.2,10.4
1986-09-26,10.08,2.1,10.355
1986-10-03,9.99,2.1,10.265
1986-10-10,9.96,2.1,10.235
1986-10-17,9.95,2.2,10.25
1986-10-24,9.89,2.1,10.165
1986-10-31,9.83,2.1,10.105
1986-11-07,9.81,2,10.06
1986-11-14,9.64,2,9.89
1986-11-21,9.5,2,9.75
1986-11-28,9.3,2,9.55
1986-12-05,9.35,2.1,9.625
1986-12-12,9.3,2.1,9.575
1986-12-19,9.29,2.1,9.565
1986-12-26,9.37,2.2,9.67
1987-01-02,9.32,2.2,9.62
1987-01-09,9.21,2.1,9.485
1987-01-16,9.04,2.2,9.34
1987-01-23,9.08,2.2,9.38
1987-01-30,9.06,2.1,9.335
1987-02-06,9.09,2.1,9.365
1987-02-13,9.11,2.1,9.385
1987-02-20,9.07,2.1,9.345
1987-02-27,9.03,2,9.28
1987-03-06,9.05,2.1,9.325
1987-03-13,9.03,2.1,9.305
1987-03-20,9.03,2,9.28
1987-03-27,9.26,2.2,9.56
1987-04-03,9.43,2.3,9.755
1987-04-10,10.27,2.3,10.595
1987-04-17,10.37,2.2,10.67
1987-04-24,10.47,2.2,10.77
1987-05-01,10.52,2.2,10.82
1987-05-08,10.48,2.3,10.805
1987-05-15,10.81,2.3,11.135
1987-05-22,10.7,2.3,11.025
1987-05-29,10.7,2.3,11.025
1987-06-05,10.66,2.2,10.96
1987-06-12,10.44,2.2,10.74
1987-06-19,10.35,2.2,10.65
1987-06-26,10.36,2.2,10.66
1987-07-03,10.3,2.2,10.6
1987-07-10,10.23,2.2,10.53
1987-07-17,10.23,2.1,10.505
1987-07-24,10.27,2.2,10.57
1987-07-31,10.35,2,10.6
1987-08-07,10.34,2,10.59
1987-08-14,10.3,2.2,10.6
1987-08-21,10.33,2.1,10.605
1987-08-28,10.63,2.2,10.93
1987-09-04,10.91,2.2,11.21
1987-09-11,10.99,2.3,11.315
1987-09-18,11.02,2.2,11.32
1987-09-25,11.18,2.3,11.505
1987-10-02,11.21,2.2,11.51
1987-10-09,11.58,2.3,11.905
1987-10-16,11.36,2.2,11.66
1987-10-23,10.97,2.2,11.27
1987-10-30,10.79,2.1,11.065
1987-11-06,10.66,2.1,10.935
1987-11-13,10.6,2,10.85
1987-11-20,10.55,2,10.8
1987-11-27,10.6,2.1,10.875
1987-12-04,10.66,2.2,10.96
1987-12-11,10.69,2.2,10.99
1987-12-18,10.64,2.2,10.94
1987-12-24,10.61,2,10.86
1988-01-01,10.5,2,10.75
1988-01-08,10.53,2,10.78
1988-01-15,10.34,2,10.59
1988-01-22,10.16,2,10.41
1988-01-29,9.94,2,10.19
1988-02-05,9.84,2.1,10.115
1988-02-12,9.92,2.1,10.195
1988-02-19,9.87,2.1,10.145
1988-02-26,9.85,2,10.1
1988-03-04,9.96,2,10.21
1988-03-11,9.92,2,10.17
1988-03-18,9.99,2.1,10.265
1988-03-25,10.05,2.1,10.325
1988-04-01,10.19,2.2,10.49
1988-04-08,10.19,2.1,10.465
1988-04-15,10.3,2.2,10.6
1988-04-22,10.28,2.1,10.555
1988-04-29,10.32,2.2,10.62
1988-05-06,10.4,2.1,10.675
1988-05-13,10.52,2.1,10.795
1988-05-20,10.58,2.1,10.855
1988-05-27,10.58,2.1,10.855
1988-06-03,10.51,2,10.76
1988-06-10,10.35,2,10.6
1988-06-17,10.4,2,10.65
1988-06-24,10.39,2,10.64
1988-07-01,10.38,2,10.63
1988-07-08,10.44,2,10.69
1988-07-15,10.46,2.1,10.735
1988-07-22,10.49,2.1,10.765
1988-07-29,10.44,2,10.69
1988-08-05,10.57,2.2,10.87
1988-08-12,10.71,2.3,11.035
1988-08-19,10.67,2.2,10.97
1988-08-26,10.65,2.4,11
1988-09-02,10.53,2.1,10.805
1988-09-09,10.4,2,10.65
1988-09-16,10.4,2,10.65
1988-09-23,10.42,2.1,10.695
1988-09-30,10.38,1.9,10.605
1988-10-07,10.33,1.9,10.555
1988-10-14,10.28,1.9,10.505
1988-10-21,10.22,1.9,10.445
1988-10-28,10.12,1.9,10.345
1988-11-04,10.24,2,10.49
1988-11-11,10.31,2.2,10.61
1988-11-18,10.39,2.1,10.665
1988-11-25,10.44,2.1,10.715
1988-12-02,10.46,2,10.71
1988-12-09,10.71,2.2,11.01
1988-12-16,10.68,2.2,10.98
1988-12-23,10.77,2.2,11.07
1988-12-30,10.8,2.2,11.1
1989-01-06,10.81,2.1,11.085
1989-01-13,10.71,2,10.96
1989-01-20,10.6,2.1,10.875
1989-01-27,10.55,2.1,10.825
1989-02-03,10.56,2,10.81
1989-02-10,10.69,2.2,10.99
1989-02-17,10.78,2.3,11.105
1989-02-24,10.91,2.3,11.235
1989-03-03,10.86,2.2,11.16
1989-03-10,10.98,2.1,11.255
1989-03-17,11.22,2.2,11.52
1989-03-24,11.19,2.2,11.49
1989-03-31,11.07,2.2,11.37
1989-04-07,11.11,2.2,11.41
1989-04-14,10.99,2.1,11.265
1989-04-21,11.03,2.1,11.305
1989-04-28,10.97,2.1,11.245
1989-05-05,10.93,2.2,11.23
1989-05-12,10.69,2,10.94
1989-05-19,10.5,2,10.75
1989-05-26,10.48,2,10.73
1989-06-02,10.2,2.1,10.475
1989-06-09,10.04,2.1,10.315
1989-06-16,10.19,2.1,10.465
1989-06-23,10.07,2.1,10.345
1989-06-30,10.03,2.1,10.305
1989-07-07,9.82,2.1,10.095
1989-07-14,9.87,2,10.12
1989-07-21,9.81,2.1,10.085
1989-07-28,9.68,2,9.93
1989-08-04,9.96,2.1,10.235
1989-08-11,10.09,2.1,10.365
1989-08-18,10.21,2,10.46
1989-08-25,10.22,1.9,10.445
1989-09-01,10.17,2,10.42
1989-09-08,10.05,2,10.3
1989-09-15,10.03,2,10.28
1989-09-22,10.16,2.1,10.435
1989-09-29,10.1,2.1,10.375
1989-10-06,9.95,2,10.2
1989-10-13,9.92,2,10.17
1989-10-20,9.82,2,10.07
1989-10-27,9.82,2,10.07
1989-11-03,9.79,1.9,10.015
1989-11-10,9.72,2,9.97
1989-11-17,9.74,2,9.99
1989-11-24,9.74,2,9.99
1989-12-01,9.76,2,10.01
1989-12-08,9.75,1.9,9.975
1989-12-15,9.69,2,9.94
1989-12-22,9.78,2,10.03
1989-12-29,9.83,2,10.08
1990-01-05,9.8,2,10.05
1990-01-12,9.9,2.1,10.175
1990-01-19,10.05,2.1,10.325
1990-01-26,10.17,2.1,10.445
1990-02-02,10.21,2.1,10.485
1990-02-09,10.1,2.1,10.375
1990-02-16,10.31,2.1,10.585
1990-02-23,10.23,2.1,10.505
1990-03-02,10.29,2.1,10.565
1990-03-09,10.34,2,10.59
1990-03-16,10.26,2,10.51
1990-03-23,10.22,2.1,10.495
1990-03-30,10.26,2,10.51
1990-04-06,10.25,2,10.5
1990-04-13,10.41,2.1,10.685
1990-04-20,10.56,2.1,10.835
1990-04-27,10.67,2.1,10.945
1990-05-04,10.54,2,10.79
1990-05-11,10.37,2,10.62
1990-05-18,10.33,2,10.58
1990-05-25,10.29,2,10.54
1990-06-01,10.1,2,10.35
1990-06-08,10.12,2,10.37
1990-06-15,10.16,2,10.41
1990-06-22,10.15,2,10.4
1990-06-29,10.06,1.9,10.285
1990-07-06,10.11,2,10.36
1990-07-13,9.99,2,10.24
1990-07-20,9.98,2,10.23
1990-07-27,9.84,1.9,10.065
1990-08-03,10.08,2.1,10.355
1990-08-10,10.05,2,10.3
1990-08-17,10.29,2.1,10.565
1990-08-24,10.24,2.1,10.515
1990-08-31,10.19,2,10.44
1990-09-07,10.13,2,10.38
1990-09-14,10.16,2.1,10.435
1990-09-21,10.22,2.2,10.52
1990-09-28,10.08,2.1,10.355
1990-10-05,10.22,2.2,10.52
1990-10-12,10.24,2.2,10.54
1990-10-19,10.17,2.1,10.445
1990-10-26,10.13,2.1,10.405
1990-11-02,10.09,2.1,10.365
1990-11-09,10.02,2,10.27
1990-11-16,9.93,2.1,10.205
1990-11-23,9.9,2,10.15
1990-11-30,9.81,1.9,10.035
1990-12-07,9.56,1.9,9.785
1990-12-14,9.64,1.9,9.865
1990-12-21,9.68,2,9.93
1990-12-28,9.56,1.9,9.785
1991-01-04,9.63,2.1,9.905
1991-01-11,9.75,2.2,10.05
1991-01-18,9.61,2,9.86
1991-01-25,9.56,2,9.81
1991-02-01,9.36,1.9,9.585
1991-02-08,9.25,2,9.5
1991-02-15,9.29,2.1,9.565
1991-02-22,9.4,2.1,9.675
1991-03-01,9.49,2.1,9.765
1991-03-08,9.5,2,9.75
1991-03-15,9.59,2.1,9.865
1991-03-22,9.52,2.1,9.795
1991-03-29,9.49,2,9.74
1991-04-05,9.48,2,9.73
1991-04-12,9.47,2,9.72
1991-04-19,9.53,2.1,9.805
1991-04-26,9.47,1.9,9.695
1991-05-03,9.47,1.9,9.695
1991-05-10,9.5,2.1,9.775
1991-05-17,9.47,2,9.72
1991-05-24,9.45,1.9,9.675
1991-05-31,9.48,2,9.73
1991-06-07,9.66,2.2,9.96
1991-06-14,9.65,2,9.9
1991-06-21,9.67,2.1,9.945
1991-06-28,9.62,2,9.87
1991-07-05,9.64,2,9.89
1991-07-12,9.54,2,9.79
1991-07-19,9.5,1.9,9.725
1991-07-26,9.44,2,9.69
1991-08-02,9.27,1.8,9.47
1991-08-09,9.19,1.9,9.415
1991-08-16,9.17,1.9,9.395
1991-08-23,9.15,1.9,9.375
1991-08-30,9.14,1.9,9.365
1991-09-06,9.02,1.9,9.245
1991-09-13,8.95,1.9,9.175
1991-09-20,8.92,1.8,9.12
1991-09-27,8.87,1.8,9.07
1991-10-04,8.82,1.8,9.02
1991-10-11,8.82,1.9,9.045
1991-10-18,8.91,1.9,9.135
1991-10-25,8.78,1.8,8.98
1991-11-01,8.76,1.7,8.935
1991-11-08,8.69,1.8,8.89
1991-11-15,8.63,1.8,8.83
1991-11-22,8.7,1.9,8.925
1991-11-29,8.62,1.8,8.82
1991-12-06,8.53,1.7,8.705
1991-12-13,8.49,1.8,8.69
1991-12-20,8.35,1.8,8.55
1991-12-27,8.24,1.7,8.415
1992-01-03,8.23,1.6,8.38
1992-01-10,8.45,1.8,8.65
1992-01-17,8.56,1.8,8.76
1992-01-24,8.68,2.1,8.955
1992-01-31,8.67,1.7,8.845
1992-02-07,8.73,1.9,8.955
1992-02-14,8.82,1.9,9.045
1992-02-21,8.83,1.8,9.03
1992-02-28,8.85,1.9,9.075
1992-03-06,8.88,1.9,9.105
1992-03-13,9.03,1.8,9.23
1992-03-20,8.98,1.8,9.18
1992-03-27,8.96,1.7,9.135
1992-04-03,8.84,1.6,8.99
1992-04-10,8.76,1.6,8.91
1992-04-17,8.85,1.8,9.05
1992-04-24,8.84,1.8,9.04
1992-05-01,8.75,1.6,8.9
1992-05-08,8.64,1.6,8.79
1992-05-15,8.53,1.6,8.68
1992-05-22,8.6,1.8,8.8
1992-05-29,8.59,1.8,8.79
1992-06-05,8.54,1.6,8.69
1992-06-12,8.48,1.6,8.63
1992-06-19,8.43,1.6,8.58
1992-06-26,8.29,1.5,8.415
1992-07-03,8.13,1.5,8.255
1992-07-10,8.09,1.6,8.24
1992-07-17,8.08,1.6,8.23
1992-07-24,8.05,1.7,8.225
1992-07-31,8.06,1.6,8.21
1992-08-07,7.96,1.6,8.11
1992-08-14,7.87,1.7,8.045
1992-08-21,8.01,1.8,8.21
1992-08-28,7.94,1.7,8.115
1992-09-04,7.84,1.6,7.99
1992-09-11,7.89,1.7,8.065
1992-09-17,8.02,1.7,8.195
1992-09-25,7.93,1.6,8.08
1992-10-02,8.01,1.8,8.21
1992-10-09,8.06,1.7,8.235
1992-10-16,8.23,2,8.48
1992-10-23,8.21,1.9,8.435
1992-10-30,8.29,2,8.54
1992-11-06,8.32,2,8.57
1992-11-13,8.32,1.8,8.52
1992-11-20,8.29,1.8,8.49
1992-11-27,8.34,1.8,8.54
1992-12-04,8.23,1.6,8.38
1992-12-11,8.19,1.6,8.34
1992-12-18,8.13,1.5,8.255
1992-12-24,8.14,1.6,8.29
1993-01-01,8.07,1.6,8.22
1993-01-08,8.04,1.6,8.19
1993-01-15,8,1.7,8.175
1993-01-22,7.86,1.5,7.985
1993-01-29,7.8,1.5,7.925
1993-02-05,7.75,1.6,7.9
1993-02-12,7.65,1.5,7.775
1993-02-19,7.53,1.5,7.655
1993-02-26,7.44,1.5,7.565
1993-03-05,7.47,1.6,7.62
1993-03-12,7.57,1.7,7.745
1993-03-19,7.5,1.7,7.675
1993-03-26,7.53,1.7,7.705
1993-04-02,7.57,1.8,7.77
1993-04-09,7.45,1.6,7.6
1993-04-16,7.38,1.6,7.53
1993-04-23,7.43,1.8,7.63
1993-04-30,7.42,1.7,7.595
1993-05-07,7.42,1.8,7.62
1993-05-14,7.52,1.8,7.72
1993-05-21,7.5,1.8,7.7
1993-05-28,7.47,1.7,7.645
1993-06-04,7.48,1.7,7.655
1993-06-11,7.38,1.6,7.53
1993-06-18,7.34,1.5,7.465
1993-06-25,7.23,1.5,7.355
1993-07-02,7.19,1.6,7.34
1993-07-09,7.16,1.6,7.31
1993-07-16,7.2,1.7,7.375
1993-07-23,7.25,1.7,7.425
1993-07-30,7.21,1.6,7.36
1993-08-06,7.17,1.5,7.295
1993-08-13,7.1,1.4,7.2
1993-08-20,6.97,1.4,7.07
1993-08-27,6.93,1.4,7.03
1993-09-03,6.82,1.4,6.92
1993-09-10,6.96,1.6,7.11
1993-09-17,6.95,1.6,7.1
1993-09-24,6.89,1.5,7.015
1993-10-01,6.87,1.5,6.995
1993-10-08,6.81,1.5,6.935
1993-10-15,6.74,1.5,6.865
1993-10-22,6.86,1.5,6.985
1993-10-29,7.11,1.4,7.21
1993-11-05,7.12,1.5,7.245
1993-11-12,7.08,1.6,7.23
1993-11-19,7.31,1.7,7.485
1993-12-03,7.14,1.6,7.29
1993-12-10,7.17,1.7,7.345
1993-12-17,7.17,1.7,7.345
1993-12-24,7.13,1.6,7.28
1993-12-31,7.23,1.6,7.38
1994-01-06,9.19,1.8,9.39
1994-01-07,6.99,1.7,7.165
1994-01-13,9.05,1.8,9.25
1994-01-14,7.05,1.7,7.225
1994-01-20,9.13,1.9,9.355
1994-01-21,6.97,1.7,7.145
1994-01-27,8.94,1.8,9.14
1994-01-28,6.97,1.7,7.145
1994-02-03,8.8,1.9,9.025
1994-02-04,7.21,1.8,7.41
1994-02-10,8.84,1.9,9.065
1994-02-11,7.11,1.8,7.31
1994-02-17,8.73,1.9,8.955
1994-02-18,7.32,1.7,7.495
1994-02-24,8.53,1.8,8.73
1994-02-25,7.51,1.7,7.685
1994-03-03,8.62,1.9,8.845
1994-03-04,7.63,1.6,7.78
1994-03-10,8.38,1.8,8.58
1994-03-11,7.76,1.7,7.935
1994-03-17,8.4,1.8,8.6
1994-03-18,7.8,1.7,7.975
1994-03-24,8.38,1.8,8.58
1994-03-25,8.04,1.7,8.215
1994-03-31,8.41,1.9,8.635
1994-04-01,8.47,1.7,8.645
1994-04-07,8.37,1.9,8.595
1994-04-08,8.26,1.8,8.46
1994-04-14,8.24,1.9,8.465
1994-04-15,8.49,1.8,8.69
1994-04-21,8.26,1.9,8.485
1994-04-22,8.32,1.8,8.52
1994-04-28,8.27,1.9,8.495
1994-04-29,8.53,1.8,8.73
1994-05-05,7.87,1.8,8.07
1994-05-06,8.77,1.8,8.97
1994-05-12,7.83,1.8,8.03
1994-05-13,8.56,1.8,8.76
1994-05-19,7.85,1.8,8.05
1994-05-20,8.53,1.8,8.73
1994-05-26,7.71,1.8,7.91
1994-05-27,8.55,1.8,8.75
1994-06-02,7.51,1.7,7.685
1994-06-03,8.25,1.8,8.45
1994-06-09,7.55,1.8,7.75
1994-06-10,8.33,1.8,8.53
1994-06-16,7.53,1.8,7.73
1994-06-17,8.46,1.8,8.66
1994-06-23,7.53,1.8,7.73
1994-06-24,8.57,1.7,8.745
1994-06-30,7.63,1.8,7.83
1994-07-01,8.68,1.8,8.88
1994-07-07,7.41,1.7,7.585
1994-07-08,8.72,1.8,8.92
1994-07-14,7.6,1.7,7.775
1994-07-15,8.53,1.8,8.73
1994-07-21,7.79,1.8,7.99
1994-07-22,8.57,1.9,8.795
1994-07-28,7.82,1.8,8.02
1994-07-29,8.38,1.8,8.58
1994-08-04,7.8,1.8,8
1994-08-05,8.57,1.8,8.77
1994-08-11,7.94,1.8,8.14
1994-08-12,8.54,1.8,8.74
1994-08-18,7.88,1.9,8.105
1994-08-19,8.56,1.8,8.76
1994-08-25,7.76,1.8,7.96
1994-08-26,8.48,1.8,8.68
1994-09-01,7.63,1.8,7.83
1994-09-02,8.51,1.8,8.71
1994-09-08,7.6,1.8,7.8
1994-09-09,8.66,1.8,8.86
1994-09-15,7.57,1.8,7.77
1994-09-16,8.73,1.8,8.93
1994-09-22,7.62,1.8,7.82
1994-09-23,8.82,1.8,9.02
1994-09-29,7.57,1.8,7.77
1994-09-30,8.89,1.8,9.09
1994-10-06,7.5,1.9,7.725
1994-10-07,8.93,1.8,9.13
1994-10-13,7.38,1.9,7.605
1994-10-14,8.85,1.8,9.05
1994-10-20,7.45,1.8,7.65
1994-10-21,9.03,1.8,9.23
1994-10-27,7.44,1.8,7.64
1994-10-28,9.05,1.9,9.275
1994-11-02,7.37,1.8,7.57
1994-11-04,9.19,1.8,9.39
1994-11-10,7.35,1.8,7.55
1994-11-11,9.19,1.8,9.39
1994-11-17,7.35,1.8,7.55
1994-11-18,9.25,1.8,9.45
1994-11-24,7.33,1.9,7.555
1994-11-25,9.23,1.8,9.43
1994-12-01,7.18,1.8,7.38
1994-12-02,9.15,1.8,9.35
1994-12-08,7.15,1.8,7.35
1994-12-09,9.25,1.8,9.45
1994-12-15,7.23,1.8,7.43
1994-12-16,9.18,1.8,9.38
1994-12-22,7.11,1.7,7.285
1994-12-23,9.18,1.8,9.38
1994-12-30,9.22,1.8,9.42
1995-12-29,7.02,1.8,7.22
1996-01-05,7.08,1.7,7.255
1996-01-12,7.02,1.7,7.195
1996-01-19,7,1.8,7.2
1996-01-26,7.02,1.8,7.22
1996-02-02,7.02,1.7,7.195
1996-02-09,6.94,1.7,7.115
1996-02-16,7.32,1.7,7.495
1996-02-23,7.41,1.8,7.61
1996-03-01,7.38,1.8,7.58
1996-03-08,7.83,1.7,8.005
1996-03-15,7.81,1.7,7.985
1996-03-22,7.69,1.8,7.89
1996-03-29,7.78,1.7,7.955
1996-04-05,8.05,1.8,8.25
1996-04-12,7.95,1.8,8.15
1996-04-19,7.92,1.8,8.12
1996-04-26,7.99,1.8,8.19
1996-05-03,8.24,1.8,8.44
1996-05-10,8.08,1.7,8.255
1996-05-17,8.01,1.7,8.185
1996-05-24,8.03,1.7,8.205
1996-05-31,8.3,1.7,8.475
1996-06-07,8.39,1.7,8.565
1996-06-14,8.3,1.7,8.475
1996-06-21,8.29,1.7,8.465
1996-06-28,8.14,1.8,8.34
1996-07-05,8.42,1.7,8.595
1996-07-12,8.23,1.8,8.43
1996-07-19,8.19,1.7,8.365
1996-07-26,8.23,1.7,8.405
1996-08-02,7.88,1.7,8.055
1996-08-09,7.88,1.7,8.055
1996-08-16,7.93,1.7,8.105
1996-08-23,8.09,1.7,8.265
1996-08-30,8.34,1.7,8.515
1996-09-06,8.28,1.7,8.455
1996-09-13,8.14,1.7,8.315
1996-09-20,8.16,1.7,8.335
1996-09-27,8.06,1.7,8.235
1996-10-04,7.86,1.7,8.035
1996-10-11,7.88,1.7,8.055
1996-10-18,7.86,1.8,8.06
1996-10-25,7.78,1.8,7.98
1996-11-01,7.67,1.7,7.845
1996-11-08,7.59,1.8,7.79
1996-11-15,7.53,1.8,7.73
1996-11-22,7.52,1.8,7.72
1996-11-29,7.44,1.7,7.615
1996-12-06,7.57,1.7,7.745
1996-12-13,7.74,1.8,7.94
1996-12-20,7.64,1.7,7.815
1996-12-27,7.67,1.7,7.845
1997-01-03,7.85,1.8,8.05
1997-01-10,7.87,1.8,8.07
1997-01-17,7.85,1.8,8.05
1997-01-24,7.88,1.8,8.08
1997-01-31,7.74,1.7,7.915
1997-02-07,7.65,1.7,7.825
1997-02-14,7.56,1.7,7.735
1997-02-21,7.65,1.7,7.825
1997-02-28,7.84,1.7,8.015
1997-03-07,7.84,1.7,8.015
1997-03-14,7.94,1.8,8.14
1997-03-21,7.97,1.8,8.17
1997-03-28,8.18,1.7,8.355
1997-04-04,8.15,1.8,8.35
1997-04-11,8.16,1.7,8.335
1997-04-18,8.08,1.7,8.255
1997-04-25,8.01,1.7,8.185
1997-05-02,7.94,1.6,8.09
1997-05-09,7.91,1.6,8.06
1997-05-16,7.92,1.7,8.095
1997-05-23,7.94,1.7,8.115
1997-05-30,7.85,1.7,8.025
1997-06-06,7.72,1.7,7.895
1997-06-13,7.61,1.7,7.785
1997-06-20,7.58,1.7,7.755
1997-06-27,7.62,1.8,7.82
1997-07-04,7.47,1.8,7.67
1997-07-11,7.47,1.8,7.67
1997-07-18,7.43,1.7,7.605
1997-07-25,7.36,1.7,7.535
1997-08-01,7.46,1.7,7.635
1997-08-08,7.54,1.8,7.74
1997-08-15,7.46,1.7,7.635
1997-08-22,7.58,1.7,7.755
1997-08-29,7.53,1.7,7.705
1997-09-05,7.53,1.7,7.705
1997-09-12,7.38,1.7,7.555
1997-09-19,7.28,1.7,7.455
1997-09-26,7.31,1.7,7.485
1997-10-03,7.26,1.7,7.435
1997-10-10,7.34,1.7,7.515
1997-10-17,7.35,1.8,7.55
1997-10-24,7.21,1.7,7.385
1997-10-31,7.24,1.7,7.415
1997-11-07,7.23,1.7,7.405
1997-11-14,7.18,1.7,7.355
1997-11-21,7.17,1.8,7.37
1997-11-28,7.15,1.8,7.35
1997-12-05,7.17,1.8,7.37
1997-12-12,7.07,1.8,7.27
1997-12-19,6.99,1.8,7.19
1997-12-26,7.03,1.8,7.23
1998-01-02,6.94,1.4,7.04
1998-01-09,6.89,1.3,6.965
1998-01-16,6.99,1.2,7.04
1998-01-23,7.12,1.2,7.17
1998-01-30,7.03,1.2,7.08
1998-02-06,7.06,1.3,7.135
1998-02-13,6.99,1.2,7.04
1998-02-27,7.19,1.2,7.24
1998-03-06,7.16,1.2,7.21
1998-03-13,7.08,1.1,7.105
1998-03-20,7.08,1.1,7.105
1998-03-27,7.15,1.1,7.175
1998-04-03,7.09,1,7.09
1998-04-10,7.17,1,7.17
1998-04-17,7.15,1,7.15
1998-04-24,7.22,1.1,7.245
1998-05-01,7.14,1.1,7.165
1998-05-08,7.19,1.1,7.215
1998-05-15,7.1,1,7.1
1998-05-22,7.07,1,7.07
1998-05-29,7.05,1,7.05
1998-06-05,7.04,1,7.04
1998-06-12,6.94,1,6.94
1998-06-19,6.96,1,6.96
1998-06-26,6.98,1,6.98
1998-07-03,6.91,1.1,6.935
1998-07-10,6.94,1.1,6.965
1998-07-17,6.96,1.1,6.985
1998-07-24,6.97,1.1,6.995
1998-07-31,6.94,1.1,6.965
1998-08-07,6.91,1.1,6.935
1998-08-14,6.92,1.1,6.945
1998-08-21,6.92,1.1,6.945
1998-08-28,6.82,1,6.82
1998-09-04,6.77,1,6.77
1998-09-11,6.66,0.9,6.635
1998-09-18,6.64,1,6.64
1998-09-25,6.6,1,6.6
1998-10-02,6.49,1,6.49
1998-10-09,6.9,0.9,6.875
1998-10-16,6.73,0.9,6.705
1998-10-23,6.83,0.9,6.805
1998-10-30,6.89,0.9,6.865
1998-11-06,6.93,1,6.93
1998-11-13,6.86,0.9,6.835
1998-11-20,6.78,0.9,6.755
1998-11-27,6.71,0.9,6.685
1998-12-04,6.69,0.9,6.665
1998-12-11,6.69,1,6.69
1998-12-18,6.77,1,6.77
1998-12-24,6.83,1,6.83
1999-01-01,6.79,0.9,6.765
1999-01-08,6.83,1,6.83
1999-01-15,6.78,0.9,6.755
1999-01-22,6.74,0.9,6.715
1999-01-29,6.75,1,6.75
1999-02-05,6.77,1,6.77
1999-02-12,6.82,1,6.82
1999-02-19,6.89,1,6.89
1999-02-26,7.06,1,7.06
1999-03-05,7.11,0.8,7.06
1999-03-12,7.01,0.9,6.985
1999-03-19,6.98,0.9,6.955
1999-03-26,6.98,0.9,6.955
1999-04-02,6.92,1,6.92
1999-04-09,6.87,1,6.87
1999-04-16,6.88,1,6.88
1999-04-23,6.93,1,6.93
1999-04-30,7.02,1,7.02
1999-05-07,7.1,1,7.1
1999-05-14,7.23,1,7.23
1999-05-21,7.23,1,7.23
1999-05-28,7.41,1,7.41
1999-06-04,7.51,1,7.51
1999-06-11,7.65,1,7.65
1999-06-18,7.63,1,7.63
1999-06-25,7.71,1,7.71
1999-07-02,7.65,1,7.65
1999-07-09,7.58,1,7.58
1999-07-16,7.52,1,7.52
1999-07-23,7.7,1,7.7
1999-07-30,7.89,1,7.89
1999-08-06,8.15,1,8.15
1999-08-13,7.93,1,7.93
1999-08-20,7.8,1,7.8
1999-08-27,7.83,0.9,7.805
1999-09-03,7.88,1,7.88
1999-09-10,7.82,1,7.82
1999-09-17,7.76,1,7.76
1999-09-24,7.7,1,7.7
1999-10-01,7.82,1,7.82
1999-10-08,7.85,1,7.85
1999-10-15,7.93,1,7.93
1999-10-22,7.96,1,7.96
1999-10-29,7.84,1,7.84
1999-11-05,7.67,1,7.67
1999-11-12,7.69,1,7.69
1999-11-19,7.75,1,7.75
1999-11-26,7.84,1,7.84
1999-12-03,7.84,1,7.84
1999-12-10,7.86,1,7.86
1999-12-17,7.96,1,7.96
1999-12-24,8.06,1,8.06
1999-12-31,8.15,1,8.15
2000-01-07,8.18,1,8.18
2000-01-14,8.26,1,8.26
2000-01-21,8.25,1,8.25
2000-01-28,8.25,1,8.25
2000-02-04,8.36,1,8.36
2000-02-11,8.38,0.9,8.355
2000-02-18,8.31,1,8.31
2000-02-25,8.27,1,8.27
2000-03-03,8.23,0.9,8.205
2000-03-10,8.24,1,8.24
2000-03-17,8.23,1,8.23
2000-03-24,8.23,1,8.23
2000-03-31,8.2,1,8.2
2000-04-07,8.12,0.9,8.095
2000-04-14,8.16,1,8.16
2000-04-21,8.13,1,8.13
2000-04-28,8.28,1,8.28
2000-05-05,8.52,1,8.52
2000-05-12,8.64,1,8.64
2000-05-19,8.62,1,8.62
2000-05-26,8.54,0.9,8.515
2000-06-02,8.32,0.9,8.295
2000-06-09,8.22,1,8.22
2000-06-16,8.14,1,8.14
2000-06-23,8.22,0.9,8.195
2000-06-30,8.16,1,8.16
2000-07-07,8.09,0.9,8.065
2000-07-14,8.21,0.9,8.185
2000-07-21,8.13,0.9,8.105
2000-07-28,8.12,1,8.12
2000-08-04,8.04,0.9,8.015
2000-08-11,7.96,1,7.96
2000-08-18,7.99,1,7.99
2000-08-25,7.96,1,7.96
2000-09-01,7.94,1,7.94
2000-09-08,7.88,1,7.88
2000-09-15,7.9,1,7.9
2000-09-22,7.88,1,7.88
2000-09-29,7.83,1,7.83
2000-10-06,7.84,1,7.84
2000-10-13,7.83,0.9,7.805
2000-10-20,7.68,1,7.68
2000-10-27,7.73,0.9,7.705
2000-11-03,7.79,0.9,7.765
2000-11-10,7.73,0.9,7.705
2000-11-17,7.73,0.9,7.705
2000-11-24,7.65,0.9,7.625
2000-12-01,7.54,1,7.54
2000-12-08,7.42,0.9,7.395
2000-12-15,7.17,1,7.17
2000-12-22,7.13,1,7.13
2000-12-29,7.07,1,7.07
2001-01-05,6.89,0.9,6.865
2001-01-12,7.02,0.9,6.995
2001-01-19,7.15,0.8,7.1
2001-01-26,7.09,1,7.09
2001-02-02,6.98,1,6.98
2001-02-09,7.01,0.9,6.985
2001-02-16,7.12,0.9,7.095
2001-02-23,7.03,0.9,7.005
2001-03-02,6.97,0.9,6.945
2001-03-09,6.96,0.9,6.935
2001-03-16,6.89,1,6.89
2001-03-23,6.91,0.9,6.885
2001-03-30,7.01,0.9,6.985
2001-04-06,7.04,0.8,6.99
2001-04-13,7.14,0.9,7.115
2001-04-20,7.12,1,7.12
2001-04-27,7.14,0.9,7.115
2001-05-04,7.1,0.9,7.075
2001-05-11,7.14,1,7.14
2001-05-18,7.2,1,7.2
2001-05-25,7.24,0.9,7.215
2001-06-01,7.2,1,7.2
2001-06-08,7.14,0.9,7.115
2001-06-15,7.11,1,7.11
2001-06-22,7.11,1,7.11
2001-06-29,7.19,0.9,7.165
2001-07-06,7.21,0.9,7.185
2001-07-13,7.08,0.9,7.055
2001-07-20,7.03,0.9,7.005
2001-07-27,7,0.9,6.975
2001-08-03,7,0.9,6.975
2001-08-10,6.92,0.9,6.895
2001-08-17,6.91,0.9,6.885
2001-08-24,6.92,0.9,6.895
2001-08-31,6.89,0.9,6.865
2001-09-07,6.86,0.9,6.835
2001-09-14,6.8,0.9,6.775
2001-09-21,6.72,0.9,6.695
2001-09-28,6.64,0.8,6.59
2001-10-05,6.58,0.9,6.555
2001-10-12,6.61,0.9,6.585
2001-10-19,6.64,0.8,6.59
2001-10-26,6.56,0.9,6.535
2001-11-02,6.45,0.8,6.4
2001-11-09,6.51,0.8,6.46
2001-11-16,6.75,0.8,6.7
2001-11-23,7.02,0.7,6.945
2001-11-30,6.84,0.7,6.765
2001-12-07,7.09,0.8,7.04
2001-12-14,7.17,0.7,7.095
2001-12-21,7.16,0.8,7.11
2001-12-28,7.14,0.8,7.09
2002-01-04,7.06,0.8,7.01
2002-01-11,6.83,0.7,6.755
2002-01-18,6.96,0.7,6.885
2002-01-25,7.02,0.7,6.945
2002-02-01,6.88,0.7,6.805
2002-02-08,6.86,0.7,6.785
2002-02-15,6.81,0.7,6.735
2002-02-22,6.8,0.7,6.725
2002-03-01,6.87,0.7,6.795
2002-03-08,7.08,0.7,7.005
2002-03-15,7.14,0.7,7.065
2002-03-22,7.18,0.7,7.105
2002-03-29,7.13,0.7,7.055
2002-04-05,6.99,0.8,6.94
2002-04-12,6.94,0.7,6.865
2002-04-19,6.88,0.7,6.805
2002-04-26,6.78,0.7,6.705
2002-05-03,6.79,0.7,6.715
2002-05-10,6.89,0.7,6.815
2002-05-17,6.81,0.7,6.735
2002-05-24,6.76,0.8,6.71
2002-05-31,6.71,0.7,6.635
2002-06-07,6.71,0.7,6.635
2002-06-14,6.63,0.5,6.505
2002-06-21,6.55,0.5,6.425
2002-06-28,6.57,0.5,6.445
2002-07-05,6.54,0.5,6.415
2002-07-12,6.49,0.6,6.39
2002-07-19,6.34,0.6,6.24
2002-07-26,6.43,0.6,6.33
2002-08-02,6.31,0.6,6.21
2002-08-09,6.22,0.6,6.12
2002-08-16,6.27,0.7,6.195
2002-08-23,6.22,0.7,6.145
2002-08-30,6.15,0.6,6.05
2002-09-06,6.18,0.6,6.08
2002-09-13,6.05,0.7,5.975
2002-09-20,5.99,0.6,5.89
2002-09-27,6.01,0.5,5.885
2002-10-04,5.98,0.6,5.88
2002-10-11,6.15,0.5,6.025
2002-10-18,6.31,0.6,6.21
2002-10-25,6.13,0.6,6.03
2002-11-01,6.11,0.6,6.01
2002-11-08,5.94,0.6,5.84
2002-11-15,6.03,0.6,5.93
2002-11-22,6.13,0.6,6.03
2002-11-29,6.19,0.5,6.065
2002-12-06,6.04,0.5,5.915
2002-12-13,6.03,0.6,5.93
2002-12-20,5.93,0.6,5.83
2002-12-27,5.85,0.6,5.75
2003-01-03,5.95,0.5,5.825
2003-01-10,5.97,0.6,5.87
2003-01-17,5.91,0.6,5.81
2003-01-24,5.9,0.6,5.8
2003-01-31,5.88,0.7,5.805
2003-02-07,5.86,0.6,5.76
2003-02-14,5.84,0.6,5.74
2003-02-21,5.79,0.6,5.69
2003-02-28,5.67,0.6,5.57
2003-03-07,5.61,0.6,5.51
2003-03-14,5.79,0.6,5.69
2003-03-21,5.91,0.6,5.81
2003-03-28,5.79,0.6,5.69
2003-04-04,5.85,0.6,5.75
2003-04-11,5.82,0.6,5.72
2003-04-18,5.79,0.6,5.69
2003-04-25,5.7,0.6,5.6
2003-05-02,5.62,0.7,5.545
2003-05-09,5.45,0.6,5.35
2003-05-16,5.34,0.7,5.265
2003-05-23,5.31,0.6,5.21
2003-05-30,5.26,0.5,5.135
2003-06-06,5.21,0.5,5.085
2003-06-13,5.21,0.6,5.11
2003-06-20,5.24,0.6,5.14
2003-06-27,5.4,0.5,5.275
2003-07-04,5.52,0.6,5.42
2003-07-11,5.67,0.5,5.545
2003-07-18,5.94,0.4,5.79
2003-07-25,6.14,0.5,6.015
2003-08-01,6.34,0.7,6.265
2003-08-08,6.24,0.7,6.165
2003-08-15,6.28,0.8,6.23
2003-08-22,6.32,0.7,6.245
2003-08-29,6.44,0.6,6.34
2003-09-05,6.16,0.6,6.06
2003-09-12,6.01,0.5,5.885
2003-09-19,5.98,0.6,5.88
2003-09-26,5.77,0.6,5.67
2003-10-03,5.95,0.6,5.85
2003-10-10,6.05,0.5,5.925
2003-10-17,6.05,0.7,5.975
2003-10-24,5.94,0.6,5.84
2003-10-31,5.98,0.7,5.905
2003-11-07,6.03,0.6,5.93
2003-11-14,5.83,0.6,5.73
2003-11-21,5.89,0.6,5.79
2003-11-28,6.02,0.6,5.92
2003-12-05,5.88,0.7,5.805
2003-12-12,5.82,0.7,5.745
2003-12-19,5.81,0.7,5.735
2003-12-24,5.85,0.7,5.775
2004-01-01,5.87,0.7,5.795
2004-01-08,5.66,0.6,5.56
2004-01-15,5.64,0.6,5.54
2004-01-22,5.68,0.7,5.605
2004-01-29,5.72,0.6,5.62
2004-02-05,5.66,0.7,5.585
2004-02-12,5.58,0.6,5.48
2004-02-19,5.58,0.7,5.505
2004-02-26,5.59,0.7,5.515
2004-03-04,5.41,0.6,5.31
2004-03-11,5.38,0.7,5.305
2004-03-18,5.4,0.7,5.325
2004-03-25,5.52,0.6,5.42
2004-04-01,5.79,0.7,5.715
2004-04-08,5.89,0.6,5.79
2004-04-15,5.94,0.7,5.865
2004-04-22,6.01,0.7,5.935
2004-04-29,6.12,0.7,6.045
2004-05-06,6.34,0.7,6.265
2004-05-13,6.3,0.7,6.225
2004-05-20,6.32,0.6,6.22
2004-05-27,6.28,0.7,6.205
2004-06-03,6.3,0.7,6.225
2004-06-10,6.32,0.5,6.195
2004-06-17,6.25,0.6,6.15
2004-06-24,6.21,0.6,6.11
2004-07-01,6.01,0.6,5.91
2004-07-08,6,0.6,5.9
2004-07-15,5.98,0.6,5.88
2004-07-22,6.08,0.6,5.98
2004-07-29,5.99,0.7,5.915
2004-08-05,5.85,0.6,5.75
2004-08-12,5.81,0.7,5.735
2004-08-19,5.82,0.7,5.745
2004-08-26,5.77,0.8,5.72
2004-09-02,5.83,0.8,5.78
2004-09-09,5.75,0.8,5.7
2004-09-16,5.7,0.7,5.625
2004-09-23,5.72,0.6,5.62
2004-09-30,5.82,0.6,5.72
2004-10-07,5.74,0.6,5.64
2004-10-14,5.69,0.7,5.615
2004-10-21,5.64,0.7,5.565
2004-10-28,5.7,0.6,5.6
2004-11-04,5.76,0.7,5.685
2004-11-11,5.74,0.6,5.64
2004-11-17,5.72,0.6,5.62
2004-11-25,5.81,0.6,5.71
2004-12-02,5.71,0.7,5.635
2004-12-09,5.68,0.6,5.58
2004-12-15,5.75,0.6,5.65
2004-12-22,5.81,0.6,5.71
2004-12-30,5.77,0.7,5.695
2005-01-06,5.74,0.6,5.64
2005-01-13,5.67,0.7,5.595
2005-01-20,5.66,0.6,5.56
2005-01-27,5.63,0.7,5.555
2005-02-03,5.57,0.8,5.52
2005-02-10,5.62,0.7,5.545
2005-02-17,5.69,0.7,5.615
2005-02-24,5.79,0.7,5.715
2005-03-03,5.85,0.6,5.75
2005-03-10,5.95,0.7,5.875
2005-03-17,6.01,0.7,5.935
2005-03-24,6.04,0.7,5.965
2005-03-31,5.93,0.7,5.855
2005-04-07,5.91,0.7,5.835
2005-04-14,5.8,0.5,5.675
2005-04-21,5.78,0.6,5.68
2005-04-28,5.75,0.6,5.65
2005-05-05,5.77,0.5,5.645
2005-05-12,5.71,0.7,5.635
2005-05-19,5.65,0.6,5.55
2005-05-26,5.62,0.6,5.52
2005-06-02,5.56,0.6,5.46
2005-06-09,5.63,0.5,5.505
2005-06-16,5.57,0.6,5.47
2005-06-23,5.53,0.6,5.43
2005-06-30,5.62,0.6,5.52
2005-07-07,5.66,0.6,5.56
2005-07-14,5.73,0.4,5.58
2005-07-21,5.77,0.5,5.645
2005-07-28,5.82,0.6,5.72
2005-08-04,5.89,0.5,5.765
2005-08-11,5.8,0.5,5.675
2005-08-18,5.77,0.5,5.645
2005-08-25,5.71,0.6,5.61
2005-09-01,5.71,0.6,5.61
2005-09-08,5.74,0.6,5.64
2005-09-15,5.8,0.6,5.7
2005-09-22,5.91,0.5,5.785
2005-09-29,5.98,0.5,5.855
2005-10-06,6.03,0.6,5.93
2005-10-13,6.1,0.5,5.975
2005-10-20,6.15,0.5,6.025
2005-10-27,6.31,0.5,6.185
2005-11-03,6.36,0.5,6.235
2005-11-10,6.37,0.6,6.27
2005-11-16,6.28,0.6,6.18
2005-11-24,6.26,0.5,6.135
2005-12-01,6.32,0.6,6.22
2005-12-08,6.3,0.5,6.175
2005-12-15,6.26,0.6,6.16
2005-12-22,6.22,0.5,6.095
2005-12-29,6.21,0.5,6.085
2006-01-05,6.15,0.6,6.05
2006-01-12,6.1,0.5,5.975
2006-01-19,6.12,0.5,5.995
2006-01-26,6.23,0.5,6.105
2006-02-02,6.24,0.6,6.14
2006-02-09,6.28,0.5,6.155
2006-02-16,6.26,0.6,6.16
2006-02-23,6.24,0.6,6.14
2006-03-02,6.37,0.6,6.27
2006-03-09,6.34,0.7,6.265
2006-03-16,6.32,0.6,6.22
2006-03-23,6.35,0.5,6.225
2006-03-30,6.43,0.6,6.33
2006-04-06,6.49,0.6,6.39
2006-04-13,6.53,0.6,6.43
2006-04-20,6.58,0.5,6.455
2006-04-27,6.59,0.6,6.49
2006-05-04,6.58,0.5,6.455
2006-05-11,6.6,0.5,6.475
2006-05-18,6.62,0.4,6.47
2006-05-25,6.67,0.4,6.52
2006-06-01,6.62,0.5,6.495
2006-06-08,6.63,0.5,6.505
2006-06-15,6.71,0.5,6.585
2006-06-22,6.78,0.5,6.655
2006-06-29,6.79,0.5,6.665
2006-07-06,6.74,0.6,6.64
2006-07-13,6.8,0.5,6.675
2006-07-20,6.72,0.3,6.545
2006-07-27,6.63,0.3,6.455
2006-08-03,6.55,0.4,6.4
2006-08-10,6.52,0.3,6.345
2006-08-17,6.48,0.4,6.33
2006-08-24,6.44,0.4,6.29
2006-08-31,6.47,0.4,6.32
2006-09-07,6.43,0.5,6.305
2006-09-14,6.4,0.5,6.275
2006-09-21,6.31,0.4,6.16
2006-09-28,6.3,0.3,6.125
2006-10-05,6.37,0.5,6.245
2006-10-12,6.36,0.5,6.235
2006-10-19,6.4,0.4,6.25
2006-10-26,6.31,0.4,6.16
2006-11-02,6.33,0.6,6.23
2006-11-09,6.24,0.5,6.115
2006-11-15,6.18,0.5,6.055
2006-11-23,6.14,0.4,5.99
2006-11-30,6.11,0.5,5.985
2006-12-07,6.12,0.4,5.97
2006-12-14,6.13,0.4,5.98
2006-12-21,6.18,0.4,6.03
2006-12-28,6.18,0.4,6.03
2007-01-04,6.21,0.4,6.06
2007-01-11,6.23,0.4,6.08
2007-01-18,6.25,0.4,6.1
2007-01-25,6.34,0.4,6.19
2007-02-01,6.28,0.3,6.105
2007-02-08,6.3,0.4,6.15
2007-02-15,6.22,0.5,6.095
2007-02-22,6.18,0.4,6.03
2007-03-01,6.14,0.5,6.015
2007-03-08,6.14,0.4,5.99
2007-03-15,6.16,0.4,6.01
2007-03-22,6.16,0.4,6.01
2007-03-29,6.17,0.4,6.02
2007-04-05,6.22,0.4,6.07
2007-04-12,6.17,0.5,6.045
2007-04-19,6.16,0.5,6.035
2007-04-26,6.16,0.5,6.035
2007-05-03,6.15,0.5,6.025
2007-05-10,6.21,0.4,6.06
2007-05-17,6.37,0.4,6.22
2007-05-24,6.42,0.4,6.27
2007-05-31,6.53,0.4,6.38
2007-06-07,6.74,0.4,6.59
2007-06-14,6.69,0.5,6.565
2007-06-21,6.67,0.4,6.52
2007-06-28,6.63,0.4,6.48
2007-07-05,6.73,0.4,6.58
2007-07-12,6.73,0.4,6.58
2007-07-19,6.69,0.4,6.54
2007-07-26,6.68,0.3,6.505
2007-08-02,6.59,0.4,6.44
2007-08-09,6.62,0.4,6.47
2007-08-16,6.52,0.4,6.37
2007-08-23,6.45,0.5,6.325
2007-08-30,6.46,0.5,6.335
2007-09-06,6.31,0.5,6.185
2007-09-13,6.34,0.5,6.215
2007-09-20,6.42,0.5,6.295
2007-09-27,6.37,0.5,6.245
2007-10-04,6.4,0.4,6.25
2007-10-11,6.4,0.5,6.275
2007-10-18,6.33,0.5,6.205
2007-10-25,6.26,0.4,6.11
2007-11-01,6.24,0.4,6.09
2007-11-08,6.24,0.4,6.09
2007-11-14,6.2,0.5,6.075
2007-11-29,5.96,0.4,5.81
2007-12-06,6.11,0.5,5.985
2007-12-13,6.14,0.4,5.99
2007-12-20,6.17,0.5,6.045
2007-12-27,6.07,0.5,5.945
2008-01-03,5.87,0.4,5.72
2008-01-10,5.69,0.5,5.565
2008-01-17,5.48,0.4,5.33
2008-01-24,5.68,0.4,5.53
2008-01-31,5.67,0.4,5.52
2008-02-07,5.72,0.4,5.57
2008-02-14,6.04,0.6,5.94
2008-02-21,6.24,0.5,6.115
2008-02-28,6.03,0.5,5.905
2008-03-06,6.13,0.5,6.005
2008-03-13,5.87,0.5,5.745
2008-03-20,5.85,0.4,5.7
2008-03-27,5.88,0.5,5.755
2008-04-03,5.88,0.4,5.73
2008-04-10,5.88,0.4,5.73
2008-04-17,6.03,0.3,5.855
2008-04-24,6.06,0.5,5.935
2008-05-01,6.05,0.3,5.875
2008-05-08,6.01,0.6,5.91
2008-05-15,5.98,0.5,5.855
2008-05-22,6.08,0.6,5.98
2008-05-29,6.09,0.6,5.99
2008-06-05,6.32,0.7,6.245
2008-06-12,6.42,0.7,6.345
2008-06-19,6.45,0.6,6.35
2008-06-26,6.35,0.6,6.25
2008-07-03,6.37,0.6,6.27
2008-07-10,6.26,0.6,6.16
2008-07-17,6.63,0.6,6.53
2008-07-24,6.52,0.7,6.445
2008-07-31,6.52,0.7,6.445
2008-08-07,6.52,0.7,6.445
2008-08-14,6.47,0.7,6.395
2008-08-21,6.4,0.6,6.3
2008-08-28,6.35,0.7,6.275
2008-09-04,5.93,0.7,5.855
2008-09-11,5.78,0.6,5.68
2008-09-18,6.09,0.7,6.015
2008-09-25,6.1,0.6,6
2008-10-02,5.94,0.6,5.84
2008-10-09,6.46,0.6,6.36
2008-10-16,6.04,0.6,5.94
2008-10-23,6.46,0.7,6.385
2008-10-30,6.2,0.7,6.125
2008-11-06,6.14,0.7,6.065
2008-11-13,6.04,0.7,5.965
2008-11-19,5.97,0.7,5.895
2008-12-04,5.47,0.7,5.395
2008-12-11,5.19,0.7,5.115
2008-12-17,5.14,0.8,5.09
2008-12-24,5.1,0.7,5.025
2009-01-08,4.96,0.7,4.885
2009-01-15,5.12,0.7,5.045
2009-01-22,5.1,0.7,5.025
2009-01-29,5.25,0.8,5.2
2009-02-05,5.16,0.7,5.085
2009-02-12,5.04,0.7,4.965
2009-02-19,5.07,0.7,4.995
2009-02-26,5.15,0.7,5.075
2009-03-05,5.03,0.7,4.955
2009-03-12,4.98,0.7,4.905
2009-03-19,4.85,0.7,4.775
2009-03-26,4.78,0.7,4.705
2009-04-02,4.87,0.7,4.795
2009-04-09,4.82,0.6,4.72
2009-04-16,4.8,0.7,4.725
2009-04-23,4.78,0.7,4.705
2009-04-30,4.84,0.7,4.765
2009-05-07,4.86,0.6,4.76
2009-05-14,4.82,0.7,4.745
2009-05-21,4.91,0.7,4.835
2009-05-28,5.29,0.7,5.215
2009-06-04,5.59,0.7,5.515
2009-06-11,5.38,0.7,5.305
2009-06-18,5.42,0.7,5.345
2009-06-25,5.32,0.7,5.245
2009-07-02,5.2,0.7,5.125
2009-07-09,5.14,0.7,5.065
2009-07-16,5.2,0.7,5.125
2009-07-23,5.25,0.7,5.175
2009-07-30,5.22,0.6,5.12
2009-08-06,5.29,0.7,5.215
2009-08-13,5.12,0.7,5.045
2009-08-20,5.14,0.7,5.065
2009-08-27,5.08,0.7,5.005
2009-09-03,5.07,0.7,4.995
2009-09-10,5.04,0.7,4.965
2009-09-17,5.04,0.6,4.94
2009-09-24,4.94,0.7,4.865
2009-10-01,4.87,0.7,4.795
2009-10-08,4.92,0.7,4.845
2009-10-15,5,0.7,4.925
2009-10-22,5.03,0.7,4.955
2009-10-29,4.98,0.7,4.905
2009-11-05,4.91,0.7,4.835
2009-11-12,4.83,0.7,4.755
2009-11-18,4.78,0.7,4.705
2009-12-03,4.81,0.7,4.735
2009-12-10,4.94,0.7,4.865
2009-12-17,5.05,0.7,4.975
2009-12-24,5.14,0.7,5.065
2009-12-31,5.09,0.7,5.015
2010-01-07,5.06,0.7,4.985
2010-01-14,4.99,0.7,4.915
2010-01-21,4.98,0.6,4.88
2010-01-28,5.01,0.7,4.935
2010-02-04,4.97,0.7,4.895
2010-02-11,4.93,0.7,4.855
2010-02-18,5.05,0.7,4.975
2010-02-25,4.97,0.7,4.895
2010-03-04,4.95,0.7,4.875
2010-03-11,4.96,0.7,4.885
2010-03-18,4.99,0.6,4.89
2010-03-25,5.08,0.7,5.005
2010-04-01,5.21,0.6,5.11
2010-04-08,5.07,0.6,4.97
2010-04-15,5.07,0.7,4.995
2010-04-22,5.06,0.7,4.985
2010-04-29,5,0.7,4.925
2010-05-06,4.93,0.7,4.855
2010-05-13,4.84,0.7,4.765
2010-05-20,4.78,0.7,4.705
2010-05-27,4.79,0.8,4.74
2010-06-03,4.72,0.7,4.645
2010-06-10,4.75,0.7,4.675
2010-06-17,4.69,0.7,4.615
2010-06-24,4.58,0.7,4.505
2010-07-01,4.57,0.7,4.495
2010-07-08,4.57,0.7,4.495
2010-07-15,4.56,0.7,4.485
2010-07-22,4.54,0.7,4.465
2010-07-29,4.49,0.7,4.415
2010-08-05,4.44,0.7,4.365
2010-08-12,4.42,0.7,4.345
2010-08-19,4.36,0.7,4.285
2010-08-26,4.32,0.7,4.245
2010-09-02,4.35,0.7,4.275
2010-09-09,4.37,0.7,4.295
2010-09-16,4.37,0.7,4.295
2010-09-23,4.32,0.8,4.27
2010-09-30,4.27,0.8,4.22
2010-10-07,4.19,0.8,4.14
2010-10-14,4.21,0.8,4.16
2010-10-21,4.23,0.8,4.18
2010-10-28,4.24,0.8,4.19
2010-11-04,4.17,0.8,4.12
2010-11-17,4.4,0.8,4.35
2010-12-02,4.61,0.7,4.535
2010-12-09,4.83,0.7,4.755
2010-12-16,4.81,0.7,4.735
2010-12-23,4.86,0.8,4.81
2010-12-30,4.77,0.8,4.72
2011-01-06,4.71,0.8,4.66
2011-01-13,4.74,0.8,4.69
2011-01-20,4.8,0.7,4.725
2011-01-27,4.81,0.8,4.76
2011-02-03,5.05,0.7,4.975
2011-02-10,5,0.7,4.925
2011-02-17,4.95,0.6,4.85
2011-02-24,4.87,0.7,4.795
2011-03-03,4.88,0.7,4.805
2011-03-10,4.76,0.7,4.685
2011-03-17,4.81,0.7,4.735
2011-03-24,4.86,0.7,4.785
2011-03-31,4.87,0.7,4.795
2011-04-07,4.91,0.6,4.81
2011-04-14,4.8,0.7,4.725
2011-04-21,4.78,0.7,4.705
2011-04-28,4.71,0.7,4.635
2011-05-05,4.63,0.7,4.555
2011-05-12,4.61,0.7,4.535
2011-05-19,4.6,0.7,4.525
2011-05-26,4.55,0.6,4.45
2011-06-02,4.49,0.7,4.415
2011-06-09,4.5,0.7,4.425
2011-06-16,4.5,0.8,4.45
2011-06-23,4.51,0.7,4.435
2011-06-30,4.6,0.7,4.525
2011-07-07,4.51,0.7,4.435
2011-07-14,4.52,0.7,4.445
2011-07-21,4.55,0.8,4.5
2011-07-28,4.39,0.8,4.34
2011-08-04,4.32,0.7,4.245
2011-08-11,4.15,0.7,4.075
2011-08-18,4.22,0.7,4.145
2011-08-25,4.22,0.7,4.145
2011-09-01,4.12,0.7,4.045
2011-09-08,4.09,0.7,4.015
2011-09-15,4.09,0.7,4.015
2011-09-22,4.01,0.7,3.935
2011-09-29,3.94,0.8,3.89
2011-10-06,4.12,0.8,4.07
2011-10-13,4.11,0.8,4.06
2011-10-20,4.1,0.8,4.05
2011-10-27,4,0.7,3.925
2011-11-03,3.99,0.7,3.915
2011-11-10,4,0.7,3.925
2011-11-16,3.98,0.7,3.905
2011-12-01,3.99,0.7,3.915
2011-12-08,3.94,0.8,3.89
2011-12-15,3.91,0.7,3.835
2011-12-22,3.95,0.7,3.875
2011-12-29,3.91,0.8,3.86
2012-01-05,3.89,0.7,3.815
2012-01-12,3.88,0.8,3.83
2012-01-19,3.98,0.7,3.905
2012-01-26,3.87,0.8,3.82
2012-02-02,3.87,0.8,3.82
2012-02-09,3.87,0.8,3.82
2012-02-16,3.95,0.8,3.9
2012-02-23,3.9,0.8,3.85
2012-03-01,3.88,0.8,3.83
2012-03-08,3.92,0.8,3.87
2012-03-15,4.08,0.8,4.03
2012-03-22,3.99,0.7,3.915
2012-03-29,3.98,0.7,3.905
2012-04-05,3.88,0.7,3.805
2012-04-12,3.9,0.8,3.85
2012-04-19,3.88,0.7,3.805
2012-04-26,3.84,0.8,3.79
2012-05-03,3.83,0.7,3.755
2012-05-10,3.79,0.7,3.715
2012-05-17,3.78,0.8,3.73
2012-05-24,3.75,0.8,3.7
2012-05-31,3.67,0.7,3.595
2012-06-07,3.71,0.7,3.635
2012-06-14,3.66,0.7,3.585
2012-06-21,3.66,0.7,3.585
2012-06-28,3.62,0.8,3.57
2012-07-05,3.56,0.7,3.485
2012-07-12,3.53,0.7,3.455
2012-07-19,3.49,0.7,3.415
2012-07-26,3.55,0.7,3.475
2012-08-02,3.59,0.6,3.49
2012-08-09,3.62,0.6,3.52
2012-08-16,3.66,0.7,3.585
2012-08-23,3.59,0.6,3.49
2012-08-30,3.55,0.7,3.475
2012-09-06,3.55,0.6,3.45
2012-09-13,3.49,0.6,3.39
2012-09-20,3.4,0.6,3.3
2012-09-27,3.36,0.6,3.26
2012-10-04,3.39,0.7,3.315
2012-10-11,3.37,0.7,3.295
2012-10-18,3.41,0.7,3.335
2012-10-25,3.39,0.7,3.315
2012-11-01,3.4,0.7,3.325
2012-11-08,3.34,0.7,3.265
2012-11-14,3.31,0.7,3.235
2012-11-29,3.34,0.7,3.265
2012-12-06,3.32,0.7,3.245
2012-12-13,3.37,0.7,3.295
2012-12-20,3.35,0.7,3.275
2012-12-27,3.34,0.7,3.265
2013-01-03,3.4,0.7,3.325
2013-01-10,3.38,0.7,3.305
2013-01-17,3.42,0.7,3.345
2013-01-24,3.53,0.7,3.455
2013-01-31,3.53,0.8,3.48
2013-02-07,3.53,0.8,3.48
2013-02-14,3.56,0.8,3.51
2013-02-21,3.51,0.8,3.46
2013-02-28,3.52,0.7,3.445
2013-03-07,3.63,0.8,3.58
2013-03-14,3.54,0.8,3.49
2013-03-21,3.57,0.8,3.52
2013-03-28,3.54,0.8,3.49
2013-04-04,3.43,0.8,3.38
2013-04-11,3.41,0.7,3.335
2013-04-18,3.4,0.8,3.35
2013-04-25,3.35,0.7,3.275
2013-05-02,3.42,0.7,3.345
2013-05-09,3.51,0.7,3.435
2013-05-16,3.59,0.7,3.515
2013-05-23,3.81,0.8,3.76
2013-05-30,3.91,0.7,3.835
2013-06-06,3.98,0.7,3.905
2013-06-13,3.93,0.8,3.88
2013-06-20,4.46,0.8,4.41
2013-06-26,4.29,0.7,4.215
2013-07-11,4.37,0.7,4.295
2013-07-18,4.31,0.8,4.26
2013-07-25,4.39,0.7,4.315
2013-08-01,4.4,0.7,4.325
2013-08-08,4.4,0.7,4.325
2013-08-15,4.58,0.8,4.53
2013-08-22,4.51,0.7,4.435
2013-08-29,4.57,0.7,4.495
2013-09-05,4.57,0.8,4.52
2013-09-12,4.5,0.7,4.425
2013-09-19,4.32,0.7,4.245
2013-09-26,4.22,0.7,4.145
2013-10-03,4.23,0.7,4.155
2013-10-10,4.28,0.7,4.205
2013-10-17,4.13,0.8,4.08
2013-10-24,4.1,0.7,4.025
2013-10-31,4.16,0.8,4.11
2013-11-07,4.35,0.7,4.275
2013-11-14,4.22,0.7,4.145
2013-11-20,4.29,0.7,4.215
2013-12-05,4.42,0.7,4.345
2013-12-12,4.47,0.7,4.395
2013-12-19,4.48,0.7,4.405
2013-12-26,4.53,0.8,4.48
2014-01-02,4.51,0.7,4.435
2014-01-09,4.41,0.7,4.335
2014-01-16,4.39,0.7,4.315
2014-01-23,4.32,0.7,4.245
2014-01-30,4.23,0.7,4.155
2014-02-06,4.28,0.7,4.205
2014-02-13,4.33,0.7,4.255
2014-02-20,4.37,0.7,4.295
2014-02-27,4.28,0.7,4.205
2014-03-06,4.37,0.6,4.27
2014-03-13,4.32,0.6,4.22
2014-03-20,4.4,0.6,4.3
2014-03-27,4.41,0.7,4.335
2014-04-03,4.34,0.7,4.265
2014-04-10,4.27,0.7,4.195
2014-04-17,4.33,0.6,4.23
2014-04-24,4.29,0.7,4.215
2014-05-01,4.21,0.6,4.11
2014-05-08,4.2,0.6,4.1
2014-05-15,4.14,0.6,4.04
2014-05-22,4.12,0.6,4.02
2014-05-29,4.14,0.5,4.015
2014-06-05,4.2,0.6,4.1
2014-06-12,4.17,0.6,4.07
2014-06-19,4.14,0.5,4.015
2014-06-26,4.12,0.5,3.995
2014-07-03,4.15,0.7,4.075
2014-07-10,4.13,0.6,4.03
2014-07-17,4.13,0.6,4.03
2014-07-24,4.12,0.6,4.02
2014-07-31,4.14,0.7,4.065
2014-08-07,4.12,0.6,4.02
2014-08-14,4.1,0.5,3.975
2014-08-21,4.1,0.5,3.975
2014-08-28,4.1,0.5,3.975
2014-09-04,4.12,0.5,3.995
2014-09-11,4.23,0.5,4.105
2014-09-18,4.2,0.5,4.075
2014-09-25,4.19,0.4,4.04
2014-10-02,4.12,0.5,3.995
2014-10-09,3.97,0.5,3.845
2014-10-16,3.92,0.5,3.795
2014-10-23,3.98,0.5,3.855
2014-10-30,4.02,0.5,3.895
2014-11-06,4.01,0.5,3.885
2014-11-13,3.99,0.5,3.865
2014-11-19,3.97,0.5,3.845
2014-12-04,3.93,0.5,3.805
2014-12-11,3.8,0.6,3.7
2014-12-17,3.83,0.6,3.73
2014-12-24,3.87,0.6,3.77
2015-01-08,3.66,0.6,3.56
2015-01-15,3.63,0.7,3.555
2015-01-22,3.66,0.6,3.56
