asOfDate,RealCoupon,ModelCoupon,RealMortgageRate,RealServiceSpread,Weekday,Weight,Counter,accumulated Weighted CC,accumulatedWeight,WA CC,Servicing Spread,,,
1/3/2006,5.70253,5.82076108,6.085,0.38247,2,0.7,1,3.991771,0.7,0,0,,1,0.05
1/4/2006,5.65324,5.787379727,6.085,0.43176,3,0.25,2,5.405081,0.95,5.689558947,0,,2,0.7
1/5/2006,5.63968,5.768989783,6.05,0.41032,4,0,1,0,0,0,0.395441053,,3,0.25
1/6/2006,5.63322,5.765804261,6.05,0.41678,5,0,2,0,0,0,0,,4,0
1/9/2006,5.62104,5.738669328,6.05,0.42896,1,0.05,3,0.281052,0.05,0,0,,5,0
1/10/2006,5.68246,5.803169172,6.05,0.36754,2,0.7,4,4.258774,0.75,0,0,,6,0
1/11/2006,5.707,5.824335239,6.05,0.343,3,0.25,5,5.685524,1,5.685524,0,,7,0
1/12/2006,5.64441,5.778820691,5.975,0.33059,4,0,1,0,0,0,0.364476,,,
1/13/2006,5.5807,5.722063263,5.975,0.3943,5,0,2,0,0,0,0,,,
1/17/2006,5.57624,5.710723948,5.975,0.39876,2,0.7,3,3.903368,0.7,0,0,,,
1/18/2006,5.58661,5.706354887,5.975,0.38839,3,0.25,4,5.3000205,0.95,5.578968947,0,,,
1/19/2006,5.62211,5.74177136,5.995,0.37289,4,0,1,0,0,0,0.396031053,,,
1/20/2006,5.58423,5.729242327,5.995,0.41077,5,0,2,0,0,0,0,,,
1/23/2006,5.58096,5.731356509,5.995,0.41404,1,0.05,3,0.279048,0.05,0,0,,,
1/24/2006,5.61489,5.76514158,5.995,0.38011,2,0.7,4,4.209471,0.75,0,0,,,
1/25/2006,5.7074,5.859277369,5.995,0.2876,3,0.25,5,5.636321,1,5.636321,0,,,
1/26/2006,5.75541,5.912793748,6.105,0.34959,4,0,1,0,0,0,0.358679,,,
1/27/2006,5.73348,5.894658573,6.105,0.37152,5,0,2,0,0,0,0,,,
1/30/2006,5.75539,5.919948552,6.105,0.34961,1,0.05,3,0.2877695,0.05,0,0,,,
1/31/2006,5.76373,5.916918516,6.105,0.34127,2,0.7,4,4.3223805,0.75,0,0,,,
2/1/2006,5.80873,5.968042343,6.105,0.29627,3,0.25,5,5.774563,1,5.774563,0,,,
2/2/2006,5.80672,5.963212964,6.14,0.33328,4,0,1,0,0,0,0.330437,,,
2/3/2006,5.79888,5.937317823,6.14,0.34112,5,0,2,0,0,0,0,,,
2/6/2006,5.80186,5.950820721,6.14,0.33814,1,0.05,3,0.290093,0.05,0,0,,,
2/7/2006,5.80179,5.97007549,6.14,0.33821,2,0.7,4,4.351346,0.75,0,0,,,
2/8/2006,5.82338,5.990476226,6.14,0.31662,3,0.25,5,5.807191,1,5.807191,0,,,
2/9/2006,5.81487,5.967849535,6.155,0.34013,4,0,1,0,0,0,0.332809,,,
2/10/2006,5.8435,5.995518214,6.155,0.3115,5,0,2,0,0,0,0,,,
2/13/2006,5.84977,5.989608412,6.155,0.30523,1,0.05,3,0.2924885,0.05,0,0,,,
2/14/2006,5.87946,6.007448724,6.155,0.27554,2,0.7,4,4.4081105,0.75,0,0,,,
2/15/2006,5.86838,5.991644389,6.155,0.28662,3,0.25,5,5.8752055,1,5.8752055,0,,,
2/16/2006,5.84815,5.966518001,6.16,0.31185,4,0,1,0,0,0,0.2797945,,,
2/17/2006,5.78083,5.919019916,6.16,0.37917,5,0,2,0,0,0,0,,,
2/21/2006,5.80752,5.942859374,6.16,0.35248,2,0.7,3,4.065264,0.7,0,0,,,
2/22/2006,5.77416,5.895070437,6.16,0.38584,3,0.25,4,5.508804,0.95,5.798741053,0,,,
2/23/2006,5.79537,5.928662271,6.14,0.34463,4,0,1,0,0,0,0.361258947,,,
2/24/2006,5.76417,5.899250719,6.14,0.37583,5,0,2,0,0,0,0,,,
2/27/2006,5.77249,5.911318838,6.14,0.36751,1,0.05,3,0.2886245,0.05,0,0,,,
2/28/2006,5.73453,5.877025591,6.14,0.40547,2,0.7,4,4.3027955,0.75,0,0,,,
3/1/2006,5.80004,5.92552256,6.14,0.33996,3,0.25,5,5.7528055,1,5.7528055,0,,,
3/2/2006,5.85392,6.00382822,6.27,0.41608,4,0,1,0,0,0,0.3871945,,,
3/3/2006,5.88613,6.032473085,6.27,0.38387,5,0,2,0,0,0,0,,,
3/6/2006,5.94346,6.099589366,6.27,0.32654,1,0.05,3,0.297173,0.05,0,0,,,
3/7/2006,5.95092,6.105355659,6.27,0.31908,2,0.7,4,4.462817,0.75,0,0,,,
3/8/2006,5.94583,6.10227295,6.27,0.32417,3,0.25,5,5.9492745,1,5.9492745,0,,,
3/9/2006,5.9135,6.081639284,6.265,0.3515,4,0,1,0,0,0,0.3207255,,,
3/10/2006,5.93554,6.095781934,6.265,0.32946,5,0,2,0,0,0,0,,,
3/13/2006,5.95766,6.1249064,6.265,0.30734,1,0.05,3,0.297883,0.05,0,0,,,
3/14/2006,5.87236,6.029300867,6.265,0.39264,2,0.7,4,4.408535,0.75,0,0,,,
3/15/2006,5.90812,6.063101825,6.265,0.35688,3,0.25,5,5.885565,1,5.885565,0,,,
3/16/2006,5.83067,5.970611277,6.22,0.38933,4,0,1,0,0,0,0.379435,,,
3/17/2006,5.85862,5.995729099,6.22,0.36138,5,0,2,0,0,0,0,,,
3/20/2006,5.84727,5.971763266,6.22,0.37273,1,0.05,3,0.2923635,0.05,0,0,,,
3/21/2006,5.908,6.034082779,6.22,0.312,2,0.7,4,4.4279635,0.75,0,0,,,
3/22/2006,5.89887,6.028613502,6.22,0.32113,3,0.25,5,5.902681,1,5.902681,0,,,
3/23/2006,5.92181,6.062147351,6.225,0.30319,4,0,1,0,0,0,0.317319,,,
3/24/2006,5.86241,6.000952366,6.225,0.36259,5,0,2,0,0,0,0,,,
3/27/2006,5.87878,6.028432227,6.225,0.34622,1,0.05,3,0.293939,0.05,0,0,,,
3/28/2006,5.94486,6.107493632,6.225,0.28014,2,0.7,4,4.455341,0.75,0,0,,,
3/29/2006,5.9759,6.149601567,6.225,0.2491,3,0.25,5,5.949316,1,5.949316,0,,,
3/30/2006,6.00824,6.203462939,6.33,0.32176,4,0,1,0,0,0,0.275684,,,
3/31/2006,6.00641,6.19324952,6.33,0.32359,5,0,2,0,0,0,0,,,
4/3/2006,6.03045,6.219861138,6.33,0.29955,1,0.05,3,0.3015225,0.05,0,0,,,
4/4/2006,6.02555,6.200244339,6.33,0.30445,2,0.7,4,4.5194075,0.75,0,0,,,
4/5/2006,5.99685,6.160600964,6.33,0.33315,3,0.25,5,6.01862,1,6.01862,0,,,
4/6/2006,6.01797,6.211151821,6.39,0.37203,4,0,1,0,0,0,0.31138,,,
4/7/2006,6.08549,6.269688558,6.39,0.30451,5,0,2,0,0,0,0,,,
4/10/2006,6.09392,6.262809608,6.39,0.29608,1,0.05,3,0.304696,0.05,0,0,,,
4/11/2006,6.06233,6.226310636,6.39,0.32767,2,0.7,4,4.548327,0.75,0,0,,,
4/12/2006,6.09232,6.273269196,6.39,0.29768,3,0.25,5,6.071407,1,6.071407,0,,,
4/13/2006,6.14222,6.334032109,6.43,0.28778,4,0,1,0,0,0,0.318593,,,
4/17/2006,6.11546,6.285540394,6.43,0.31454,1,0.05,2,0.305773,0.05,0,0,,,
4/18/2006,6.06145,6.232228892,6.43,0.36855,2,0.7,3,4.548788,0.75,0,0,,,
4/19/2006,6.09526,6.259551096,6.43,0.33474,3,0.25,4,6.072603,1,6.072603,0,,,
4/20/2006,6.11105,6.266985197,6.455,0.34395,4,0,1,0,0,0,0.357397,,,
4/21/2006,6.08935,6.2361568,6.455,0.36565,5,0,2,0,0,0,0,,,
4/24/2006,6.06864,6.211033412,6.455,0.38636,1,0.05,3,0.303432,0.05,0,0,,,
4/25/2006,6.14044,6.279527364,6.455,0.31456,2,0.7,4,4.60174,0.75,0,0,,,
4/26/2006,6.17592,6.321674965,6.455,0.27908,3,0.25,5,6.14572,1,6.14572,0,,,
4/27/2006,6.13335,6.270944817,6.49,0.35665,4,0,1,0,0,0,0.30928,,,
4/28/2006,6.10033,6.243655392,6.49,0.38967,5,0,2,0,0,0,0,,,
5/1/2006,6.16765,6.302326206,6.49,0.32235,1,0.05,3,0.3083825,0.05,0,0,,,
5/2/2006,6.17078,6.298323873,6.49,0.31922,2,0.7,4,4.6279285,0.75,0,0,,,
5/3/2006,6.21175,6.349372207,6.49,0.27825,3,0.25,5,6.180866,1,6.180866,0,,,
5/4/2006,6.21857,6.359780559,6.455,0.23643,4,0,1,0,0,0,0.309134,,,
5/5/2006,6.1718,6.324261088,6.455,0.2832,5,0,2,0,0,0,0,,,
5/8/2006,6.18394,6.336718508,6.455,0.27106,1,0.05,3,0.309197,0.05,0,0,,,
5/9/2006,6.18872,6.338968831,6.455,0.26628,2,0.7,4,4.641301,0.75,0,0,,,
5/10/2006,6.19707,6.345153821,6.455,0.25793,3,0.25,5,6.1905685,1,6.1905685,0,,,
5/11/2006,6.22021,6.370779468,6.475,0.25479,4,0,1,0,0,0,0.2644315,,,
5/12/2006,6.26368,6.417877656,6.475,0.21132,5,0,2,0,0,0,0,,,
5/15/2006,6.24133,6.388032078,6.475,0.23367,1,0.05,3,0.3120665,0.05,0,0,,,
5/16/2006,6.19369,6.334904498,6.475,0.28131,2,0.7,4,4.6476495,0.75,0,0,,,
5/17/2006,6.24194,6.392524335,6.475,0.23306,3,0.25,5,6.2081345,1,6.2081345,0,,,
5/18/2006,6.18733,6.334861854,6.47,0.28267,4,0,1,0,0,0,0.2668655,,,
5/19/2006,6.19903,6.349890131,6.47,0.27097,5,0,2,0,0,0,0,,,
5/22/2006,6.20311,6.346912164,6.47,0.26689,1,0.05,3,0.3101555,0.05,0,0,,,
5/23/2006,6.22234,6.364332103,6.47,0.24766,2,0.7,4,4.6657935,0.75,0,0,,,
5/24/2006,6.21225,6.341643207,6.47,0.25775,3,0.25,5,6.218856,1,6.218856,0,,,
5/25/2006,6.23265,6.373268085,6.52,0.28735,4,0,1,0,0,0,0.251144,,,
5/26/2006,6.21195,6.355455655,6.52,0.30805,5,0,2,0,0,0,0,,,
5/30/2006,6.25047,6.38226612,6.52,0.26953,2,0.7,3,4.375329,0.7,0,0,,,
5/31/2006,6.28572,6.417994868,6.52,0.23428,3,0.25,4,5.946759,0.95,6.259746316,0,,,
6/1/2006,6.28186,6.399364056,6.495,0.21314,4,0,1,0,0,0,0.260253684,,,
6/2/2006,6.16329,6.282680314,6.495,0.33171,5,0,2,0,0,0,0,,,
6/5/2006,6.19509,6.313431192,6.495,0.29991,1,0.05,3,0.3097545,0.05,0,0,,,
6/6/2006,6.18614,6.302327883,6.495,0.30886,2,0.7,4,4.6400525,0.75,0,0,,,
6/7/2006,6.21197,6.316104914,6.495,0.28303,3,0.25,5,6.193045,1,6.193045,0,,,
6/8/2006,6.18785,6.293091982,6.505,0.31715,4,0,1,0,0,0,0.301955,,,
6/9/2006,6.17939,6.280457961,6.505,0.32561,5,0,2,0,0,0,0,,,
6/12/2006,6.20035,6.276150754,6.505,0.30465,1,0.05,3,0.3100175,0.05,0,0,,,
6/13/2006,6.18622,6.254986175,6.505,0.31878,2,0.7,4,4.6403715,0.75,0,0,,,
6/14/2006,6.27295,6.350779346,6.505,0.23205,3,0.25,5,6.208609,1,6.208609,0,,,
6/15/2006,6.31432,6.403706317,6.585,0.27068,4,0,1,0,0,0,0.296391,,,
6/16/2006,6.33511,6.437807646,6.585,0.24989,5,0,2,0,0,0,0,,,
6/19/2006,6.34836,6.456828941,6.585,0.23664,1,0.05,3,0.317418,0.05,0,0,,,
6/20/2006,6.36772,6.469264854,6.585,0.21728,2,0.7,4,4.774822,0.75,0,0,,,
6/21/2006,6.37557,6.479364378,6.585,0.20943,3,0.25,5,6.3687145,1,6.3687145,0,,,
6/22/2006,6.41959,6.519782699,6.655,0.23541,4,0,1,0,0,0,0.2162855,,,
6/23/2006,6.45996,6.557163141,6.655,0.19504,5,0,2,0,0,0,0,,,
6/26/2006,6.48238,6.562179209,6.655,0.17262,1,0.05,3,0.324119,0.05,0,0,,,
6/27/2006,6.44877,6.534002484,6.655,0.20623,2,0.7,4,4.838258,0.75,0,0,,,
6/28/2006,6.46466,6.569583538,6.655,0.19034,3,0.25,5,6.454423,1,6.454423,0,,,
6/29/2006,6.41651,6.515929257,6.665,0.24849,4,0,1,0,0,0,0.200577,,,
6/30/2006,6.37105,6.462144463,6.665,0.29395,5,0,2,0,0,0,0,,,
7/3/2006,6.3934,6.480683861,6.665,0.2716,1,0.05,3,0.31967,0.05,0,0,,,
7/5/2006,6.46164,6.555021971,6.665,0.20336,3,0.25,4,1.93508,0.3,6.450266667,0,,,
7/6/2006,6.42768,6.516203239,6.64,0.21232,4,0,1,0,0,0,0.214733333,,,
7/7/2006,6.37728,6.46279664,6.64,0.26272,5,0,2,0,0,0,0,,,
7/10/2006,6.37626,6.460005599,6.64,0.26374,1,0.05,3,0.318813,0.05,0,0,,,
7/11/2006,6.35726,6.43286658,6.64,0.28274,2,0.7,4,4.768895,0.75,0,0,,,
7/12/2006,6.35306,6.428715366,6.64,0.28694,3,0.25,5,6.35716,1,6.35716,0,,,
7/13/2006,6.33821,6.412190652,6.675,0.33679,4,0,1,0,0,0,0.28284,,,
7/14/2006,6.33093,6.407798194,6.675,0.34407,5,0,2,0,0,0,0,,,
7/17/2006,6.33844,6.414554982,6.675,0.33656,1,0.05,3,0.316922,0.05,0,0,,,
7/18/2006,6.38524,6.477895192,6.675,0.28976,2,0.7,4,4.78659,0.75,0,0,,,
7/19/2006,6.30891,6.391128216,6.675,0.36609,3,0.25,5,6.3638175,1,6.3638175,0,,,
7/20/2006,6.26198,6.350481368,6.545,0.28302,4,0,1,0,0,0,0.3111825,,,
7/21/2006,6.26926,6.362162765,6.545,0.27574,5,0,2,0,0,0,0,,,
7/24/2006,6.26827,6.351969605,6.545,0.27673,1,0.05,3,0.3134135,0.05,0,0,,,
7/25/2006,6.28745,6.367974456,6.545,0.25755,2,0.7,4,4.7146285,0.75,0,0,,,
7/26/2006,6.24659,6.33434834,6.545,0.29841,3,0.25,5,6.276276,1,6.276276,0,,,
7/27/2006,6.23661,6.339596676,6.455,0.21839,4,0,1,0,0,0,0.268724,,,
7/28/2006,6.16396,6.287183859,6.455,0.29104,5,0,2,0,0,0,0,,,
7/31/2006,6.157,6.272410494,6.455,0.298,1,0.05,3,0.30785,0.05,0,0,,,
8/1/2006,6.14776,6.275652062,6.455,0.30724,2,0.7,4,4.611282,0.75,0,0,,,
8/2/2006,6.1257,6.254616769,6.455,0.3293,3,0.25,5,6.142707,1,6.142707,0,,,
8/3/2006,6.14072,6.254460784,6.4,0.25928,4,0,1,0,0,0,0.312293,,,
8/4/2006,6.052,6.186454781,6.4,0.348,5,0,2,0,0,0,0,,,
8/7/2006,6.09028,6.203297436,6.4,0.30972,1,0.05,3,0.304514,0.05,0,0,,,
8/8/2006,6.06446,6.178108861,6.4,0.33554,2,0.7,4,4.549636,0.75,0,0,,,
8/9/2006,6.06042,6.172272065,6.4,0.33958,3,0.25,5,6.064741,1,6.064741,0,,,
8/10/2006,6.06588,6.181187334,6.345,0.27912,4,0,1,0,0,0,0.335259,,,
8/11/2006,6.1083,6.222800902,6.345,0.2367,5,0,2,0,0,0,0,,,
8/14/2006,6.15487,6.255169774,6.345,0.19013,1,0.05,3,0.3077435,0.05,0,0,,,
8/15/2006,6.05662,6.178282348,6.345,0.28838,2,0.7,4,4.5473775,0.75,0,0,,,
8/16/2006,5.96852,6.116473558,6.345,0.37648,3,0.25,5,6.0395075,1,6.0395075,0,,,
8/17/2006,5.98775,6.104079846,6.33,0.34225,4,0,1,0,0,0,0.3054925,,,
8/18/2006,5.95802,6.073758851,6.33,0.37198,5,0,2,0,0,0,0,,,
8/21/2006,5.97864,6.067852907,6.33,0.35136,1,0.05,3,0.298932,0.05,0,0,,,
8/22/2006,5.96177,6.070002066,6.33,0.36823,2,0.7,4,4.472171,0.75,0,0,,,
8/23/2006,5.96807,6.086595128,6.33,0.36193,3,0.25,5,5.9641885,1,5.9641885,0,,,
8/24/2006,5.96254,6.091203422,6.29,0.32746,4,0,1,0,0,0,0.3658115,,,
8/25/2006,5.98067,6.079689367,6.29,0.30933,5,0,2,0,0,0,0,,,
8/28/2006,5.96424,6.089420585,6.29,0.32576,1,0.05,3,0.298212,0.05,0,0,,,
8/29/2006,5.95256,6.083423743,6.29,0.33744,2,0.7,4,4.465004,0.75,0,0,,,
8/30/2006,5.97019,6.065643266,6.29,0.31981,3,0.25,5,5.9575515,1,5.9575515,0,,,
8/31/2006,5.94217,6.029452177,6.32,0.37783,4,0,1,0,0,0,0.3324485,,,
9/1/2006,5.92844,6.010039977,6.32,0.39156,5,0,2,0,0,0,0,,,
9/5/2006,5.96084,6.041655775,6.32,0.35916,2,0.7,3,4.172588,0.7,0,0,,,
9/6/2006,5.96864,6.052518133,6.32,0.35136,3,0.25,4,5.664748,0.95,5.962892632,0,,,
9/7/2006,5.95526,6.051937345,6.305,0.34974,4,0,1,0,0,0,0.357107368,,,
9/8/2006,5.93338,6.035062691,6.305,0.37162,5,0,2,0,0,0,0,,,
9/11/2006,5.95898,6.067738074,6.305,0.34602,1,0.05,3,0.297949,0.05,0,0,,,
9/12/2006,5.94017,6.047439608,6.305,0.36483,2,0.7,4,4.456068,0.75,0,0,,,
9/13/2006,5.94056,6.048246822,6.305,0.36444,3,0.25,5,5.941208,1,5.941208,0,,,
9/14/2006,5.97232,6.07393635,6.275,0.30268,4,0,1,0,0,0,0.363792,,,
9/15/2006,5.95972,6.091619024,6.275,0.31528,5,0,2,0,0,0,0,,,
9/18/2006,5.97548,6.104905791,6.275,0.29952,1,0.05,3,0.298774,0.05,0,0,,,
9/19/2006,5.93924,6.039680504,6.275,0.33576,2,0.7,4,4.456242,0.75,0,0,,,
9/20/2006,5.93042,6.027229828,6.275,0.34458,3,0.25,5,5.938847,1,5.938847,0,,,
9/21/2006,5.85597,5.946411581,6.16,0.30403,4,0,1,0,0,0,0.336153,,,
9/22/2006,5.82063,5.929739609,6.16,0.33937,5,0,2,0,0,0,0,,,
9/25/2006,5.78502,5.903167381,6.16,0.37498,1,0.05,3,0.289251,0.05,0,0,,,
9/26/2006,5.81463,5.917549549,6.16,0.34537,2,0.7,4,4.359492,0.75,0,0,,,
9/27/2006,5.82374,5.927263398,6.16,0.33626,3,0.25,5,5.815427,1,5.815427,0,,,
9/28/2006,5.84481,5.943790103,6.125,0.28019,4,0,1,0,0,0,0.344573,,,
9/29/2006,5.86441,5.960736915,6.125,0.26059,5,0,2,0,0,0,0,,,
10/2/2006,5.84966,5.949304472,6.125,0.27534,1,0.05,3,0.292483,0.05,0,0,,,
10/3/2006,5.83864,5.94161204,6.125,0.28636,2,0.7,4,4.379531,0.75,0,0,,,
10/4/2006,5.77873,5.897962396,6.125,0.34627,3,0.25,5,5.8242135,1,5.8242135,0,,,
10/5/2006,5.81752,5.936731103,6.245,0.42748,4,0,1,0,0,0,0.3007865,,,
10/6/2006,5.90327,6.008120125,6.245,0.34173,5,0,2,0,0,0,0,,,
10/10/2006,5.95749,6.064097433,6.245,0.28751,2,0.7,3,4.170243,0.7,0,0,,,
10/11/2006,5.96583,6.091929271,6.245,0.27917,3,0.25,4,5.6617005,0.95,5.959684737,0,,,
10/12/2006,5.97705,6.08093569,6.235,0.25795,4,0,1,0,0,0,0.285315263,,,
10/13/2006,5.98671,6.094503145,6.235,0.24829,5,0,2,0,0,0,0,,,
10/16/2006,5.95948,6.072340285,6.235,0.27552,1,0.05,3,0.297974,0.05,0,0,,,
10/17/2006,5.94472,6.060934661,6.235,0.29028,2,0.7,4,4.459278,0.75,0,0,,,
10/18/2006,5.93335,6.040929286,6.235,0.30165,3,0.25,5,5.9426155,1,5.9426155,0,,,
10/19/2006,5.96276,6.062753842,6.25,0.28724,4,0,1,0,0,0,0.2923845,,,
10/20/2006,5.95696,6.057670508,6.25,0.29304,5,0,2,0,0,0,0,,,
10/23/2006,5.96406,6.094760462,6.25,0.28594,1,0.05,3,0.298203,0.05,0,0,,,
10/24/2006,5.9672,6.08839248,6.25,0.2828,2,0.7,4,4.475243,0.75,0,0,,,
10/25/2006,5.95115,6.037870102,6.25,0.29885,3,0.25,5,5.9630305,1,5.9630305,0,,,
10/26/2006,5.89961,5.983589301,6.16,0.26039,4,0,1,0,0,0,0.2869695,,,
10/27/2006,5.86557,5.946459276,6.16,0.29443,5,0,2,0,0,0,0,,,
10/30/2006,5.8671,5.943110063,6.16,0.2929,1,0.05,3,0.293355,0.05,0,0,,,
10/31/2006,5.80171,5.886834152,6.16,0.35829,2,0.7,4,4.354552,0.75,0,0,,,
11/1/2006,5.75928,5.856597247,6.16,0.40072,3,0.25,5,5.794372,1,5.794372,0,,,
11/2/2006,5.78378,5.877844684,6.23,0.44622,4,0,1,0,0,0,0.365628,,,
11/3/2006,5.88299,5.996545074,6.23,0.34701,5,0,2,0,0,0,0,,,
11/6/2006,5.87026,5.978972504,6.23,0.35974,1,0.05,3,0.293513,0.05,0,0,,,
11/7/2006,5.82192,5.933136768,6.23,0.40808,2,0.7,4,4.368857,0.75,0,0,,,
11/8/2006,5.79337,5.902648597,6.23,0.43663,3,0.25,5,5.8171995,1,5.8171995,0,,,
11/9/2006,5.78174,5.886865628,6.115,0.33326,4,0,1,0,0,0,0.4128005,,,
11/10/2006,5.74642,5.8596986,6.115,0.36858,5,0,2,0,0,0,0,,,
11/13/2006,5.77515,5.870997372,6.115,0.33985,1,0.05,3,0.2887575,0.05,0,0,,,
11/14/2006,5.74146,5.840682312,6.115,0.37354,2,0.7,4,4.3077795,0.75,0,0,,,
11/15/2006,5.77565,5.87582065,6.115,0.33935,3,0.25,5,5.751692,1,5.751692,0,,,
11/16/2006,5.79681,5.896057149,6.055,0.25819,4,0,1,0,0,0,0.363308,,,
11/17/2006,5.72502,5.833942551,6.055,0.32998,5,0,2,0,0,0,0,,,
11/20/2006,5.71107,5.823622516,6.055,0.34393,1,0.05,3,0.2855535,0.05,0,0,,,
11/21/2006,5.71028,5.810010205,6.055,0.34472,2,0.7,4,4.2827495,0.75,5.710332667,0,,,
11/22/2006,5.70866,5.801185448,5.99,0.28134,3,0.25,1,1.427165,0.25,0,0.344667333,,,
11/24/2006,5.70001,5.78425573,5.99,0.28999,5,0,2,1.427165,0.25,0,0,,,
11/27/2006,5.68837,5.773826264,5.99,0.30163,1,0.05,3,1.7115835,0.3,0,0,,,
11/28/2006,5.65634,5.747492396,5.99,0.33366,2,0.7,4,5.6710215,1,0,0,,,
11/29/2006,5.65536,5.756317587,5.99,0.33464,3,0.25,5,7.0848615,1.25,5.6678892,0,,,
11/30/2006,5.57153,5.702826656,5.985,0.41347,4,0,1,0,0,0,0.3221108,,,
12/1/2006,5.51164,5.653318987,5.985,0.47336,5,0,2,0,0,0,0,,,
12/4/2006,5.50335,5.657409206,5.985,0.48165,1,0.05,3,0.2751675,0.05,0,0,,,
12/5/2006,5.50829,5.653452176,5.985,0.47671,2,0.7,4,4.1309705,0.75,0,0,,,
12/6/2006,5.56671,5.68881849,5.985,0.41829,3,0.25,5,5.522648,1,5.522648,0,,,
12/7/2006,5.59388,5.727588543,5.97,0.37612,4,0,1,0,0,0,0.462352,,,
12/8/2006,5.66464,5.785363709,5.97,0.30536,5,0,2,0,0,0,0,,,
12/11/2006,5.63028,5.756379001,5.97,0.33972,1,0.05,3,0.281514,0.05,0,0,,,
12/12/2006,5.57128,5.713082165,5.97,0.39872,2,0.7,4,4.18141,0.75,0,0,,,
12/13/2006,5.65971,5.776700963,5.97,0.31029,3,0.25,5,5.5963375,1,5.5963375,0,,,
12/14/2006,5.68114,5.789510354,5.98,0.29886,4,0,1,0,0,0,0.3736625,,,
12/15/2006,5.68714,5.789422516,5.98,0.29286,5,0,2,0,0,0,0,,,
12/18/2006,5.69459,5.788719507,5.98,0.28541,1,0.05,3,0.2847295,0.05,0,0,,,
12/19/2006,5.70048,5.796650043,5.98,0.27952,2,0.7,4,4.2750655,0.75,0,0,,,
12/20/2006,5.69257,5.790695277,5.98,0.28743,3,0.25,5,5.698208,1,5.698208,0,,,
12/21/2006,5.63329,5.744733003,6.03,0.39671,4,0,1,0,0,0,0.281792,,,
12/22/2006,5.70687,5.815531749,6.03,0.32313,5,0,2,0,0,0,0,,,
12/26/2006,5.6947,5.796600047,6.03,0.3353,2,0.7,3,3.98629,0.7,0,0,,,
12/27/2006,5.74329,5.839792752,6.03,0.28671,3,0.25,4,5.4221125,0.95,0,0,,,
12/28/2006,5.77848,5.86778754,6.03,0.25152,4,0,5,5.4221125,0.95,0,0,,,
12/29/2006,5.78466,5.877443664,6.03,0.24534,5,0,6,0,0,0,0,,,
1/2/2007,5.75132,5.85323205,6.03,0.27868,2,0.7,7,4.025924,0.7,0,0,,,
1/3/2007,5.70619,5.811567079,6.03,0.32381,3,0.25,8,1.4265475,0.25,5.70619,0,,,
1/4/2007,5.64398,5.759409233,6.06,0.41602,4,0,1,0,0,0,0.32381,,,
1/5/2007,5.6641,5.764094598,6.06,0.3959,5,0,2,0,0,0,0,,,
1/8/2007,5.68939,5.776257242,6.06,0.37061,1,0.05,3,0.2844695,0.05,0,0,,,
1/9/2007,5.69234,5.771100828,6.06,0.36766,2,0.7,4,4.2691075,0.75,0,0,,,
1/10/2007,5.73098,5.803042259,6.06,0.32902,3,0.25,5,5.7018525,1,5.7018525,0,,,
1/11/2007,5.78313,5.857225734,6.08,0.29687,4,0,1,0,0,0,0.3581475,,,
1/12/2007,5.79949,5.8731153,6.08,0.28051,5,0,2,0,0,0,0,,,
1/16/2007,5.79288,5.851313498,6.08,0.28712,2,0.7,3,4.055016,0.7,0,0,,,
1/17/2007,5.82895,5.881561446,6.08,0.25105,3,0.25,4,5.5122535,0.95,5.802372105,0,,,
1/18/2007,5.80081,5.847793207,6.1,0.29919,4,0,1,0,0,0,0.277627895,,,
1/19/2007,5.82398,5.870388206,6.1,0.27602,5,0,2,0,0,0,0,,,
1/22/2007,5.81193,5.858068472,6.1,0.28807,1,0.05,3,0.2905965,0.05,0,0,,,
1/23/2007,5.85716,5.887851234,6.1,0.24284,2,0.7,4,4.3906085,0.75,0,0,,,
1/24/2007,5.86891,5.893586888,6.1,0.23109,3,0.25,5,5.857836,1,5.857836,0,,,
1/25/2007,5.93337,5.967775199,6.19,0.25663,4,0,1,0,0,0,0.242164,,,
1/26/2007,5.94379,5.981483894,6.19,0.24621,5,0,2,0,0,0,0,,,
1/29/2007,5.96445,6.001093204,6.19,0.22555,1,0.05,3,0.2982225,0.05,0,0,,,
1/30/2007,5.95304,5.979959659,6.19,0.23696,2,0.7,4,4.4653505,0.75,0,0,,,
1/31/2007,5.89771,5.920967982,6.19,0.29229,3,0.25,5,5.939778,1,5.939778,0,,,
2/1/2007,5.89772,5.921699934,6.105,0.20728,4,0,1,0,0,0,0.250222,,,
2/2/2007,5.86395,5.883797338,6.105,0.24105,5,0,2,0,0,0,0,,,
2/5/2007,5.8258,5.852968689,6.105,0.2792,1,0.05,3,0.29129,0.05,0,0,,,
2/6/2007,5.78845,5.818653704,6.105,0.31655,2,0.7,4,4.343205,0.75,0,0,,,
2/7/2007,5.7765,5.811210411,6.105,0.3285,3,0.25,5,5.78733,1,5.78733,0,,,
2/8/2007,5.77907,5.801458112,6.15,0.37093,4,0,1,0,0,0,0.31767,,,
2/9/2007,5.83455,5.862578204,6.15,0.31545,5,0,2,0,0,0,0,,,
2/12/2007,5.8661,5.877598786,6.15,0.2839,1,0.05,3,0.293305,0.05,0,0,,,
2/13/2007,5.874,5.877115695,6.15,0.276,2,0.7,4,4.405105,0.75,0,0,,,
2/14/2007,5.78171,5.801774755,6.15,0.36829,3,0.25,5,5.8505325,1,5.8505325,0,,,
2/15/2007,5.76575,5.788060457,6.095,0.32925,4,0,1,0,0,0,0.2994675,,,
2/16/2007,5.76704,5.797784259,6.095,0.32796,5,0,2,0,0,0,0,,,
2/20/2007,5.75967,5.795649015,6.095,0.33533,2,0.7,3,4.031769,0.7,0,0,,,
2/21/2007,5.76648,5.795313596,6.095,0.32852,3,0.25,4,5.473389,0.95,5.761462105,0,,,
2/22/2007,5.79825,5.823977881,6.03,0.23175,4,0,1,0,0,0,0.333537895,,,
2/23/2007,5.76857,5.795688486,6.03,0.26143,5,0,2,0,0,0,0,,,
2/26/2007,5.73856,5.770948395,6.03,0.29144,1,0.05,3,0.286928,0.05,0,0,,,
2/27/2007,5.666,5.697169758,6.03,0.364,2,0.7,4,4.253128,0.75,0,0,,,
2/28/2007,5.69793,5.723067933,6.03,0.33207,3,0.25,5,5.6776105,1,5.6776105,0,,,
3/1/2007,5.70088,5.744198637,6.015,0.31412,4,0,1,0,0,0,0.3523895,,,
3/2/2007,5.6857,5.741289797,6.015,0.3293,5,0,2,0,0,0,0,,,
3/5/2007,5.69602,5.735663078,6.015,0.31898,1,0.05,3,0.284801,0.05,0,0,,,
3/6/2007,5.68031,5.711950025,6.015,0.33469,2,0.7,4,4.261018,0.75,0,0,,,
3/7/2007,5.64065,5.684498408,6.015,0.37435,3,0.25,5,5.6711805,1,5.6711805,0,,,
3/8/2007,5.63625,5.679090475,5.99,0.35375,4,0,1,0,0,0,0.3438195,,,
3/9/2007,5.70828,5.750785785,5.99,0.28172,5,0,2,0,0,0,0,,,
3/12/2007,5.6818,5.718241659,5.99,0.3082,1,0.05,3,0.28409,0.05,0,0,,,
3/13/2007,5.62499,5.670267912,5.99,0.36501,2,0.7,4,4.221583,0.75,0,0,,,
3/14/2007,5.64978,5.694221101,5.99,0.34022,3,0.25,5,5.634028,1,5.634028,0,,,
3/15/2007,5.66107,5.695003814,6.01,0.34893,4,0,1,0,0,0,0.355972,,,
3/16/2007,5.67116,5.699896652,6.01,0.33884,5,0,2,0,0,0,0,,,
3/19/2007,5.68532,5.713766264,6.01,0.32468,1,0.05,3,0.284266,0.05,0,0,,,
3/20/2007,5.65758,5.687944498,6.01,0.35242,2,0.7,4,4.244572,0.75,0,0,,,
3/21/2007,5.61128,5.636295367,6.01,0.39872,3,0.25,5,5.647392,1,0,0,,,
3/22/2007,5.67216,5.708887006,6.01,0.33784,4,0,6,0,0,0,0,,,
3/23/2007,5.70792,5.733549054,6.01,0.30208,5,0,7,0,0,0,0,,,
3/26/2007,5.69346,5.722029189,6.01,0.31654,1,0.05,8,0.284673,0.05,0,0,,,
3/27/2007,5.72023,5.739847465,6.01,0.28977,2,0.7,9,4.004161,0.7,0,0,,,
3/28/2007,5.73479,5.752672191,6.01,0.27521,3,0.25,10,1.4336975,0.25,5.73479,0,,,
3/29/2007,5.74611,5.754500779,6.02,0.27389,4,0,1,0,0,0,0.27521,,,
3/30/2007,5.76151,5.765054119,6.02,0.25849,5,0,2,0,0,0,0,,,
4/2/2007,5.75504,5.760671516,6.02,0.26496,1,0.05,3,0.287752,0.05,0,0,,,
4/3/2007,5.76023,5.785797216,6.02,0.25977,2,0.7,4,4.319913,0.75,0,0,,,
4/4/2007,5.75562,5.780088197,6.02,0.26438,3,0.25,5,5.758818,1,5.758818,0,,,
4/5/2007,5.76985,5.788099471,6.07,0.30015,4,0,1,0,0,0,0.261182,,,
4/9/2007,5.83389,5.850887069,6.07,0.23611,1,0.05,2,0.2916945,0.05,0,0,,,
4/10/2007,5.816,5.830848649,6.07,0.254,2,0.7,3,4.3628945,0.75,0,0,,,
4/11/2007,5.82867,5.836459005,6.07,0.24133,3,0.25,4,5.820062,1,5.820062,0,,,
4/12/2007,5.83404,5.828314323,6.045,0.21096,4,0,1,0,0,0,0.249938,,,
4/13/2007,5.85428,5.841735198,6.045,0.19072,5,0,2,0,0,0,0,,,
4/16/2007,5.83698,5.820420532,6.045,0.20802,1,0.05,3,0.291849,0.05,0,0,,,
4/17/2007,5.79239,5.778122404,6.045,0.25261,2,0.7,4,4.346522,0.75,0,0,,,
4/18/2007,5.76155,5.751587826,6.045,0.28345,3,0.25,5,5.7869095,1,5.7869095,0,,,
4/19/2007,5.767,5.769185062,6.035,0.268,4,0,1,0,0,0,0.2580905,,,
4/20/2007,5.77947,5.783214606,6.035,0.25553,5,0,2,0,0,0,0,,,
4/23/2007,5.76361,5.759702803,6.035,0.27139,1,0.05,3,0.2881805,0.05,0,0,,,
4/24/2007,5.73675,5.729521041,6.035,0.29825,2,0.7,4,4.3039055,0.75,0,0,,,
4/25/2007,5.76223,5.755713806,6.035,0.27277,3,0.25,5,5.744463,1,0,0,,,
4/26/2007,5.80346,5.797250002,6.035,0.23154,4,0,6,0,0,0,0,,,
4/27/2007,5.82011,5.811463714,6.035,0.21489,5,0,7,0,0,0,0,,,
4/30/2007,5.769,5.753982774,6.035,0.266,1,0.05,8,0.28845,0.05,0,0,,,
5/1/2007,5.78013,5.769992186,6.035,0.25487,2,0.7,9,4.046091,0.7,0,0,,,
5/2/2007,5.77791,5.77118348,6.035,0.25709,3,0.25,10,1.4444775,0.25,5.77791,0,,,
5/3/2007,5.80799,5.795204255,6.025,0.21701,4,0,1,0,0,0,0.25709,,,
5/4/2007,5.77033,5.764765273,6.025,0.25467,5,0,2,0,0,0,0,,,
5/7/2007,5.76324,5.76831812,6.025,0.26176,1,0.05,3,0.288162,0.05,0,0,,,
5/8/2007,5.76477,5.771123979,6.025,0.26023,2,0.7,4,4.323501,0.75,0,0,,,
5/9/2007,5.79797,5.80281856,6.025,0.22703,3,0.25,5,5.7729935,1,5.7729935,0,,,
5/10/2007,5.78653,5.781635671,6.06,0.27347,4,0,1,0,0,0,0.2520065,,,
5/11/2007,5.80676,5.802119598,6.06,0.25324,5,0,2,0,0,0,0,,,
5/14/2007,5.83042,5.811407184,6.06,0.22958,1,0.05,3,0.291521,0.05,0,0,,,
5/15/2007,5.84727,5.831788937,6.06,0.21273,2,0.7,4,4.38461,0.75,0,0,,,
5/16/2007,5.84391,5.828623134,6.06,0.21609,3,0.25,5,5.8455875,1,5.8455875,0,,,
5/17/2007,5.8856,5.864274647,6.22,0.3344,4,0,1,0,0,0,0.2144125,,,
5/18/2007,5.92507,5.927757677,6.22,0.29493,5,0,2,0,0,0,0,,,
5/21/2007,5.91467,5.897837261,6.22,0.30533,1,0.05,3,0.2957335,0.05,0,0,,,
5/22/2007,5.94901,5.923769781,6.22,0.27099,2,0.7,4,4.4600405,0.75,0,0,,,
5/23/2007,5.97429,5.957592468,6.22,0.24571,3,0.25,5,5.953613,1,5.953613,0,,,
5/24/2007,5.98156,5.957216119,6.27,0.28844,4,0,1,0,0,0,0.266387,,,
5/25/2007,5.96443,5.961567168,6.27,0.30557,5,0,2,0,0,0,0,,,
5/29/2007,5.99219,5.986748492,6.27,0.27781,2,0.7,3,4.194533,0.7,0,0,,,
5/30/2007,5.99207,5.987458609,6.27,0.27793,3,0.25,4,5.6925505,0.95,5.992158421,0,,,
5/31/2007,6.00727,6.010026554,6.38,0.37273,4,0,1,0,0,0,0.277841579,,,
6/1/2007,6.07372,6.070103242,6.38,0.30628,5,0,2,0,0,0,0,,,
6/4/2007,6.06,6.04655522,6.38,0.32,1,0.05,3,0.303,0.05,0,0,,,
6/5/2007,6.11896,6.083332632,6.38,0.26104,2,0.7,4,4.586272,0.75,0,0,,,
6/6/2007,6.12429,6.081565275,6.38,0.25571,3,0.25,5,6.1173445,1,6.1173445,0,,,
6/7/2007,6.26442,6.232643466,6.59,0.32558,4,0,1,0,0,0,0.2626555,,,
6/8/2007,6.28132,6.267316954,6.59,0.30868,5,0,2,0,0,0,0,,,
6/11/2007,6.28557,6.272922167,6.59,0.30443,1,0.05,3,0.3142785,0.05,0,0,,,
6/12/2007,6.38983,6.42469437,6.59,0.20017,2,0.7,4,4.7871595,0.75,0,0,,,
6/13/2007,6.36267,6.363345891,6.59,0.22733,3,0.25,5,6.377827,1,6.377827,0,,,
6/14/2007,6.35536,6.36613089,6.565,0.20964,4,0,1,0,0,0,0.212173,,,
6/15/2007,6.29718,6.298198167,6.565,0.26782,5,0,2,0,0,0,0,,,
6/18/2007,6.27743,6.254073836,6.565,0.28757,1,0.05,3,0.3138715,0.05,0,0,,,
6/19/2007,6.22539,6.207862981,6.565,0.33961,2,0.7,4,4.6716445,0.75,0,0,,,
6/20/2007,6.28873,6.26766757,6.565,0.27627,3,0.25,5,6.243827,1,6.243827,0,,,
6/21/2007,6.32487,6.322064434,6.52,0.19513,4,0,1,0,0,0,0.321173,,,
6/22/2007,6.30384,6.30328896,6.52,0.21616,5,0,2,0,0,0,0,,,
6/25/2007,6.2647,6.257119284,6.52,0.2553,1,0.05,3,0.313235,0.05,0,0,,,
6/26/2007,6.28234,6.275021899,6.52,0.23766,2,0.7,4,4.710873,0.75,0,0,,,
6/27/2007,6.26639,6.257738638,6.52,0.25361,3,0.25,5,6.2774705,1,6.2774705,0,,,
6/28/2007,6.2982,6.297863604,6.48,0.1818,4,0,1,0,0,0,0.2425295,,,
6/29/2007,6.25387,6.246416727,6.48,0.22613,5,0,2,0,0,0,0,,,
7/2/2007,6.22665,6.219420311,6.48,0.25335,1,0.05,3,0.3113325,0.05,0,0,,,
7/3/2007,6.25963,6.257673621,6.48,0.22037,2,0.7,4,4.6930735,0.75,6.257431333,0,,,
7/5/2007,6.3398,6.343769768,6.58,0.2402,4,0,1,0,0,0,0.222568667,,,
7/6/2007,6.3727,6.398407154,6.58,0.2073,5,0,2,0,0,0,0,,,
7/9/2007,6.35041,6.360498975,6.58,0.22959,1,0.05,3,0.3175205,0.05,0,0,,,
7/10/2007,6.28291,6.302625414,6.58,0.29709,2,0.7,4,4.7155575,0.75,0,0,,,
7/11/2007,6.3107,6.335315355,6.58,0.2693,3,0.25,5,6.2932325,1,0,0,,,
7/12/2007,6.33541,6.353372306,6.58,0.24459,4,0,6,0,0,0,0,,,
7/13/2007,6.33145,6.344955152,6.58,0.24855,5,0,7,0,0,0,0,,,
7/16/2007,6.30073,6.28704773,6.58,0.27927,1,0.05,8,0.3150365,0.05,0,0,,,
7/17/2007,6.33529,6.322895498,6.58,0.24471,2,0.7,9,4.434703,0.7,0,0,,,
7/18/2007,6.28572,6.267541411,6.58,0.29428,3,0.25,10,1.57143,0.25,6.28572,0,,,
7/19/2007,6.30406,6.272883764,6.54,0.23594,4,0,1,0,0,0,0.29428,,,
7/20/2007,6.265,6.249407098,6.54,0.275,5,0,2,0,0,0,0,,,
7/23/2007,6.28112,6.257388135,6.54,0.25888,1,0.05,3,0.314056,0.05,0,0,,,
7/24/2007,6.28258,6.275468665,6.54,0.25742,2,0.7,4,4.711862,0.75,0,0,,,
7/25/2007,6.27441,6.259968882,6.54,0.26559,3,0.25,5,6.2804645,1,6.2804645,0,,,
7/26/2007,6.2137,6.238386794,6.505,0.2913,4,0,1,0,0,0,0.2595355,,,
7/27/2007,6.21896,6.2823863,6.505,0.28604,5,0,2,0,0,0,0,,,
7/30/2007,6.24717,6.27644317,6.505,0.25783,1,0.05,3,0.3123585,0.05,0,0,,,
7/31/2007,6.22355,6.231794512,6.505,0.28145,2,0.7,4,4.6688435,0.75,0,0,,,
8/1/2007,6.20234,6.205785719,6.505,0.30266,3,0.25,5,6.2194285,1,6.2194285,0,,,
8/2/2007,6.17056,6.176737896,6.44,0.26944,4,0,1,0,0,0,0.2855715,,,
8/3/2007,6.10397,6.134895271,6.44,0.33603,5,0,2,0,0,0,0,,,
8/6/2007,6.12133,6.162737467,6.44,0.31867,1,0.05,3,0.3060665,0.05,0,0,,,
8/7/2007,6.10728,6.134701097,6.44,0.33272,2,0.7,4,4.5811625,0.75,0,0,,,
8/8/2007,6.16603,6.196418432,6.44,0.27397,3,0.25,5,6.12267,1,6.12267,0,,,
8/9/2007,6.12613,6.181948332,6.47,0.34387,4,0,1,0,0,0,0.31733,,,
8/10/2007,6.15063,6.192128826,6.47,0.31937,5,0,2,0,0,0,0,,,
8/13/2007,6.16927,6.188305829,6.47,0.30073,1,0.05,3,0.3084635,0.05,0,0,,,
8/14/2007,6.1677,6.167199762,6.47,0.3023,2,0.7,4,4.6258535,0.75,0,0,,,
8/15/2007,6.20664,6.150418938,6.47,0.26336,3,0.25,5,6.1775135,1,6.1775135,0,,,
8/16/2007,6.14169,6.121772525,6.37,0.22831,4,0,1,0,0,0,0.2924865,,,
8/17/2007,6.11128,6.141197926,6.37,0.25872,5,0,2,0,0,0,0,,,
8/20/2007,6.07633,6.101081891,6.37,0.29367,1,0.05,3,0.3038165,0.05,0,0,,,
8/21/2007,6.01298,6.061793014,6.37,0.35702,2,0.7,4,4.5129025,0.75,0,0,,,
8/22/2007,6.02985,6.066396123,6.37,0.34015,3,0.25,5,6.020365,1,6.020365,0,,,
8/23/2007,6.02021,6.048539053,6.325,0.30479,4,0,1,0,0,0,0.349635,,,
8/24/2007,5.98703,6.004429174,6.325,0.33797,5,0,2,0,0,0,0,,,
8/27/2007,5.97041,5.964407605,6.325,0.35459,1,0.05,3,0.2985205,0.05,0,0,,,
8/28/2007,5.9438,5.945613064,6.325,0.3812,2,0.7,4,4.4591805,0.75,0,0,,,
8/29/2007,5.97927,5.97389139,6.325,0.34573,3,0.25,5,5.953998,1,5.953998,0,,,
8/30/2007,5.97114,5.928724304,6.335,0.36386,4,0,1,0,0,0,0.371002,,,
8/31/2007,5.99344,5.961913919,6.335,0.34156,5,0,2,0,0,0,0,,,
9/4/2007,6.01567,5.969083785,6.335,0.31933,2,0.7,3,4.210969,0.7,0,0,,,
9/5/2007,5.92707,5.894786483,6.335,0.40793,3,0.25,4,5.6927365,0.95,5.992354211,0,,,
9/6/2007,5.9335,5.895528546,6.185,0.2515,4,0,1,0,0,0,0.342645789,,,
9/7/2007,5.76133,5.769511256,6.185,0.42367,5,0,2,0,0,0,0,,,
9/10/2007,5.73113,5.75306424,6.185,0.45387,1,0.05,3,0.2865565,0.05,0,0,,,
9/11/2007,5.80365,5.817800079,6.185,0.38135,2,0.7,4,4.3491115,0.75,0,0,,,
9/12/2007,5.87022,5.866961551,6.185,0.31478,3,0.25,5,5.8166665,1,5.8166665,0,,,
9/13/2007,5.9126,5.916990166,6.215,0.3024,4,0,1,0,0,0,0.3683335,,,
9/14/2007,5.89106,5.888335037,6.215,0.32394,5,0,2,0,0,0,0,,,
9/17/2007,5.894,5.908327697,6.215,0.321,1,0.05,3,0.2947,0.05,0,0,,,
9/18/2007,5.79823,5.832183109,6.215,0.41677,2,0.7,4,4.353461,0.75,0,0,,,
9/19/2007,5.795,5.822789731,6.215,0.42,3,0.25,5,5.802211,1,5.802211,0,,,
9/20/2007,5.96554,5.99883568,6.295,0.32946,4,0,1,0,0,0,0.412789,,,
9/21/2007,5.95164,5.973657307,6.295,0.34336,5,0,2,0,0,0,0,,,
9/24/2007,5.97496,5.976328653,6.295,0.32004,1,0.05,3,0.298748,0.05,0,0,,,
9/25/2007,5.97037,5.989618077,6.295,0.32463,2,0.7,4,4.478007,0.75,0,0,,,
9/26/2007,5.98048,5.973365247,6.295,0.31452,3,0.25,5,5.973127,1,5.973127,0,,,
9/27/2007,5.92373,5.913150711,6.245,0.32127,4,0,1,0,0,0,0.321873,,,
9/28/2007,5.95066,5.9245029,6.245,0.29434,5,0,2,0,0,0,0,,,
10/1/2007,5.93729,5.925276487,6.245,0.30771,1,0.05,3,0.2968645,0.05,0,0,,,
10/2/2007,5.91811,5.87967093,6.245,0.32689,2,0.7,4,4.4395415,0.75,0,0,,,
10/3/2007,5.90551,5.878196131,6.245,0.33949,3,0.25,5,5.915919,1,5.915919,0,,,
10/4/2007,5.88909,5.869363086,6.25,0.36091,4,0,1,0,0,0,0.329081,,,
10/5/2007,5.98487,5.980795716,6.25,0.26513,5,0,2,0,0,0,0,,,
10/9/2007,5.98408,5.978511127,6.25,0.26592,2,0.7,3,4.188856,0.7,0,0,,,
10/10/2007,5.98497,5.946793366,6.25,0.26503,3,0.25,4,5.6850985,0.95,5.984314211,0,,,
10/11/2007,5.9681,5.92033834,6.275,0.3069,4,0,1,0,0,0,0.265685789,,,
10/12/2007,5.98161,5.94345108,6.275,0.29339,5,0,2,0,0,0,0,,,
10/15/2007,5.98213,5.927779603,6.275,0.29287,1,0.05,3,0.2991065,0.05,0,0,,,
10/16/2007,5.9741,5.92760552,6.275,0.3009,2,0.7,4,4.4809765,0.75,0,0,,,
10/17/2007,5.90414,5.859327919,6.275,0.37086,3,0.25,5,5.9570115,1,5.9570115,0,,,
10/18/2007,5.85501,5.828019376,6.205,0.34999,4,0,1,0,0,0,0.3179885,,,
10/19/2007,5.78826,5.743246008,6.205,0.41674,5,0,2,0,0,0,0,,,
10/22/2007,5.79053,5.739753056,6.205,0.41447,1,0.05,3,0.2895265,0.05,0,0,,,
10/23/2007,5.77363,5.733468009,6.205,0.43137,2,0.7,4,4.3310675,0.75,0,0,,,
10/24/2007,5.68865,5.67898802,6.205,0.51635,3,0.25,5,5.75323,1,5.75323,0,,,
10/25/2007,5.69814,5.702341722,6.11,0.41186,4,0,1,0,0,0,0.45177,,,
10/26/2007,5.7513,5.727683634,6.11,0.3587,5,0,2,0,0,0,0,,,
10/29/2007,5.74053,5.723768205,6.11,0.36947,1,0.05,3,0.2870265,0.05,0,0,,,
10/30/2007,5.74383,5.707223825,6.11,0.36617,2,0.7,4,4.3077075,0.75,0,0,,,
10/31/2007,5.82636,5.764212357,6.11,0.28364,3,0.25,5,5.7642975,1,5.7642975,0,,,
11/1/2007,5.76173,5.706053616,6.09,0.32827,4,0,1,0,0,0,0.3457025,,,
11/2/2007,5.72404,5.661584126,6.09,0.36596,5,0,2,0,0,0,0,,,
11/5/2007,5.81429,5.716733141,6.09,0.27571,1,0.05,3,0.2907145,0.05,0,0,,,
11/6/2007,5.86598,5.759790677,6.09,0.22402,2,0.7,4,4.3969005,0.75,0,0,,,
11/7/2007,5.87137,5.781272724,6.09,0.21863,3,0.25,5,5.864743,1,0,0,,,
11/8/2007,5.85192,5.774834119,6.09,0.23808,4,0,6,0,0,0,0,,,
11/9/2007,5.81494,5.716208082,6.09,0.27506,5,0,7,0,0,0,0,,,
11/13/2007,5.83079,5.71188665,6.09,0.25921,2,0.7,8,4.081553,0.7,5.83079,0,,,
11/14/2007,5.81237,5.697834793,6.075,0.26263,3,0.25,1,1.4530925,0.25,0,0.25921,,,
11/15/2007,5.74313,5.639112188,6.075,0.33187,4,0,2,1.4530925,0.25,0,0,,,
11/16/2007,5.77368,5.62590134,6.075,0.30132,5,0,3,1.4530925,0.25,0,0,,,
11/19/2007,5.74195,5.61738753,6.075,0.33305,1,0.05,4,1.74019,0.3,0,0,,,
11/20/2007,5.80547,5.640020987,6.075,0.26953,2,0.7,5,5.804019,1,0,0,,,
11/21/2007,5.72955,5.619240007,6.075,0.34545,3,0.25,6,1.4323875,0.25,5.72955,0,,,
11/23/2007,5.66973,5.582865696,5.975,0.30527,5,0,1,0,0,0,0.34545,,,
11/26/2007,5.47701,5.432891406,5.975,0.49799,1,0.05,2,0.2738505,0.05,0,0,,,
11/27/2007,5.62014,5.554047652,5.975,0.35486,2,0.7,3,4.2079485,0.75,0,0,,,
11/28/2007,5.58194,5.569786281,5.975,0.39306,3,0.25,4,5.6034335,1,5.6034335,0,,,
11/29/2007,5.48448,5.496757728,5.81,0.32552,4,0,1,0,0,0,0.3715665,,,
11/30/2007,5.43923,5.458046821,5.81,0.37077,5,0,2,0,0,0,0,,,
12/3/2007,5.39401,5.403635101,5.81,0.41599,1,0.05,3,0.2697005,0.05,0,0,,,
12/4/2007,5.39349,5.412001339,5.81,0.41651,2,0.7,4,4.0451435,0.75,0,0,,,
12/5/2007,5.40073,5.412625264,5.81,0.40927,3,0.25,5,5.395326,1,5.395326,0,,,
12/6/2007,5.49202,5.481370746,5.985,0.49298,4,0,1,0,0,0,0.414674,,,
12/7/2007,5.68009,5.623823403,5.985,0.30491,5,0,2,0,0,0,0,,,
12/10/2007,5.7185,5.650751868,5.985,0.2665,1,0.05,3,0.285925,0.05,0,0,,,
12/11/2007,5.54528,5.542389584,5.985,0.43972,2,0.7,4,4.167621,0.75,0,0,,,
12/12/2007,5.59488,5.549374572,5.985,0.39012,3,0.25,5,5.566341,1,5.566341,0,,,
12/13/2007,5.66802,5.596217805,5.99,0.32198,4,0,1,0,0,0,0.418659,,,
12/14/2007,5.75288,5.664013418,5.99,0.23712,5,0,2,0,0,0,0,,,
12/17/2007,5.73971,5.630734339,5.99,0.25029,1,0.05,3,0.2869855,0.05,0,0,,,
12/18/2007,5.61771,5.532187914,5.99,0.37229,2,0.7,4,4.2193825,0.75,0,0,,,
12/19/2007,5.53357,5.495683625,5.99,0.45643,3,0.25,5,5.602775,1,5.602775,0,,,
12/20/2007,5.52723,5.477000286,6.045,0.51777,4,0,1,0,0,0,0.387225,,,
12/21/2007,5.68464,5.593803306,6.045,0.36036,5,0,2,0,0,0,0,,,
12/24/2007,5.74257,5.639500826,6.045,0.30243,1,0.05,3,0.2871285,0.05,0,0,,,
12/26/2007,5.79908,5.693055207,6.045,0.24592,3,0.25,4,1.7368985,0.3,5.789661667,0,,,
12/27/2007,5.73511,5.634888454,5.945,0.20989,4,0,1,0,0,0,0.255338333,,,
12/28/2007,5.59539,5.538125034,5.945,0.34961,5,0,2,0,0,0,0,,,
12/31/2007,5.5067,5.493149466,5.945,0.4383,1,0.05,3,0.275335,0.05,0,0,,,
1/2/2008,5.39414,5.37250905,5.945,0.55086,3,0.25,4,1.62387,0.3,5.4129,0,,,
1/3/2008,5.3789,5.36722847,5.72,0.3411,4,0,1,0,0,0,0.5321,,,
1/4/2008,5.28617,5.294756046,5.72,0.43383,5,0,2,0,0,0,0,,,
1/7/2008,5.23878,5.24982703,5.72,0.48122,1,0.05,3,0.261939,0.05,0,0,,,
1/8/2008,5.25517,5.215738057,5.72,0.46483,2,0.7,4,3.940558,0.75,0,0,,,
1/9/2008,5.2107,5.193274138,5.72,0.5093,3,0.25,5,5.243233,1,5.243233,0,,,
1/10/2008,5.28583,5.246956026,5.565,0.27917,4,0,1,0,0,0,0.476767,,,
1/11/2008,5.17318,5.143359973,5.565,0.39182,5,0,2,0,0,0,0,,,
1/14/2008,5.13481,5.119774556,5.565,0.43019,1,0.05,3,0.2567405,0.05,0,0,,,
1/15/2008,5.04364,5.046743171,5.565,0.52136,2,0.7,4,3.7872885,0.75,0,0,,,
1/16/2008,5.12728,5.067771727,5.565,0.43772,3,0.25,5,5.0691085,1,5.0691085,0,,,
1/17/2008,5.04624,4.999885496,5.33,0.28376,4,0,1,0,0,0,0.4958915,,,
1/18/2008,5.07507,5.009543061,5.33,0.25493,5,0,2,0,0,0,0,,,
1/22/2008,4.82456,4.851475375,5.33,0.50544,2,0.7,3,3.377192,0.7,0,0,,,
1/23/2008,4.86534,4.842015513,5.33,0.46466,3,0.25,4,4.593527,0.95,4.835291579,0,,,
1/24/2008,5.20552,5.086048118,5.53,0.32448,4,0,1,0,0,0,0.494708421,,,
1/25/2008,5.08433,5.030406265,5.53,0.44567,5,0,2,0,0,0,0,,,
1/28/2008,5.03004,5.011364062,5.53,0.49996,1,0.05,3,0.251502,0.05,0,0,,,
1/29/2008,5.11346,5.062839395,5.53,0.41654,2,0.7,4,3.830924,0.75,0,0,,,
1/30/2008,5.18726,5.100624165,5.53,0.34274,3,0.25,5,5.127739,1,5.127739,0,,,
1/31/2008,5.12147,5.042313769,5.52,0.39853,4,0,1,0,0,0,0.402261,,,
2/1/2008,5.07129,4.996119443,5.52,0.44871,5,0,2,0,0,0,0,,,
2/4/2008,5.14855,5.019988657,5.52,0.37145,1,0.05,3,0.2574275,0.05,0,0,,,
2/5/2008,5.04078,4.966866395,5.52,0.47922,2,0.7,4,3.7859735,0.75,0,0,,,
2/6/2008,5.11977,4.993717634,5.52,0.40023,3,0.25,5,5.065916,1,5.065916,0,,,
2/7/2008,5.26285,5.115616972,5.57,0.30715,4,0,1,0,0,0,0.454084,,,
2/8/2008,5.20211,5.055312739,5.57,0.36789,5,0,2,0,0,0,0,,,
2/11/2008,5.19384,5.056108309,5.57,0.37616,1,0.05,3,0.259692,0.05,0,0,,,
2/12/2008,5.25661,5.11152513,5.57,0.31339,2,0.7,4,3.939319,0.75,0,0,,,
2/13/2008,5.32945,5.133920289,5.57,0.24055,3,0.25,5,5.2716815,1,5.2716815,0,,,
2/14/2008,5.51998,5.321699242,5.94,0.42002,4,0,1,0,0,0,0.2983185,,,
2/15/2008,5.50329,5.299505413,5.94,0.43671,5,0,2,0,0,0,0,,,
2/19/2008,5.73451,5.432000578,5.94,0.20549,2,0.7,3,4.014157,0.7,0,0,,,
2/20/2008,5.76701,5.464146482,5.94,0.17299,3,0.25,4,5.4559095,0.95,5.743062632,0,,,
2/21/2008,5.5927,5.348332621,6.115,0.5223,4,0,1,0,0,0,0.196937368,,,
2/22/2008,5.71944,5.400813807,6.115,0.39556,5,0,2,0,0,0,0,,,
2/25/2008,5.86195,5.496761717,6.115,0.25305,1,0.05,3,0.2930975,0.05,0,0,,,
2/26/2008,5.78509,5.395455753,6.115,0.32991,2,0.7,4,4.3426605,0.75,0,0,,,
2/27/2008,5.69071,5.337469093,6.115,0.42429,3,0.25,5,5.765338,1,5.765338,0,,,
2/28/2008,5.4989,5.220566918,5.905,0.4061,4,0,1,0,0,0,0.349662,,,
2/29/2008,5.35969,5.072838379,5.905,0.54531,5,0,2,0,0,0,0,,,
3/3/2008,5.43774,5.084482329,5.905,0.46726,1,0.05,3,0.271887,0.05,0,0,,,
3/4/2008,5.63182,5.190925037,5.905,0.27318,2,0.7,4,4.214161,0.75,0,0,,,
3/5/2008,5.81134,5.336021278,5.905,0.09366,3,0.25,5,5.666996,1,5.666996,0,,,
3/6/2008,5.94293,5.397341652,6.005,0.06207,4,0,1,0,0,0,0.238004,,,
3/7/2008,5.79413,5.313320785,6.005,0.21087,5,0,2,0,0,0,0,,,
3/10/2008,5.76087,5.232582648,6.005,0.24413,1,0.05,3,0.2880435,0.05,0,0,,,
3/11/2008,5.77938,5.270422585,6.005,0.22562,2,0.7,4,4.3336095,0.75,0,0,,,
3/12/2008,5.50334,5.12069757,6.005,0.50166,3,0.25,5,5.7094445,1,5.7094445,0,,,
3/13/2008,5.5453,5.14813448,5.745,0.1997,4,0,1,0,0,0,0.2955555,,,
3/14/2008,5.47714,5.043959095,5.745,0.26786,5,0,2,0,0,0,0,,,
3/17/2008,5.08274,4.870620439,5.745,0.66226,1,0.05,3,0.254137,0.05,0,0,,,
3/18/2008,5.26363,4.950006177,5.745,0.48137,2,0.7,4,3.938678,0.75,0,0,,,
3/19/2008,5.1225,4.809365783,5.745,0.6225,3,0.25,5,5.219303,1,5.219303,0,,,
3/20/2008,5.06543,4.846703479,5.7,0.63457,4,0,1,0,0,0,0.525697,,,
3/24/2008,5.3473,5.044514576,5.7,0.3527,1,0.05,2,0.267365,0.05,0,0,,,
3/25/2008,5.30409,5.02600693,5.7,0.39591,2,0.7,3,3.980228,0.75,0,0,,,
3/26/2008,5.29599,5.01669714,5.7,0.40401,3,0.25,4,5.3042255,1,5.3042255,0,,,
3/27/2008,5.39164,5.053482307,5.755,0.36336,4,0,1,0,0,0,0.3957745,,,
3/28/2008,5.28215,4.952459268,5.755,0.47285,5,0,2,0,0,0,0,,,
3/31/2008,5.26202,4.894356256,5.755,0.49298,1,0.05,3,0.263101,0.05,0,0,,,
4/1/2008,5.36824,4.959161621,5.755,0.38676,2,0.7,4,4.020869,0.75,0,0,,,
4/2/2008,5.43194,5.012245674,5.755,0.32306,3,0.25,5,5.378854,1,5.378854,0,,,
4/3/2008,5.37571,5.025963723,5.73,0.35429,4,0,1,0,0,0,0.376146,,,
4/4/2008,5.16736,4.899665221,5.73,0.56264,5,0,2,0,0,0,0,,,
4/7/2008,5.23363,4.973848319,5.73,0.49637,1,0.05,3,0.2616815,0.05,0,0,,,
4/8/2008,5.28216,4.962750394,5.73,0.44784,2,0.7,4,3.9591935,0.75,0,0,,,
4/9/2008,5.19316,4.876971318,5.73,0.53684,3,0.25,5,5.2574835,1,0,0,,,
4/10/2008,5.2699,4.960759314,5.73,0.4601,4,0,6,0,0,0,0,,,
4/11/2008,5.2083,4.928546125,5.73,0.5217,5,0,7,0,0,0,0,,,
4/14/2008,5.2727,4.973576659,5.73,0.4573,1,0.05,8,0.263635,0.05,0,0,,,
4/15/2008,5.38224,5.068190235,5.73,0.34776,2,0.7,9,3.767568,0.7,0,0,,,
4/16/2008,5.54358,5.260716742,5.73,0.18642,3,0.25,10,1.385895,0.25,5.54358,0,,,
4/17/2008,5.57791,5.304448325,5.855,0.27709,4,0,1,0,0,0,0.18642,,,
4/18/2008,5.48385,5.25592993,5.855,0.37115,5,0,2,0,0,0,0,,,
4/21/2008,5.42507,5.209625258,5.855,0.42993,1,0.05,3,0.2712535,0.05,0,0,,,
4/22/2008,5.38548,5.212501202,5.855,0.46952,2,0.7,4,4.0410895,0.75,0,0,,,
4/23/2008,5.4325,5.218365131,5.855,0.4225,3,0.25,5,5.3992145,1,5.3992145,0,,,
4/24/2008,5.51979,5.344670481,5.935,0.41521,4,0,1,0,0,0,0.4557855,,,
4/25/2008,5.5306,5.360920185,5.935,0.4044,5,0,2,0,0,0,0,,,
4/28/2008,5.49081,5.311209513,5.935,0.44419,1,0.05,3,0.2745405,0.05,0,0,,,
4/29/2008,5.47144,5.284025111,5.935,0.46356,2,0.7,4,4.1045485,0.75,0,0,,,
4/30/2008,5.40219,5.189175909,5.935,0.53281,3,0.25,5,5.455096,1,5.455096,0,,,
5/1/2008,5.34362,5.146900434,5.875,0.53138,4,0,1,0,0,0,0.479904,,,
5/2/2008,5.38863,5.187110622,5.875,0.48637,5,0,2,0,0,0,0,,,
5/5/2008,5.4155,5.189927293,5.875,0.4595,1,0.05,3,0.270775,0.05,0,0,,,
5/6/2008,5.43589,5.23507703,5.875,0.43911,2,0.7,4,4.075898,0.75,0,0,,,
5/7/2008,5.39367,5.203814375,5.875,0.48133,3,0.25,5,5.4243155,1,5.4243155,0,,,
5/8/2008,5.32256,5.158639073,5.91,0.58744,4,0,1,0,0,0,0.4506845,,,
5/9/2008,5.35232,5.163656748,5.91,0.55768,5,0,2,0,0,0,0,,,
5/12/2008,5.40558,5.183242738,5.91,0.50442,1,0.05,3,0.270279,0.05,0,0,,,
5/13/2008,5.54224,5.361989608,5.91,0.36776,2,0.7,4,4.149847,0.75,0,0,,,
5/14/2008,5.55211,5.383670603,5.91,0.35789,3,0.25,5,5.5378745,1,5.5378745,0,,,
5/15/2008,5.40203,5.237505651,5.855,0.45297,4,0,1,0,0,0,0.3721255,,,
5/16/2008,5.39561,5.220035066,5.855,0.45939,5,0,2,0,0,0,0,,,
5/19/2008,5.35742,5.15980167,5.855,0.49758,1,0.05,3,0.267871,0.05,0,0,,,
5/20/2008,5.30407,5.114630042,5.855,0.55093,2,0.7,4,3.98072,0.75,0,0,,,
5/21/2008,5.35903,5.157771779,5.855,0.49597,3,0.25,5,5.3204775,1,5.3204775,0,,,
5/22/2008,5.4751,5.28572652,5.98,0.5049,4,0,1,0,0,0,0.5345225,,,
5/23/2008,5.40601,5.207289165,5.98,0.57399,5,0,2,0,0,0,0,,,
5/27/2008,5.51062,5.311535399,5.98,0.46938,2,0.7,3,3.857434,0.7,0,0,,,
5/28/2008,5.635,5.396651373,5.98,0.345,3,0.25,4,5.266184,0.95,5.543351579,0,,,
5/29/2008,5.71441,5.481003931,5.99,0.27559,4,0,1,0,0,0,0.436648421,,,
5/30/2008,5.67041,5.432080917,5.99,0.31959,5,0,2,0,0,0,0,,,
6/2/2008,5.60869,5.368135677,5.99,0.38131,1,0.05,3,0.2804345,0.05,0,0,,,
6/3/2008,5.55953,5.303074556,5.99,0.43047,2,0.7,4,4.1721055,0.75,0,0,,,
6/4/2008,5.66156,5.357201903,5.99,0.32844,3,0.25,5,5.5874955,1,5.5874955,0,,,
6/5/2008,5.76712,5.488838307,6.245,0.47788,4,0,1,0,0,0,0.4025045,,,
6/6/2008,5.72572,5.490981028,6.245,0.51928,5,0,2,0,0,0,0,,,
6/9/2008,5.81817,5.645793423,6.245,0.42683,1,0.05,3,0.2909085,0.05,0,0,,,
6/10/2008,5.96254,5.74359338,6.245,0.28246,2,0.7,4,4.4646865,0.75,0,0,,,
6/11/2008,5.88874,5.634385963,6.245,0.35626,3,0.25,5,5.9368715,1,5.9368715,0,,,
6/12/2008,6.01778,5.762223827,6.345,0.32722,4,0,1,0,0,0,0.3081285,,,
6/13/2008,6.05793,5.819292806,6.345,0.28707,5,0,2,0,0,0,0,,,
6/16/2008,6.08137,5.800560813,6.345,0.26363,1,0.05,3,0.3040685,0.05,0,0,,,
6/17/2008,6.00955,5.728641459,6.345,0.33545,2,0.7,4,4.5107535,0.75,0,0,,,
6/18/2008,5.90615,5.619199417,6.345,0.43885,3,0.25,5,5.987291,1,5.987291,0,,,
6/19/2008,5.94374,5.660026365,6.35,0.40626,4,0,1,0,0,0,0.357709,,,
6/20/2008,5.92151,5.648872921,6.35,0.42849,5,0,2,0,0,0,0,,,
6/23/2008,5.98819,5.712324972,6.35,0.36181,1,0.05,3,0.2994095,0.05,0,0,,,
6/24/2008,5.9575,5.663410855,6.35,0.3925,2,0.7,4,4.4696595,0.75,0,0,,,
6/25/2008,5.95788,5.656822224,6.35,0.39212,3,0.25,5,5.9591295,1,5.9591295,0,,,
6/26/2008,5.90352,5.605360176,6.25,0.34648,4,0,1,0,0,0,0.3908705,,,
6/27/2008,5.84366,5.575026786,6.25,0.40634,5,0,2,0,0,0,0,,,
6/30/2008,5.82023,5.543970573,6.25,0.42977,1,0.05,3,0.2910115,0.05,0,0,,,
7/1/2008,5.87926,5.57308781,6.25,0.37074,2,0.7,4,4.4064935,0.75,0,0,,,
7/2/2008,5.90336,5.548407871,6.25,0.34664,3,0.25,5,5.8823335,1,5.8823335,0,,,
7/3/2008,5.94638,5.556188369,6.27,0.32362,4,0,1,0,0,0,0.3676665,,,
7/7/2008,5.951,5.518602034,6.27,0.319,1,0.05,2,0.29755,0.05,0,0,,,
7/8/2008,5.81904,5.448277212,6.27,0.45096,2,0.7,3,4.370878,0.75,0,0,,,
7/9/2008,5.71617,5.359790784,6.27,0.55383,3,0.25,4,5.7999205,1,5.7999205,0,,,
7/10/2008,5.7032,5.365950491,6.16,0.4568,4,0,1,0,0,0,0.4700795,,,
7/11/2008,5.78406,5.482995932,6.16,0.37594,5,0,2,0,0,0,0,,,
7/14/2008,5.7262,5.431350904,6.16,0.4338,1,0.05,3,0.28631,0.05,0,0,,,
7/15/2008,5.69922,5.37385688,6.16,0.46078,2,0.7,4,4.275764,0.75,0,0,,,
7/16/2008,5.84484,5.427607613,6.16,0.31516,3,0.25,5,5.736974,1,5.736974,0,,,
7/17/2008,6.03498,5.594340443,6.53,0.49502,4,0,1,0,0,0,0.423026,,,
7/18/2008,6.13689,5.64768718,6.53,0.39311,5,0,2,0,0,0,0,,,
7/21/2008,6.11861,5.617516286,6.53,0.41139,1,0.05,3,0.3059305,0.05,0,0,,,
7/22/2008,6.15327,5.613544703,6.53,0.37673,2,0.7,4,4.6132195,0.75,0,0,,,
7/23/2008,6.12548,5.643450272,6.53,0.40452,3,0.25,5,6.1445895,1,6.1445895,0,,,
7/24/2008,5.96688,5.501787832,6.445,0.47812,4,0,1,0,0,0,0.3854105,,,
7/25/2008,6.09366,5.567812677,6.445,0.35134,5,0,2,0,0,0,0,,,
7/28/2008,5.97205,5.473974672,6.445,0.47295,1,0.05,3,0.2986025,0.05,0,0,,,
7/29/2008,6.02543,5.503222303,6.445,0.41957,2,0.7,4,4.5164035,0.75,0,0,,,
7/30/2008,5.98257,5.462927367,6.445,0.46243,3,0.25,5,6.012046,1,0,0,,,
7/31/2008,5.9366,5.408562501,6.445,0.5084,4,0,6,0,0,0,0,,,
8/1/2008,5.94304,5.389275208,6.445,0.50196,5,0,7,0,0,0,0,,,
8/4/2008,6.01006,5.434847646,6.445,0.43494,1,0.05,8,0.300503,0.05,0,0,,,
8/5/2008,6.04893,5.441155349,6.445,0.39607,2,0.7,9,4.234251,0.7,0,0,,,
8/6/2008,6.12899,5.489033211,6.445,0.31601,3,0.25,10,1.5322475,0.25,0,0,,,
8/7/2008,6.05188,5.391588626,6.445,0.39312,4,0,11,0,0,0,0,,,
8/8/2008,6.00624,5.399520896,6.445,0.43876,5,0,12,0,0,0,0,,,
8/11/2008,6.08798,5.435249688,6.445,0.35702,1,0.05,13,0.304399,0.05,0,0,,,
8/12/2008,6.02876,5.351831028,6.445,0.41624,2,0.7,14,4.220132,0.7,0,0,,,
8/13/2008,6.05706,5.387294011,6.445,0.38794,3,0.25,15,1.514265,0.25,6.05706,0,,,
8/14/2008,6.03352,5.34905849,6.395,0.36148,4,0,1,0,0,0,0.38794,,,
8/15/2008,5.96405,5.338477869,6.395,0.43095,5,0,2,0,0,0,0,,,
8/18/2008,5.95599,5.334665684,6.395,0.43901,1,0.05,3,0.2977995,0.05,0,0,,,
8/19/2008,5.95402,5.34401657,6.395,0.44098,2,0.7,4,4.4656135,0.75,0,0,,,
8/20/2008,5.80583,5.296557363,6.395,0.58917,3,0.25,5,5.917071,1,5.917071,0,,,
8/21/2008,5.9001,5.34108229,6.3,0.3999,4,0,1,0,0,0,0.477929,,,
8/22/2008,5.93749,5.385642401,6.3,0.36251,5,0,2,0,0,0,0,,,
8/25/2008,5.87194,5.343101485,6.3,0.42806,1,0.05,3,0.293597,0.05,0,0,,,
8/26/2008,5.83232,5.318918749,6.3,0.46768,2,0.7,4,4.376221,0.75,0,0,,,
8/27/2008,5.8015,5.279360334,6.3,0.4985,3,0.25,5,5.826596,1,5.826596,0,,,
8/28/2008,5.76723,5.292351083,6.275,0.50777,4,0,1,0,0,0,0.473404,,,
8/29/2008,5.79853,5.289948348,6.275,0.47647,5,0,2,0,0,0,0,,,
9/2/2008,5.76158,5.243149642,6.275,0.51342,2,0.7,3,4.033106,0.7,0,0,,,
9/3/2008,5.70324,5.208244241,6.275,0.57176,3,0.25,4,5.458916,0.95,5.746227368,0,,,
9/4/2008,5.60593,5.172968507,5.855,0.24907,4,0,1,0,0,0,0.528772632,,,
9/5/2008,5.64419,5.188947848,5.855,0.21081,5,0,2,0,0,0,0,,,
9/8/2008,5.11343,5.112866508,5.855,0.74157,1,0.05,3,0.2556715,0.05,0,0,,,
9/9/2008,5.14552,5.078663148,5.855,0.70948,2,0.7,4,3.8575355,0.75,0,0,,,
9/10/2008,5.20774,5.099007522,5.855,0.64726,3,0.25,5,5.1594705,1,5.1594705,0,,,
9/11/2008,5.20018,5.066554155,5.68,0.47982,4,0,1,0,0,0,0.6955295,,,
9/12/2008,5.3042,5.161734697,5.68,0.3758,5,0,2,0,0,0,0,,,
9/15/2008,5.01762,4.985890245,5.68,0.66238,1,0.05,3,0.250881,0.05,0,0,,,
9/16/2008,5.19951,5.125713613,5.68,0.48049,2,0.7,4,3.890538,0.75,0,0,,,
9/17/2008,5.21897,5.075048902,5.68,0.46103,3,0.25,5,5.1952805,1,5.1952805,0,,,
9/18/2008,5.24059,5.10778509,6.015,0.77441,4,0,1,0,0,0,0.4847195,,,
9/19/2008,5.29412,5.339186459,6.015,0.72088,5,0,2,0,0,0,0,,,
9/22/2008,5.43345,5.355480123,6.015,0.58155,1,0.05,3,0.2716725,0.05,0,0,,,
9/23/2008,5.46543,5.415070769,6.015,0.54957,2,0.7,4,4.0974735,0.75,0,0,,,
9/24/2008,5.46486,5.503402029,6.015,0.55014,3,0.25,5,5.4636885,1,5.4636885,0,,,
9/25/2008,5.4753,5.537102137,6,0.5247,4,0,1,0,0,0,0.5513115,,,
9/26/2008,5.45085,5.442471911,6,0.54915,5,0,2,0,0,0,0,,,
9/29/2008,5.36504,5.286282345,6,0.63496,1,0.05,3,0.268252,0.05,0,0,,,
9/30/2008,5.5156,5.523947576,6,0.4844,2,0.7,4,4.129172,0.75,0,0,,,
10/1/2008,5.49707,5.453713695,6,0.50293,3,0.25,5,5.5034395,1,5.5034395,0,,,
10/2/2008,5.45694,5.3871561,5.84,0.38306,4,0,1,0,0,0,0.4965605,,,
10/3/2008,5.4475,5.326754926,5.84,0.3925,5,0,2,0,0,0,0,,,
10/6/2008,5.21162,5.064446308,5.84,0.62838,1,0.05,3,0.260581,0.05,0,0,,,
10/7/2008,5.26288,5.20642763,5.84,0.57712,2,0.7,4,3.944597,0.75,0,0,,,
10/8/2008,5.45232,5.30079386,5.84,0.38768,3,0.25,5,5.307677,1,5.307677,0,,,
10/9/2008,5.66674,5.586532714,6.36,0.69326,4,0,1,0,0,0,0.532323,,,
10/10/2008,5.84477,5.751307286,6.36,0.51523,5,0,2,0,0,0,0,,,
10/14/2008,6.01234,5.8454256,6.36,0.34766,2,0.7,3,4.208638,0.7,0,0,,,
10/15/2008,5.90519,5.658576315,6.36,0.45481,3,0.25,4,5.6849355,0.95,5.984142632,0,,,
10/16/2008,5.84358,5.592656358,5.94,0.09642,4,0,1,0,0,0,0.375857368,,,
10/17/2008,5.82867,5.506232233,5.94,0.11133,5,0,2,0,0,0,0,,,
10/20/2008,5.50881,5.333912254,5.94,0.43119,1,0.05,3,0.2754405,0.05,0,0,,,
10/21/2008,5.3554,5.108053005,5.94,0.5846,2,0.7,4,4.0242205,0.75,0,0,,,
10/22/2008,5.37637,5.079603599,5.94,0.56363,3,0.25,5,5.368313,1,5.368313,0,,,
10/23/2008,5.41055,5.158337802,6.385,0.97445,4,0,1,0,0,0,0.571687,,,
10/24/2008,5.67504,5.322224639,6.385,0.70996,5,0,2,0,0,0,0,,,
10/27/2008,5.91991,5.359432554,6.385,0.46509,1,0.05,3,0.2959955,0.05,0,0,,,
10/28/2008,6.04844,5.421921138,6.385,0.33656,2,0.7,4,4.5299035,0.75,0,0,,,
10/29/2008,6.01414,5.383744725,6.385,0.37086,3,0.25,5,6.0334385,1,6.0334385,0,,,
10/30/2008,6.024,5.385951105,6.125,0.101,4,0,1,0,0,0,0.3515615,,,
10/31/2008,5.98811,5.416026499,6.125,0.13689,5,0,2,0,0,0,0,,,
11/3/2008,5.94965,5.374778206,6.125,0.17535,1,0.05,3,0.2974825,0.05,0,0,,,
11/4/2008,5.59651,5.195166766,6.125,0.52849,2,0.7,4,4.2150395,0.75,0,0,,,
11/5/2008,5.44883,5.111842559,6.125,0.67617,3,0.25,5,5.577247,1,5.577247,0,,,
11/6/2008,5.48354,5.147194346,6.065,0.58146,4,0,1,0,0,0,0.547753,,,
11/7/2008,5.48216,5.225880004,6.065,0.58284,5,0,2,0,0,0,0,,,
11/10/2008,5.57721,5.196780032,6.065,0.48779,1,0.05,3,0.2788605,0.05,0,0,,,
11/12/2008,5.42963,5.06601868,6.065,0.63537,3,0.25,4,1.636268,0.3,5.454226667,0,,,
11/13/2008,5.55392,5.209262632,5.965,0.41108,4,0,1,0,0,0,0.610773333,,,
11/14/2008,5.49487,5.257780953,5.965,0.47013,5,0,2,0,0,0,0,,,
11/17/2008,5.54453,5.243834255,5.965,0.42047,1,0.05,3,0.2772265,0.05,0,0,,,
11/18/2008,5.4702,5.166792792,5.965,0.4948,2,0.7,4,4.1063665,0.75,5.475155333,0,,,
11/19/2008,5.45948,5.111101442,5.895,0.43552,3,0.25,1,1.36487,0.25,0,0.489844667,,,
11/20/2008,5.40782,4.920089544,5.895,0.48718,4,0,2,1.36487,0.25,0,0,,,
11/21/2008,5.35168,4.943164221,5.895,0.54332,5,0,3,1.36487,0.25,0,0,,,
11/24/2008,5.34056,4.916867694,5.895,0.55444,1,0.05,4,1.631898,0.3,0,0,,,
11/25/2008,4.75014,4.650671626,5.895,1.14486,2,0.7,5,4.956996,1,0,0,,,
11/26/2008,4.76604,4.611188271,5.895,1.12896,3,0.25,6,1.19151,0.25,4.76604,0,,,
11/28/2008,4.82937,4.584316236,5.455,0.62563,5,0,1,0,0,0,1.12896,,,
12/1/2008,4.6019,4.362564683,5.455,0.8531,1,0.05,2,0.230095,0.05,0,0,,,
12/2/2008,4.65028,4.259032372,5.455,0.80472,2,0.7,3,3.485291,0.75,0,0,,,
12/3/2008,4.56259,4.24163128,5.455,0.89241,3,0.25,4,4.6259385,1,4.6259385,0,,,
12/4/2008,4.48864,4.243873954,5.395,0.90636,4,0,1,0,0,0,0.8290615,,,
12/5/2008,4.72506,4.330698431,5.395,0.66994,5,0,2,0,0,0,0,,,
12/8/2008,4.70612,4.354801657,5.395,0.68888,1,0.05,3,0.235306,0.05,0,0,,,
12/9/2008,4.52121,4.334572615,5.395,0.87379,2,0.7,4,3.400153,0.75,0,0,,,
12/10/2008,4.35737,4.302471893,5.395,1.03763,3,0.25,5,4.4894955,1,4.4894955,0,,,
12/11/2008,4.11336,4.281122467,5.115,1.00164,4,0,1,0,0,0,0.9055045,,,
12/12/2008,4.10814,4.271506154,5.115,1.00686,5,0,2,0,0,0,0,,,
12/15/2008,4.1355,4.103525487,5.115,0.9795,1,0.05,3,0.206775,0.05,0,0,,,
12/16/2008,3.98071,3.719659358,5.115,1.13429,2,0.7,4,2.993272,0.75,3.991029333,0,,,
12/17/2008,3.79209,3.495196078,5.09,1.29791,3,0.25,1,0.9480225,0.25,0,1.123970667,,,
12/18/2008,3.77292,3.441989101,5.09,1.31708,4,0,2,0.9480225,0.25,0,0,,,
12/19/2008,3.79982,3.516394415,5.09,1.29018,5,0,3,0.9480225,0.25,0,0,,,
12/22/2008,4.03628,3.580855114,5.09,1.05372,1,0.05,4,1.1498365,0.3,0,0,,,
12/23/2008,4.10336,3.624140518,5.09,0.98664,2,0.7,5,4.0221885,1,0,0,,,
12/24/2008,4.00553,3.669298398,5.09,1.08447,3,0.25,6,1.0013825,0.25,4.00553,0,,,
12/26/2008,3.87289,3.639282436,5.025,1.15211,5,0,1,0,0,0,1.08447,,,
12/29/2008,3.75228,3.608239929,5.025,1.27272,1,0.05,2,0.187614,0.05,0,0,,,
12/30/2008,3.89246,3.582810832,5.025,1.13254,2,0.7,3,2.912336,0.75,0,0,,,
12/31/2008,4.00708,3.656932817,5.025,1.01792,3,0.25,4,3.914106,1,3.914106,0,,,
1/2/2009,3.63296,3.843481805,4.91,1.27704,5,0,1,0,0,0,1.110894,,,
1/5/2009,4.06922,3.849199693,4.91,0.84078,1,0.05,2,0.203461,0.05,0,0,,,
1/6/2009,3.60517,3.747954315,4.91,1.30483,2,0.7,3,2.72708,0.75,0,0,,,
1/7/2009,3.60119,3.628848676,4.91,1.30881,3,0.25,4,3.6273775,1,3.6273775,0,,,
1/8/2009,3.72187,3.510714077,4.885,1.16313,4,0,1,0,0,0,1.2826225,,,
1/9/2009,3.81249,3.405226718,4.885,1.07251,5,0,2,0,0,0,0,,,
1/12/2009,3.79585,3.327127122,4.885,1.08915,1,0.05,3,0.1897925,0.05,0,0,,,
1/13/2009,3.75991,3.299474668,4.885,1.12509,2,0.7,4,2.8217295,0.75,0,0,,,
1/14/2009,3.75495,3.260078763,4.885,1.13005,3,0.25,5,3.760467,1,3.760467,0,,,
1/15/2009,3.80857,3.353478092,5.045,1.23643,4,0,1,0,0,0,1.124533,,,
1/16/2009,3.91302,3.377648063,5.045,1.13198,5,0,2,0,0,0,0,,,
1/20/2009,3.92854,3.428837522,5.045,1.11646,2,0.7,3,2.749978,0.7,0,0,,,
1/21/2009,4.08436,3.604566375,5.045,0.96064,3,0.25,4,3.771068,0.95,3.969545263,0,,,
1/22/2009,4.05342,3.677346483,5.025,0.97158,4,0,1,0,0,0,1.075454737,,,
1/23/2009,4.00493,3.750902233,5.025,1.02007,5,0,2,0,0,0,0,,,
1/26/2009,4.02083,3.83925954,5.025,1.00417,1,0.05,3,0.2010415,0.05,0,0,,,
1/27/2009,3.91328,3.747240223,5.025,1.11172,2,0.7,4,2.9403375,0.75,0,0,,,
1/28/2009,4.00898,3.8463891,5.025,1.01602,3,0.25,5,3.9425825,1,3.9425825,0,,,
1/29/2009,4.29591,3.999997902,5.2,0.90409,4,0,1,0,0,0,1.0824175,,,
1/30/2009,4.29037,4.076205615,5.2,0.90963,5,0,2,0,0,0,0,,,
2/2/2009,4.15784,4.025615209,5.2,1.04216,1,0.05,3,0.207892,0.05,0,0,,,
2/3/2009,4.28905,4.11630745,5.2,0.91095,2,0.7,4,3.210227,0.75,0,0,,,
2/4/2009,4.34958,4.241551959,5.2,0.85042,3,0.25,5,4.297622,1,4.297622,0,,,
2/5/2009,4.31812,4.222702132,5.085,0.76688,4,0,1,0,0,0,0.902378,,,
2/6/2009,4.36683,4.289519512,5.085,0.71817,5,0,2,0,0,0,0,,,
2/9/2009,4.34913,4.305255128,5.085,0.73587,1,0.05,3,0.2174565,0.05,0,0,,,
2/10/2009,4.16012,4.198003024,5.085,0.92488,2,0.7,4,3.1295405,0.75,0,0,,,
2/11/2009,4.0733,4.018719584,5.085,1.0117,3,0.25,5,4.1478655,1,4.1478655,0,,,
2/12/2009,4.05528,3.963622011,4.965,0.90972,4,0,1,0,0,0,0.9371345,,,
2/13/2009,4.24557,4.159703364,4.965,0.71943,5,0,2,0,0,0,0,,,
2/17/2009,4.09683,4.017452089,4.965,0.86817,2,0.7,3,2.867781,0.7,0,0,,,
2/18/2009,4.11982,4.060579147,4.965,0.84518,3,0.25,4,3.897736,0.95,4.10288,0,,,
2/19/2009,4.24084,4.149673521,4.995,0.75416,4,0,1,0,0,0,0.86212,,,
2/20/2009,4.19569,4.091908973,4.995,0.79931,5,0,2,0,0,0,0,,,
2/23/2009,4.2296,4.071518917,4.995,0.7654,1,0.05,3,0.21148,0.05,0,0,,,
2/24/2009,4.28183,4.115225362,4.995,0.71317,2,0.7,4,3.208761,0.75,0,0,,,
2/25/2009,4.40221,4.344775153,4.995,0.59279,3,0.25,5,4.3093135,1,4.3093135,0,,,
2/26/2009,4.4149,4.339521234,5.075,0.6601,4,0,1,0,0,0,0.6856865,,,
2/27/2009,4.45539,4.420253269,5.075,0.61961,5,0,2,0,0,0,0,,,
3/2/2009,4.39784,4.315181148,5.075,0.67716,1,0.05,3,0.219892,0.05,0,0,,,
3/3/2009,4.35917,4.341374539,5.075,0.71583,2,0.7,4,3.271311,0.75,0,0,,,
3/4/2009,4.38778,4.409744796,5.075,0.68722,3,0.25,5,4.368256,1,4.368256,0,,,
3/5/2009,4.22296,4.225098577,4.955,0.73204,4,0,1,0,0,0,0.706744,,,
3/6/2009,4.21441,4.215791217,4.955,0.74059,5,0,2,0,0,0,0,,,
3/9/2009,4.26007,4.279963403,4.955,0.69493,1,0.05,3,0.2130035,0.05,0,0,,,
3/10/2009,4.2873,4.31614574,4.955,0.6677,2,0.7,4,3.2141135,0.75,0,0,,,
3/11/2009,4.22952,4.217356514,4.955,0.72548,3,0.25,5,4.2714935,1,4.2714935,0,,,
3/12/2009,4.17572,4.160600067,4.905,0.72928,4,0,1,0,0,0,0.6835065,,,
3/13/2009,4.17876,4.146847309,4.905,0.72624,5,0,2,0,0,0,0,,,
3/16/2009,4.20653,4.17587658,4.905,0.69847,1,0.05,3,0.2103265,0.05,0,0,,,
3/17/2009,4.20916,4.191634596,4.905,0.69584,2,0.7,4,3.1567385,0.75,0,0,,,
3/18/2009,3.87716,3.81562809,4.905,1.02784,3,0.25,5,4.1260285,1,4.1260285,0,,,
3/19/2009,3.83377,3.676225817,4.775,0.94123,4,0,1,0,0,0,0.7789715,,,
3/20/2009,3.89692,3.737594534,4.775,0.87808,5,0,2,0,0,0,0,,,
3/23/2009,3.92894,3.696276373,4.775,0.84606,1,0.05,3,0.196447,0.05,0,0,,,
3/24/2009,3.93485,3.643749836,4.775,0.84015,2,0.7,4,2.950842,0.75,0,0,,,
3/25/2009,3.96227,3.744072933,4.775,0.81273,3,0.25,5,3.9414095,1,3.9414095,0,,,
3/26/2009,3.93591,3.691131281,4.705,0.76909,4,0,1,0,0,0,0.8335905,,,
3/27/2009,3.91313,3.700546864,4.705,0.79187,5,0,2,0,0,0,0,,,
3/30/2009,3.88421,3.678363385,4.705,0.82079,1,0.05,3,0.1942105,0.05,0,0,,,
3/31/2009,3.8956,3.678499314,4.705,0.8094,2,0.7,4,2.9211305,0.75,0,0,,,
4/1/2009,3.90441,3.659971216,4.705,0.80059,3,0.25,5,3.897233,1,3.897233,0,,,
4/2/2009,3.98127,3.732886038,4.795,0.81373,4,0,1,0,0,0,0.807767,,,
4/3/2009,4.07413,3.902222419,4.795,0.72087,5,0,2,0,0,0,0,,,
4/6/2009,4.06849,3.990897811,4.795,0.72651,1,0.05,3,0.2034245,0.05,0,0,,,
4/7/2009,4.0099,3.934241948,4.795,0.7851,2,0.7,4,3.0103545,0.75,0,0,,,
4/8/2009,3.93131,3.870207986,4.795,0.86369,3,0.25,5,3.993182,1,3.993182,0,,,
4/9/2009,4.01888,3.915183801,4.72,0.70112,4,0,1,0,0,0,0.801818,,,
4/13/2009,3.98164,3.834268262,4.72,0.73836,1,0.05,2,0.199082,0.05,0,0,,,
4/14/2009,3.95807,3.749778003,4.72,0.76193,2,0.7,3,2.969731,0.75,0,0,,,
4/15/2009,3.93676,3.719064897,4.72,0.78324,3,0.25,4,3.953921,1,3.953921,0,,,
4/16/2009,3.97094,3.802505915,4.725,0.75406,4,0,1,0,0,0,0.766079,,,
4/17/2009,4.03458,3.965001152,4.725,0.69042,5,0,2,0,0,0,0,,,
4/20/2009,3.99622,3.889742997,4.725,0.72878,1,0.05,3,0.199811,0.05,0,0,,,
4/21/2009,3.99604,3.931249604,4.725,0.72896,2,0.7,4,2.997039,0.75,0,0,,,
4/22/2009,4.02445,3.989317534,4.725,0.70055,3,0.25,5,4.0031515,1,4.0031515,0,,,
4/23/2009,3.99401,3.947293644,4.705,0.71099,4,0,1,0,0,0,0.7218485,,,
4/24/2009,3.99335,4.0474702,4.705,0.71165,5,0,2,0,0,0,0,,,
4/27/2009,3.83804,3.946190978,4.705,0.86696,1,0.05,3,0.191902,0.05,0,0,,,
4/28/2009,3.90251,3.962279363,4.705,0.80249,2,0.7,4,2.923659,0.75,0,0,,,
4/29/2009,3.9857,4.027446636,4.705,0.7193,3,0.25,5,3.920084,1,3.920084,0,,,
4/30/2009,4.0141,4.05954429,4.765,0.7509,4,0,1,0,0,0,0.784916,,,
5/1/2009,4.08589,4.156768193,4.765,0.67911,5,0,2,0,0,0,0,,,
5/4/2009,4.03828,4.160731116,4.765,0.72672,1,0.05,3,0.201914,0.05,0,0,,,
5/5/2009,3.98397,4.140028091,4.765,0.78103,2,0.7,4,2.990693,0.75,0,0,,,
5/6/2009,3.96813,4.104771931,4.765,0.79687,3,0.25,5,3.9827255,1,3.9827255,0,,,
5/7/2009,4.08542,4.223192631,4.76,0.67458,4,0,1,0,0,0,0.7822745,,,
5/8/2009,4.12926,4.211146596,4.76,0.63074,5,0,2,0,0,0,0,,,
5/11/2009,3.99949,4.087631177,4.76,0.76051,1,0.05,3,0.1999745,0.05,0,0,,,
5/12/2009,3.98366,4.065143399,4.76,0.77634,2,0.7,4,2.9885365,0.75,0,0,,,
5/13/2009,3.93444,4.031992983,4.76,0.82556,3,0.25,5,3.9721465,1,3.9721465,0,,,
5/14/2009,3.93771,4.084053329,4.745,0.80729,4,0,1,0,0,0,0.7878535,,,
5/15/2009,3.94836,4.102590785,4.745,0.79664,5,0,2,0,0,0,0,,,
5/18/2009,3.99902,4.152394177,4.745,0.74598,1,0.05,3,0.199951,0.05,0,0,,,
5/19/2009,4.00194,4.17949434,4.745,0.74306,2,0.7,4,3.001309,0.75,0,0,,,
5/20/2009,3.96589,4.147780617,4.745,0.77911,3,0.25,5,3.9927815,1,3.9927815,0,,,
5/21/2009,4.0625,4.33076562,4.835,0.7725,4,0,1,0,0,0,0.7522185,,,
5/22/2009,4.12679,4.496441388,4.835,0.70821,5,0,2,0,0,0,0,,,
5/26/2009,4.1848,4.616782323,4.835,0.6502,2,0.7,3,2.92936,0.7,0,0,,,
5/27/2009,4.54613,4.989571976,4.835,0.28887,3,0.25,4,4.0658925,0.95,4.279886842,0,,,
5/28/2009,4.69701,4.919751485,5.215,0.51799,4,0,1,0,0,0,0.555113158,,,
5/29/2009,4.3483,4.590942996,5.215,0.8667,5,0,2,0,0,0,0,,,
6/1/2009,4.65719,5.005448284,5.215,0.55781,1,0.05,3,0.2328595,0.05,0,0,,,
6/2/2009,4.60383,4.890357448,5.215,0.61117,2,0.7,4,3.4555405,0.75,0,0,,,
6/3/2009,4.53166,4.744728101,5.215,0.68334,3,0.25,5,4.5884555,1,4.5884555,0,,,
6/4/2009,4.72477,5.021003526,5.515,0.79023,4,0,1,0,0,0,0.6265445,,,
6/5/2009,4.91336,5.322290407,5.515,0.60164,5,0,2,0,0,0,0,,,
6/8/2009,5.02103,5.423030955,5.515,0.49397,1,0.05,3,0.2510515,0.05,0,0,,,
6/9/2009,4.96809,5.281908064,5.515,0.54691,2,0.7,4,3.7287145,0.75,0,0,,,
6/10/2009,5.05803,5.415481213,5.515,0.45697,3,0.25,5,4.993222,1,4.993222,0,,,
6/11/2009,4.9734,5.288979703,5.305,0.3316,4,0,1,0,0,0,0.521778,,,
6/12/2009,4.84314,5.102692449,5.305,0.46186,5,0,2,0,0,0,0,,,
6/15/2009,4.71585,4.973642347,5.305,0.58915,1,0.05,3,0.2357925,0.05,0,0,,,
6/16/2009,4.65143,4.932066222,5.305,0.65357,2,0.7,4,3.4917935,0.75,0,0,,,
6/17/2009,4.55337,4.892718691,5.305,0.75163,3,0.25,5,4.630136,1,4.630136,0,,,
6/18/2009,4.86953,5.196112494,5.345,0.47547,4,0,1,0,0,0,0.674864,,,
6/19/2009,4.79977,5.115448179,5.345,0.54523,5,0,2,0,0,0,0,,,
6/22/2009,4.70692,5.01190707,5.345,0.63808,1,0.05,3,0.235346,0.05,0,0,,,
6/23/2009,4.71717,4.957379278,5.345,0.62783,2,0.7,4,3.537365,0.75,0,0,,,
6/24/2009,4.72952,4.951198614,5.345,0.61548,3,0.25,5,4.719745,1,4.719745,0,,,
6/25/2009,4.55736,4.824639403,5.245,0.68764,4,0,1,0,0,0,0.625255,,,
6/26/2009,4.52963,4.774311465,5.245,0.71537,5,0,2,0,0,0,0,,,
6/29/2009,4.53823,4.789627618,5.245,0.70677,1,0.05,3,0.2269115,0.05,0,0,,,
6/30/2009,4.58369,4.844116355,5.245,0.66131,2,0.7,4,3.4354945,0.75,0,0,,,
7/1/2009,4.55199,4.836839041,5.245,0.69301,3,0.25,5,4.573492,1,4.573492,0,,,
7/2/2009,4.51238,4.743488304,5.125,0.61262,4,0,1,0,0,0,0.671508,,,
7/6/2009,4.51321,4.713879299,5.125,0.61179,1,0.05,2,0.2256605,0.05,0,0,,,
7/7/2009,4.47649,4.647616501,5.125,0.64851,2,0.7,3,3.3592035,0.75,0,0,,,
7/8/2009,4.32917,4.474580406,5.125,0.79583,3,0.25,4,4.441496,1,4.441496,0,,,
7/9/2009,4.43346,4.574877011,5.065,0.63154,4,0,1,0,0,0,0.683504,,,
7/10/2009,4.33427,4.488128294,5.065,0.73073,5,0,2,0,0,0,0,,,
7/13/2009,4.40426,4.562801449,5.065,0.66074,1,0.05,3,0.220213,0.05,0,0,,,
7/14/2009,4.47507,4.691874236,5.065,0.58993,2,0.7,4,3.352762,0.75,0,0,,,
7/15/2009,4.64541,4.891379283,5.065,0.41959,3,0.25,5,4.5141145,1,4.5141145,0,,,
7/16/2009,4.57215,4.818445599,5.125,0.55285,4,0,1,0,0,0,0.5508855,,,
7/17/2009,4.63048,4.927711182,5.125,0.49452,5,0,2,0,0,0,0,,,
7/20/2009,4.56841,4.845012336,5.125,0.55659,1,0.05,3,0.2284205,0.05,0,0,,,
7/21/2009,4.44506,4.721726056,5.125,0.67994,2,0.7,4,3.3399625,0.75,0,0,,,
7/22/2009,4.49585,4.750559222,5.125,0.62915,3,0.25,5,4.463925,1,4.463925,0,,,
7/23/2009,4.67137,4.9385266,5.175,0.50363,4,0,1,0,0,0,0.661075,,,
7/24/2009,4.60961,4.891296598,5.175,0.56539,5,0,2,0,0,0,0,,,
7/27/2009,4.63864,4.937092648,5.175,0.53636,1,0.05,3,0.231932,0.05,0,0,,,
7/28/2009,4.58806,4.89257877,5.175,0.58694,2,0.7,4,3.443574,0.75,0,0,,,
7/29/2009,4.54564,4.897371084,5.175,0.62936,3,0.25,5,4.579984,1,4.579984,0,,,
7/30/2009,4.54111,4.885020823,5.12,0.57889,4,0,1,0,0,0,0.595016,,,
7/31/2009,4.39662,4.76495449,5.12,0.72338,5,0,2,0,0,0,0,,,
8/3/2009,4.52002,4.96599331,5.12,0.59998,1,0.05,3,0.226001,0.05,0,0,,,
8/4/2009,4.57818,4.986817731,5.12,0.54182,2,0.7,4,3.430727,0.75,0,0,,,
8/5/2009,4.6917,5.101593517,5.12,0.4283,3,0.25,5,4.603652,1,4.603652,0,,,
8/6/2009,4.70882,5.089275174,5.215,0.50618,4,0,1,0,0,0,0.516348,,,
8/7/2009,4.80233,5.26194242,5.215,0.41267,5,0,2,0,0,0,0,,,
8/10/2009,4.69414,5.156868182,5.215,0.52086,1,0.05,3,0.234707,0.05,0,0,,,
8/11/2009,4.6274,5.046862123,5.215,0.5876,2,0.7,4,3.473887,0.75,0,0,,,
8/12/2009,4.63628,4.999387595,5.215,0.57872,3,0.25,5,4.632957,1,4.632957,0,,,
8/13/2009,4.52706,4.876358182,5.045,0.51794,4,0,1,0,0,0,0.582043,,,
8/14/2009,4.49058,4.833612244,5.045,0.55442,5,0,2,0,0,0,0,,,
8/17/2009,4.46616,4.771448442,5.045,0.57884,1,0.05,3,0.223308,0.05,0,0,,,
8/18/2009,4.50866,4.814257816,5.045,0.53634,2,0.7,4,3.37937,0.75,0,0,,,
8/19/2009,4.47725,4.771341387,5.045,0.56775,3,0.25,5,4.4986825,1,4.4986825,0,,,
8/20/2009,4.44681,4.735741138,5.065,0.61819,4,0,1,0,0,0,0.5463175,,,
8/21/2009,4.52183,4.869699322,5.065,0.54317,5,0,2,0,0,0,0,,,
8/24/2009,4.48969,4.798943734,5.065,0.57531,1,0.05,3,0.2244845,0.05,0,0,,,
8/25/2009,4.46678,4.723950883,5.065,0.59822,2,0.7,4,3.3512305,0.75,0,0,,,
8/26/2009,4.4625,4.712358726,5.065,0.6025,3,0.25,5,4.4668555,1,4.4668555,0,,,
8/27/2009,4.48932,4.691869075,5.005,0.51568,4,0,1,0,0,0,0.5981445,,,
8/28/2009,4.48402,4.678088959,5.005,0.52098,5,0,2,0,0,0,0,,,
8/31/2009,4.42184,4.613620073,5.005,0.58316,1,0.05,3,0.221092,0.05,0,0,,,
9/1/2009,4.4018,4.597877154,5.005,0.6032,2,0.7,4,3.302352,0.75,0,0,,,
9/2/2009,4.31469,4.521459157,5.005,0.69031,3,0.25,5,4.3810245,1,4.3810245,0,,,
9/3/2009,4.36197,4.537652763,4.995,0.63303,4,0,1,0,0,0,0.6239755,,,
9/4/2009,4.42369,4.619362413,4.995,0.57131,5,0,2,0,0,0,0,,,
9/8/2009,4.41471,4.6522074,4.995,0.58029,2,0.7,3,3.090297,0.7,0,0,,,
9/9/2009,4.39986,4.613200917,4.995,0.59514,3,0.25,4,4.190262,0.95,4.410802105,0,,,
9/10/2009,4.28497,4.517195211,4.965,0.68003,4,0,1,0,0,0,0.584197895,,,
9/11/2009,4.28939,4.522628696,4.965,0.67561,5,0,2,0,0,0,0,,,
9/14/2009,4.35672,4.60451602,4.965,0.60828,1,0.05,3,0.217836,0.05,0,0,,,
9/15/2009,4.39235,4.682765473,4.965,0.57265,2,0.7,4,3.292481,0.75,0,0,,,
9/16/2009,4.3875,4.724915283,4.965,0.5775,3,0.25,5,4.389356,1,4.389356,0,,,
9/17/2009,4.31061,4.631718746,4.94,0.62939,4,0,1,0,0,0,0.575644,,,
9/18/2009,4.38725,4.701156092,4.94,0.55275,5,0,2,0,0,0,0,,,
9/21/2009,4.41353,4.69465403,4.94,0.52647,1,0.05,3,0.2206765,0.05,0,0,,,
9/22/2009,4.3859,4.662990673,4.94,0.5541,2,0.7,4,3.2908065,0.75,0,0,,,
9/23/2009,4.3747,4.571804811,4.94,0.5653,3,0.25,5,4.3844815,1,4.3844815,0,,,
9/24/2009,4.30776,4.502005556,4.865,0.55724,4,0,1,0,0,0,0.5555185,,,
9/25/2009,4.26938,4.460712855,4.865,0.59562,5,0,2,0,0,0,0,,,
9/28/2009,4.21577,4.418521588,4.865,0.64923,1,0.05,3,0.2107885,0.05,0,0,,,
9/29/2009,4.20862,4.439638578,4.865,0.65638,2,0.7,4,3.1568225,0.75,0,0,,,
9/30/2009,4.22467,4.452545656,4.865,0.64033,3,0.25,5,4.21299,1,4.21299,0,,,
10/1/2009,4.10367,4.353301112,4.795,0.69133,4,0,1,0,0,0,0.65201,,,
10/2/2009,4.10628,4.365287709,4.795,0.68872,5,0,2,0,0,0,0,,,
10/5/2009,4.13197,4.387404738,4.795,0.66303,1,0.05,3,0.2065985,0.05,0,0,,,
10/6/2009,4.14112,4.408324327,4.795,0.65388,2,0.7,4,3.1053825,0.75,0,0,,,
10/7/2009,4.09165,4.327127123,4.795,0.70335,3,0.25,5,4.128295,1,4.128295,0,,,
10/8/2009,4.12155,4.36556185,4.845,0.72345,4,0,1,0,0,0,0.666705,,,
10/9/2009,4.25157,4.544589108,4.845,0.59343,5,0,2,0,0,0,0,,,
10/13/2009,4.21893,4.45409028,4.845,0.62607,2,0.7,3,2.953251,0.7,0,0,,,
10/14/2009,4.32297,4.572059778,4.845,0.52203,3,0.25,4,4.0339935,0.95,4.246308947,0,,,
10/15/2009,4.40039,4.637408637,4.925,0.52461,4,0,1,0,0,0,0.598691053,,,
10/16/2009,4.35815,4.593203711,4.925,0.56685,5,0,2,0,0,0,0,,,
10/19/2009,4.34231,4.564451571,4.925,0.58269,1,0.05,3,0.2171155,0.05,0,0,,,
10/20/2009,4.3051,4.490685144,4.925,0.6199,2,0.7,4,3.2306855,0.75,0,0,,,
10/21/2009,4.35191,4.581635069,4.925,0.57309,3,0.25,5,4.318663,1,4.318663,0,,,
10/22/2009,4.34888,4.588649977,4.955,0.60612,4,0,1,0,0,0,0.606337,,,
10/23/2009,4.38826,4.658938877,4.955,0.56674,5,0,2,0,0,0,0,,,
10/26/2009,4.45896,4.756770608,4.955,0.49604,1,0.05,3,0.222948,0.05,0,0,,,
10/27/2009,4.3817,4.649671729,4.955,0.5733,2,0.7,4,3.290138,0.75,0,0,,,
10/28/2009,4.29321,4.587063185,4.955,0.66179,3,0.25,5,4.3634405,1,4.3634405,0,,,
10/29/2009,4.35555,4.672189783,4.905,0.54945,4,0,1,0,0,0,0.5915595,,,
10/30/2009,4.28974,4.555012329,4.905,0.61526,5,0,2,0,0,0,0,,,
11/2/2009,4.34084,4.596033091,4.905,0.56416,1,0.05,3,0.217042,0.05,0,0,,,
11/3/2009,4.37341,4.629279224,4.905,0.53159,2,0.7,4,3.278429,0.75,0,0,,,
11/4/2009,4.39722,4.691582573,4.905,0.50778,3,0.25,5,4.377734,1,4.377734,0,,,
11/5/2009,4.34027,4.664028922,4.835,0.49473,4,0,1,0,0,0,0.527266,,,
11/6/2009,4.29318,4.595324366,4.835,0.54182,5,0,2,0,0,0,0,,,
11/9/2009,4.27718,4.547433095,4.835,0.55782,1,0.05,3,0.213859,0.05,0,0,,,
11/10/2009,4.25006,4.514701804,4.835,0.58494,2,0.7,4,3.188901,0.75,4.251868,0,,,
11/12/2009,4.20549,4.452740092,4.755,0.54951,4,0,1,0,0,0,0.583132,,,
11/13/2009,4.12598,4.470141079,4.755,0.62902,5,0,2,0,0,0,0,,,
11/16/2009,4.02764,4.354713867,4.755,0.72736,1,0.05,3,0.201382,0.05,0,0,,,
11/17/2009,4.08364,4.336590399,4.755,0.67136,2,0.7,4,3.05993,0.75,4.079906667,0,,,
11/18/2009,4.13219,4.371873736,4.705,0.57281,3,0.25,1,1.0330475,0.25,4.13219,0.675093333,,,
11/19/2009,4.14203,4.346099881,4.755,0.61297,4,0,1,0,0,#DIV/0!,0.57281,,,
11/20/2009,4.11407,4.364487572,4.705,0.59093,5,0,1,0,0,0,#DIV/0!,,,
11/23/2009,4.08914,4.380327513,4.705,0.61586,1,0.05,2,0.204457,0.05,0,0,,,
11/24/2009,4.00757,4.315176538,4.705,0.69743,2,0.7,3,3.009756,0.75,0,0,,,
11/25/2009,3.99745,4.285706277,4.705,0.70755,3,0.25,4,4.0091185,1,4.0091185,0,,,
11/27/2009,3.95395,4.254787842,4.635,0.68105,5,0,1,0,0,0,0.6958815,,,
11/30/2009,3.949,4.250145676,4.635,0.686,1,0.05,2,0.19745,0.05,0,0,,,
12/1/2009,4.04365,4.335197179,4.635,0.59135,2,0.7,3,3.028005,0.75,0,0,,,
12/2/2009,4.10651,4.389334144,4.635,0.52849,3,0.25,4,4.0546325,1,4.0546325,0,,,
12/3/2009,4.16943,4.472849693,4.735,0.56557,4,0,1,0,0,0,0.5803675,,,
12/4/2009,4.24431,4.606347292,4.735,0.49069,5,0,2,0,0,0,0,,,
12/7/2009,4.1946,4.540662828,4.735,0.5404,1,0.05,3,0.20973,0.05,0,0,,,
12/8/2009,4.15043,4.453406652,4.735,0.58457,2,0.7,4,3.115031,0.75,0,0,,,
12/9/2009,4.19167,4.474448648,4.735,0.54333,3,0.25,5,4.1629485,1,4.1629485,0,,,
12/10/2009,4.22515,4.531706127,4.865,0.63985,4,0,1,0,0,0,0.5720515,,,
12/11/2009,4.24709,4.600174152,4.865,0.61791,5,0,2,0,0,0,0,,,
12/14/2009,4.28317,4.627555981,4.865,0.58183,1,0.05,3,0.2141585,0.05,0,0,,,
12/15/2009,4.35407,4.71899076,4.865,0.51093,2,0.7,4,3.2620075,0.75,0,0,,,
12/16/2009,4.32492,4.693732782,4.865,0.54008,3,0.25,5,4.3432375,1,4.3432375,0,,,
12/17/2009,4.19822,4.60147138,4.975,0.77678,4,0,1,0,0,0,0.5217625,,,
12/18/2009,4.26291,4.644562251,4.975,0.71209,5,0,2,0,0,0,0,,,
12/21/2009,4.41004,4.821990053,4.975,0.56496,1,0.05,3,0.220502,0.05,0,0,,,
12/22/2009,4.4854,4.888445817,4.975,0.4896,2,0.7,4,3.360282,0.75,0,0,,,
12/23/2009,4.49594,4.852824932,4.975,0.47906,3,0.25,5,4.484267,1,4.484267,0,,,
12/24/2009,4.54667,4.89992746,5.065,0.51833,4,0,1,0,0,0,0.490733,,,
12/28/2009,4.59678,4.959697494,5.065,0.46822,1,0.05,2,0.229839,0.05,0,0,,,
12/29/2009,4.55623,4.91034297,5.065,0.50877,2,0.7,3,3.4192,0.75,0,0,,,
12/30/2009,4.52277,4.831342413,5.065,0.54223,3,0.25,4,4.5498925,1,4.5498925,0,,,
12/31/2009,4.55925,4.89313655,5.015,0.45575,4,0,1,0,0,0,0.5151075,,,
1/4/2010,4.53253,4.871368511,5.015,0.48247,1,0.05,2,0.2266265,0.05,0,0,,,
1/5/2010,4.43666,4.757816316,5.015,0.57834,2,0.7,3,3.3322885,0.75,0,0,,,
1/6/2010,4.47574,4.801370443,5.015,0.53926,3,0.25,4,4.4512235,1,4.4512235,0,,,
1/7/2010,4.50504,4.816749794,4.985,0.47996,4,0,1,0,0,0,0.5637765,,,
1/8/2010,4.49953,4.760314202,4.985,0.48547,5,0,2,0,0,0,0,,,
1/11/2010,4.48888,4.743077892,4.985,0.49612,1,0.05,3,0.224444,0.05,0,0,,,
1/12/2010,4.40876,4.658025623,4.985,0.57624,2,0.7,4,3.310576,0.75,0,0,,,
1/13/2010,4.45415,4.748155888,4.985,0.53085,3,0.25,5,4.4241135,1,4.4241135,0,,,
1/14/2010,4.42659,4.705968211,4.915,0.48841,4,0,1,0,0,0,0.5608865,,,
1/15/2010,4.36967,4.663374834,4.915,0.54533,5,0,2,0,0,0,0,,,
1/19/2010,4.40197,4.707457174,4.915,0.51303,2,0.7,3,3.081379,0.7,0,0,,,
1/20/2010,4.36779,4.656582776,4.915,0.54721,3,0.25,4,4.1733265,0.95,4.392975263,0,,,
1/21/2010,4.33517,4.60861379,4.88,0.54483,4,0,1,0,0,0,0.522024737,,,
1/22/2010,4.34531,4.61163948,4.88,0.53469,5,0,2,0,0,0,0,,,
1/25/2010,4.38081,4.635679178,4.88,0.49919,1,0.05,3,0.2190405,0.05,0,0,,,
1/26/2010,4.37082,4.609115327,4.88,0.50918,2,0.7,4,3.2786145,0.75,0,0,,,
1/27/2010,4.38713,4.624032345,4.88,0.49287,3,0.25,5,4.375397,1,4.375397,0,,,
1/28/2010,4.40354,4.625233628,4.935,0.53146,4,0,1,0,0,0,0.504603,,,
1/29/2010,4.36203,4.565671319,4.935,0.57297,5,0,2,0,0,0,0,,,
2/1/2010,4.38304,4.580818027,4.935,0.55196,1,0.05,3,0.219152,0.05,0,0,,,
2/2/2010,4.36193,4.546901742,4.935,0.57307,2,0.7,4,3.272503,0.75,0,0,,,
2/3/2010,4.39478,4.603778046,4.935,0.54022,3,0.25,5,4.371198,1,4.371198,0,,,
2/4/2010,4.32385,4.510167308,4.895,0.57115,4,0,1,0,0,0,0.563802,,,
2/5/2010,4.2766,4.439901199,4.895,0.6184,5,0,2,0,0,0,0,,,
2/8/2010,4.33204,4.483153556,4.895,0.56296,1,0.05,3,0.216602,0.05,0,0,,,
2/9/2010,4.36532,4.546703234,4.895,0.52968,2,0.7,4,3.272326,0.75,0,0,,,
2/10/2010,4.40636,4.606238484,4.895,0.48864,3,0.25,5,4.373916,1,4.373916,0,,,
2/11/2010,4.39879,4.602304428,4.855,0.45621,4,0,1,0,0,0,0.521084,,,
2/12/2010,4.34606,4.534656662,4.855,0.50894,5,0,2,0,0,0,0,,,
2/16/2010,4.32327,4.499061389,4.855,0.53173,2,0.7,3,3.026289,0.7,0,0,,,
2/17/2010,4.3914,4.558350684,4.855,0.4636,3,0.25,4,4.124139,0.95,4.341198947,0,,,
2/18/2010,4.46816,4.596891768,4.975,0.50684,4,0,1,0,0,0,0.513801053,,,
2/19/2010,4.48631,4.594358421,4.975,0.48869,5,0,2,0,0,0,0,,,
2/22/2010,4.46245,4.565083791,4.975,0.51255,1,0.05,3,0.2231225,0.05,0,0,,,
2/23/2010,4.39144,4.4748323,4.975,0.58356,2,0.7,4,3.2971305,0.75,0,0,,,
2/24/2010,4.39585,4.469679702,4.975,0.57915,3,0.25,5,4.396093,1,4.396093,0,,,
2/25/2010,4.35418,4.416005682,4.895,0.54082,4,0,1,0,0,0,0.578907,,,
2/26/2010,4.29075,4.383528295,4.895,0.60425,5,0,2,0,0,0,0,,,
3/1/2010,4.32837,4.394231981,4.895,0.56663,1,0.05,3,0.2164185,0.05,0,0,,,
3/2/2010,4.33437,4.381771025,4.895,0.56063,2,0.7,4,3.2504775,0.75,0,0,,,
3/3/2010,4.30757,4.379094957,4.895,0.58743,3,0.25,5,4.32737,1,4.32737,0,,,
3/4/2010,4.28354,4.339152024,4.875,0.59146,4,0,1,0,0,0,0.56763,,,
3/5/2010,4.32644,4.40563414,4.875,0.54856,5,0,2,0,0,0,0,,,
3/8/2010,4.3426,4.424626271,4.875,0.5324,1,0.05,3,0.21713,0.05,0,0,,,
3/9/2010,4.30864,4.392978718,4.875,0.56636,2,0.7,4,3.233178,0.75,0,0,,,
3/10/2010,4.31726,4.395358384,4.875,0.55774,3,0.25,5,4.312493,1,4.312493,0,,,
3/11/2010,4.32585,4.409398733,4.885,0.55915,4,0,1,0,0,0,0.562507,,,
3/12/2010,4.34343,4.402928649,4.885,0.54157,5,0,2,0,0,0,0,,,
3/15/2010,4.33894,4.383422947,4.885,0.54606,1,0.05,3,0.216947,0.05,0,0,,,
3/16/2010,4.31666,4.320906586,4.885,0.56834,2,0.7,4,3.238609,0.75,0,0,,,
3/17/2010,4.29599,4.295148131,4.885,0.58901,3,0.25,5,4.3126065,1,4.3126065,0,,,
3/18/2010,4.33242,4.335372769,4.89,0.55758,4,0,1,0,0,0,0.5723935,,,
3/19/2010,4.35592,4.375593594,4.89,0.53408,5,0,2,0,0,0,0,,,
3/22/2010,4.32647,4.34129875,4.89,0.56353,1,0.05,3,0.2163235,0.05,0,0,,,
3/23/2010,4.32888,4.331063207,4.89,0.56112,2,0.7,4,3.2465395,0.75,0,0,,,
3/24/2010,4.44807,4.432521423,4.89,0.44193,3,0.25,5,4.358557,1,4.358557,0,,,
3/25/2010,4.51081,4.47039233,5.005,0.49419,4,0,1,0,0,0,0.531443,,,
3/26/2010,4.45679,4.413553173,5.005,0.54821,5,0,2,0,0,0,0,,,
3/29/2010,4.45928,4.440549023,5.005,0.54572,1,0.05,3,0.222964,0.05,0,0,,,
3/30/2010,4.48989,4.423241171,5.005,0.51511,2,0.7,4,3.365887,0.75,0,0,,,
3/31/2010,4.50331,4.395162885,5.005,0.50169,3,0.25,5,4.4917145,1,4.4917145,0,,,
4/1/2010,4.55501,4.454846851,5.11,0.55499,4,0,1,0,0,0,0.5132855,,,
4/5/2010,4.67493,4.604449116,5.11,0.43507,1,0.05,2,0.2337465,0.05,0,0,,,
4/6/2010,4.63966,4.524856391,5.11,0.47034,2,0.7,3,3.4815085,0.75,0,0,,,
4/7/2010,4.53391,4.437084546,5.11,0.57609,3,0.25,4,4.614986,1,4.614986,0,,,
4/8/2010,4.55471,4.479849913,4.97,0.41529,4,0,1,0,0,0,0.495014,,,
4/9/2010,4.5415,4.475775112,4.97,0.4285,5,0,2,0,0,0,0,,,
4/12/2010,4.46068,4.431119847,4.97,0.50932,1,0.05,3,0.223034,0.05,0,0,,,
4/13/2010,4.43649,4.395677796,4.97,0.53351,2,0.7,4,3.328577,0.75,0,0,,,
4/14/2010,4.48641,4.422505929,4.97,0.48359,3,0.25,5,4.4501795,1,4.4501795,0,,,
4/15/2010,4.47895,4.400949154,4.995,0.51605,4,0,1,0,0,0,0.5198205,,,
4/16/2010,4.42115,4.317703725,4.995,0.57385,5,0,2,0,0,0,0,,,
4/19/2010,4.46477,4.368719371,4.995,0.53023,1,0.05,3,0.2232385,0.05,0,0,,,
4/20/2010,4.47168,4.387977731,4.995,0.52332,2,0.7,4,3.3534145,0.75,0,0,,,
4/21/2010,4.4287,4.361901592,4.995,0.5663,3,0.25,5,4.4605895,1,4.4605895,0,,,
4/22/2010,4.47368,4.41312538,4.985,0.51132,4,0,1,0,0,0,0.5344105,,,
4/23/2010,4.49658,4.475491786,4.985,0.48842,5,0,2,0,0,0,0,,,
4/26/2010,4.48697,4.489223427,4.985,0.49803,1,0.05,3,0.2243485,0.05,0,0,,,
4/27/2010,4.40982,4.440833272,4.985,0.57518,2,0.7,4,3.3112225,0.75,0,0,,,
4/28/2010,4.46529,4.475489219,4.985,0.51971,3,0.25,5,4.427545,1,4.427545,0,,,
4/29/2010,4.42317,4.398899684,4.925,0.50183,4,0,1,0,0,0,0.557455,,,
4/30/2010,4.3907,4.421021665,4.925,0.5343,5,0,2,0,0,0,0,,,
5/3/2010,4.43302,4.485810521,4.925,0.49198,1,0.05,3,0.221651,0.05,0,0,,,
5/4/2010,4.38044,4.499746806,4.925,0.54456,2,0.7,4,3.287959,0.75,0,0,,,
5/5/2010,4.33516,4.481039785,4.925,0.58984,3,0.25,5,4.371749,1,4.371749,0,,,
5/6/2010,4.22256,4.462457327,4.855,0.63244,4,0,1,0,0,0,0.553251,,,
5/7/2010,4.25838,4.384906779,4.855,0.59662,5,0,2,0,0,0,0,,,
5/10/2010,4.31165,4.42433119,4.855,0.54335,1,0.05,3,0.2155825,0.05,0,0,,,
5/11/2010,4.28638,4.392642768,4.855,0.56862,2,0.7,4,3.2160485,0.75,0,0,,,
5/12/2010,4.29267,4.388889975,4.855,0.56233,3,0.25,5,4.289216,1,4.289216,0,,,
5/13/2010,4.28249,4.368737505,4.765,0.48251,4,0,1,0,0,0,0.565784,,,
5/14/2010,4.19185,4.335398682,4.765,0.57315,5,0,2,0,0,0,0,,,
5/17/2010,4.19016,4.34810418,4.765,0.57484,1,0.05,3,0.209508,0.05,0,0,,,
5/18/2010,4.1366,4.306018929,4.765,0.6284,2,0.7,4,3.105128,0.75,0,0,,,
5/19/2010,4.12777,4.304602246,4.765,0.63723,3,0.25,5,4.1370705,1,4.1370705,0,,,
5/20/2010,4.0603,4.251870419,4.705,0.6447,4,0,1,0,0,0,0.6279295,,,
5/21/2010,4.04344,4.170646065,4.705,0.66156,5,0,2,0,0,0,0,,,
5/24/2010,4.11355,4.192257726,4.705,0.59145,1,0.05,3,0.2056775,0.05,0,0,,,
5/25/2010,4.05822,4.183879034,4.705,0.64678,2,0.7,4,3.0464315,0.75,0,0,,,
5/26/2010,4.08488,4.202878916,4.705,0.62012,3,0.25,5,4.0676515,1,4.0676515,0,,,
5/27/2010,4.18162,4.275892347,4.74,0.55838,4,0,1,0,0,0,0.6373485,,,
5/28/2010,4.15474,4.231266111,4.74,0.58526,5,0,2,0,0,0,0,,,
6/1/2010,4.15107,4.245489531,4.74,0.58893,2,0.7,3,2.905749,0.7,0,0,,,
6/2/2010,4.17668,4.260012964,4.74,0.56332,3,0.25,4,3.949919,0.95,4.157809474,0,,,
6/3/2010,4.18758,4.284582707,4.645,0.45742,4,0,1,0,0,0,0.582190526,,,
6/4/2010,4.0385,4.172186703,4.645,0.6065,5,0,2,0,0,0,0,,,
6/7/2010,4.03222,4.166552483,4.645,0.61278,1,0.05,3,0.201611,0.05,0,0,,,
6/8/2010,3.99958,4.171677761,4.645,0.64542,2,0.7,4,3.001317,0.75,0,0,,,
6/9/2010,3.99425,4.140164093,4.645,0.65075,3,0.25,5,3.9998795,1,3.9998795,0,,,
6/10/2010,4.10653,4.220951644,4.675,0.56847,4,0,1,0,0,0,0.6451205,,,
6/11/2010,4.02205,4.142129488,4.675,0.65295,5,0,2,0,0,0,0,,,
6/14/2010,4.03885,4.16512262,4.675,0.63615,1,0.05,3,0.2019425,0.05,0,0,,,
6/15/2010,4.07554,4.172937027,4.675,0.59946,2,0.7,4,3.0548205,0.75,0,0,,,
6/16/2010,4.05488,4.136161502,4.675,0.62012,3,0.25,5,4.0685405,1,4.0685405,0,,,
6/17/2010,3.96819,4.056113336,4.615,0.64681,4,0,1,0,0,0,0.6064595,,,
6/18/2010,3.97044,4.072480708,4.615,0.64456,5,0,2,0,0,0,0,,,
6/21/2010,3.95504,4.055949025,4.615,0.65996,1,0.05,3,0.197752,0.05,0,0,,,
6/22/2010,3.87492,4.018089463,4.615,0.74008,2,0.7,4,2.910196,0.75,0,0,,,
6/23/2010,3.83092,3.963060164,4.615,0.78408,3,0.25,5,3.867926,1,3.867926,0,,,
6/24/2010,3.90814,3.98592731,4.505,0.59686,4,0,1,0,0,0,0.747074,,,
6/25/2010,3.86458,3.953189102,4.505,0.64042,5,0,2,0,0,0,0,,,
6/28/2010,3.76157,3.850735444,4.505,0.74343,1,0.05,3,0.1880785,0.05,0,0,,,
6/29/2010,3.72533,3.796179366,4.505,0.77967,2,0.7,4,2.7958095,0.75,0,0,,,
6/30/2010,3.72459,3.785730628,4.505,0.78041,3,0.25,5,3.726957,1,3.726957,0,,,
7/1/2010,3.69379,3.769086633,4.495,0.80121,4,0,1,0,0,0,0.778043,,,
7/2/2010,3.71696,3.785107368,4.495,0.77804,5,0,2,0,0,0,0,,,
7/6/2010,3.63513,3.730317211,4.495,0.85987,2,0.7,3,2.544591,0.7,0,0,,,
7/7/2010,3.69837,3.726539614,4.495,0.79663,3,0.25,4,3.4691835,0.95,0,0,,,
7/8/2010,3.71168,3.754507413,4.495,0.78332,4,0,5,3.4691835,0.95,0,0,,,
7/9/2010,3.71575,3.783442458,4.495,0.77925,5,0,6,0,0,0,0,,,
7/12/2010,3.71395,3.774725835,4.495,0.78105,1,0.05,7,0.1856975,0.05,0,0,,,
7/13/2010,3.75306,3.81030538,4.495,0.74194,2,0.7,8,2.627142,0.7,0,0,,,
7/14/2010,3.70043,3.750143112,4.495,0.79457,3,0.25,9,0.9251075,0.25,3.70043,0,,,
7/15/2010,3.61225,3.674312093,4.485,0.87275,4,0,1,0,0,0,0.79457,,,
7/16/2010,3.59773,3.626691484,4.485,0.88727,5,0,2,0,0,0,0,,,
7/19/2010,3.65741,3.648319178,4.485,0.82759,1,0.05,3,0.1828705,0.05,0,0,,,
7/20/2010,3.63593,3.610458967,4.485,0.84907,2,0.7,4,2.7280215,0.75,0,0,,,
7/21/2010,3.56787,3.573702063,4.485,0.91713,3,0.25,5,3.619989,1,3.619989,0,,,
7/22/2010,3.57445,3.587000512,4.465,0.89055,4,0,1,0,0,0,0.865011,,,
7/23/2010,3.61862,3.625280544,4.465,0.84638,5,0,2,0,0,0,0,,,
7/26/2010,3.6203,3.611218027,4.465,0.8447,1,0.05,3,0.181015,0.05,0,0,,,
7/27/2010,3.62,3.65311623,4.465,0.845,2,0.7,4,2.715015,0.75,0,0,,,
7/28/2010,3.57124,3.576100033,4.465,0.89376,3,0.25,5,3.607825,1,3.607825,0,,,
7/29/2010,3.55631,3.569039744,4.415,0.85869,4,0,1,0,0,0,0.857175,,,
7/30/2010,3.48603,3.503904021,4.415,0.92897,5,0,2,0,0,0,0,,,
8/2/2010,3.5727,3.54123863,4.415,0.8423,1,0.05,3,0.178635,0.05,0,0,,,
8/3/2010,3.52286,3.496701639,4.415,0.89214,2,0.7,4,2.644637,0.75,0,0,,,
8/4/2010,3.5817,3.530246442,4.415,0.8333,3,0.25,5,3.540062,1,3.540062,0,,,
8/5/2010,3.55337,3.490779127,4.365,0.81163,4,0,1,0,0,0,0.874938,,,
8/6/2010,3.48719,3.42208035,4.365,0.87781,5,0,2,0,0,0,0,,,
8/9/2010,3.48853,3.405966806,4.365,0.87647,1,0.05,3,0.1744265,0.05,0,0,,,
8/10/2010,3.44746,3.334960811,4.365,0.91754,2,0.7,4,2.5876485,0.75,0,0,,,
8/11/2010,3.34099,3.239852383,4.365,1.02401,3,0.25,5,3.422896,1,3.422896,0,,,
8/12/2010,3.44748,3.291848889,4.345,0.89752,4,0,1,0,0,0,0.942104,,,
8/13/2010,3.37661,3.275953871,4.345,0.96839,5,0,2,0,0,0,0,,,
8/16/2010,3.30867,3.233093557,4.345,1.03633,1,0.05,3,0.1654335,0.05,0,0,,,
8/17/2010,3.40141,3.246403302,4.345,0.94359,2,0.7,4,2.5464205,0.75,0,0,,,
8/18/2010,3.44987,3.235009129,4.345,0.89513,3,0.25,5,3.408888,1,3.408888,0,,,
8/19/2010,3.30888,3.186930397,4.285,0.97612,4,0,1,0,0,0,0.936112,,,
8/20/2010,3.42281,3.216288945,4.285,0.86219,5,0,2,0,0,0,0,,,
8/23/2010,3.42399,3.207544851,4.285,0.86101,1,0.05,3,0.1711995,0.05,0,0,,,
8/24/2010,3.3561,3.12842976,4.285,0.9289,2,0.7,4,2.5204695,0.75,0,0,,,
8/25/2010,3.36868,3.166193829,4.285,0.91632,3,0.25,5,3.3626395,1,3.3626395,0,,,
8/26/2010,3.30296,3.147862193,4.245,0.94204,4,0,1,0,0,0,0.9223605,,,
8/27/2010,3.47055,3.26106079,4.245,0.77445,5,0,2,0,0,0,0,,,
8/30/2010,3.33669,3.189385709,4.245,0.90831,1,0.05,3,0.1668345,0.05,0,0,,,
8/31/2010,3.19108,3.136298493,4.245,1.05392,2,0.7,4,2.4005905,0.75,0,0,,,
9/1/2010,3.30826,3.243642808,4.245,0.93674,3,0.25,5,3.2276555,1,3.2276555,0,,,
9/2/2010,3.37636,3.260119571,4.275,0.89864,4,0,1,0,0,0,1.0173445,,,
9/3/2010,3.48233,3.278582918,4.275,0.79267,5,0,2,0,0,#DIV/0!,0,,,
9/9/2010,3.27423,3.390533312,4.295,1.02077,4,0,1,0,0,0,#DIV/0!,,,
9/10/2010,3.58242,3.440989835,4.295,0.71258,5,0,2,0,0,0,0,,,
9/13/2010,3.48266,3.387808104,4.295,0.81234,1,0.05,3,0.174133,0.05,0,0,,,
9/14/2010,3.42404,3.31285747,4.295,0.87096,2,0.7,4,2.570961,0.75,0,0,,,
9/15/2010,3.49999,3.379992535,4.295,0.79501,3,0.25,5,3.4459585,1,0,0,,,
9/16/2010,3.54526,3.43725751,4.295,0.74974,4,0,6,0,0,0,0,,,
9/17/2010,3.58122,3.429819263,4.295,0.71378,5,0,7,0,0,0,0,,,
9/20/2010,3.50729,3.417677531,4.295,0.78771,1,0.05,8,0.1753645,0.05,0,0,,,
9/21/2010,3.38169,3.312267149,4.295,0.91331,2,0.7,9,2.367183,0.7,0,0,,,
9/22/2010,3.34862,3.284414795,4.295,0.94638,3,0.25,10,0.837155,0.25,3.34862,0,,,
9/23/2010,3.38126,3.304942148,4.27,0.88874,4,0,1,0,0,0,0.94638,,,
9/24/2010,3.44779,3.356797518,4.27,0.82221,5,0,2,0,0,0,0,,,
9/27/2010,3.35455,3.301595465,4.27,0.91545,1,0.05,3,0.1677275,0.05,0,0,,,
9/28/2010,3.31266,3.251413057,4.27,0.95734,2,0.7,4,2.4865895,0.75,0,0,,,
9/29/2010,3.37806,3.3139679,4.27,0.89194,3,0.25,5,3.3311045,1,3.3311045,0,,,
9/30/2010,3.38375,3.311618103,4.22,0.83625,4,0,1,0,0,0,0.9388955,,,
10/1/2010,3.38871,3.312795499,4.22,0.83129,5,0,2,0,0,0,0,,,
10/4/2010,3.33557,3.283689402,4.22,0.88443,1,0.05,3,0.1667785,0.05,0,0,,,
10/5/2010,3.33659,3.284917921,4.22,0.88341,2,0.7,4,2.5023915,0.75,0,0,,,
10/6/2010,3.26279,3.192486765,4.22,0.95721,3,0.25,5,3.318089,1,3.318089,0,,,
10/7/2010,3.22365,3.16744853,4.14,0.91635,4,0,1,0,0,0,0.901911,,,
10/8/2010,3.23046,3.117285171,4.14,0.90954,5,0,2,0,0,0,0,,,
10/12/2010,3.28568,3.124837019,4.14,0.85432,2,0.7,3,2.299976,0.7,0,0,,,
10/13/2010,3.26187,3.095978901,4.14,0.87813,3,0.25,4,3.1154435,0.95,3.279414211,0,,,
10/14/2010,3.28492,3.173475961,4.16,0.87508,4,0,1,0,0,0,0.860585789,,,
10/15/2010,3.37537,3.207513551,4.16,0.78463,5,0,2,0,0,0,0,,,
10/18/2010,3.29994,3.141176151,4.16,0.86006,1,0.05,3,0.164997,0.05,0,0,,,
10/19/2010,3.26986,3.11288164,4.16,0.89014,2,0.7,4,2.453899,0.75,0,0,,,
10/20/2010,3.25515,3.09484612,4.16,0.90485,3,0.25,5,3.2676865,1,3.2676865,0,,,
10/21/2010,3.29243,3.167326124,4.18,0.88757,4,0,1,0,0,0,0.8923135,,,
10/22/2010,3.31808,3.222606558,4.18,0.86192,5,0,2,0,0,0,0,,,
10/25/2010,3.37385,3.210280198,4.18,0.80615,1,0.05,3,0.1686925,0.05,0,0,,,
10/26/2010,3.44702,3.297246617,4.18,0.73298,2,0.7,4,2.5816065,0.75,0,0,,,
10/27/2010,3.49728,3.363718236,4.18,0.68272,3,0.25,5,3.4559265,1,3.4559265,0,,,
10/28/2010,3.43496,3.313646825,4.19,0.75504,4,0,1,0,0,0,0.7240735,,,
10/29/2010,3.39784,3.276398556,4.19,0.79216,5,0,2,0,0,0,0,,,
11/1/2010,3.44378,3.306702598,4.19,0.74622,1,0.05,3,0.172189,0.05,0,0,,,
11/2/2010,3.39423,3.300904592,4.19,0.79577,2,0.7,4,2.54815,0.75,0,0,,,
11/3/2010,3.37888,3.29278177,4.19,0.81112,3,0.25,5,3.39287,1,3.39287,0,,,
11/4/2010,3.29328,3.209632751,4.12,0.82672,4,0,1,0,0,0,0.79713,,,
11/5/2010,3.36448,3.262794261,4.12,0.75552,5,0,2,0,0,0,0,,,
11/8/2010,3.40193,3.305210145,4.12,0.71807,1,0.05,3,0.1700965,0.05,0,0,,,
11/9/2010,3.50051,3.43375069,4.12,0.61949,2,0.7,4,2.6204535,0.75,0,0,,,
11/10/2010,3.48752,3.426850742,4.12,0.63248,3,0.25,5,3.4923335,1,3.4923335,0,,,
11/12/2010,3.60847,3.520786254,4.365,0.75653,5,0,1,0,0,0,0.6276665,,,
11/15/2010,3.73584,3.670303151,4.365,0.62916,1,0.05,2,0.186792,0.05,0,0,,,
11/16/2010,3.72168,3.630976162,4.365,0.64332,2,0.7,3,2.791968,0.75,3.722624,0,,,
11/17/2010,3.71929,3.63805133,4.35,0.63071,3,0.25,1,0.9298225,0.25,3.71929,0.642376,,,
11/18/2010,3.75041,3.684962378,4.365,0.61459,4,0,1,0,0,#DIV/0!,0.63071,,,
11/19/2010,3.7657,3.669690602,4.35,0.5843,5,0,1,0,0,0,#DIV/0!,,,
11/22/2010,3.72761,3.599436854,4.35,0.62239,1,0.05,2,0.1863805,0.05,0,0,,,
11/23/2010,3.70185,3.552299757,4.35,0.64815,2,0.7,3,2.7776755,0.75,0,0,,,
11/24/2010,3.85371,3.716550669,4.35,0.49629,3,0.25,4,3.741103,1,3.741103,0,,,
11/26/2010,3.82273,3.698981038,4.41,0.58727,5,0,1,0,0,0,0.608897,,,
11/29/2010,3.77045,3.670329731,4.41,0.63955,1,0.05,2,0.1885225,0.05,0,0,,,
11/30/2010,3.77972,3.672560177,4.41,0.63028,2,0.7,3,2.8343265,0.75,0,0,,,
12/1/2010,3.93437,3.829527206,4.41,0.47563,3,0.25,4,3.817919,1,3.817919,0,,,
12/2/2010,3.9594,3.867583909,4.535,0.5756,4,0,1,0,0,0,0.592081,,,
12/3/2010,3.94457,3.842007706,4.535,0.59043,5,0,2,0,0,0,0,,,
12/6/2010,3.85103,3.785276001,4.535,0.68397,1,0.05,3,0.1925515,0.05,0,0,,,
12/7/2010,4.05507,4.026381611,4.535,0.47993,2,0.7,4,3.0311005,0.75,0,0,,,
12/8/2010,4.10539,4.082476197,4.535,0.42961,3,0.25,5,4.057448,1,4.057448,0,,,
12/9/2010,4.05607,4.030780996,4.755,0.69893,4,0,1,0,0,0,0.477552,,,
12/10/2010,4.12836,4.127233374,4.755,0.62664,5,0,2,0,0,0,0,,,
12/13/2010,4.10897,4.09593205,4.755,0.64603,1,0.05,3,0.2054485,0.05,0,0,,,
12/14/2010,4.28748,4.261889099,4.755,0.46752,2,0.7,4,3.2066845,0.75,0,0,,,
12/15/2010,4.38412,4.375506321,4.755,0.37088,3,0.25,5,4.3027145,1,4.3027145,0,,,
12/16/2010,4.35639,4.31735933,4.735,0.37861,4,0,1,0,0,0,0.4522855,,,
12/17/2010,4.16702,4.133692463,4.735,0.56798,5,0,2,0,0,0,0,,,
12/20/2010,4.21062,4.128016941,4.735,0.52438,1,0.05,3,0.210531,0.05,0,0,,,
12/21/2010,4.17478,4.089525673,4.735,0.56022,2,0.7,4,3.132877,0.75,0,0,,,
12/22/2010,4.1785,4.115037725,4.735,0.5565,3,0.25,5,4.177502,1,4.177502,0,,,
12/23/2010,4.22651,4.177434549,4.81,0.58349,4,0,1,0,0,0,0.557498,,,
12/27/2010,4.21284,4.14290385,4.81,0.59716,1,0.05,2,0.210642,0.05,0,0,,,
12/28/2010,4.32678,4.261813855,4.81,0.48322,2,0.7,3,3.239388,0.75,0,0,,,
12/29/2010,4.1712,4.131509668,4.81,0.6388,3,0.25,4,4.282188,1,4.282188,0,,,
12/30/2010,4.18878,4.161012372,4.72,0.53122,4,0,1,0,0,0,0.527812,,,
12/31/2010,4.10577,4.099880506,4.72,0.61423,5,0,2,0,0,0,0,,,
1/3/2011,4.11937,4.108708282,4.72,0.60063,1,0.05,3,0.2059685,0.05,0,0,,,
1/4/2011,4.1123,4.077861548,4.72,0.6077,2,0.7,4,3.0845785,0.75,0,0,,,
1/5/2011,4.24694,4.245375858,4.72,0.47306,3,0.25,5,4.1463135,1,4.1463135,0,,,
1/6/2011,4.20008,4.187835255,4.66,0.45992,4,0,1,0,0,0,0.5736865,,,
1/7/2011,4.10211,4.075126181,4.66,0.55789,5,0,2,0,0,0,0,,,
1/10/2011,4.0763,4.05090451,4.66,0.5837,1,0.05,3,0.203815,0.05,0,0,,,
1/11/2011,4.13046,4.080645989,4.66,0.52954,2,0.7,4,3.095137,0.75,0,0,,,
1/12/2011,4.12755,4.080903216,4.66,0.53245,3,0.25,5,4.1270245,1,4.1270245,0,,,
1/13/2011,4.07277,4.048862975,4.69,0.61723,4,0,1,0,0,0,0.5329755,,,
1/14/2011,4.08585,4.090172249,4.69,0.60415,5,0,2,0,0,0,0,,,
1/18/2011,4.14124,4.124045477,4.69,0.54876,2,0.7,3,2.898868,0.7,0,0,,,
1/19/2011,4.11512,4.099664157,4.69,0.57488,3,0.25,4,3.927648,0.95,4.134366316,0,,,
1/20/2011,4.21623,4.191326151,4.725,0.50877,4,0,1,0,0,0,0.555633684,,,
1/21/2011,4.18211,4.160890947,4.725,0.54289,5,0,2,0,0,0,0,,,
1/24/2011,4.19564,4.158655888,4.725,0.52936,1,0.05,3,0.209782,0.05,0,0,,,
1/25/2011,4.1485,4.087057923,4.725,0.5765,2,0.7,4,3.113732,0.75,0,0,,,
1/26/2011,4.23018,4.179864436,4.725,0.49482,3,0.25,5,4.171277,1,4.171277,0,,,
1/27/2011,4.17877,4.125144322,4.76,0.58123,4,0,1,0,0,0,0.553723,,,
1/28/2011,4.14864,4.099226929,4.76,0.61136,5,0,2,0,0,0,0,,,
1/31/2011,4.17347,4.161008921,4.76,0.58653,1,0.05,3,0.2086735,0.05,0,0,,,
2/1/2011,4.23302,4.226200737,4.76,0.52698,2,0.7,4,3.1717875,0.75,0,0,,,
2/2/2011,4.2837,4.279090263,4.76,0.4763,3,0.25,5,4.2427125,1,4.2427125,0,,,
2/3/2011,4.32675,4.323469972,4.975,0.64825,4,0,1,0,0,0,0.5172875,,,
2/4/2011,4.39469,4.416868734,4.975,0.58031,5,0,2,0,0,0,0,,,
2/7/2011,4.41202,4.421891166,4.975,0.56298,1,0.05,3,0.220601,0.05,0,0,,,
2/8/2011,4.48713,4.488728981,4.975,0.48787,2,0.7,4,3.361592,0.75,0,0,,,
2/9/2011,4.45294,4.401853475,4.975,0.52206,3,0.25,5,4.474827,1,4.474827,0,,,
2/10/2011,4.50125,4.445314252,4.925,0.42375,4,0,1,0,0,0,0.500173,,,
2/11/2011,4.43431,4.372357593,4.925,0.49069,5,0,2,0,0,0,0,,,
2/14/2011,4.39315,4.337393688,4.925,0.53185,1,0.05,3,0.2196575,0.05,0,0,,,
2/15/2011,4.38511,4.322660428,4.925,0.53989,2,0.7,4,3.2892345,0.75,0,0,,,
2/16/2011,4.39896,4.346044619,4.925,0.52604,3,0.25,5,4.3889745,1,4.3889745,0,,,
2/17/2011,4.35044,4.292154934,4.85,0.49956,4,0,1,0,0,0,0.5360255,,,
2/18/2011,4.36639,4.3097478,4.85,0.48361,5,0,2,0,0,0,0,,,
2/22/2011,4.29998,4.233842127,4.85,0.55002,2,0.7,3,3.009986,0.7,0,0,,,
2/23/2011,4.30686,4.25712932,4.85,0.54314,3,0.25,4,4.086701,0.95,4.301790526,0,,,
2/24/2011,4.26362,4.221514011,4.795,0.53138,4,0,1,0,0,0,0.548209474,,,
2/25/2011,4.24967,4.182468844,4.795,0.54533,5,0,2,0,0,0,0,,,
2/28/2011,4.23083,4.164298425,4.795,0.56417,1,0.05,3,0.2115415,0.05,0,0,,,
3/1/2011,4.23669,4.157705063,4.795,0.55831,2,0.7,4,3.1772245,0.75,0,0,,,
3/2/2011,4.27915,4.207089597,4.795,0.51585,3,0.25,5,4.247012,1,4.247012,0,,,
3/3/2011,4.3559,4.319107354,4.805,0.4491,4,0,1,0,0,0,0.547988,,,
3/4/2011,4.26582,4.215786153,4.805,0.53918,5,0,2,0,0,0,0,,,
3/7/2011,4.27573,4.218202502,4.805,0.52927,1,0.05,3,0.2137865,0.05,0,0,,,
3/8/2011,4.31211,4.267343774,4.805,0.49289,2,0.7,4,3.2322635,0.75,0,0,,,
3/9/2011,4.24844,4.194728462,4.805,0.55656,3,0.25,5,4.2943735,1,4.2943735,0,,,
3/10/2011,4.19841,4.137613087,4.685,0.48659,4,0,1,0,0,0,0.5106265,,,
3/11/2011,4.21399,4.132846118,4.685,0.47101,5,0,2,0,0,0,0,,,
3/14/2011,4.17953,4.100670581,4.685,0.50547,1,0.05,3,0.2089765,0.05,0,0,,,
3/15/2011,4.17297,4.105037981,4.685,0.51203,2,0.7,4,3.1300555,0.75,0,0,,,
3/16/2011,4.08162,4.033856713,4.685,0.60338,3,0.25,5,4.1504605,1,4.1504605,0,,,
3/17/2011,4.10724,4.051965857,4.735,0.62776,4,0,1,0,0,0,0.5345395,,,
3/18/2011,4.11118,4.052401065,4.735,0.62382,5,0,2,0,0,0,0,,,
3/21/2011,4.16338,4.095581214,4.735,0.57162,1,0.05,3,0.208169,0.05,0,0,,,
3/22/2011,4.18936,4.099376842,4.735,0.54564,2,0.7,4,3.140721,0.75,0,0,,,
3/23/2011,4.20927,4.112859996,4.735,0.52573,3,0.25,5,4.1930385,1,4.1930385,0,,,
3/24/2011,4.22854,4.14849693,4.785,0.55646,4,0,1,0,0,0,0.5419615,,,
3/25/2011,4.26079,4.203856781,4.785,0.52421,5,0,2,0,0,0,0,,,
3/28/2011,4.2631,4.220709754,4.785,0.5219,1,0.05,3,0.213155,0.05,0,0,,,
3/29/2011,4.30316,4.256558396,4.785,0.48184,2,0.7,4,3.225367,0.75,0,0,,,
3/30/2011,4.26883,4.218214069,4.785,0.51617,3,0.25,5,4.2925745,1,4.2925745,0,,,
3/31/2011,4.26321,4.219169644,4.795,0.53179,4,0,1,0,0,0,0.4924255,,,
4/1/2011,4.27252,4.197798211,4.795,0.52248,5,0,2,0,0,0,0,,,
4/4/2011,4.27071,4.174698909,4.795,0.52429,1,0.05,3,0.2135355,0.05,0,0,,,
4/5/2011,4.32683,4.240049387,4.795,0.46817,2,0.7,4,3.2423165,0.75,0,0,,,
4/6/2011,4.35818,4.287441594,4.795,0.43682,3,0.25,5,4.3318615,1,4.3318615,0,,,
4/7/2011,4.35342,4.281584822,4.81,0.45658,4,0,1,0,0,0,0.4631385,,,
4/8/2011,4.36221,4.300392195,4.81,0.44779,5,0,2,0,0,0,0,,,
4/11/2011,4.35733,4.304678715,4.81,0.45267,1,0.05,3,0.2178665,0.05,0,0,,,
4/12/2011,4.30612,4.230071672,4.81,0.50388,2,0.7,4,3.2321505,0.75,0,0,,,
4/13/2011,4.28687,4.188631729,4.81,0.52313,3,0.25,5,4.303868,1,4.303868,0,,,
4/14/2011,4.29351,4.21024726,4.725,0.43149,4,0,1,0,0,0,0.506132,,,
4/15/2011,4.22535,4.127382382,4.725,0.49965,5,0,2,0,0,0,0,,,
4/18/2011,4.1921,4.083598843,4.725,0.5329,1,0.05,3,0.209605,0.05,0,0,,,
4/19/2011,4.18056,4.077746113,4.725,0.54444,2,0.7,4,3.135997,0.75,0,0,,,
4/20/2011,4.21023,4.107872769,4.725,0.51477,3,0.25,5,4.1885545,1,4.1885545,0,,,
4/21/2011,4.21188,4.092752409,4.705,0.49312,4,0,1,0,0,0,0.5364455,,,
4/25/2011,4.17981,4.063912219,4.705,0.52519,1,0.05,2,0.2089905,0.05,0,0,,,
4/26/2011,4.14881,4.038051788,4.705,0.55619,2,0.7,3,3.1131575,0.75,0,0,,,
4/27/2011,4.17378,4.062782889,4.705,0.53122,3,0.25,4,4.1566025,1,4.1566025,0,,,
4/28/2011,4.10853,3.997693976,4.635,0.52647,4,0,1,0,0,0,0.5483975,,,
4/29/2011,4.09114,3.994353797,4.635,0.54386,5,0,2,0,0,0,0,,,
5/2/2011,4.10174,3.995941519,4.635,0.53326,1,0.05,3,0.205087,0.05,0,0,,,
5/3/2011,4.07117,3.983128344,4.635,0.56383,2,0.7,4,3.054906,0.75,0,0,,,
5/4/2011,4.04029,3.949135158,4.635,0.59471,3,0.25,5,4.0649785,1,4.0649785,0,,,
5/5/2011,3.98974,3.914419749,4.555,0.56526,4,0,1,0,0,0,0.5700215,,,
5/6/2011,3.98104,3.897573992,4.555,0.57396,5,0,2,0,0,0,0,,,
5/9/2011,3.96718,3.890657822,4.555,0.58782,1,0.05,3,0.198359,0.05,0,0,,,
5/10/2011,4.01017,3.94229212,4.555,0.54483,2,0.7,4,3.005478,0.75,0,0,,,
5/11/2011,3.98265,3.913065107,4.555,0.57235,3,0.25,5,4.0011405,1,4.0011405,0,,,
5/12/2011,4.00521,3.952249084,4.535,0.52979,4,0,1,0,0,0,0.5538595,,,
5/13/2011,3.98862,3.920940888,4.535,0.54638,5,0,2,0,0,0,0,,,
5/16/2011,3.97145,3.890782964,4.535,0.56355,1,0.05,3,0.1985725,0.05,0,0,,,
5/17/2011,3.9562,3.865141248,4.535,0.5788,2,0.7,4,2.9679125,0.75,0,0,,,
5/18/2011,3.99817,3.930508421,4.535,0.53683,3,0.25,5,3.967455,1,3.967455,0,,,
5/19/2011,4.00566,3.93045015,4.525,0.51934,4,0,1,0,0,0,0.567545,,,
5/20/2011,3.99284,3.912498913,4.525,0.53216,5,0,2,0,0,0,0,,,
5/23/2011,3.99615,3.903607966,4.525,0.52885,1,0.05,3,0.1998075,0.05,0,0,,,
5/24/2011,3.98401,3.890655178,4.525,0.54099,2,0.7,4,2.9886145,0.75,0,0,,,
5/25/2011,3.98264,3.883844067,4.525,0.54236,3,0.25,5,3.9842745,1,3.9842745,0,,,
5/26/2011,3.91109,3.809260932,4.45,0.53891,4,0,1,0,0,0,0.5407255,,,
5/27/2011,3.93401,3.815595987,4.45,0.51599,5,0,2,0,0,0,0,,,
5/31/2011,3.93235,3.800646729,4.45,0.51765,2,0.7,3,2.752645,0.7,0,0,,,
6/1/2011,3.86349,3.730361749,4.45,0.58651,3,0.25,4,3.7185175,0.95,3.914228947,0,,,
6/2/2011,3.91387,3.794031781,4.415,0.50113,4,0,1,0,0,0,0.535771053,,,
6/3/2011,3.89328,3.769965439,4.415,0.52172,5,0,2,0,0,0,0,,,
6/6/2011,3.90071,3.78906397,4.415,0.51429,1,0.05,3,0.1950355,0.05,0,0,,,
6/7/2011,3.89581,3.785944794,4.415,0.51919,2,0.7,4,2.9221025,0.75,0,0,,,
6/8/2011,3.85668,3.727399257,4.415,0.55832,3,0.25,5,3.8862725,1,3.8862725,0,,,
6/9/2011,3.89605,3.75018203,4.425,0.52895,4,0,1,0,0,0,0.5287275,,,
6/10/2011,3.89696,3.729388556,4.425,0.52804,5,0,2,0,0,0,0,,,
6/13/2011,3.90679,3.75369929,4.425,0.51821,1,0.05,3,0.1953395,0.05,0,0,,,
6/14/2011,3.97534,3.854925259,4.425,0.44966,2,0.7,4,2.9780775,0.75,0,0,,,
6/15/2011,3.9059,3.775380111,4.425,0.5191,3,0.25,5,3.9545525,1,3.9545525,0,,,
6/16/2011,3.88416,3.760909688,4.45,0.56584,4,0,1,0,0,0,0.4704475,,,
6/17/2011,3.90547,3.776497904,4.45,0.54453,5,0,2,0,0,0,0,,,
6/20/2011,3.92605,3.795693008,4.45,0.52395,1,0.05,3,0.1963025,0.05,0,0,,,
6/21/2011,3.93335,3.808125726,4.45,0.51665,2,0.7,4,2.9496475,0.75,0,0,,,
6/22/2011,3.91031,3.796049335,4.45,0.53969,3,0.25,5,3.927225,1,3.927225,0,,,
6/23/2011,3.84233,3.745571666,4.435,0.59267,4,0,1,0,0,0,0.522775,,,
6/24/2011,3.84131,3.725443083,4.435,0.59369,5,0,2,0,0,0,0,,,
6/27/2011,3.88515,3.774814806,4.435,0.54985,1,0.05,3,0.1942575,0.05,0,0,,,
6/28/2011,3.96459,3.879661861,4.435,0.47041,2,0.7,4,2.9694705,0.75,0,0,,,
6/29/2011,3.99007,3.911085317,4.435,0.44493,3,0.25,5,3.966988,1,3.966988,0,,,
6/30/2011,4.02102,3.942742763,4.525,0.50398,4,0,1,0,0,0,0.468012,,,
7/1/2011,4.04949,3.986371375,4.525,0.47551,5,0,2,0,0,0,0,,,
7/5/2011,4.01093,3.93627206,4.525,0.51407,2,0.7,3,2.807651,0.7,0,0,,,
7/6/2011,4.00075,3.928651542,4.525,0.52425,3,0.25,4,3.8078385,0.95,4.008251053,0,,,
7/7/2011,4.0553,3.984234534,4.435,0.3797,4,0,1,0,0,0,0.516748947,,,
7/8/2011,3.95604,3.864970166,4.435,0.47896,5,0,2,0,0,0,0,,,
7/11/2011,3.91248,3.825373578,4.435,0.52252,1,0.05,3,0.195624,0.05,0,0,,,
7/12/2011,3.89941,3.825462823,4.435,0.53559,2,0.7,4,2.925211,0.75,0,0,,,
7/13/2011,3.86432,3.803571863,4.435,0.57068,3,0.25,5,3.891291,1,3.891291,0,,,
7/14/2011,3.89854,3.833197903,4.445,0.54646,4,0,1,0,0,0,0.543709,,,
7/15/2011,3.88293,3.817947968,4.445,0.56207,5,0,2,0,0,0,0,,,
7/18/2011,3.91431,3.826061585,4.445,0.53069,1,0.05,3,0.1957155,0.05,0,0,,,
7/19/2011,3.9029,3.819951538,4.445,0.5421,2,0.7,4,2.9277455,0.75,0,0,,,
7/20/2011,3.91472,3.821245596,4.445,0.53028,3,0.25,5,3.9064255,1,3.9064255,0,,,
7/21/2011,3.95043,3.858499649,4.5,0.54957,4,0,1,0,0,0,0.5385745,,,
7/22/2011,3.92566,3.783180717,4.5,0.57434,5,0,2,0,0,0,0,,,
7/25/2011,3.96047,3.822942304,4.5,0.53953,1,0.05,3,0.1980235,0.05,0,0,,,
7/26/2011,3.9318,3.787007952,4.5,0.5682,2,0.7,4,2.9502835,0.75,0,0,,,
7/27/2011,3.97403,3.818958181,4.5,0.52597,3,0.25,5,3.943791,1,3.943791,0,,,
7/28/2011,3.93243,3.789718158,4.34,0.40757,4,0,1,0,0,0,0.556209,,,
7/29/2011,3.80882,3.678735569,4.34,0.53118,5,0,2,0,0,0,0,,,
8/1/2011,3.76447,3.622394105,4.34,0.57553,1,0.05,3,0.1882235,0.05,0,0,,,
8/2/2011,3.65709,3.539698235,4.34,0.68291,2,0.7,4,2.7481865,0.75,0,0,,,
8/3/2011,3.61499,3.505633005,4.34,0.72501,3,0.25,5,3.651934,1,3.651934,0,,,
8/4/2011,3.4866,3.399151346,4.245,0.7584,4,0,1,0,0,0,0.688066,,,
8/5/2011,3.64944,3.491082337,4.245,0.59556,5,0,2,0,0,0,0,,,
8/8/2011,3.5273,3.412358329,4.245,0.7177,1,0.05,3,0.176365,0.05,0,0,,,
8/9/2011,3.36152,3.119517728,4.245,0.88348,2,0.7,4,2.529429,0.75,0,0,,,
8/10/2011,3.23281,3.086925038,4.245,1.01219,3,0.25,5,3.3376315,1,3.3376315,0,,,
8/11/2011,3.37634,3.187909402,4.075,0.69866,4,0,1,0,0,0,0.9073685,,,
8/12/2011,3.31671,3.127163179,4.075,0.75829,5,0,2,0,0,0,0,,,
8/15/2011,3.38162,3.140270691,4.075,0.69338,1,0.05,3,0.169081,0.05,0,0,,,
8/16/2011,3.31182,3.070011131,4.075,0.76318,2,0.7,4,2.487355,0.75,0,0,,,
8/17/2011,3.26933,3.021365044,4.075,0.80567,3,0.25,5,3.3046875,1,3.3046875,0,,,
8/18/2011,3.24924,2.96687097,4.145,0.89576,4,0,1,0,0,0,0.7703125,,,
8/19/2011,3.28379,2.994619948,4.145,0.86121,5,0,2,0,0,0,0,,,
8/22/2011,3.30379,3.028170978,4.145,0.84121,1,0.05,3,0.1651895,0.05,0,0,,,
8/23/2011,3.36494,3.07709847,4.145,0.78006,2,0.7,4,2.5206475,0.75,0,0,,,
8/24/2011,3.30817,3.146452852,4.145,0.83683,3,0.25,5,3.34769,1,0,0,,,
8/25/2011,3.3922,3.157226351,4.145,0.7528,4,0,6,0,0,0,0,,,
8/26/2011,3.35269,3.116463309,4.145,0.79231,5,0,7,0,0,0,0,,,
8/29/2011,3.44007,3.179287445,4.145,0.70493,1,0.05,8,0.1720035,0.05,0,0,,,
8/30/2011,3.3589,3.121241812,4.145,0.7861,2,0.7,9,2.35123,0.7,0,0,,,
8/31/2011,3.42739,3.148514784,4.145,0.71761,3,0.25,10,0.8568475,0.25,3.42739,0,,,
9/1/2011,3.36362,3.099418167,4.045,0.68138,4,0,1,0,0,0,0.71761,,,
9/2/2011,3.26342,3.003136505,4.045,0.78158,5,0,2,0,0,0,0,,,
9/6/2011,3.26302,3.004186588,4.045,0.78198,2,0.7,3,2.284114,0.7,0,0,,,
9/7/2011,3.31614,3.03539828,4.045,0.72886,3,0.25,4,3.113149,0.95,3.276998947,0,,,
9/8/2011,3.28505,2.98117949,4.015,0.72995,4,0,1,0,0,0,0.768001053,,,
9/9/2011,3.21792,2.951085399,4.015,0.79708,5,0,2,0,0,0,0,,,
9/12/2011,3.2661,2.957006783,4.015,0.7489,1,0.05,3,0.163305,0.05,0,0,,,
9/13/2011,3.30112,3.011467683,4.015,0.71388,2,0.7,4,2.474089,0.75,0,0,,,
9/14/2011,3.3005,3.026625208,4.015,0.7145,3,0.25,5,3.299214,1,0,0,,,
9/15/2011,3.34726,3.064354759,4.015,0.66774,4,0,6,0,0,0,0,,,
9/16/2011,3.34689,3.072859116,4.015,0.66811,5,0,7,0,0,0,0,,,
9/19/2011,3.23814,2.97550177,4.015,0.77686,1,0.05,8,0.161907,0.05,0,0,,,
9/20/2011,3.25926,2.988758365,4.015,0.75574,2,0.7,9,2.281482,0.7,0,0,,,
9/21/2011,3.01934,2.932029602,4.015,0.99566,3,0.25,10,0.754835,0.25,3.01934,0,,,
9/22/2011,2.85137,2.800515588,3.935,1.08363,4,0,1,0,0,0,0.99566,,,
9/23/2011,2.9788,2.837084538,3.935,0.9562,5,0,2,0,0,0,0,,,
9/26/2011,3.07072,2.926197355,3.935,0.86428,1,0.05,3,0.153536,0.05,0,0,,,
9/27/2011,3.19163,3.028736566,3.935,0.74337,2,0.7,4,2.387677,0.75,0,0,,,
9/28/2011,3.16373,3.008847208,3.935,0.77127,3,0.25,5,3.1786095,1,3.1786095,0,,,
9/29/2011,3.08103,2.96963517,3.89,0.80897,4,0,1,0,0,0,0.7563905,,,
9/30/2011,3.03853,2.955117248,3.89,0.85147,5,0,2,0,0,0,0,,,
10/3/2011,2.96582,2.888483104,3.89,0.92418,1,0.05,3,0.148291,0.05,0,0,,,
10/4/2011,3.04282,2.912074081,3.89,0.84718,2,0.7,4,2.278265,0.75,0,0,,,
10/5/2011,3.11838,2.985844934,3.89,0.77162,3,0.25,5,3.05786,1,3.05786,0,,,
10/6/2011,3.18596,3.034700555,4.07,0.88404,4,0,1,0,0,0,0.83214,,,
10/7/2011,3.28276,3.098528729,4.07,0.78724,5,0,2,0,0,0,0,,,
10/11/2011,3.3168,3.165282173,4.07,0.7532,2,0.7,3,2.32176,0.7,0,0,,,
10/12/2011,3.33781,3.191353599,4.07,0.73219,3,0.25,4,3.1562125,0.95,3.322328947,0,,,
10/13/2011,3.30672,3.163271457,4.06,0.75328,4,0,1,0,0,0,0.747671053,,,
10/14/2011,3.36446,3.2250238,4.06,0.69554,5,0,2,0,0,0,0,,,
10/17/2011,3.29814,3.195895741,4.06,0.76186,1,0.05,3,0.164907,0.05,0,0,,,
10/18/2011,3.29374,3.18888122,4.06,0.76626,2,0.7,4,2.470525,0.75,0,0,,,
10/19/2011,3.30171,3.197575873,4.06,0.75829,3,0.25,5,3.2959525,1,3.2959525,0,,,
10/20/2011,3.32699,3.20953592,4.05,0.72301,4,0,1,0,0,0,0.7640475,,,
10/21/2011,3.33066,3.232770397,4.05,0.71934,5,0,2,0,0,0,0,,,
10/24/2011,3.3635,3.263903564,4.05,0.6865,1,0.05,3,0.168175,0.05,0,0,,,
10/25/2011,3.26467,3.168510877,4.05,0.78533,2,0.7,4,2.453444,0.75,0,0,,,
10/26/2011,3.3218,3.227075919,4.05,0.7282,3,0.25,5,3.283894,1,3.283894,0,,,
10/27/2011,3.44092,3.337172897,3.925,0.48408,4,0,1,0,0,0,0.766106,,,
10/28/2011,3.36021,3.252486217,3.925,0.56479,5,0,2,0,0,0,0,,,
10/31/2011,3.25158,3.158993859,3.925,0.67342,1,0.05,3,0.162579,0.05,0,0,,,
11/1/2011,3.128,3.092175831,3.925,0.797,2,0.7,4,2.352179,0.75,0,0,,,
11/2/2011,3.14036,3.059877176,3.925,0.78464,3,0.25,5,3.137269,1,3.137269,0,,,
11/3/2011,3.18659,3.090317103,3.915,0.72841,4,0,1,0,0,0,0.787731,,,
11/4/2011,3.14592,3.080702102,3.915,0.76908,5,0,2,0,0,0,0,,,
11/7/2011,3.11536,3.048161248,3.915,0.79964,1,0.05,3,0.155768,0.05,0,0,,,
11/8/2011,3.19153,3.089706491,3.915,0.72347,2,0.7,4,2.389839,0.75,0,0,,,
11/9/2011,3.14083,3.064433741,3.915,0.77417,3,0.25,5,3.1750465,1,3.1750465,0,,,
11/10/2011,3.19683,3.129208087,3.925,0.72817,4,0,1,0,0,0,0.7399535,,,
11/14/2011,3.19328,3.142420568,3.925,0.73172,1,0.05,2,0.159664,0.05,0,0,,,
11/15/2011,3.21924,3.148426598,3.925,0.70576,2,0.7,3,2.413132,0.75,3.217509333,0,,,
11/16/2011,3.20144,3.147904598,3.905,0.70356,3,0.25,1,0.80036,0.25,0,0.707490667,,,
11/17/2011,3.1637,3.113730026,3.905,0.7413,4,0,2,0.80036,0.25,0,0,,,
11/18/2011,3.21334,3.126911513,3.905,0.69166,5,0,3,0.80036,0.25,0,0,,,
11/21/2011,3.17668,3.119617106,3.905,0.72832,1,0.05,4,0.959194,0.3,0,0,,,
11/22/2011,3.14417,3.09599281,3.905,0.76083,2,0.7,5,3.160113,1,0,0,,,
11/23/2011,3.14517,3.074583656,3.905,0.75983,3,0.25,6,0.7862925,0.25,3.14517,0,,,
11/25/2011,3.22263,3.115206983,3.925,0.70237,5,0,1,0,0,0,0.75983,,,
11/28/2011,3.1879,3.121063019,3.925,0.7371,1,0.05,2,0.159395,0.05,0,0,,,
11/29/2011,3.18161,3.124471295,3.925,0.74339,2,0.7,3,2.386522,0.75,0,0,,,
11/30/2011,3.17702,3.103781602,3.925,0.74798,3,0.25,4,3.180777,1,3.180777,0,,,
12/1/2011,3.20921,3.153452074,3.915,0.70579,4,0,1,0,0,0,0.744223,,,
12/2/2011,3.14293,3.115295657,3.915,0.77207,5,0,2,0,0,0,0,,,
12/5/2011,3.15649,3.087110006,3.915,0.75851,1,0.05,3,0.1578245,0.05,0,0,,,
12/6/2011,3.17019,3.093779517,3.915,0.74481,2,0.7,4,2.3769575,0.75,0,0,,,
12/7/2011,3.09012,3.014537657,3.915,0.82488,3,0.25,5,3.1494875,1,3.1494875,0,,,
12/8/2011,3.05821,2.995193302,3.89,0.83179,4,0,1,0,0,0,0.7655125,,,
12/9/2011,3.13669,3.059306018,3.89,0.75331,5,0,2,0,0,0,0,,,
12/12/2011,3.12819,3.049875816,3.89,0.76181,1,0.05,3,0.1564095,0.05,0,0,,,
12/13/2011,3.0836,3.011934148,3.89,0.8064,2,0.7,4,2.3149295,0.75,0,0,,,
12/14/2011,3.0099,2.970990184,3.89,0.8801,3,0.25,5,3.0674045,1,3.0674045,0,,,
12/15/2011,3.05125,2.970344064,3.835,0.78375,4,0,1,0,0,0,0.8225955,,,
12/16/2011,3.00104,2.946507505,3.835,0.83396,5,0,2,0,0,0,0,,,
12/19/2011,2.98945,2.913301607,3.835,0.84555,1,0.05,3,0.1494725,0.05,0,0,,,
12/20/2011,3.06827,2.992990825,3.835,0.76673,2,0.7,4,2.2972615,0.75,0,0,,,
12/21/2011,3.10621,3.008632888,3.835,0.72879,3,0.25,5,3.073814,1,3.073814,0,,,
12/22/2011,3.09573,2.990498178,3.875,0.77927,4,0,1,0,0,0,0.761186,,,
12/23/2011,3.1705,3.07315667,3.875,0.7045,5,0,2,0,0,0,0,,,
12/27/2011,3.15254,3.063064456,3.875,0.72246,2,0.7,3,2.206778,0.7,0,0,,,
12/28/2011,3.04824,2.983760265,3.875,0.82676,3,0.25,4,2.968838,0.95,3.125092632,0,,,
12/29/2011,3.02888,2.973868202,3.86,0.83112,4,0,1,0,0,0,0.749907368,,,
12/30/2011,3.0169,2.925026939,3.86,0.8431,5,0,2,0,0,0,0,,,
1/3/2012,2.99221,2.981584518,3.86,0.86779,2,0.7,3,2.094547,0.7,0,0,,,
1/4/2012,2.9957,2.965045058,3.86,0.8643,3,0.25,4,2.843472,0.95,2.993128421,0,,,
1/5/2012,2.91011,2.951787541,3.815,0.90489,4,0,1,0,0,0,0.866871579,,,
1/6/2012,2.85738,2.906833775,3.815,0.95762,5,0,2,0,0,0,0,,,
1/9/2012,2.87572,2.876840106,3.815,0.93928,1,0.05,3,0.143786,0.05,0,0,,,
1/10/2012,2.91779,2.899654685,3.815,0.89721,2,0.7,4,2.186239,0.75,0,0,,,
1/11/2012,2.88377,2.837264573,3.815,0.93123,3,0.25,5,2.9071815,1,2.9071815,0,,,
1/12/2012,2.85234,2.857127492,3.83,0.97766,4,0,1,0,0,0,0.9078185,,,
1/13/2012,2.81631,2.792587767,3.83,1.01369,5,0,2,0,0,0,0,,,
1/17/2012,2.86264,2.774525606,3.83,0.96736,2,0.7,3,2.003848,0.7,0,0,,,
1/18/2012,2.90295,2.803248936,3.83,0.92705,3,0.25,4,2.7295855,0.95,2.873247895,0,,,
1/19/2012,2.96477,2.879358939,3.905,0.94023,4,0,1,0,0,0,0.956752105,,,
1/20/2012,2.97611,2.944462801,3.905,0.92889,5,0,2,0,0,0,0,,,
1/23/2012,2.97256,2.966781015,3.905,0.93244,1,0.05,3,0.148628,0.05,0,0,,,
1/24/2012,2.95988,2.951308471,3.905,0.94512,2,0.7,4,2.220544,0.75,0,0,,,
1/25/2012,2.90516,2.867388262,3.905,0.99984,3,0.25,5,2.946834,1,2.946834,0,,,
1/26/2012,2.84358,2.758481136,3.82,0.97642,4,0,1,0,0,0,0.958166,,,
1/27/2012,2.80824,2.745611933,3.82,1.01176,5,0,2,0,0,0,0,,,
1/30/2012,2.80895,2.709663106,3.82,1.01105,1,0.05,3,0.1404475,0.05,0,0,,,
1/31/2012,2.7763,2.668040913,3.82,1.0437,2,0.7,4,2.0838575,0.75,0,0,,,
2/1/2012,2.77294,2.681403872,3.82,1.04706,3,0.25,5,2.7770925,1,0,0,,,
2/2/2012,2.7164,2.663853956,3.82,1.1036,4,0,6,0,0,0,0,,,
2/3/2012,2.81014,2.794547436,3.82,1.00986,5,0,7,0,0,0,0,,,
2/6/2012,2.76133,2.744376886,3.82,1.05867,1,0.05,8,0.1380665,0.05,0,0,,,
2/7/2012,2.7946,2.818013452,3.82,1.0254,2,0.7,9,1.95622,0.7,0,0,,,
2/8/2012,2.76703,2.822417671,3.82,1.05297,3,0.25,10,0.6917575,0.25,0,0,,,
2/9/2012,2.84585,2.871349448,3.82,0.97415,4,0,11,0,0,0,0,,,
2/10/2012,2.80975,2.813801493,3.82,1.01025,5,0,12,0,0,0,0,,,
2/13/2012,2.81749,2.855570737,3.82,1.00251,1,0.05,13,0.1408745,0.05,0,0,,,
2/14/2012,2.76681,2.797277994,3.82,1.05319,2,0.7,14,1.936767,0.7,0,0,,,
2/15/2012,2.78221,2.771230016,3.82,1.03779,3,0.25,15,0.6955525,0.25,2.78221,0,,,
2/16/2012,2.83167,2.831752556,3.9,1.06833,4,0,1,0,0,0,1.03779,,,
2/17/2012,2.86836,2.852868018,3.9,1.03164,5,0,2,0,0,0,0,,,
2/21/2012,2.92316,2.90126321,3.9,0.97684,2,0.7,3,2.046212,0.7,0,0,,,
2/22/2012,2.87313,2.872766863,3.9,1.02687,3,0.25,4,2.7644945,0.95,2.909994211,0,,,
2/23/2012,2.83483,2.86839847,3.85,1.01517,4,0,1,0,0,0,0.990005789,,,
2/24/2012,2.84685,2.875323756,3.85,1.00315,5,0,2,0,0,0,0,,,
2/27/2012,2.82054,2.829012291,3.85,1.02946,1,0.05,3,0.141027,0.05,0,0,,,
2/28/2012,2.8102,2.823159512,3.85,1.0398,2,0.7,4,2.108167,0.75,0,0,,,
2/29/2012,2.88173,2.870972203,3.85,0.96827,3,0.25,5,2.8285995,1,2.8285995,0,,,
3/1/2012,2.92872,2.926255388,3.83,0.90128,4,0,1,0,0,0,1.0214005,,,
3/2/2012,2.8908,2.871978091,3.83,0.9392,5,0,2,0,0,0,0,,,
3/5/2012,2.90077,2.900304034,3.83,0.92923,1,0.05,3,0.1450385,0.05,0,0,,,
3/6/2012,2.86506,2.857366065,3.83,0.96494,2,0.7,4,2.1505805,0.75,0,0,,,
3/7/2012,2.89962,2.861432489,3.83,0.93038,3,0.25,5,2.8754855,1,2.8754855,0,,,
3/8/2012,2.93364,2.888526035,3.87,0.93636,4,0,1,0,0,0,0.9545145,,,
3/9/2012,2.92195,2.910252892,3.87,0.94805,5,0,2,0,0,0,0,,,
3/12/2012,2.91624,2.896796374,3.87,0.95376,1,0.05,3,0.145812,0.05,0,0,,,
3/13/2012,2.9914,2.976328992,3.87,0.8786,2,0.7,4,2.239792,0.75,0,0,,,
3/14/2012,3.16959,3.152216903,3.87,0.70041,3,0.25,5,3.0321895,1,3.0321895,0,,,
3/15/2012,3.15896,3.135263891,4.03,0.87104,4,0,1,0,0,0,0.8378105,,,
3/16/2012,3.13095,3.138066075,4.03,0.89905,5,0,2,0,0,0,0,,,
3/19/2012,3.23638,3.244117665,4.03,0.79362,1,0.05,3,0.161819,0.05,0,0,,,
3/20/2012,3.24144,3.257997414,4.03,0.78856,2,0.7,4,2.430827,0.75,0,0,,,
3/21/2012,3.15732,3.175174367,4.03,0.87268,3,0.25,5,3.220157,1,3.220157,0,,,
3/22/2012,3.15708,3.144601751,3.915,0.75792,4,0,1,0,0,0,0.809843,,,
3/23/2012,3.13245,3.104163877,3.915,0.78255,5,0,2,0,0,0,0,,,
3/26/2012,3.11828,3.10988715,3.915,0.79672,1,0.05,3,0.155914,0.05,0,0,,,
3/27/2012,3.0399,3.026680141,3.915,0.8751,2,0.7,4,2.283844,0.75,0,0,,,
3/28/2012,3.05684,3.022879533,3.915,0.85816,3,0.25,5,3.048054,1,3.048054,0,,,
3/29/2012,3.02196,2.984402048,3.905,0.88304,4,0,1,0,0,0,0.866946,,,
3/30/2012,3.06692,3.044212705,3.905,0.83808,5,0,2,0,0,0,0,,,
4/2/2012,3.04496,3.020055419,3.905,0.86004,1,0.05,3,0.152248,0.05,0,0,,,
4/3/2012,3.16492,3.123185667,3.905,0.74008,2,0.7,4,2.367692,0.75,0,0,,,
4/4/2012,3.1088,3.103984056,3.905,0.7962,3,0.25,5,3.144892,1,3.144892,0,,,
4/5/2012,3.05396,3.063322479,3.805,0.75104,4,0,1,0,0,0,0.760108,,,
4/6/2012,2.93072,2.921811222,3.805,0.87428,5,0,2,0,0,0,0,,,
4/9/2012,2.91152,2.890125454,3.805,0.89348,1,0.05,3,0.145576,0.05,0,0,,,
4/10/2012,2.91099,2.879210841,3.805,0.89401,2,0.7,4,2.183269,0.75,0,0,,,
4/11/2012,2.93078,2.903935935,3.805,0.87422,3,0.25,5,2.915964,1,2.915964,0,,,
4/12/2012,2.96745,2.922972198,3.85,0.88255,4,0,1,0,0,0,0.889036,,,
4/13/2012,2.93227,2.891159937,3.85,0.91773,5,0,2,0,0,0,0,,,
4/16/2012,2.91808,2.875053806,3.85,0.93192,1,0.05,3,0.145904,0.05,0,0,,,
4/17/2012,2.9571,2.901702088,3.85,0.8929,2,0.7,4,2.215874,0.75,0,0,,,
4/18/2012,2.93046,2.886284635,3.85,0.91954,3,0.25,5,2.948489,1,2.948489,0,,,
4/19/2012,2.88744,2.856554397,3.805,0.91756,4,0,1,0,0,0,0.901511,,,
4/20/2012,2.90335,2.870970638,3.805,0.90165,5,0,2,0,0,0,0,,,
4/23/2012,2.87081,2.847074432,3.805,0.93419,1,0.05,3,0.1435405,0.05,0,0,,,
4/24/2012,2.90097,2.869248654,3.805,0.90403,2,0.7,4,2.1742195,0.75,0,0,,,
4/25/2012,2.92241,2.870572172,3.805,0.88259,3,0.25,5,2.904822,1,2.904822,0,,,
4/26/2012,2.8924,2.84416641,3.79,0.8976,4,0,1,0,0,0,0.900178,,,
4/27/2012,2.87167,2.809160587,3.79,0.91833,5,0,2,0,0,0,0,,,
4/30/2012,2.85859,2.779419805,3.79,0.93141,1,0.05,3,0.1429295,0.05,0,0,,,
5/1/2012,2.89085,2.832699699,3.79,0.89915,2,0.7,4,2.1665245,0.75,0,0,,,
5/2/2012,2.87338,2.793896212,3.79,0.91662,3,0.25,5,2.8848695,1,2.8848695,0,,,
5/3/2012,2.88233,2.796244881,3.755,0.87267,4,0,1,0,0,0,0.9051305,,,
5/4/2012,2.85087,2.744959345,3.755,0.90413,5,0,2,0,0,0,0,,,
5/7/2012,2.85847,2.755727223,3.755,0.89653,1,0.05,3,0.1429235,0.05,0,0,,,
5/8/2012,2.8457,2.740851039,3.755,0.9093,2,0.7,4,2.1349135,0.75,0,0,,,
5/9/2012,2.83276,2.752329005,3.755,0.92224,3,0.25,5,2.8431035,1,2.8431035,0,,,
5/10/2012,2.82461,2.766615565,3.715,0.89039,4,0,1,0,0,0,0.9118965,,,
5/11/2012,2.80528,2.751190771,3.715,0.90972,5,0,2,0,0,0,0,,,
5/14/2012,2.77397,2.735692222,3.715,0.94103,1,0.05,3,0.1386985,0.05,0,0,,,
5/15/2012,2.76971,2.730341533,3.715,0.94529,2,0.7,4,2.0774955,0.75,0,0,,,
5/16/2012,2.74013,2.683649684,3.715,0.97487,3,0.25,5,2.762528,1,2.762528,0,,,
5/17/2012,2.67184,2.627849036,3.73,1.05816,4,0,1,0,0,0,0.952472,,,
5/18/2012,2.67797,2.629071239,3.73,1.05203,5,0,2,0,0,0,0,,,
5/21/2012,2.73357,2.647186242,3.73,0.99643,1,0.05,3,0.1366785,0.05,0,0,,,
5/22/2012,2.76969,2.71193026,3.73,0.96031,2,0.7,4,2.0754615,0.75,0,0,,,
5/23/2012,2.73508,2.6648851,3.73,0.99492,3,0.25,5,2.7592315,1,2.7592315,0,,,
5/24/2012,2.76054,2.676820278,3.7,0.93946,4,0,1,0,0,0,0.9707685,,,
5/25/2012,2.76345,2.66710612,3.7,0.93655,5,0,2,0,0,0,0,,,
5/29/2012,2.77149,2.648951063,3.7,0.92851,2,0.7,3,1.940043,0.7,0,0,,,
5/30/2012,2.68486,2.555030117,3.7,1.01514,3,0.25,4,2.611258,0.95,2.748692632,0,,,
5/31/2012,2.64639,2.525597941,3.595,0.94861,4,0,1,0,0,0,0.951307368,,,
6/1/2012,2.53159,2.466720593,3.595,1.06341,5,0,2,0,0,0,0,,,
6/4/2012,2.62226,2.516468216,3.595,0.97274,1,0.05,3,0.131113,0.05,0,0,,,
6/5/2012,2.67216,2.524495943,3.595,0.92284,2,0.7,4,2.001625,0.75,0,0,,,
6/6/2012,2.70699,2.577131962,3.595,0.88801,3,0.25,5,2.6783725,1,2.6783725,0,,,
6/7/2012,2.67758,2.592909075,3.635,0.95742,4,0,1,0,0,0,0.9166275,,,
6/8/2012,2.67911,2.587441159,3.635,0.95589,5,0,2,0,0,0,0,,,
6/11/2012,2.6399,2.574294314,3.635,0.9951,1,0.05,3,0.131995,0.05,0,0,,,
6/12/2012,2.69596,2.608850405,3.635,0.93904,2,0.7,4,2.019167,0.75,0,0,,,
6/13/2012,2.65256,2.564246156,3.635,0.98244,3,0.25,5,2.682307,1,2.682307,0,,,
6/14/2012,2.63094,2.567805167,3.585,0.95406,4,0,1,0,0,0,0.952693,,,
6/15/2012,2.61355,2.53213733,3.585,0.97145,5,0,2,0,0,0,0,,,
6/18/2012,2.59515,2.519863553,3.585,0.98985,1,0.05,3,0.1297575,0.05,0,0,,,
6/19/2012,2.5989,2.541459466,3.585,0.9861,2,0.7,4,1.9489875,0.75,0,0,,,
6/20/2012,2.64221,2.530286661,3.585,0.94279,3,0.25,5,2.60954,1,0,0,,,
6/21/2012,2.61405,2.519519291,3.585,0.97095,4,0,6,0,0,0,0,,,
6/22/2012,2.66819,2.540608016,3.585,0.91681,5,0,7,0,0,0,0,,,
6/25/2012,2.5785,2.494055445,3.585,1.0065,1,0.05,8,0.128925,0.05,0,0,,,
6/26/2012,2.61639,2.51232552,3.585,0.96861,2,0.7,9,1.831473,0.7,0,0,,,
6/27/2012,2.58867,2.505199633,3.585,0.99633,3,0.25,10,0.6471675,0.25,2.58867,0,,,
6/28/2012,2.55096,2.479161845,3.57,1.01904,4,0,1,0,0,0,0.99633,,,
6/29/2012,2.62372,2.531062108,3.57,0.94628,5,0,2,0,0,0,0,,,
7/2/2012,2.54532,2.489902362,3.57,1.02468,1,0.05,3,0.127266,0.05,0,0,,,
7/3/2012,2.58328,2.517632275,3.57,0.98672,2,0.7,4,1.935562,0.75,2.580749333,0,,,
7/5/2012,2.55638,2.495652548,3.485,0.92862,4,0,1,0,0,0,0.989250667,,,
7/6/2012,2.47665,2.44737735,3.485,1.00835,5,0,2,0,0,0,0,,,
7/9/2012,2.4492,2.408110322,3.485,1.0358,1,0.05,3,0.12246,0.05,0,0,,,
7/10/2012,2.42303,2.400961069,3.485,1.06197,2,0.7,4,1.818581,0.75,0,0,,,
7/11/2012,2.41162,2.381614133,3.485,1.07338,3,0.25,5,2.421486,1,2.421486,0,,,
7/12/2012,2.40343,2.356163235,3.455,1.05157,4,0,1,0,0,0,1.063514,,,
7/13/2012,2.4585,2.377197581,3.455,0.9965,5,0,2,0,0,0,0,,,
7/16/2012,2.39684,2.361033003,3.455,1.05816,1,0.05,3,0.119842,0.05,0,0,,,
7/17/2012,2.4361,2.39124099,3.455,1.0189,2,0.7,4,1.825112,0.75,0,0,,,
7/18/2012,2.37585,2.364912834,3.455,1.07915,3,0.25,5,2.4190745,1,2.4190745,0,,,
7/19/2012,2.39312,2.372741521,3.415,1.02188,4,0,1,0,0,0,1.0359255,,,
7/20/2012,2.32496,2.334802348,3.415,1.09004,5,0,2,0,0,0,0,,,
7/23/2012,2.27723,2.313112149,3.415,1.13777,1,0.05,3,0.1138615,0.05,0,0,,,
7/24/2012,2.24718,2.292322316,3.415,1.16782,2,0.7,4,1.6868875,0.75,0,0,,,
7/25/2012,2.26337,2.284753112,3.415,1.15163,3,0.25,5,2.25273,1,2.25273,0,,,
7/26/2012,2.28779,2.300337841,3.475,1.18721,4,0,1,0,0,0,1.16227,,,
7/27/2012,2.46854,2.414532389,3.475,1.00646,5,0,2,0,0,0,0,,,
7/30/2012,2.33651,2.349311026,3.475,1.13849,1,0.05,3,0.1168255,0.05,0,0,,,
7/31/2012,2.3146,2.344318562,3.475,1.1604,2,0.7,4,1.7370455,0.75,0,0,,,
8/1/2012,2.36588,2.398915375,3.475,1.10912,3,0.25,5,2.3285155,1,2.3285155,0,,,
8/2/2012,2.33657,2.364234917,3.49,1.15343,4,0,1,0,0,0,1.1464845,,,
8/3/2012,2.42675,2.451302363,3.49,1.06325,5,0,2,0,0,0,0,,,
8/6/2012,2.41026,2.416757567,3.49,1.07974,1,0.05,3,0.120513,0.05,0,0,,,
8/7/2012,2.46483,2.486446192,3.49,1.02517,2,0.7,4,1.845894,0.75,0,0,,,
8/8/2012,2.45388,2.506462138,3.49,1.03612,3,0.25,5,2.459364,1,2.459364,0,,,
8/9/2012,2.45717,2.51913882,3.52,1.06283,4,0,1,0,0,0,1.030636,,,
8/10/2012,2.43735,2.481315997,3.52,1.08265,5,0,2,0,0,0,0,,,
8/13/2012,2.43262,2.488938994,3.52,1.08738,1,0.05,3,0.121631,0.05,0,0,,,
8/14/2012,2.50321,2.556084095,3.52,1.01679,2,0.7,4,1.873878,0.75,0,0,,,
8/15/2012,2.63813,2.648454852,3.52,0.88187,3,0.25,5,2.5334105,1,2.5334105,0,,,
8/16/2012,2.67019,2.688768214,3.585,0.91481,4,0,1,0,0,0,0.9865895,,,
8/17/2012,2.63904,2.649471496,3.585,0.94596,5,0,2,0,0,0,0,,,
8/20/2012,2.61868,2.647929631,3.585,0.96632,1,0.05,3,0.130934,0.05,0,0,,,
8/21/2012,2.62589,2.616463478,3.585,0.95911,2,0.7,4,1.969057,0.75,0,0,,,
8/22/2012,2.51207,2.540241479,3.585,1.07293,3,0.25,5,2.5970745,1,2.5970745,0,,,
8/23/2012,2.44471,2.495398077,3.49,1.04529,4,0,1,0,0,0,0.9879255,,,
8/24/2012,2.47609,2.509043147,3.49,1.01391,5,0,2,0,0,0,0,,,
8/27/2012,2.44075,2.485827498,3.49,1.04925,1,0.05,3,0.1220375,0.05,0,0,,,
8/28/2012,2.41104,2.469955615,3.49,1.07896,2,0.7,4,1.8097655,0.75,0,0,,,
8/29/2012,2.46878,2.500165285,3.49,1.02122,3,0.25,5,2.4269605,1,2.4269605,0,,,
8/30/2012,2.43371,2.479074768,3.475,1.04129,4,0,1,0,0,0,1.0630395,,,
8/31/2012,2.36895,2.42845582,3.475,1.10605,5,0,2,0,0,0,0,,,
9/4/2012,2.38417,2.422475685,3.475,1.09083,2,0.7,3,1.668919,0.7,0,0,,,
9/5/2012,2.39528,2.414797348,3.475,1.07972,3,0.25,4,2.267739,0.95,2.387093684,0,,,
9/6/2012,2.45607,2.495925864,3.45,0.99393,4,0,1,0,0,0,1.087906316,,,
9/7/2012,2.37384,2.471341433,3.45,1.07616,5,0,2,0,0,0,0,,,
9/10/2012,2.37785,2.477940005,3.45,1.07215,1,0.05,3,0.1188925,0.05,0,0,,,
9/11/2012,2.39371,2.488736001,3.45,1.05629,2,0.7,4,1.7944895,0.75,0,0,,,
9/12/2012,2.42922,2.55276728,3.45,1.02078,3,0.25,5,2.4017945,1,2.4017945,0,,,
9/13/2012,2.20601,2.486947567,3.39,1.18399,4,0,1,0,0,0,1.0482055,,,
9/14/2012,2.26805,2.567098309,3.39,1.12195,5,0,2,0,0,0,0,,,
9/17/2012,2.28117,2.536465436,3.39,1.10883,1,0.05,3,0.1140585,0.05,0,0,,,
9/18/2012,2.2694,2.506299066,3.39,1.1206,2,0.7,4,1.7026385,0.75,0,0,,,
9/19/2012,2.21086,2.464682395,3.39,1.17914,3,0.25,5,2.2553535,1,2.2553535,0,,,
9/20/2012,2.16993,2.4479799,3.3,1.13007,4,0,1,0,0,0,1.1346465,,,
9/21/2012,2.0967,2.437348955,3.3,1.2033,5,0,2,0,0,0,0,,,
9/24/2012,2.04335,2.402723344,3.3,1.25665,1,0.05,3,0.1021675,0.05,0,0,,,
9/25/2012,1.97862,2.387057941,3.3,1.32138,2,0.7,4,1.4872015,0.75,0,0,,,
9/26/2012,1.9725,2.348948974,3.3,1.3275,3,0.25,5,1.9803265,1,1.9803265,0,,,
9/27/2012,2.05097,2.360507169,3.26,1.20903,4,0,1,0,0,0,1.3196735,,,
9/28/2012,2.03991,2.364495831,3.26,1.22009,5,0,2,0,0,0,0,,,
10/1/2012,1.97791,2.354544992,3.26,1.28209,1,0.05,3,0.0988955,0.05,0,0,,,
10/2/2012,1.89432,2.350642629,3.26,1.36568,2,0.7,4,1.4249195,0.75,0,0,,,
10/3/2012,1.97292,2.340280713,3.26,1.28708,3,0.25,5,1.9181495,1,1.9181495,0,,,
10/4/2012,2.06588,2.383594657,3.315,1.24912,4,0,1,0,0,0,1.3418505,,,
10/5/2012,2.09992,2.428712001,3.315,1.21508,5,0,2,0,0,0,0,,,
10/9/2012,2.1122,2.404325215,3.315,1.2028,2,0.7,3,1.47854,0.7,0,0,,,
10/10/2012,2.0567,2.373556443,3.315,1.2583,3,0.25,4,1.992715,0.95,2.097594737,0,,,
10/11/2012,2.01882,2.350247233,3.295,1.27618,4,0,1,0,0,0,1.217405263,,,
10/12/2012,2.01487,2.341384145,3.295,1.28013,5,0,2,0,0,0,0,,,
10/15/2012,2.0434,2.350131268,3.295,1.2516,1,0.05,3,0.10217,0.05,0,0,,,
10/16/2012,2.09031,2.381748758,3.295,1.20469,2,0.7,4,1.565387,0.75,0,0,,,
10/17/2012,2.19994,2.477739722,3.295,1.09506,3,0.25,5,2.115372,1,2.115372,0,,,
10/18/2012,2.23804,2.481227439,3.335,1.09696,4,0,1,0,0,0,1.179628,,,
10/19/2012,2.17149,2.431410097,3.335,1.16351,5,0,2,0,0,0,0,,,
10/22/2012,2.2048,2.46402409,3.335,1.1302,1,0.05,3,0.11024,0.05,0,0,,,
10/23/2012,2.18831,2.443106912,3.335,1.14669,2,0.7,4,1.642057,0.75,0,0,,,
10/24/2012,2.22502,2.439113518,3.335,1.10998,3,0.25,5,2.198312,1,2.198312,0,,,
10/25/2012,2.27753,2.498325597,3.315,1.03747,4,0,1,0,0,0,1.136688,,,
10/26/2012,2.20624,2.42825062,3.315,1.10876,5,0,2,0,0,0,0,,,
10/29/2012,2.17586,2.402821955,3.315,1.13914,1,0.05,3,0.108793,0.05,0,0,,,
10/31/2012,2.14235,2.378596939,3.315,1.17265,3,0.25,4,0.6443805,0.3,2.147935,0,,,
11/1/2012,2.23243,2.398684042,3.325,1.09257,4,0,1,0,0,0,1.167065,,,
11/2/2012,2.19493,2.399729029,3.325,1.13007,5,0,2,0,0,0,0,,,
11/5/2012,2.14794,2.367553826,3.325,1.17706,1,0.05,3,0.107397,0.05,0,0,,,
11/6/2012,2.24889,2.428922802,3.325,1.07611,2,0.7,4,1.68162,0.75,0,0,,,
11/7/2012,2.09197,2.317900683,3.325,1.23303,3,0.25,5,2.2046125,1,2.2046125,0,,,
11/8/2012,2.04956,2.287414101,3.265,1.21544,4,0,1,0,0,0,1.1203875,,,
11/9/2012,2.0596,2.303566004,3.265,1.2054,5,0,2,0,0,0,0,,,
11/13/2012,2.08298,2.289617901,3.265,1.18202,2,0.7,3,1.458086,0.7,2.08298,0,,,
11/14/2012,2.13435,2.290283698,3.235,1.10065,3,0.25,1,0.5335875,0.25,2.13435,1.18202,,,
11/15/2012,2.09234,2.298523391,3.265,1.17266,4,0,1,0,0,#DIV/0!,1.10065,,,
11/16/2012,2.03611,2.292195806,3.235,1.19889,5,0,1,0,0,0,#DIV/0!,,,
11/19/2012,2.06997,2.32330672,3.235,1.16503,1,0.05,2,0.1034985,0.05,0,0,,,
11/20/2012,2.14204,2.351066642,3.235,1.09296,2,0.7,3,1.6029265,0.75,0,0,,,
11/21/2012,2.19254,2.375140029,3.235,1.04246,3,0.25,4,2.1510615,1,2.1510615,0,,,
11/23/2012,2.20126,2.378963969,3.27,1.06874,5,0,1,0,0,0,1.0839385,,,
11/26/2012,2.1329,2.354584355,3.27,1.1371,1,0.05,2,0.106645,0.05,0,0,,,
11/27/2012,2.04405,2.320923609,3.27,1.22595,2,0.7,3,1.53748,0.75,0,0,,,
11/28/2012,2.05097,2.296327035,3.27,1.21903,3,0.25,4,2.0502225,1,2.0502225,0,,,
11/29/2012,2.07244,2.2993772,3.265,1.19256,4,0,1,0,0,0,1.2197775,,,
11/30/2012,2.07253,2.295420188,3.265,1.19247,5,0,2,0,0,0,0,,,
12/3/2012,2.08622,2.300803433,3.265,1.17878,1,0.05,3,0.104311,0.05,0,0,,,
12/4/2012,2.06783,2.286332976,3.265,1.19717,2,0.7,4,1.551792,0.75,0,0,,,
12/5/2012,2.07994,2.27328577,3.265,1.18506,3,0.25,5,2.071777,1,2.071777,0,,,
12/6/2012,2.10827,2.27006088,3.245,1.13673,4,0,1,0,0,0,1.193223,,,
12/7/2012,2.16633,2.303094314,3.245,1.07867,5,0,2,0,0,0,0,,,
12/10/2012,2.12632,2.294732838,3.245,1.11868,1,0.05,3,0.106316,0.05,0,0,,,
12/11/2012,2.1257,2.316772095,3.245,1.1193,2,0.7,4,1.594306,0.75,0,0,,,
12/12/2012,2.16985,2.365266935,3.245,1.07515,3,0.25,5,2.1367685,1,2.1367685,0,,,
12/13/2012,2.17954,2.393506912,3.295,1.11546,4,0,1,0,0,0,1.1082315,,,
12/14/2012,2.17471,2.387657017,3.295,1.12029,5,0,2,0,0,0,0,,,
12/17/2012,2.2148,2.442836994,3.295,1.0802,1,0.05,3,0.11074,0.05,0,0,,,
12/18/2012,2.27802,2.505871764,3.295,1.01698,2,0.7,4,1.705354,0.75,0,0,,,
12/19/2012,2.23717,2.468369175,3.295,1.05783,3,0.25,5,2.2646465,1,2.2646465,0,,,
12/20/2012,2.22135,2.452935081,3.275,1.05365,4,0,1,0,0,0,1.0303535,,,
12/21/2012,2.18757,2.420538533,3.275,1.08743,5,0,2,0,0,0,0,,,
12/24/2012,2.21511,2.4437928,3.275,1.05989,1,0.05,3,0.1107555,0.05,0,0,,,
12/26/2012,2.19828,2.432954749,3.275,1.07672,3,0.25,4,0.6603255,0.3,2.201085,0,,,
12/27/2012,2.1768,2.402494996,3.265,1.0882,4,0,1,0,0,0,1.073915,,,
12/28/2012,2.18544,2.385752368,3.265,1.07956,5,0,2,0,0,0,0,,,
12/31/2012,2.20009,2.424650415,3.265,1.06491,1,0.05,3,0.1100045,0.05,0,0,,,
1/2/2013,2.26242,2.487058189,3.265,1.00258,3,0.25,4,0.6756095,0.3,2.252031667,0,,,
1/3/2013,2.36511,2.521813885,3.325,0.95989,4,0,1,0,0,0,1.012968333,,,
1/4/2013,2.38072,2.532480753,3.325,0.94428,5,0,2,0,0,0,0,,,
1/7/2013,2.34263,2.51722051,3.325,0.98237,1,0.05,3,0.1171315,0.05,0,0,,,
1/8/2013,2.31701,2.4890942,3.325,1.00799,2,0.7,4,1.7390385,0.75,0,0,,,
1/9/2013,2.29263,2.473165176,3.325,1.03237,3,0.25,5,2.312196,1,2.312196,0,,,
1/10/2013,2.32919,2.510564286,3.305,0.97581,4,0,1,0,0,0,1.012804,,,
1/11/2013,2.31308,2.499826027,3.305,0.99192,5,0,2,0,0,0,0,,,
1/14/2013,2.2784,2.479738879,3.305,1.0266,1,0.05,3,0.11392,0.05,0,0,,,
1/15/2013,2.29384,2.449830349,3.305,1.01116,2,0.7,4,1.719608,0.75,0,0,,,
1/16/2013,2.29441,2.449222725,3.305,1.01059,3,0.25,5,2.2932105,1,2.2932105,0,,,
1/17/2013,2.36891,2.512972611,3.345,0.97609,4,0,1,0,0,0,1.0117895,,,
1/18/2013,2.35028,2.495632079,3.345,0.99472,5,0,2,0,0,0,0,,,
1/22/2013,2.35221,2.488418113,3.345,0.99279,2,0.7,3,1.646547,0.7,0,0,,,
1/23/2013,2.34331,2.493699063,3.345,1.00169,3,0.25,4,2.2323745,0.95,2.349867895,0,,,
1/24/2013,2.36742,2.510614206,3.455,1.08758,4,0,1,0,0,0,0.995132105,,,
1/25/2013,2.50532,2.624446894,3.455,0.94968,5,0,2,0,0,0,0,,,
1/28/2013,2.53933,2.664803391,3.455,0.91567,1,0.05,3,0.1269665,0.05,0,0,,,
1/29/2013,2.55981,2.683436491,3.455,0.89519,2,0.7,4,1.9188335,0.75,0,0,,,
1/30/2013,2.57729,2.704749096,3.455,0.87771,3,0.25,5,2.563156,1,2.563156,0,,,
1/31/2013,2.57377,2.682794021,3.48,0.90623,4,0,1,0,0,0,0.891844,,,
2/1/2013,2.59141,2.713338,3.48,0.88859,5,0,2,0,0,0,0,,,
2/4/2013,2.55563,2.673158932,3.48,0.92437,1,0.05,3,0.1277815,0.05,0,0,,,
2/5/2013,2.60052,2.72792885,3.48,0.87948,2,0.7,4,1.9481455,0.75,0,0,,,
2/6/2013,2.55943,2.68416538,3.48,0.92057,3,0.25,5,2.588003,1,0,0,,,
2/7/2013,2.55136,2.679060128,3.48,0.92864,4,0,6,0,0,0,0,,,
2/8/2013,2.57318,2.68181613,3.48,0.90682,5,0,7,0,0,0,0,,,
2/11/2013,2.56531,2.675747831,3.48,0.91469,1,0.05,8,0.1282655,0.05,0,0,,,
2/12/2013,2.60701,2.708276216,3.48,0.87299,2,0.7,9,1.824907,0.7,0,0,,,
2/13/2013,2.65372,2.744118173,3.48,0.82628,3,0.25,10,0.66343,0.25,2.65372,0,,,
2/14/2013,2.60855,2.699269101,3.51,0.90145,4,0,1,0,0,0,0.82628,,,
2/15/2013,2.62079,2.703696066,3.51,0.88921,5,0,2,0,0,0,0,,,
2/19/2013,2.63802,2.72369675,3.51,0.87198,2,0.7,3,1.846614,0.7,0,0,,,
2/20/2013,2.63797,2.720849716,3.51,0.87203,3,0.25,4,2.5061065,0.95,2.638006842,0,,,
2/21/2013,2.62574,2.690625066,3.46,0.83426,4,0,1,0,0,0,0.871993158,,,
2/22/2013,2.62514,2.681817267,3.46,0.83486,5,0,2,0,0,0,0,,,
2/25/2013,2.55786,2.634058339,3.46,0.90214,1,0.05,3,0.127893,0.05,0,0,,,
2/26/2013,2.53896,2.628508461,3.46,0.92104,2,0.7,4,1.905165,0.75,0,0,,,
2/27/2013,2.57322,2.65371677,3.46,0.88678,3,0.25,5,2.54847,1,2.54847,0,,,
2/28/2013,2.54484,2.644945898,3.445,0.90016,4,0,1,0,0,0,0.91153,,,
3/1/2013,2.52993,2.620174856,3.445,0.91507,5,0,2,0,0,0,0,,,
3/4/2013,2.54578,2.62134167,3.445,0.89922,1,0.05,3,0.127289,0.05,0,0,,,
3/5/2013,2.56076,2.628644635,3.445,0.88424,2,0.7,4,1.919821,0.75,0,0,,,
3/6/2013,2.61255,2.663686573,3.445,0.83245,3,0.25,5,2.5729585,1,2.5729585,0,,,
3/7/2013,2.67331,2.713725304,3.58,0.90669,4,0,1,0,0,0,0.8720415,,,
3/8/2013,2.75192,2.766484122,3.58,0.82808,5,0,2,0,0,0,0,,,
3/11/2013,2.73998,2.764614188,3.58,0.84002,1,0.05,3,0.136999,0.05,0,0,,,
3/12/2013,2.70646,2.738994551,3.58,0.87354,2,0.7,4,2.031521,0.75,0,0,,,
3/13/2013,2.70044,2.739929961,3.58,0.87956,3,0.25,5,2.706631,1,2.706631,0,,,
3/14/2013,2.70546,2.764030983,3.49,0.78454,4,0,1,0,0,0,0.873369,,,
3/15/2013,2.66434,2.731999104,3.49,0.82566,5,0,2,0,0,0,0,,,
3/18/2013,2.62963,2.718764396,3.49,0.86037,1,0.05,3,0.1314815,0.05,0,0,,,
3/19/2013,2.60686,2.693698249,3.49,0.88314,2,0.7,4,1.9562835,0.75,0,0,,,
3/20/2013,2.64698,2.714034646,3.49,0.84302,3,0.25,5,2.6180285,1,2.6180285,0,,,
3/21/2013,2.67627,2.720265367,3.52,0.84373,4,0,1,0,0,0,0.8719715,,,
3/22/2013,2.64148,2.710873593,3.52,0.87852,5,0,2,0,0,0,0,,,
3/25/2013,2.63948,2.70214445,3.52,0.88052,1,0.05,3,0.131974,0.05,0,0,,,
3/26/2013,2.64256,2.704997081,3.52,0.87744,2,0.7,4,1.981766,0.75,0,0,,,
3/27/2013,2.60807,2.661339083,3.52,0.91193,3,0.25,5,2.6337835,1,2.6337835,0,,,
3/28/2013,2.61433,2.667237632,3.49,0.87567,4,0,1,0,0,0,0.8862165,,,
4/1/2013,2.59513,2.643607197,3.49,0.89487,1,0.05,2,0.1297565,0.05,0,0,,,
4/2/2013,2.6102,2.658552497,3.49,0.8798,2,0.7,3,1.9568965,0.75,0,0,,,
4/3/2013,2.56472,2.611300596,3.49,0.92528,3,0.25,4,2.5980765,1,2.5980765,0,,,
4/4/2013,2.48587,2.569667147,3.38,0.89413,4,0,1,0,0,0,0.8919235,,,
4/5/2013,2.41738,2.51135116,3.38,0.96262,5,0,2,0,0,0,0,,,
4/8/2013,2.47695,2.558609728,3.38,0.90305,1,0.05,3,0.1238475,0.05,0,0,,,
4/9/2013,2.48938,2.559601246,3.38,0.89062,2,0.7,4,1.8664135,0.75,0,0,,,
4/10/2013,2.54479,2.60148695,3.38,0.83521,3,0.25,5,2.502611,1,2.502611,0,,,
4/11/2013,2.51808,2.579821773,3.335,0.81692,4,0,1,0,0,0,0.877389,,,
4/12/2013,2.45324,2.531722789,3.335,0.88176,5,0,2,0,0,0,0,,,
4/15/2013,2.43066,2.507078914,3.335,0.90434,1,0.05,3,0.121533,0.05,0,0,,,
4/16/2013,2.45465,2.524981202,3.335,0.88035,2,0.7,4,1.839788,0.75,0,0,,,
4/17/2013,2.45005,2.508824156,3.335,0.88495,3,0.25,5,2.4523005,1,2.4523005,0,,,
4/18/2013,2.43192,2.489663745,3.35,0.91808,4,0,1,0,0,0,0.8826995,,,
4/19/2013,2.44783,2.514616174,3.35,0.90217,5,0,2,0,0,0,0,,,
4/22/2013,2.4461,2.51140584,3.35,0.9039,1,0.05,3,0.122305,0.05,0,0,,,
4/23/2013,2.43753,2.517506042,3.35,0.91247,2,0.7,4,1.828576,0.75,0,0,,,
4/24/2013,2.43239,2.509430888,3.35,0.91761,3,0.25,5,2.4366735,1,2.4366735,0,,,
4/25/2013,2.43235,2.516124897,3.275,0.84265,4,0,1,0,0,0,0.9133265,,,
4/26/2013,2.37951,2.483002188,3.275,0.89549,5,0,2,0,0,0,0,,,
4/29/2013,2.37448,2.476788836,3.275,0.90052,1,0.05,3,0.118724,0.05,0,0,,,
4/30/2013,2.35354,2.486727385,3.275,0.92146,2,0.7,4,1.766202,0.75,0,0,,,
5/1/2013,2.31036,2.463332162,3.275,0.96464,3,0.25,5,2.343792,1,2.343792,0,,,
5/2/2013,2.3421,2.460384035,3.345,1.0029,4,0,1,0,0,0,0.931208,,,
5/3/2013,2.45615,2.549086478,3.345,0.88885,5,0,2,0,0,0,0,,,
5/6/2013,2.4724,2.574924603,3.345,0.8726,1,0.05,3,0.12362,0.05,0,0,,,
5/7/2013,2.48894,2.582895072,3.345,0.85606,2,0.7,4,1.865878,0.75,0,0,,,
5/8/2013,2.47245,2.568900412,3.345,0.87255,3,0.25,5,2.4839905,1,2.4839905,0,,,
5/9/2013,2.49665,2.573124975,3.435,0.93835,4,0,1,0,0,0,0.8610095,,,
5/10/2013,2.58686,2.638933026,3.435,0.84814,5,0,2,0,0,0,0,,,
5/13/2013,2.621,2.66425773,3.435,0.814,1,0.05,3,0.13105,0.05,0,0,,,
5/14/2013,2.66272,2.691714156,3.435,0.77228,2,0.7,4,1.994954,0.75,0,0,,,
5/15/2013,2.66187,2.678311806,3.435,0.77313,3,0.25,5,2.6604215,1,2.6604215,0,,,
5/16/2013,2.56388,2.61813578,3.515,0.95112,4,0,1,0,0,0,0.7745785,,,
5/17/2013,2.68581,2.698307152,3.515,0.82919,5,0,2,0,0,0,0,,,
5/20/2013,2.71288,2.703788401,3.515,0.80212,1,0.05,3,0.135644,0.05,0,0,,,
5/21/2013,2.66453,2.681240729,3.515,0.85047,2,0.7,4,2.000815,0.75,0,0,,,
5/22/2013,2.78844,2.759942476,3.515,0.72656,3,0.25,5,2.697925,1,2.697925,0,,,
5/23/2013,2.82191,2.769545725,3.76,0.93809,4,0,1,0,0,0,0.817075,,,
5/24/2013,2.81497,2.772505094,3.76,0.94503,5,0,2,0,0,0,0,,,
5/28/2013,2.94396,2.923186843,3.76,0.81604,2,0.7,3,2.060772,0.7,0,0,,,
5/29/2013,2.91969,2.94308782,3.76,0.84031,3,0.25,4,2.7906945,0.95,2.937573158,0,,,
5/30/2013,2.90465,2.955557841,3.835,0.93035,4,0,1,0,0,0,0.822426842,,,
5/31/2013,2.95731,3.011247517,3.835,0.87769,5,0,2,0,0,0,0,,,
6/3/2013,2.96032,3.016834958,3.835,0.87468,1,0.05,3,0.148016,0.05,0,0,,,
6/4/2013,2.98974,3.051758895,3.835,0.84526,2,0.7,4,2.240834,0.75,0,0,,,
6/5/2013,2.97372,3.021758172,3.835,0.86128,3,0.25,5,2.984264,1,2.984264,0,,,
6/6/2013,2.93639,2.997131225,3.905,0.96861,4,0,1,0,0,0,0.850736,,,
6/7/2013,2.99312,3.080796165,3.905,0.91188,5,0,2,0,0,0,0,,,
6/10/2013,3.01875,3.144125676,3.905,0.88625,1,0.05,3,0.1509375,0.05,0,0,,,
6/11/2013,2.98862,3.122068372,3.905,0.91638,2,0.7,4,2.2429715,0.75,0,0,,,
6/12/2013,3.0173,3.135370617,3.905,0.8877,3,0.25,5,2.9972965,1,2.9972965,0,,,
6/13/2013,2.97052,3.058126499,3.88,0.90948,4,0,1,0,0,0,0.9077035,,,
6/14/2013,2.93282,2.990612702,3.88,0.94718,5,0,2,0,0,0,0,,,
6/17/2013,2.98385,3.03458109,3.88,0.89615,1,0.05,3,0.1491925,0.05,0,0,,,
6/18/2013,2.98213,3.046868389,3.88,0.89787,2,0.7,4,2.2366835,0.75,0,0,,,
6/19/2013,3.12738,3.204261053,3.88,0.75262,3,0.25,5,3.0185285,1,3.0185285,0,,,
6/20/2013,3.27319,3.350066088,4.41,1.13681,4,0,1,0,0,0,0.8614715,,,
6/21/2013,3.42906,3.43914297,4.41,0.98094,5,0,2,0,0,0,0,,,
6/24/2013,3.48428,3.48832569,4.41,0.92572,1,0.05,3,0.174214,0.05,0,0,,,
6/25/2013,3.49791,3.514320277,4.41,0.91209,2,0.7,4,2.622751,0.75,3.497001333,0,,,
6/26/2013,3.44275,3.456624768,4.215,0.77225,3,0.25,1,0.8606875,0.25,0,0.912998667,,,
6/27/2013,3.32066,3.349243205,4.215,0.89434,4,0,2,0.8606875,0.25,0,0,,,
6/28/2013,3.30945,3.374758346,4.215,0.90555,5,0,3,0.8606875,0.25,0,0,,,
7/1/2013,3.29795,3.375026241,4.215,0.91705,1,0.05,4,1.025585,0.3,0,0,,,
7/2/2013,3.31182,3.369439795,4.215,0.90318,2,0.7,5,3.343859,1,0,0,,,
7/3/2013,3.36892,3.414639954,4.215,0.84608,3,0.25,6,0.84223,0.25,3.36892,0,,,
7/5/2013,3.67325,3.638793064,4.46,0.78675,5,0,1,0,0,0,0.84608,,,
7/8/2013,3.54464,3.563659836,4.46,0.91536,1,0.05,2,0.177232,0.05,0,0,,,
7/9/2013,3.48802,3.527520893,4.46,0.97198,2,0.7,3,2.618846,0.75,0,0,,,
7/10/2013,3.58537,3.560136598,4.46,0.87463,3,0.25,4,3.5151885,1,3.5151885,0,,,
7/11/2013,3.46797,3.457812713,4.295,0.82703,4,0,1,0,0,0,0.9448115,,,
7/12/2013,3.47482,3.495433565,4.295,0.82018,5,0,2,0,0,0,0,,,
7/15/2013,3.40503,3.440315697,4.295,0.88997,1,0.05,3,0.1702515,0.05,0,0,,,
7/16/2013,3.39147,3.40986508,4.295,0.90353,2,0.7,4,2.5442805,0.75,0,0,,,
7/17/2013,3.34387,3.355482359,4.295,0.95113,3,0.25,5,3.380248,1,3.380248,0,,,
7/18/2013,3.38885,3.381763661,4.26,0.87115,4,0,1,0,0,0,0.914752,,,
7/19/2013,3.33139,3.347783135,4.26,0.92861,5,0,2,0,0,0,0,,,
7/22/2013,3.32208,3.351419883,4.26,0.93792,1,0.05,3,0.166104,0.05,0,0,,,
7/23/2013,3.36391,3.374325291,4.26,0.89609,2,0.7,4,2.520841,0.75,0,0,,,
7/24/2013,3.42968,3.457178896,4.26,0.83032,3,0.25,5,3.378261,1,3.378261,0,,,
7/25/2013,3.44079,3.473712136,4.315,0.87421,4,0,1,0,0,0,0.881739,,,
7/26/2013,3.39532,3.438120884,4.315,0.91968,5,0,2,0,0,0,0,,,
7/29/2013,3.40615,3.456469474,4.315,0.90885,1,0.05,3,0.1703075,0.05,0,0,,,
7/30/2013,3.4286,3.469208853,4.315,0.8864,2,0.7,4,2.5703275,0.75,0,0,,,
7/31/2013,3.40954,3.459761988,4.315,0.90546,3,0.25,5,3.4227125,1,3.4227125,0,,,
8/1/2013,3.53287,3.583108771,4.325,0.79213,4,0,1,0,0,0,0.8922875,,,
8/2/2013,3.40357,3.452895034,4.325,0.92143,5,0,2,0,0,0,0,,,
8/5/2013,3.41781,3.486971223,4.325,0.90719,1,0.05,3,0.1708905,0.05,0,0,,,
8/6/2013,3.44309,3.495977842,4.325,0.88191,2,0.7,4,2.5810535,0.75,0,0,,,
8/7/2013,3.40953,3.445525683,4.325,0.91547,3,0.25,5,3.433436,1,0,0,,,
8/8/2013,3.38149,3.419261983,4.325,0.94351,4,0,6,0,0,0,0,,,
8/9/2013,3.36395,3.406368209,4.325,0.96105,5,0,7,0,0,0,0,,,
8/12/2013,3.38388,3.432198147,4.325,0.94112,1,0.05,8,0.169194,0.05,0,0,,,
8/13/2013,3.4866,3.527289826,4.325,0.8384,2,0.7,9,2.44062,0.7,0,0,,,
8/14/2013,3.48409,3.52058299,4.325,0.84091,3,0.25,10,0.8710225,0.25,3.48409,0,,,
8/15/2013,3.54246,3.562902143,4.53,0.98754,4,0,1,0,0,0,0.84091,,,
8/16/2013,3.63423,3.63144901,4.53,0.89577,5,0,2,0,0,0,0,,,
8/19/2013,3.71105,3.694030109,4.53,0.81895,1,0.05,3,0.1855525,0.05,0,0,,,
8/20/2013,3.63068,3.635091256,4.53,0.89932,2,0.7,4,2.7270285,0.75,0,0,,,
8/21/2013,3.67464,3.691227543,4.53,0.85536,3,0.25,5,3.6456885,1,3.6456885,0,,,
8/22/2013,3.71019,3.738090501,4.435,0.72481,4,0,1,0,0,0,0.8843115,,,
8/23/2013,3.60146,3.661486941,4.435,0.83354,5,0,2,0,0,0,0,,,
8/26/2013,3.56494,3.640641654,4.435,0.87006,1,0.05,3,0.178247,0.05,0,0,,,
8/27/2013,3.49501,3.577273612,4.435,0.93999,2,0.7,4,2.624754,0.75,0,0,,,
8/28/2013,3.56452,3.646342877,4.435,0.87048,3,0.25,5,3.515884,1,3.515884,0,,,
8/29/2013,3.5164,3.623174709,4.495,0.9786,4,0,1,0,0,0,0.919116,,,
8/30/2013,3.51811,3.635979555,4.495,0.97689,5,0,2,0,0,0,0,,,
9/3/2013,3.62303,3.71835641,4.495,0.87197,2,0.7,3,2.536121,0.7,0,0,,,
9/4/2013,3.67957,3.762085498,4.495,0.81543,3,0.25,4,3.4560135,0.95,3.637908947,0,,,
9/5/2013,3.7867,3.848477208,4.52,0.7333,4,0,1,0,0,0,0.857091053,,,
9/6/2013,3.72124,3.804987973,4.52,0.79876,5,0,2,0,0,0,0,,,
9/9/2013,3.64949,3.763755728,4.52,0.87051,1,0.05,3,0.1824745,0.05,0,0,,,
9/10/2013,3.70256,3.811603984,4.52,0.81744,2,0.7,4,2.7742665,0.75,0,0,,,
9/11/2013,3.66718,3.767886489,4.52,0.85282,3,0.25,5,3.6910615,1,3.6910615,0,,,
9/12/2013,3.6663,3.74453508,4.425,0.7587,4,0,1,0,0,0,0.8289385,,,
9/13/2013,3.65073,3.728265898,4.425,0.77427,5,0,2,0,0,0,0,,,
9/16/2013,3.60503,3.67866463,4.425,0.81997,1,0.05,3,0.1802515,0.05,0,0,,,
9/17/2013,3.5863,3.641861285,4.425,0.8387,2,0.7,4,2.6906615,0.75,0,0,,,
9/18/2013,3.40411,3.481140543,4.425,1.02089,3,0.25,5,3.541689,1,3.541689,0,,,
9/19/2013,3.42348,3.515620081,4.245,0.82152,4,0,1,0,0,0,0.883311,,,
9/20/2013,3.43161,3.494905848,4.245,0.81339,5,0,2,0,0,0,0,,,
9/23/2013,3.4029,3.470425091,4.245,0.8421,1,0.05,3,0.170145,0.05,0,0,,,
9/24/2013,3.34069,3.424409348,4.245,0.90431,2,0.7,4,2.508628,0.75,0,0,,,
9/25/2013,3.29616,3.385276988,4.245,0.94884,3,0.25,5,3.332668,1,3.332668,0,,,
9/26/2013,3.32335,3.418502472,4.145,0.82165,4,0,1,0,0,0,0.912332,,,
9/27/2013,3.29489,3.414578204,4.145,0.85011,5,0,2,0,0,0,0,,,
9/30/2013,3.29525,3.413149413,4.145,0.84975,1,0.05,3,0.1647625,0.05,0,0,,,
10/1/2013,3.31544,3.443972346,4.145,0.82956,2,0.7,4,2.4855705,0.75,0,0,,,
10/2/2013,3.30787,3.423251288,4.145,0.83713,3,0.25,5,3.312538,1,3.312538,0,,,
10/3/2013,3.28508,3.399788529,4.155,0.86992,4,0,1,0,0,0,0.832462,,,
10/4/2013,3.31439,3.436796266,4.155,0.84061,5,0,2,0,0,0,0,,,
10/7/2013,3.31522,3.415847677,4.155,0.83978,1,0.05,3,0.165761,0.05,0,0,,,
10/8/2013,3.32901,3.410440172,4.155,0.82599,2,0.7,4,2.496068,0.75,0,0,,,
10/9/2013,3.33121,3.42890123,4.155,0.82379,3,0.25,5,3.3288705,1,3.3288705,0,,,
10/10/2013,3.34593,3.4495991,4.205,0.85907,4,0,1,0,0,0,0.8261295,,,
10/11/2013,3.34888,3.443868438,4.205,0.85612,5,0,2,0,0,0,0,,,
10/15/2013,3.38973,3.476850936,4.205,0.81527,2,0.7,3,2.372811,0.7,0,0,,,
10/16/2013,3.34533,3.431872005,4.205,0.85967,3,0.25,4,3.2091435,0.95,3.378045789,0,,,
10/17/2013,3.25461,3.356356639,4.08,0.82539,4,0,1,0,0,0,0.826954211,,,
10/18/2013,3.25857,3.357495806,4.08,0.82143,5,0,2,0,0,0,0,,,
10/21/2013,3.28095,3.368693141,4.08,0.79905,1,0.05,3,0.1640475,0.05,0,0,,,
10/22/2013,3.18366,3.272957278,4.08,0.89634,2,0.7,4,2.3926095,0.75,0,0,,,
10/23/2013,3.15417,3.245911585,4.08,0.92583,3,0.25,5,3.181152,1,3.181152,0,,,
10/24/2013,3.17723,3.276423515,4.025,0.84777,4,0,1,0,0,0,0.898848,,,
10/25/2013,3.15212,3.255941161,4.025,0.87288,5,0,2,0,0,0,0,,,
10/28/2013,3.15932,3.255695996,4.025,0.86568,1,0.05,3,0.157966,0.05,0,0,,,
10/29/2013,3.15432,3.245838689,4.025,0.87068,2,0.7,4,2.36599,0.75,0,0,,,
10/30/2013,3.16114,3.2670061,4.025,0.86386,3,0.25,5,3.156275,1,3.156275,0,,,
10/31/2013,3.18036,3.290822617,4.11,0.92964,4,0,1,0,0,0,0.868725,,,
11/1/2013,3.25928,3.364880901,4.11,0.85072,5,0,2,0,0,0,0,,,
11/4/2013,3.23876,3.344702435,4.11,0.87124,1,0.05,3,0.161938,0.05,0,0,,,
11/5/2013,3.31201,3.409781332,4.11,0.79799,2,0.7,4,2.480345,0.75,0,0,,,
11/6/2013,3.29973,3.285172291,4.11,0.81027,3,0.25,5,3.3052775,1,3.3052775,0,,,
11/7/2013,3.29153,3.354174549,4.275,0.98347,4,0,1,0,0,0,0.8047225,,,
11/8/2013,3.41853,3.485409077,4.275,0.85647,5,0,2,0,0,0,0,,,
11/12/2013,3.42394,3.502765058,4.275,0.85106,2,0.7,3,2.396758,0.7,0,0,,,
11/13/2013,3.38633,3.45478911,4.275,0.88867,3,0.25,4,3.2433405,0.95,3.414042632,0,,,
11/14/2013,3.3344,3.392288676,4.145,0.8106,4,0,1,0,0,0,0.860957368,,,
11/15/2013,3.3275,3.373038665,4.145,0.8175,5,0,2,0,0,0,0,,,
11/18/2013,3.28922,3.327419989,4.145,0.85578,1,0.05,3,0.164461,0.05,0,0,,,
11/20/2013,3.39539,3.407659676,4.145,0.74961,3,0.25,4,1.0133085,0.3,3.377695,0,,,
11/21/2013,3.39022,3.408274099,4.215,0.82478,4,0,1,0,0,0,0.767305,,,
11/22/2013,3.37657,3.401088299,4.215,0.83843,5,0,2,0,0,0,0,,,
12/3/2013,3.48201,3.476125183,4.215,0.73299,2,0.7,3,2.437407,0.7,0,0,,,
12/4/2013,3.53796,3.53966548,4.215,0.67704,3,0.25,4,3.321897,0.95,3.496733684,0,,,
12/5/2013,3.55213,3.541908585,4.345,0.79287,4,0,1,0,0,0,0.718266316,,,
12/6/2013,3.53577,3.545410941,4.345,0.80923,5,0,2,0,0,0,0,,,
12/9/2013,3.50449,3.515066749,4.345,0.84051,1,0.05,3,0.1752245,0.05,0,0,,,
12/10/2013,3.46476,3.469707,4.345,0.88024,2,0.7,4,2.6005565,0.75,0,0,,,
12/11/2013,3.51569,3.508214147,4.345,0.82931,3,0.25,5,3.479479,1,3.479479,0,,,
12/12/2013,3.54275,3.541339936,4.395,0.85225,4,0,1,0,0,0,0.865521,,,
12/13/2013,3.5291,3.529780273,4.395,0.8659,5,0,2,0,0,0,0,,,
12/16/2013,3.53072,3.531628007,4.395,0.86428,1,0.05,3,0.176536,0.05,0,0,,,
12/17/2013,3.49989,3.490740477,4.395,0.89511,2,0.7,4,2.626459,0.75,0,0,,,
12/18/2013,3.54228,3.521644704,4.395,0.85272,3,0.25,5,3.512029,1,3.512029,0,,,
12/19/2013,3.58946,3.579482442,4.405,0.81554,4,0,1,0,0,0,0.882971,,,
12/20/2013,3.52072,3.547744936,4.405,0.88428,5,0,2,0,0,0,0,,,
12/23/2013,3.54225,3.588557637,4.405,0.86275,1,0.05,3,0.1771125,0.05,0,0,,,
12/24/2013,3.61006,3.63312578,4.405,0.79494,2,0.7,4,2.7041545,0.75,3.605539333,0,,,
12/26/2013,3.61108,3.637877401,4.48,0.86892,4,0,1,0,0,0,0.799460667,,,
12/27/2013,3.60938,3.624771203,4.48,0.87062,5,0,2,0,0,0,0,,,
12/30/2013,3.57467,3.605420259,4.48,0.90533,1,0.05,3,0.1787335,0.05,3.57467,0,,,
1/2/2014,3.5997,3.622663801,4.435,0.8353,4,0,1,0,0,0,0.90533,,,
1/3/2014,3.60326,3.621400559,4.435,0.83174,5,0,2,0,0,0,0,,,
1/6/2014,3.57635,3.586165233,4.435,0.85865,1,0.05,3,0.1788175,0.05,0,0,,,
1/7/2014,3.54285,3.552816818,4.435,0.89215,2,0.7,4,2.6588125,0.75,0,0,,,
1/8/2014,3.59637,3.605747569,4.435,0.83863,3,0.25,5,3.557905,1,3.557905,0,,,
1/9/2014,3.57494,3.587554989,4.335,0.76006,4,0,1,0,0,0,0.877095,,,
1/10/2014,3.47184,3.467646007,4.335,0.86316,5,0,2,0,0,0,0,,,
1/13/2014,3.42646,3.418619029,4.335,0.90854,1,0.05,3,0.171323,0.05,0,0,,,
1/14/2014,3.48341,3.472446279,4.335,0.85159,2,0.7,4,2.60971,0.75,0,0,,,
1/15/2014,3.49478,3.49426512,4.335,0.84022,3,0.25,5,3.483405,1,3.483405,0,,,
1/16/2014,3.45706,3.461916104,4.315,0.85794,4,0,1,0,0,0,0.851595,,,
1/17/2014,3.43708,3.447997258,4.315,0.87792,5,0,2,0,0,0,0,,,
1/21/2014,3.43062,3.439683022,4.315,0.88438,2,0.7,3,2.401434,0.7,0,0,,,
1/22/2014,3.4813,3.480255688,4.315,0.8337,3,0.25,4,3.271759,0.95,3.443956842,0,,,
1/23/2014,3.42598,3.406232501,4.245,0.81902,4,0,1,0,0,0,0.871043158,,,
1/24/2014,3.38218,3.371784171,4.245,0.86282,5,0,2,0,0,0,0,,,
1/27/2014,3.42489,3.399705242,4.245,0.82011,1,0.05,3,0.1712445,0.05,0,0,,,
1/28/2014,3.41467,3.399727076,4.245,0.83033,2,0.7,4,2.5615135,0.75,0,0,,,
1/29/2014,3.36115,3.352175074,4.245,0.88385,3,0.25,5,3.401801,1,3.401801,0,,,
1/30/2014,3.37103,3.380902759,4.155,0.78397,4,0,1,0,0,0,0.843199,,,
1/31/2014,3.34068,3.361140068,4.155,0.81432,5,0,2,0,0,0,0,,,
2/3/2014,3.2711,3.293257152,4.155,0.8839,1,0.05,3,0.163555,0.05,0,0,,,
2/4/2014,3.31116,3.337265871,4.155,0.84384,2,0.7,4,2.481367,0.75,0,0,,,
2/5/2014,3.35841,3.364213713,4.155,0.79659,3,0.25,5,3.3209695,1,3.3209695,0,,,
2/6/2014,3.37993,3.388484213,4.205,0.82507,4,0,1,0,0,0,0.8340305,,,
2/7/2014,3.343,3.340862192,4.205,0.862,5,0,2,0,0,0,0,,,
2/10/2014,3.34761,3.329016432,4.205,0.85739,1,0.05,3,0.1673805,0.05,0,0,,,
2/11/2014,3.3874,3.370893722,4.205,0.8176,2,0.7,4,2.5385605,0.75,0,0,,,
2/12/2014,3.43678,3.405985059,4.205,0.76822,3,0.25,5,3.3977555,1,3.3977555,0,,,
2/13/2014,3.39638,3.35050718,4.255,0.85862,4,0,1,0,0,0,0.8072445,,,
2/14/2014,3.42405,3.352036363,4.255,0.83095,5,0,2,0,0,0,0,,,
2/18/2014,3.40225,3.325281353,4.255,0.85275,2,0.7,3,2.381575,0.7,0,0,,,
2/19/2014,3.42085,3.345784235,4.255,0.83415,3,0.25,4,3.2367875,0.95,3.407144737,0,,,
2/20/2014,3.44099,3.358017141,4.295,0.85401,4,0,1,0,0,0,0.847855263,,,
2/21/2014,3.42382,3.32955393,4.295,0.87118,5,0,2,0,0,0,0,,,
2/24/2014,3.42988,3.336853042,4.295,0.86512,1,0.05,3,0.171494,0.05,0,0,,,
2/25/2014,3.37625,3.292457476,4.295,0.91875,2,0.7,4,2.534869,0.75,0,0,,,
2/26/2014,3.36186,3.26701214,4.295,0.93314,3,0.25,5,3.375334,1,3.375334,0,,,
2/27/2014,3.33702,3.258967155,4.205,0.86798,4,0,1,0,0,0,0.919666,,,
2/28/2014,3.35149,3.273129318,4.205,0.85351,5,0,2,0,0,0,0,,,
3/3/2014,3.3253,3.241411162,4.205,0.8797,1,0.05,3,0.166265,0.05,0,0,,,
3/4/2014,3.39831,3.328339106,4.205,0.80669,2,0.7,4,2.545082,0.75,0,0,,,
3/5/2014,3.40152,3.318820141,4.205,0.80348,3,0.25,5,3.395462,1,3.395462,0,,,
3/6/2014,3.4237,3.356249107,4.27,0.8463,4,0,1,0,0,0,0.809538,,,
3/7/2014,3.46137,3.397063963,4.27,0.80863,5,0,2,0,0,0,0,,,
3/10/2014,3.44657,3.378083005,4.27,0.82343,1,0.05,3,0.1723285,0.05,0,0,,,
3/11/2014,3.44385,3.358765796,4.27,0.82615,2,0.7,4,2.5830235,0.75,0,0,,,
3/12/2014,3.40859,3.326675771,4.27,0.86141,3,0.25,5,3.435171,1,3.435171,0,,,
3/13/2014,3.34844,3.281600451,4.22,0.87156,4,0,1,0,0,0,0.834829,,,
3/14/2014,3.36349,3.282436545,4.22,0.85651,5,0,2,0,0,0,0,,,
3/17/2014,3.41746,3.323171293,4.22,0.80254,1,0.05,3,0.170873,0.05,0,0,,,
3/18/2014,3.39423,3.306393321,4.22,0.82577,2,0.7,4,2.546834,0.75,0,0,,,
3/19/2014,3.47241,3.398428583,4.22,0.74759,3,0.25,5,3.4149365,1,3.4149365,0,,,
3/20/2014,3.48581,3.40521151,4.3,0.81419,4,0,1,0,0,0,0.8050635,,,
3/21/2014,3.45235,3.379846514,4.3,0.84765,5,0,2,0,0,0,0,,,
3/24/2014,3.45267,3.374242455,4.3,0.84733,1,0.05,3,0.1726335,0.05,0,0,,,
3/25/2014,3.45197,3.375934446,4.3,0.84803,2,0.7,4,2.5890125,0.75,0,0,,,
3/26/2014,3.42174,3.342405349,4.3,0.87826,3,0.25,5,3.4444475,1,3.4444475,0,,,
3/27/2014,3.40527,3.318729763,4.335,0.92973,4,0,1,0,0,0,0.8555525,,,
3/28/2014,3.43061,3.341854424,4.335,0.90439,5,0,2,0,0,0,0,,,
3/31/2014,3.44686,3.340979943,4.335,0.88814,1,0.05,3,0.172343,0.05,0,0,,,
4/1/2014,3.4727,3.36668213,4.335,0.8623,2,0.7,4,2.603233,0.75,0,0,,,
4/2/2014,3.50663,3.394706261,4.335,0.82837,3,0.25,5,3.4798905,1,3.4798905,0,,,
4/3/2014,3.48403,3.383437803,4.265,0.78097,4,0,1,0,0,0,0.8551095,,,
4/4/2014,3.42956,3.310260814,4.265,0.83544,5,0,2,0,0,0,0,,,
4/7/2014,3.3951,3.275616469,4.265,0.8699,1,0.05,3,0.169755,0.05,0,0,,,
4/8/2014,3.37318,3.254664033,4.265,0.89182,2,0.7,4,2.530981,0.75,0,0,,,
4/9/2014,3.37509,3.249323489,4.265,0.88991,3,0.25,5,3.3747535,1,3.3747535,0,,,
4/10/2014,3.31552,3.211048946,4.195,0.87948,4,0,1,0,0,0,0.8902465,,,
4/11/2014,3.31617,3.208330805,4.195,0.87883,5,0,2,0,0,0,0,,,
4/14/2014,3.34083,3.232990404,4.195,0.85417,1,0.05,3,0.1670415,0.05,0,0,,,
4/15/2014,3.33793,3.225026321,4.195,0.85707,2,0.7,4,2.5035925,0.75,0,0,,,
4/16/2014,3.3508,3.243717771,4.195,0.8442,3,0.25,5,3.3412925,1,3.3412925,0,,,
4/17/2014,3.40802,3.30724021,4.23,0.82198,4,0,1,0,0,0,0.8537075,,,
4/21/2014,3.42149,3.300376787,4.23,0.80851,1,0.05,2,0.1710745,0.05,0,0,,,
4/22/2014,3.41581,3.305892726,4.23,0.81419,2,0.7,3,2.5621415,0.75,0,0,,,
4/23/2014,3.37126,3.268958666,4.23,0.85874,3,0.25,4,3.4049565,1,3.4049565,0,,,
4/24/2014,3.36531,3.274596443,4.215,0.84969,4,0,1,0,0,0,0.8250435,,,
4/25/2014,3.34407,3.257699856,4.215,0.87093,5,0,2,0,0,0,0,,,
4/28/2014,3.35146,3.267422555,4.215,0.86354,1,0.05,3,0.167573,0.05,0,0,,,
4/29/2014,3.37337,3.28054753,4.215,0.84163,2,0.7,4,2.528932,0.75,0,0,,,
4/30/2014,3.32743,3.239855767,4.215,0.88757,3,0.25,5,3.3607895,1,3.3607895,0,,,
5/1/2014,3.28753,3.216844613,4.11,0.82247,4,0,1,0,0,0,0.8542105,,,
5/2/2014,3.27582,3.207678528,4.11,0.83418,5,0,2,0,0,0,0,,,
5/5/2014,3.2885,3.221924146,4.11,0.8215,1,0.05,3,0.164425,0.05,0,0,,,
5/6/2014,3.26769,3.208795972,4.11,0.84231,2,0.7,4,2.451808,0.75,0,0,,,
5/7/2014,3.23656,3.193509186,4.11,0.87344,3,0.25,5,3.260948,1,3.260948,0,,,
5/8/2014,3.2302,3.17502602,4.1,0.8698,4,0,1,0,0,0,0.849052,,,
5/9/2014,3.26793,3.195487448,4.1,0.83207,5,0,2,0,0,0,0,,,
5/12/2014,3.29573,3.222489893,4.1,0.80427,1,0.05,3,0.1647865,0.05,0,0,,,
5/13/2014,3.2728,3.194910225,4.1,0.8272,2,0.7,4,2.4557465,0.75,0,0,,,
5/14/2014,3.19709,3.139709336,4.1,0.90291,3,0.25,5,3.255019,1,3.255019,0,,,
5/15/2014,3.17951,3.118066999,4.04,0.86049,4,0,1,0,0,0,0.844981,,,
5/16/2014,3.20717,3.138494192,4.04,0.83283,5,0,2,0,0,0,0,,,
5/19/2014,3.22497,3.152101478,4.04,0.81503,1,0.05,3,0.1612485,0.05,0,0,,,
5/20/2014,3.19062,3.127866537,4.04,0.84938,2,0.7,4,2.3946825,0.75,0,0,,,
5/21/2014,3.20037,3.146302092,4.04,0.83963,3,0.25,5,3.194775,1,3.194775,0,,,
5/22/2014,3.21443,3.16527281,4.02,0.80557,4,0,1,0,0,0,0.845225,,,
5/23/2014,3.20629,3.146225609,4.02,0.81371,5,0,2,0,0,0,0,,,
5/27/2014,3.18634,3.129903909,4.02,0.83366,2,0.7,3,2.230438,0.7,0,0,,,
5/28/2014,3.09658,3.075610667,4.02,0.92342,3,0.25,4,3.004583,0.95,3.162718947,0,,,
5/29/2014,3.1236,3.101147602,4.015,0.8914,4,0,1,0,0,0,0.857281053,,,
5/30/2014,3.13272,3.117679768,4.015,0.88228,5,0,2,0,0,0,0,,,
6/2/2014,3.20774,3.190796765,4.015,0.80726,1,0.05,3,0.160387,0.05,0,0,,,
6/3/2014,3.25946,3.23819776,4.015,0.75554,2,0.7,4,2.442009,0.75,0,0,,,
6/4/2014,3.26353,3.253855452,4.015,0.75147,3,0.25,5,3.2578915,1,3.2578915,0,,,
6/5/2014,3.23776,3.235697207,4.1,0.86224,4,0,1,0,0,0,0.7571085,,,
6/6/2014,3.24953,3.236138566,4.1,0.85047,5,0,2,0,0,0,0,,,
6/9/2014,3.26478,3.247952768,4.1,0.83522,1,0.05,3,0.163239,0.05,0,0,,,
6/10/2014,3.28637,3.260579651,4.1,0.81363,2,0.7,4,2.463698,0.75,0,0,,,
6/11/2014,3.2836,3.244113466,4.1,0.8164,3,0.25,5,3.284598,1,3.284598,0,,,
6/12/2014,3.23683,3.19053233,4.07,0.83317,4,0,1,0,0,0,0.815402,,,
6/13/2014,3.25321,3.202877369,4.07,0.81679,5,0,2,0,0,0,0,,,
6/16/2014,3.2402,3.193528229,4.07,0.8298,1,0.05,3,0.16201,0.05,0,0,,,
6/17/2014,3.29552,3.237553264,4.07,0.77448,2,0.7,4,2.468874,0.75,0,0,,,
6/18/2014,3.25545,3.200413912,4.07,0.81455,3,0.25,5,3.2827365,1,3.2827365,0,,,
6/19/2014,3.2407,3.208009864,4.015,0.7743,4,0,1,0,0,0,0.7872635,,,
6/20/2014,3.23871,3.209578808,4.015,0.77629,5,0,2,0,0,0,0,,,
6/23/2014,3.24201,3.206898321,4.015,0.77299,1,0.05,3,0.1621005,0.05,0,0,,,
6/24/2014,3.21805,3.182714695,4.015,0.79695,2,0.7,4,2.4147355,0.75,0,0,,,
6/25/2014,3.1949,3.153023658,4.015,0.8201,3,0.25,5,3.2134605,1,3.2134605,0,,,
6/26/2014,3.1705,3.124849087,3.995,0.8245,4,0,1,0,0,0,0.8015395,,,
6/27/2014,3.17238,3.130859316,3.995,0.82262,5,0,2,0,0,0,0,,,
6/30/2014,3.16006,3.111847012,3.995,0.83494,1,0.05,3,0.158003,0.05,0,0,,,
7/1/2014,3.21078,3.156824255,3.995,0.78422,2,0.7,4,2.405549,0.75,0,0,,,
7/2/2014,3.25805,3.216566632,3.995,0.73695,3,0.25,5,3.2200615,1,3.2200615,0,,,
7/3/2014,3.2817,3.225405347,4.075,0.7933,4,0,1,0,0,0,0.7749385,,,
7/7/2014,3.26648,3.203276748,4.075,0.80852,1,0.05,2,0.163324,0.05,0,0,,,
7/8/2014,3.23294,3.149256178,4.075,0.84206,2,0.7,3,2.426382,0.75,0,0,,,
7/9/2014,3.21851,3.134664184,4.075,0.85649,3,0.25,4,3.2310095,1,3.2310095,0,,,
7/10/2014,3.20099,3.132025007,4.03,0.82901,4,0,1,0,0,0,0.8439905,,,
7/11/2014,3.1874,3.121592249,4.03,0.8426,5,0,2,0,0,0,0,,,
7/14/2014,3.22381,3.149087125,4.03,0.80619,1,0.05,3,0.1611905,0.05,0,0,,,
7/15/2014,3.23276,3.154110994,4.03,0.79724,2,0.7,4,2.4241225,0.75,0,0,,,
7/16/2014,3.23588,3.146675728,4.03,0.79412,3,0.25,5,3.2330925,1,0,0,,,
7/17/2014,3.184,3.109836084,4.03,0.846,4,0,6,0,0,0,0,,,
7/18/2014,3.18346,3.114333957,4.03,0.84654,5,0,7,0,0,0,0,,,
7/21/2014,3.17973,3.126668137,4.03,0.85027,1,0.05,8,0.1589865,0.05,0,0,,,
7/22/2014,3.17134,3.123138734,4.03,0.85866,2,0.7,9,2.219938,0.7,0,0,,,
7/23/2014,3.18443,3.120916315,4.03,0.84557,3,0.25,10,0.7961075,0.25,3.18443,0,,,
7/24/2014,3.23593,3.164992748,4.02,0.78407,4,0,1,0,0,0,0.84557,,,
7/25/2014,3.19153,3.135100171,4.02,0.82847,5,0,2,0,0,0,0,,,
7/28/2014,3.20496,3.161223629,4.02,0.81504,1,0.05,3,0.160248,0.05,0,0,,,
7/29/2014,3.18238,3.154237301,4.02,0.83762,2,0.7,4,2.387914,0.75,0,0,,,
7/30/2014,3.26579,3.244948374,4.02,0.75421,3,0.25,5,3.2043615,1,3.2043615,0,,,
7/31/2014,3.27611,3.256008336,4.065,0.78889,4,0,1,0,0,0,0.8156385,,,
8/1/2014,3.22842,3.211015888,4.065,0.83658,5,0,2,0,0,0,0,,,
8/4/2014,3.21782,3.196698102,4.065,0.84718,1,0.05,3,0.160891,0.05,0,0,,,
8/5/2014,3.21632,3.19091518,4.065,0.84868,2,0.7,4,2.412315,0.75,0,0,,,
8/6/2014,3.2168,3.183298179,4.065,0.8482,3,0.25,5,3.216515,1,3.216515,0,,,
8/7/2014,3.1813,3.153796809,4.02,0.8387,4,0,1,0,0,0,0.848485,,,
8/8/2014,3.17218,3.156094649,4.02,0.84782,5,0,2,0,0,0,0,,,
8/11/2014,3.18264,3.157665394,4.02,0.83736,1,0.05,3,0.159132,0.05,0,0,,,
8/12/2014,3.19212,3.168795578,4.02,0.82788,2,0.7,4,2.393616,0.75,0,0,,,
8/13/2014,3.16116,3.137319217,4.02,0.85884,3,0.25,5,3.183906,1,3.183906,0,,,
8/14/2014,3.13996,3.135780128,3.975,0.83504,4,0,1,0,0,0,0.836094,,,
8/15/2014,3.09358,3.114295502,3.975,0.88142,5,0,2,0,0,0,0,,,
8/18/2014,3.13998,3.148857202,3.975,0.83502,1,0.05,3,0.156999,0.05,0,0,,,
8/19/2014,3.16484,3.16178347,3.975,0.81016,2,0.7,4,2.372387,0.75,0,0,,,
8/20/2014,3.18288,3.179258024,3.975,0.79212,3,0.25,5,3.168107,1,0,0,,,
8/21/2014,3.15678,3.157616495,3.975,0.81822,4,0,6,0,0,0,0,,,
8/22/2014,3.15082,3.136782085,3.975,0.82418,5,0,7,0,0,0,0,,,
8/25/2014,3.13856,3.104594533,3.975,0.83644,1,0.05,8,0.156928,0.05,0,0,,,
8/26/2014,3.12944,3.099145132,3.975,0.84556,2,0.7,9,2.190608,0.7,0,0,,,
8/27/2014,3.09887,3.083589204,3.975,0.87613,3,0.25,10,0.7747175,0.25,0,0,,,
8/28/2014,3.07812,3.072502751,3.975,0.89688,4,0,11,0,0,0,0,,,
8/29/2014,3.08034,3.07879868,3.975,0.89466,5,0,12,0,0,0,0,,,
9/2/2014,3.13347,3.123933549,3.975,0.84153,2,0.7,13,2.193429,0.7,0,0,,,
9/3/2014,3.12536,3.1034756,3.975,0.84964,3,0.25,14,0.78134,0.25,3.12536,0,,,
9/4/2014,3.15283,3.137591319,3.995,0.84217,4,0,1,0,0,0,0.84964,,,
9/5/2014,3.16818,3.138383978,3.995,0.82682,5,0,2,0,0,0,0,,,
9/8/2014,3.17608,3.154108263,3.995,0.81892,1,0.05,3,0.158804,0.05,0,0,,,
9/9/2014,3.20426,3.18427043,3.995,0.79074,2,0.7,4,2.401786,0.75,0,0,,,
9/10/2014,3.23967,3.218356042,3.995,0.75533,3,0.25,5,3.2117035,1,3.2117035,0,,,
9/11/2014,3.23854,3.212153137,4.105,0.86646,4,0,1,0,0,0,0.7832965,,,
9/12/2014,3.30131,3.267174602,4.105,0.80369,5,0,2,0,0,0,0,,,
9/15/2014,3.28134,3.255260067,4.105,0.82366,1,0.05,3,0.164067,0.05,0,0,,,
9/16/2014,3.28408,3.250938941,4.105,0.82092,2,0.7,4,2.462923,0.75,0,0,,,
9/17/2014,3.28895,3.264839796,4.105,0.81605,3,0.25,5,3.2851605,1,3.2851605,0,,,
9/18/2014,3.30017,3.288709757,4.075,0.77483,4,0,1,0,0,0,0.8198395,,,
9/19/2014,3.2565,3.252343622,4.075,0.8185,5,0,2,0,0,0,0,,,
9/22/2014,3.23976,3.218819191,4.075,0.83524,1,0.05,3,0.161988,0.05,0,0,,,
9/23/2014,3.21471,3.195118858,4.075,0.86029,2,0.7,4,2.412285,0.75,0,0,,,
9/24/2014,3.2402,3.230959968,4.075,0.8348,3,0.25,5,3.222335,1,3.222335,0,,,
9/25/2014,3.19667,3.194342501,4.04,0.84333,4,0,1,0,0,0,0.852665,,,
9/26/2014,3.21517,3.225245981,4.04,0.82483,5,0,2,0,0,0,0,,,
9/29/2014,3.19268,3.216432053,4.04,0.84732,1,0.05,3,0.159634,0.05,0,0,,,
9/30/2014,3.2079,3.23137016,4.04,0.8321,2,0.7,4,2.405164,0.75,0,0,,,
10/1/2014,3.11879,3.153013134,4.04,0.92121,3,0.25,5,3.1848615,1,3.1848615,0,,,
10/2/2014,3.1361,3.183346555,3.995,0.8589,4,0,1,0,0,0,0.8551385,,,
10/3/2014,3.1408,3.196817331,3.995,0.8542,5,0,2,0,0,0,0,,,
10/6/2014,3.12298,3.176965956,3.995,0.87202,1,0.05,3,0.156149,0.05,0,0,,,
10/7/2014,3.05717,3.124478223,3.995,0.93783,2,0.7,4,2.296168,0.75,0,0,,,
10/8/2014,3.00696,3.07909237,3.995,0.98804,3,0.25,5,3.047908,1,3.047908,0,,,
10/9/2014,3.00935,3.081505856,3.845,0.83565,4,0,1,0,0,0,0.947092,,,
10/10/2014,3.00647,3.061847982,3.845,0.83853,5,0,2,0,0,0,0,,,
10/14/2014,2.91567,2.994285414,3.845,0.92933,2,0.7,3,2.040969,0.7,0,0,,,
10/15/2014,2.80128,2.968721059,3.845,1.04372,3,0.25,4,2.741289,0.95,2.885567368,0,,,
10/16/2014,2.88998,3.004639707,3.795,0.90502,4,0,1,0,0,0,0.959432632,,,
10/17/2014,2.90897,3.008123126,3.795,0.88603,5,0,2,0,0,0,0,,,
10/20/2014,2.88228,2.976568225,3.795,0.91272,1,0.05,3,0.144114,0.05,0,0,,,
10/21/2014,2.90261,3.010905955,3.795,0.89239,2,0.7,4,2.175941,0.75,0,0,,,
10/22/2014,2.91561,3.029021186,3.795,0.87939,3,0.25,5,2.9048435,1,2.9048435,0,,,
10/23/2014,2.95697,3.081287965,3.855,0.89803,4,0,1,0,0,0,0.8901565,,,
10/24/2014,2.96706,3.080516889,3.855,0.88794,5,0,2,0,0,0,0,,,
10/27/2014,2.95063,3.059503457,3.855,0.90437,1,0.05,3,0.1475315,0.05,0,0,,,
10/28/2014,2.97326,3.068752221,3.855,0.88174,2,0.7,4,2.2288135,0.75,0,0,,,
10/29/2014,3.0091,3.080921234,3.855,0.8459,3,0.25,5,2.9810885,1,2.9810885,0,,,
10/30/2014,2.98841,3.064576302,3.895,0.90659,4,0,1,0,0,0,0.8739115,,,
10/31/2014,3.00974,3.086838234,3.895,0.88526,5,0,2,0,0,0,0,,,
11/3/2014,3.04728,3.092766985,3.895,0.84772,1,0.05,3,0.152364,0.05,0,0,,,
11/4/2014,3.04424,3.087919982,3.895,0.85076,2,0.7,4,2.283332,0.75,0,0,,,
11/5/2014,3.04445,3.096522638,3.895,0.85055,3,0.25,5,3.0444445,1,3.0444445,0,,,
11/6/2014,3.05201,3.115588295,3.885,0.83299,4,0,1,0,0,0,0.8505555,,,
11/7/2014,3.00136,3.051793589,3.885,0.88364,5,0,2,0,0,0,0,,,
11/10/2014,3.03634,3.089489581,3.885,0.84866,1,0.05,3,0.151817,0.05,0,0,,,
11/12/2014,3.03648,3.080362467,3.885,0.84852,3,0.25,4,0.910937,0.3,3.036456667,0,,,
11/13/2014,3.02409,3.054249983,3.865,0.84091,4,0,1,0,0,0,0.848543333,,,
11/14/2014,2.98831,3.04013383,3.865,0.87669,5,0,2,0,0,0,0,,,
11/17/2014,2.9941,3.060125155,3.865,0.8709,1,0.05,3,0.149705,0.05,0,0,,,
11/18/2014,2.98226,3.046200283,3.865,0.88274,2,0.7,4,2.237287,0.75,2.983049333,0,,,
11/19/2014,3.00395,3.074802438,3.845,0.84105,3,0.25,1,0.7509875,0.25,0,0.881950667,,,
11/20/2014,2.98245,3.064955209,3.845,0.86255,4,0,2,0.7509875,0.25,0,0,,,
11/21/2014,2.96503,3.046948922,3.845,0.87997,5,0,3,0.7509875,0.25,0,0,,,
11/24/2014,2.95338,3.045153855,3.845,0.89162,1,0.05,4,0.8986565,0.3,0,0,,,
11/25/2014,2.89872,3.014362577,3.845,0.94628,2,0.7,5,2.9277605,1,0,0,,,
11/26/2014,2.8841,2.995694155,3.845,0.9609,3,0.25,6,0.721025,0.25,2.8841,0,,,
11/28/2014,2.84569,2.960135359,3.765,0.91931,5,0,1,0,0,0,0.9609,,,
12/1/2014,2.86228,2.985594163,3.765,0.90272,1,0.05,2,0.143114,0.05,0,0,,,
12/2/2014,2.92504,3.041650185,3.765,0.83996,2,0.7,3,2.190642,0.75,0,0,,,
12/3/2014,2.93232,3.042598839,3.765,0.83268,3,0.25,4,2.923722,1,2.923722,0,,,
12/4/2014,2.90251,3.003039455,3.805,0.90249,4,0,1,0,0,0,0.841278,,,
12/5/2014,2.95463,3.061176306,3.805,0.85037,5,0,2,0,0,0,0,,,
12/8/2014,2.90876,3.027747012,3.805,0.89624,1,0.05,3,0.145438,0.05,0,0,,,
12/9/2014,2.88602,2.995096326,3.805,0.91898,2,0.7,4,2.165652,0.75,0,0,,,
12/10/2014,2.85151,2.949866025,3.805,0.95349,3,0.25,5,2.8785295,1,2.8785295,0,,,
12/11/2014,2.86343,2.980863375,3.7,0.83657,4,0,1,0,0,0,0.9264705,,,
12/12/2014,2.80058,2.935397979,3.7,0.89942,5,0,2,0,0,0,0,,,
12/15/2014,2.82917,2.960343852,3.7,0.87083,1,0.05,3,0.1414585,0.05,0,0,,,
12/16/2014,2.78725,2.932095961,3.7,0.91275,2,0.7,4,2.0925335,0.75,0,0,,,
12/17/2014,2.83715,2.983085139,3.7,0.86285,3,0.25,5,2.801821,1,2.801821,0,,,
12/18/2014,2.85823,3.03442677,3.73,0.87177,4,0,1,0,0,0,0.898179,,,
12/19/2014,2.83374,3.015108055,3.73,0.89626,5,0,2,0,0,0,0,,,
12/22/2014,2.82564,3.004477503,3.73,0.90436,1,0.05,3,0.141282,0.05,0,0,,,
12/23/2014,2.91032,3.070402349,3.73,0.81968,2,0.7,4,2.178506,0.75,2.904674667,0,,,
12/24/2014,2.90975,3.069169749,3.77,0.86025,3,0.25,1,0.7274375,0.25,0,0.825325333,,,
12/26/2014,2.89124,3.053999317,3.77,0.87876,5,0,2,0.7274375,0.25,0,0,,,
12/29/2014,2.86098,3.012036234,3.77,0.90902,1,0.05,3,0.8704865,0.3,0,0,,,
12/30/2014,2.852,2.994273132,3.77,0.918,2,0.7,1,1.9964,0.7,2.852,0,,,
